runId,scenario,collector,host,heapFactor,heapLimitMb,mode,invocation,valid,status,invalidReason,operationsPerSecond,latencyP50Ms,latencyP99Ms,latencyP999Ms,latencyP9999Ms,latencyMaxMs,serviceTimeP99Ms,arrivalRatePerSecond,achievedRatePerSecond,overloaded,lateFraction,dispatchLagP99Ms,pauseAverageMs,pauseP99Ms,pauseMaxMs,gen0Collections,gen1Collections,gen2Collections,inducedCollections,workingSetMb,committedMb,warmupSeconds,steadyStateSeconds,seed,backgroundLoadPercent
p05.s2.testhost.throughput,allocation-churn,srv,testhost,1.3,46,throughput,0,true,ok,,189153.49325705267,,,,,,,,,false,,,2.0515150888797025,4.7608,8.6267,2420,2419,0,0,60.671875,25.27734375,3,10,20221101,
p05.s2.testhost.throughput,allocation-churn,srv,testhost,1.3,46,throughput,1,true,ok,,190040.2077972817,,,,,,,,,false,,,2.0296374077112387,5.3321,9.7326,2439,2438,0,0,61.828125,26.29296875,3,10,20221102,
p05.s2.testhost.throughput,allocation-churn,srv,testhost,1.3,46,throughput,2,true,ok,,195523.111464755,,,,,,,,,false,,,2.0083718309859155,5.8446,11.0535,2487,2486,0,0,59.26171875,23.26953125,3,10,20221103,
p05.s2.testhost.throughput,allocation-churn,srv,testhost,1.3,46,throughput,3,true,ok,,186437.6086481171,,,,,,,,,false,,,2.0872880299251872,5.8379,12.627,2406,2405,0,0,60.53125,25.140625,3,10,20221104,
p05.s2.testhost.throughput,allocation-churn,srv,testhost,1.3,46,throughput,4,true,ok,,189883.4194749338,,,,,,,,,false,,,2.042613784665579,4.598,12.5885,2452,2451,0,0,60.59375,25.17578125,3,10,20221105,
p05.s2.testhost.throughput,allocation-churn,srv,testhost,2.0,70,throughput,0,true,ok,,247991.28811029633,,,,,,,,,false,,,1.971014529374605,4.5735,10.0776,1584,1583,0,0,76.12890625,40.38671875,3,10,20221101,
p05.s2.testhost.throughput,allocation-churn,srv,testhost,2.0,70,throughput,1,true,ok,,248295.87150610355,,,,,,,,,false,,,1.9897894073139974,4.5037,11.2591,1587,1586,0,0,76.828125,41.46484375,3,10,20221102,
p05.s2.testhost.throughput,allocation-churn,srv,testhost,2.0,70,throughput,2,true,ok,,249333.32484385007,,,,,,,,,false,,,1.9689147869674184,4.5798,7.292,1596,1595,0,0,76.3359375,41.22265625,3,10,20221103,
p05.s2.testhost.throughput,allocation-churn,srv,testhost,2.0,70,throughput,3,true,ok,,241087.11206381005,,,,,,,,,false,,,2.032958850424559,5.0683,9.2167,1532,1531,0,0,79.4765625,44.3359375,3,10,20221104,
p05.s2.testhost.throughput,allocation-churn,srv,testhost,2.0,70,throughput,4,true,ok,,251476.76141995398,,,,,,,,,false,,,1.9305455108359133,3.9864,8.0894,1617,1616,0,0,78.66796875,43.72265625,3,10,20221105,
p05.s2.testhost.throughput,allocation-churn,srv,testhost,6.0,210,throughput,0,true,ok,,272559.2072585339,,,,,,,,,false,,,2.323384615384615,4.4525,6.8894,884,883,0,0,110.1875,75.38671875,3,10,20221101,
p05.s2.testhost.throughput,allocation-churn,srv,testhost,6.0,210,throughput,1,true,ok,,275987.8851421002,,,,,,,,,false,,,2.296223094170404,4.286,6.0088,893,892,0,0,112.8671875,77.35546875,3,10,20221102,
p05.s2.testhost.throughput,allocation-churn,srv,testhost,6.0,210,throughput,2,true,ok,,275570.83163488784,,,,,,,,,false,,,2.3493993212669686,4.5535,10.7316,885,884,0,0,110.05078125,73.21484375,3,10,20221103,
p05.s2.testhost.throughput,allocation-churn,srv,testhost,6.0,210,throughput,3,true,ok,,275946.502779717,,,,,,,,,false,,,2.3398799102132437,4.6779,8.835,892,891,0,0,112.93359375,77.44140625,3,10,20221104,
p05.s2.testhost.throughput,allocation-churn,srv,testhost,6.0,210,throughput,4,true,ok,,274682.8415580647,,,,,,,,,false,,,2.312050618672666,4.3144,6.4557,889,888,0,0,115.52734375,79.2578125,3,10,20221105,
p05.s2.testhost.throughput,allocation-churn,wks,testhost,1.3,46,throughput,0,true,ok,,99770.26934740301,,,,,,,,,false,,,2.902707172495554,4.4818,9.1849,3374,3373,1,0,41.64453125,10.70703125,3,10,20221101,
p05.s2.testhost.throughput,allocation-churn,wks,testhost,1.3,46,throughput,1,true,ok,,97187.37456200666,,,,,,,,,false,,,2.954704655380895,4.5573,7.7546,3310,3309,1,0,40.171875,10.70703125,3,10,20221102,
p05.s2.testhost.throughput,allocation-churn,wks,testhost,1.3,46,throughput,2,true,ok,,97293.07232581331,,,,,,,,,false,,,2.9697153682934223,5.0426,7.9255,3299,3298,1,0,40.22265625,10.70703125,3,10,20221103,
p05.s2.testhost.throughput,allocation-churn,wks,testhost,1.3,46,throughput,3,true,ok,,104016.38815799393,,,,,,,,,false,,,2.8113091374893258,4.13,6.4355,3513,3512,1,0,41.60546875,10.70703125,3,10,20221104,
p05.s2.testhost.throughput,allocation-churn,wks,testhost,1.3,46,throughput,4,true,ok,,100181.21707200867,,,,,,,,,false,,,2.865344295692666,4.8765,13.637,3438,3437,1,0,41.69921875,10.6484375,3,10,20221105,
p05.s2.testhost.throughput,allocation-churn,wks,testhost,2.0,70,throughput,0,true,ok,,113149.54364390971,,,,,,,,,false,,,3.8307089262613196,5.5661,8.1515,2319,2318,1,0,47.66796875,16.703125,3,10,20221101,
p05.s2.testhost.throughput,allocation-churn,wks,testhost,2.0,70,throughput,1,true,ok,,116166.81815689332,,,,,,,,,false,,,3.7406756529064866,5.0534,7.9011,2376,2375,1,0,47.64453125,16.703125,3,10,20221102,
p05.s2.testhost.throughput,allocation-churn,wks,testhost,2.0,70,throughput,2,true,ok,,113761.46492023312,,,,,,,,,false,,,3.833223468507334,5.2783,10.9422,2319,2318,1,0,47.734375,16.703125,3,10,20221103,
p05.s2.testhost.throughput,allocation-churn,wks,testhost,2.0,70,throughput,3,true,ok,,119036.72863753232,,,,,,,,,false,,,3.6507796540362443,5.051,8.7646,2428,2427,1,0,47.69921875,16.703125,3,10,20221104,
p05.s2.testhost.throughput,allocation-churn,wks,testhost,2.0,70,throughput,4,true,ok,,114572.80849833577,,,,,,,,,false,,,3.782793515358362,5.1385,9.3072,2344,2343,1,0,47.63671875,16.703125,3,10,20221105,
p05.s2.testhost.throughput,allocation-churn,wks,testhost,6.0,210,throughput,0,true,ok,,133594.5674303456,,,,,,,,,false,,,5.8286253665689145,7.473,13.891,1364,1363,1,0,55.63671875,24.64453125,3,10,20221101,
p05.s2.testhost.throughput,allocation-churn,wks,testhost,6.0,210,throughput,1,true,ok,,134684.44207916548,,,,,,,,,false,,,5.840882916053019,7.689,10.0949,1358,1357,1,0,54.1171875,24.64453125,3,10,20221102,
p05.s2.testhost.throughput,allocation-churn,wks,testhost,6.0,210,throughput,2,true,ok,,130658.20937066937,,,,,,,,,false,,,5.89507121661721,8.2622,14.0285,1348,1347,1,0,55.78125,24.64453125,3,10,20221103,
p05.s2.testhost.throughput,allocation-churn,wks,testhost,6.0,210,throughput,3,true,ok,,131934.7404658405,,,,,,,,,false,,,5.9036977777777775,8.0769,10.6593,1351,1350,1,0,55.6640625,24.64453125,3,10,20221104,
p05.s2.testhost.throughput,allocation-churn,wks,testhost,6.0,210,throughput,4,true,ok,,132915.32502015473,,,,,,,,,false,,,5.8596289493019835,8.0902,10.7368,1361,1360,1,0,55.6484375,24.640625,3,10,20221105,
p05.s2.testhost.throughput,aspnet-request-load,srv,testhost,1.3,46,latency,0,true,ok,,988.8505954382877,0.2516,1.6851,5.969,11.712800000000001,19.3478,0.9704,1000,988.8505954382877,false,0.016846153846153848,0.0824,1.6115,2.3632,2.3632,4,2,0,0,87.671875,22.796875,3,10,20221101,
p05.s2.testhost.throughput,aspnet-request-load,srv,testhost,1.3,46,latency,1,true,ok,,1004.2060862937927,0.2516,0.9358000000000001,3.1445000000000003,14.2835,21.114800000000002,0.7933,1000,1004.2060862937927,false,0.014615384615384615,0.0244,2.097,2.6302,2.6302,3,1,0,0,84.97265625,20.609375,3,10,20221102,
p05.s2.testhost.throughput,aspnet-request-load,srv,testhost,1.3,46,latency,2,true,ok,,1010.6421866117524,0.2592,2.1929000000000003,8.4844,28.834500000000002,28.834500000000002,0.9526,1000,1010.6421866117524,false,0.019076923076923078,0.0648,2.097,3.1558,3.1558,3,1,0,0,87.44140625,23.671875,3,10,20221103,
p05.s2.testhost.throughput,aspnet-request-load,srv,testhost,1.3,46,latency,3,true,ok,,1009.3991678792786,0.2624,1.4584000000000001,6.4888,19.0849,19.0849,0.9755,1000,1009.3991678792786,false,0.01723076923076923,0.0463,1.5885,2.8491,2.8491,4,1,0,0,88.25390625,23.73046875,3,10,20221104,
p05.s2.testhost.throughput,aspnet-request-load,srv,testhost,1.3,46,latency,4,true,ok,,1010.4455665433824,0.2591,2.3043,7.6307,16.3242,16.3242,1.3374000000000001,1000,1010.4455665433824,false,0.01730769230769231,0.07390000000000001,1.9503333333333333,2.9534,2.9534,3,1,0,0,84.65625,20.9140625,3,10,20221105,
p05.s2.testhost.throughput,aspnet-request-load,srv,testhost,2.0,70,latency,0,true,ok,,988.8409301037788,0.25620000000000004,1.1386,5.554600000000001,14.9844,20.5262,0.8076,1000,988.8409301037788,false,0.015769230769230768,0.0219,2.2025,2.2507,2.2507,2,1,0,0,100.63671875,35.75,3,10,20221101,
p05.s2.testhost.throughput,aspnet-request-load,srv,testhost,2.0,70,latency,1,true,ok,,1004.1775873232251,0.261,1.6294000000000002,7.7273000000000005,16.676000000000002,18.9541,0.8223,1000,1004.1775873232251,false,0.017846153846153845,0.0483,2.0575,2.2296,2.2296,2,1,0,0,102.7578125,36.99609375,3,10,20221102,
p05.s2.testhost.throughput,aspnet-request-load,srv,testhost,2.0,70,latency,2,true,ok,,1010.6380224693442,0.2701,1.1563,4.3213,24.7713,24.7713,0.8146,1000,1010.6380224693442,false,0.017923076923076924,0.040400000000000005,2.004,2.3901,2.3901,2,1,0,0,100.87109375,36.8125,3,10,20221103,
p05.s2.testhost.throughput,aspnet-request-load,srv,testhost,2.0,70,latency,3,true,ok,,1009.4042388253846,0.2634,2.6745,9.4139,20.9189,20.9189,1.0252000000000001,1000,1009.4042388253846,false,0.018923076923076924,0.0517,2.853,3.2618,3.2618,2,1,0,0,99.765625,35.75,3,10,20221104,
p05.s2.testhost.throughput,aspnet-request-load,srv,testhost,2.0,70,latency,4,true,ok,,1010.437964075697,0.2446,0.8934000000000001,3.9535,20.6065,20.6065,0.6861,1000,1010.437964075697,false,0.013,0.011000000000000001,2.1695,2.4231,2.4231,2,1,0,0,100.30859375,36.375,3,10,20221105,
p05.s2.testhost.throughput,aspnet-request-load,srv,testhost,6.0,210,latency,0,true,ok,,988.8484667919735,0.25830000000000003,1.6571,6.1654,14.1746,22.7986,0.8957,1000,988.8484667919735,false,0.014153846153846154,0.033,2.655,2.6825,2.6825,1,0,0,0,99.41796875,24.0625,3,10,20221101,
p05.s2.testhost.throughput,aspnet-request-load,srv,testhost,6.0,210,latency,1,true,ok,,1004.2150924289613,0.2431,1.0321,4.0601,15.332,20.4768,0.7821,1000,1004.2150924289613,false,0.014153846153846154,0.014,2.667,2.693,2.693,1,0,0,0,98.69921875,23.75,3,10,20221102,
p05.s2.testhost.throughput,aspnet-request-load,srv,testhost,6.0,210,latency,2,true,ok,,1010.6546478164752,0.2431,1.0538,3.3728000000000002,20.1172,20.1172,0.782,1000,1010.6546478164752,false,0.01676923076923077,0.0267,2.433,2.4576,2.4576,1,0,0,0,98.4765625,24,3,10,20221103,
p05.s2.testhost.throughput,aspnet-request-load,srv,testhost,6.0,210,latency,3,true,ok,,1009.3996067845009,0.2461,1.0879,4.9946,20.3428,20.3428,0.7595000000000001,1000,1009.3996067845009,false,0.016615384615384615,0.0279,2.934,2.9536,2.9536,1,0,0,0,99.97265625,23.4375,3,10,20221104,
p05.s2.testhost.throughput,aspnet-request-load,srv,testhost,6.0,210,latency,4,true,ok,,1010.4147568370433,0.2534,1.7984,6.333,19.358900000000002,19.358900000000002,0.9414,1000,1010.4147568370433,false,0.01776923076923077,0.054900000000000004,4.323,4.346,4.346,1,0,0,0,99.125,23.5,3,10,20221105,
p05.s2.testhost.throughput,aspnet-request-load,wks,testhost,1.3,46,latency,0,true,ok,,988.8417950871069,0.24730000000000002,1.5150000000000001,7.471100000000001,18.2006,21.2481,0.9063,1000,988.8417950871069,false,0.015846153846153847,0.0375,2.0434444444444444,4.3412,4.3412,9,2,1,0,74.62109375,11.2734375,3,10,20221101,
p05.s2.testhost.throughput,aspnet-request-load,wks,testhost,1.3,46,latency,1,true,ok,,1004.2146735353715,0.2447,1.2727000000000002,4.7956,17.2037,18.4355,0.911,1000,1004.2146735353715,false,0.015,0.0204,2.0412222222222223,4.6406,4.6406,9,2,1,0,74.73046875,11.2109375,3,10,20221102,
p05.s2.testhost.throughput,aspnet-request-load,wks,testhost,1.3,46,latency,2,true,ok,,1010.6479457558194,0.2607,1.3651,5.6412,17.4927,17.4927,0.9068,1000,1010.6479457558194,false,0.020692307692307694,0.08320000000000001,2.1316666666666664,5.3378,5.3378,9,2,1,0,74.765625,11.3359375,3,10,20221103,
p05.s2.testhost.throughput,aspnet-request-load,wks,testhost,1.3,46,latency,3,true,ok,,1009.401088092444,0.256,1.3374000000000001,8.228,21.3167,21.3167,0.8097000000000001,1000,1009.401088092444,false,0.018076923076923077,0.0333,2.1375555555555557,4.4724,4.4724,9,3,1,0,74.28125,11.1484375,3,10,20221104,
p05.s2.testhost.throughput,aspnet-request-load,wks,testhost,1.3,46,latency,4,true,ok,,1010.4396604841905,0.2511,1.5054,5.753900000000001,21.3976,21.3976,0.9380000000000001,1000,1010.4396604841905,false,0.016923076923076923,0.0298,2.1475555555555554,4.4585,4.4585,9,2,1,0,74.96875,11.4609375,3,10,20221105,
p05.s2.testhost.throughput,aspnet-request-load,wks,testhost,2.0,70,latency,0,true,ok,,988.837688310161,0.2571,1.2277,4.7921000000000005,16.2249,19.3687,0.8322,1000,988.837688310161,false,0.016692307692307694,0.0366,4.822,6.8198,6.8198,4,2,1,0,79.66015625,16.2109375,3,10,20221101,
p05.s2.testhost.throughput,aspnet-request-load,wks,testhost,2.0,70,latency,1,true,ok,,1004.2127497322615,0.2612,1.5152,6.9575000000000005,15.1255,20.5885,0.8406,1000,1004.2127497322615,false,0.01623076923076923,0.028200000000000003,4.6865,6.9857,6.9857,4,2,1,0,78.984375,16.2109375,3,10,20221102,
p05.s2.testhost.throughput,aspnet-request-load,wks,testhost,2.0,70,latency,2,true,ok,,1010.6493678738045,0.2544,1.5629000000000002,6.6993,19.0513,19.0513,0.9118,1000,1010.6493678738045,false,0.020846153846153848,0.0949,6.474,13.2903,13.2903,4,2,1,0,79.69140625,16.2109375,3,10,20221103,
p05.s2.testhost.throughput,aspnet-request-load,wks,testhost,2.0,70,latency,3,true,ok,,1009.4001083909366,0.24960000000000002,1.3514000000000002,5.8123000000000005,21.2609,21.2609,0.8372,1000,1009.4001083909366,false,0.01646153846153846,0.05,4.12075,5.5211,5.5211,4,2,1,0,79.296875,16.2109375,3,10,20221104,
p05.s2.testhost.throughput,aspnet-request-load,wks,testhost,2.0,70,latency,4,true,ok,,1010.448637407292,0.2521,2.2119,9.876900000000001,24.003,24.003,0.9308000000000001,1000,1010.448637407292,false,0.01646153846153846,0.0613,4.11425,5.5243,5.5243,4,2,1,0,79.453125,16.2109375,3,10,20221105,
p05.s2.testhost.throughput,aspnet-request-load,wks,testhost,6.0,210,latency,0,true,ok,,988.8474739282757,0.2336,0.8539,5.2437000000000005,15.377400000000002,15.7841,0.6519,1000,988.8474739282757,false,0.016076923076923075,0.0324,6.616,8.8611,8.8611,2,1,0,0,90.4375,27.2734375,3,10,20221101,
p05.s2.testhost.throughput,aspnet-request-load,wks,testhost,6.0,210,latency,1,true,ok,,1004.1932561269905,0.22410000000000002,0.6619,3.5203,15.0595,19.5183,0.5361,1000,1004.1932561269905,false,0.014615384615384615,0.0114,5.1755,6.3268,6.3268,2,1,0,0,90.52734375,27.2734375,3,10,20221102,
p05.s2.testhost.throughput,aspnet-request-load,wks,testhost,6.0,210,latency,2,true,ok,,1010.5212518915597,0.24150000000000002,0.9912000000000001,4.9027,20.3351,20.3351,0.7224,1000,1010.5212518915597,false,0.016846153846153848,0.031400000000000004,6.1755,6.6801,6.6801,2,1,0,0,90.546875,27.3359375,3,10,20221103,
p05.s2.testhost.throughput,aspnet-request-load,wks,testhost,6.0,210,latency,3,true,ok,,1009.3877094529965,0.2501,1.3733,6.0831,21.390600000000003,21.390600000000003,0.8252,1000,1009.3877094529965,false,0.01730769230769231,0.051000000000000004,6.5045,8.2607,8.2607,2,1,0,0,90.71875,27.3359375,3,10,20221104,
p05.s2.testhost.throughput,aspnet-request-load,wks,testhost,6.0,210,latency,4,true,ok,,1010.4408464027704,0.24000000000000002,1.5832000000000002,7.832000000000001,23.426000000000002,23.426000000000002,0.6861,1000,1010.4408464027704,false,0.01730769230769231,0.0492,5.5185,6.5543,6.5543,2,1,0,0,90.48046875,27.2734375,3,10,20221105,
p05.s2.testhost.throughput,cyclic-garbage,srv,testhost,1.3,46,throughput,0,true,ok,,250806.84331589515,,,,,,,,,false,,,0.24062901178603807,1.316,7.9212,16546,130,8,0,41.83203125,11.29296875,3,10,20221101,
p05.s2.testhost.throughput,cyclic-garbage,srv,testhost,1.3,46,throughput,1,true,ok,,256769.3893061685,,,,,,,,,false,,,0.24648012414945686,,,16763,128,8,0,41.90234375,11.14453125,3,10,20221102,
p05.s2.testhost.throughput,cyclic-garbage,srv,testhost,1.3,46,throughput,2,true,ok,,253006.67364312214,,,,,,,,,false,,,0.2379477536447486,,,16815,140,8,0,42.015625,11.28125,3,10,20221103,
p05.s2.testhost.throughput,cyclic-garbage,srv,testhost,1.3,46,throughput,3,true,ok,,253740.25122295195,,,,,,,,,false,,,0.2404216550838054,,,17135,155,8,0,41.6796875,10.93359375,3,10,20221104,
p05.s2.testhost.throughput,cyclic-garbage,srv,testhost,1.3,46,throughput,4,true,ok,,248177.0280194594,,,,,,,,,false,,,0.2438404378937068,,,16368,122,8,0,42.21484375,11.3203125,3,10,20221105,
p05.s2.testhost.throughput,cyclic-garbage,srv,testhost,2.0,70,throughput,0,true,ok,,225424.68541819023,,,,,,,,,false,,,0.30226283396279197,,,7156,55,13,0,53.4375,22.20703125,3,10,20221101,
p05.s2.testhost.throughput,cyclic-garbage,srv,testhost,2.0,70,throughput,1,true,ok,,222575.0656840093,,,,,,,,,false,,,0.3062566685584563,1.2915,11.178,7049,55,13,0,52.55078125,21.5625,3,10,20221102,
p05.s2.testhost.throughput,cyclic-garbage,srv,testhost,2.0,70,throughput,2,true,ok,,224085.4165918337,,,,,,,,,false,,,0.29283220720720726,1.2185,9.6916,7106,55,13,0,52.15625,21.26171875,3,10,20221103,
p05.s2.testhost.throughput,cyclic-garbage,srv,testhost,2.0,70,throughput,3,true,ok,,229719.03890847627,,,,,,,,,false,,,0.28532860914269836,1.0693,9.0204,7198,57,14,0,53.25,22.08203125,3,10,20221104,
p05.s2.testhost.throughput,cyclic-garbage,srv,testhost,2.0,70,throughput,4,true,ok,,233289.987152024,,,,,,,,,false,,,0.2771161774744027,,,7329,55,12,0,53.10546875,22.2109375,3,10,20221105,
p05.s2.testhost.throughput,cyclic-garbage,srv,testhost,6.0,210,throughput,0,true,ok,,237782.97463526105,,,,,,,,,false,,,0.33119582452431284,1.1373,4.7629,3784,46,10,0,66.41015625,35.125,3,10,20221101,
p05.s2.testhost.throughput,cyclic-garbage,srv,testhost,6.0,210,throughput,1,true,ok,,230472.60321951934,,,,,,,,,false,,,0.36095692224329445,,,3694,45,11,0,69.546875,38.1796875,3,10,20221102,
p05.s2.testhost.throughput,cyclic-garbage,srv,testhost,6.0,210,throughput,2,true,ok,,235973.98777859483,,,,,,,,,false,,,0.3441100186021791,1.1991,5.7762,3764,45,11,0,69.1640625,37.97265625,3,10,20221103,
p05.s2.testhost.throughput,cyclic-garbage,srv,testhost,6.0,210,throughput,3,true,ok,,239273.64726549253,,,,,,,,,false,,,0.34786567953463776,,,3785,45,11,0,69.19140625,38.05078125,3,10,20221104,
p05.s2.testhost.throughput,cyclic-garbage,srv,testhost,6.0,210,throughput,4,true,ok,,228897.62084288916,,,,,,,,,false,,,0.36704711328976036,1.2761,5.2587,3672,44,9,0,69.16796875,37.83203125,3,10,20221105,
p05.s2.testhost.throughput,cyclic-garbage,wks,testhost,1.3,46,throughput,0,true,ok,,337713.28907289135,,,,,,,,,false,,,0.1906798678240284,,,20286,1,0,0,36.890625,7.52734375,3,10,20221101,
p05.s2.testhost.throughput,cyclic-garbage,wks,testhost,1.3,46,throughput,1,true,ok,,330480.3140892315,,,,,,,,,false,,,0.19270198609731878,,,20151,1,0,0,36.92578125,7.52734375,3,10,20221102,
p05.s2.testhost.throughput,cyclic-garbage,wks,testhost,1.3,46,throughput,2,true,ok,,331091.92148616875,,,,,,,,,false,,,0.1930787679753197,,,20112,1,0,0,37.0078125,7.52734375,3,10,20221103,
p05.s2.testhost.throughput,cyclic-garbage,wks,testhost,1.3,46,throughput,3,true,ok,,333148.0681084314,,,,,,,,,false,,,0.19276611119303935,,,20363,1,0,0,36.9140625,7.52734375,3,10,20221104,
p05.s2.testhost.throughput,cyclic-garbage,wks,testhost,1.3,46,throughput,4,true,ok,,330728.4683727202,,,,,,,,,false,,,0.19428825943349015,,,19996,1,0,0,37.0390625,7.52734375,3,10,20221105,
p05.s2.testhost.throughput,cyclic-garbage,wks,testhost,2.0,70,throughput,0,true,ok,,298212.2300726674,,,,,,,,,false,,,0.2251257149142103,,,9095,1,0,0,41.96484375,12.58984375,3,10,20221101,
p05.s2.testhost.throughput,cyclic-garbage,wks,testhost,2.0,70,throughput,1,true,ok,,307036.12253995554,,,,,,,,,false,,,0.21664427348575144,0.3493,3.128,9230,1,0,0,43.37109375,12.58984375,3,10,20221102,
p05.s2.testhost.throughput,cyclic-garbage,wks,testhost,2.0,70,throughput,2,true,ok,,293995.990060433,,,,,,,,,false,,,0.22018508800699682,,,9153,1,0,0,41.7734375,12.58984375,3,10,20221103,
p05.s2.testhost.throughput,cyclic-garbage,wks,testhost,2.0,70,throughput,3,true,ok,,322879.2173619034,,,,,,,,,false,,,0.21623575210214885,0.3643,2.1667,9635,1,0,0,41.81640625,12.58984375,3,10,20221104,
p05.s2.testhost.throughput,cyclic-garbage,wks,testhost,2.0,70,throughput,4,true,ok,,302498.55940765387,,,,,,,,,false,,,0.21939941278816877,,,9201,1,0,0,41.86328125,12.58984375,3,10,20221105,
p05.s2.testhost.throughput,cyclic-garbage,wks,testhost,6.0,210,throughput,0,true,ok,,256638.5008315645,,,,,,,,,false,,,0.27127847133757965,0.4431,1.7151,3925,2,0,0,52.46875,23.21484375,3,10,20221101,
p05.s2.testhost.throughput,cyclic-garbage,wks,testhost,6.0,210,throughput,1,true,ok,,254237.11787997241,,,,,,,,,false,,,0.2719602258147293,,,3900,2,0,0,53.8046875,23.21484375,3,10,20221102,
p05.s2.testhost.throughput,cyclic-garbage,wks,testhost,6.0,210,throughput,2,true,ok,,254669.5791978127,,,,,,,,,false,,,0.27749896800825596,0.4536,2.0936,3876,2,0,0,52.62109375,23.21484375,3,10,20221103,
p05.s2.testhost.throughput,cyclic-garbage,wks,testhost,6.0,210,throughput,3,true,ok,,256940.62310534375,,,,,,,,,false,,,0.2779984646878198,0.4332,4.059,3910,2,0,0,53.82421875,23.21484375,3,10,20221104,
p05.s2.testhost.throughput,cyclic-garbage,wks,testhost,6.0,210,throughput,4,true,ok,,249794.97508758612,,,,,,,,,false,,,0.28269108030342666,0.4857,3.0976,3823,2,0,0,52.765625,23.21484375,3,10,20221105,
p05.s2.testhost.throughput,large-object-pressure,srv,testhost,1.3,88,throughput,0,true,ok,,11744.361717165606,,,,,,,,,false,,,0.43916392034780743,5.0177,17.2488,18633,9833,1204,0,79.84765625,63.18359375,3,10,20221101,
p05.s2.testhost.throughput,large-object-pressure,srv,testhost,1.3,88,throughput,1,true,ok,,11548.146005065671,,,,,,,,,false,,,0.4395070678946241,5.0162,13.5756,18636,10014,1224,0,65.7109375,72.85546875,3,10,20221102,
p05.s2.testhost.throughput,large-object-pressure,srv,testhost,1.3,88,throughput,2,true,ok,,12033.083458834633,,,,,,,,,false,,,0.4102209345010226,4.9132,13.8673,19047,9937,1223,0,76.75390625,64.12109375,3,10,20221103,
p05.s2.testhost.throughput,large-object-pressure,srv,testhost,1.3,88,throughput,3,true,ok,,11817.79433261229,,,,,,,,,false,,,0.4332954004128513,4.9915,14.9576,18861,9963,1206,0,71.57421875,52.6953125,3,10,20221104,
p05.s2.testhost.throughput,large-object-pressure,srv,testhost,1.3,88,throughput,4,true,ok,,11768.355869517522,,,,,,,,,false,,,0.42441470730009107,4.8752,13.3635,18643,9821,1200,0,64.91015625,75.26953125,3,10,20221105,
p05.s2.testhost.throughput,large-object-pressure,srv,testhost,2.0,134,throughput,0,true,ok,,8357.691878263091,,,,,,,,,false,,,2.59582385166456,23.2954,27.1449,2118,1299,552,0,68.80078125,114.97265625,3,10,20221101,
p05.s2.testhost.throughput,large-object-pressure,srv,testhost,2.0,134,throughput,1,true,ok,,8038.604534756195,,,,,,,,,false,,,2.6296070649803753,23.6339,26.5472,2039,1268,532,0,65.69921875,60.109375,3,10,20221102,
p05.s2.testhost.throughput,large-object-pressure,srv,testhost,2.0,134,throughput,2,true,ok,,7938.657974327183,,,,,,,,,false,,,2.754286307053942,24.1056,31.4006,1923,1213,513,0,65.49609375,51.390625,3,10,20221103,
p05.s2.testhost.throughput,large-object-pressure,srv,testhost,2.0,134,throughput,3,true,ok,,7603.018190326531,,,,,,,,,false,,,2.5587948226270374,23.9731,27.3613,1850,1184,490,0,65.83203125,76.73046875,3,10,20221104,
p05.s2.testhost.throughput,large-object-pressure,srv,testhost,2.0,134,throughput,4,true,ok,,8074.979576225822,,,,,,,,,false,,,2.7189567617295305,23.6994,33.848,1940,1208,511,0,66.8203125,73.9296875,3,10,20221105,
p05.s2.testhost.throughput,large-object-pressure,srv,testhost,6.0,402,throughput,0,true,ok,,25899.711768092617,,,,,,,,,false,,,1.5131332187365707,26.5628,31.2861,2066,681,390,0,84.77734375,271.40625,3,10,20221101,
p05.s2.testhost.throughput,large-object-pressure,srv,testhost,6.0,402,throughput,1,true,ok,,26827.733363872318,,,,,,,,,false,,,1.3952442874948068,26.6475,29.6786,2134,695,393,0,84.41796875,262.20703125,3,10,20221102,
p05.s2.testhost.throughput,large-object-pressure,srv,testhost,6.0,402,throughput,2,true,ok,,28422.326066233993,,,,,,,,,false,,,1.3623865481252417,26.5887,32.2443,2288,758,423,0,79.66015625,106.84375,3,10,20221103,
p05.s2.testhost.throughput,large-object-pressure,srv,testhost,6.0,402,throughput,3,true,ok,,27828.850213218004,,,,,,,,,false,,,1.3704461600975213,26.2612,33.2351,2185,717,402,0,86.625,252.921875,3,10,20221104,
p05.s2.testhost.throughput,large-object-pressure,srv,testhost,6.0,402,throughput,4,true,ok,,26841.325919560855,,,,,,,,,false,,,1.5097345679012346,26.9288,30.1797,2157,682,408,0,84.19140625,180.6953125,3,10,20221105,
p05.s2.testhost.throughput,large-object-pressure,wks,testhost,1.3,88,throughput,0,true,ok,,9510.995012677795,,,,,,,,,false,,,6.144579872984856,8.4112,16.521,2042,2033,2021,0,92.23046875,71.125,3,10,20221101,
p05.s2.testhost.throughput,large-object-pressure,wks,testhost,1.3,88,throughput,1,true,ok,,9172.862301868881,,,,,,,,,false,,,5.3847416990081935,8.0182,14.9234,2243,2235,2065,0,77.53515625,71.1328125,3,10,20221102,
p05.s2.testhost.throughput,large-object-pressure,wks,testhost,1.3,88,throughput,2,true,ok,,9198.769574737646,,,,,,,,,false,,,4.039985970636216,7.6261,14.4022,2813,2792,2231,0,80.70703125,71.203125,3,10,20221103,
p05.s2.testhost.throughput,large-object-pressure,wks,testhost,1.3,88,throughput,3,true,ok,,9385.171262041336,,,,,,,,,false,,,6.233808920425748,8.0674,16.4725,1970,1965,1963,0,79.38671875,71.125,3,10,20221104,
p05.s2.testhost.throughput,large-object-pressure,wks,testhost,1.3,88,throughput,4,true,ok,,9531.462270626162,,,,,,,,,false,,,2.236812465526751,7.3345,21.9587,4625,4612,2765,0,90.42578125,71.203125,3,10,20221105,
p05.s2.testhost.throughput,large-object-pressure,wks,testhost,2.0,134,throughput,0,true,ok,,158099.03906145928,,,,,,,,,false,,,0.07646180563649503,0.1635,21.2042,29648,17378,13432,0,102.76171875,91.2578125,3,10,20221101,
p05.s2.testhost.throughput,large-object-pressure,wks,testhost,2.0,134,throughput,1,true,ok,,153928.08276592882,,,,,,,,,false,,,0.0807610093217615,0.1619,16.3711,30105,17690,13645,0,93.078125,90.72265625,3,10,20221102,
p05.s2.testhost.throughput,large-object-pressure,wks,testhost,2.0,134,throughput,2,true,ok,,153587.87577308647,,,,,,,,,false,,,0.07556148436187322,0.1641,16.2684,28817,17009,13026,0,105.23828125,91.0703125,3,10,20221103,
p05.s2.testhost.throughput,large-object-pressure,wks,testhost,2.0,134,throughput,3,true,ok,,153288.51008308565,,,,,,,,,false,,,0.07489906839567437,0.1609,17.7284,29578,15283,13361,0,94.0625,88.0078125,3,10,20221104,
p05.s2.testhost.throughput,large-object-pressure,wks,testhost,2.0,134,throughput,4,true,ok,,144882.07138464355,,,,,,,,,false,,,0.08285666411336652,0.1675,25.2266,28864,16072,13083,0,89.47265625,95.51953125,3,10,20221105,
p05.s2.testhost.throughput,large-object-pressure,wks,testhost,6.0,402,throughput,0,true,ok,,149801.0444912586,,,,,,,,,false,,,0.07388764600296559,0.1628,5.5384,25821,12752,12734,0,61.875,94.25,3,10,20221101,
p05.s2.testhost.throughput,large-object-pressure,wks,testhost,6.0,402,throughput,1,true,ok,,143343.14571292707,,,,,,,,,false,,,0.07448221142228069,0.1649,3.9573,25038,12336,12334,0,60.1796875,94.67578125,3,10,20221102,
p05.s2.testhost.throughput,large-object-pressure,wks,testhost,6.0,402,throughput,2,true,ok,,138187.3555746908,,,,,,,,,false,,,0.07392503046416306,0.1683,2.4199,24278,11975,11956,0,59.8828125,93.296875,3,10,20221103,
p05.s2.testhost.throughput,large-object-pressure,wks,testhost,6.0,402,throughput,3,true,ok,,159730.48680081667,,,,,,,,,false,,,0.07217110719340501,0.1594,1.8187,27073,13348,13331,0,62.6953125,104.02734375,3,10,20221104,
p05.s2.testhost.throughput,large-object-pressure,wks,testhost,6.0,402,throughput,4,true,ok,,152753.4204769137,,,,,,,,,false,,,0.07436523138216365,0.1625,2.6989,26327,12987,12967,0,63.5546875,102.06640625,3,10,20221105,
p05.s2.testhost.throughput,lifecycle-semantics,srv,testhost,1.3,56,throughput,0,true,ok,,883002.5208032597,,,,,,,,,false,,,33.77763068181818,75.4196,80.5668,176,137,30,0,93.9921875,43.59375,3,10,20221101,
p05.s2.testhost.throughput,lifecycle-semantics,srv,testhost,1.3,56,throughput,1,true,ok,,800314.5957518572,,,,,,,,,false,,,36.965,75.7065,86.8991,164,125,25,0,97.09765625,44.12109375,3,10,20221102,
p05.s2.testhost.throughput,lifecycle-semantics,srv,testhost,1.3,56,throughput,2,true,ok,,826826.2786620631,,,,,,,,,false,,,33.84362275449102,70.1966,75.5747,167,129,24,0,109.2265625,52.83984375,3,10,20221103,
p05.s2.testhost.throughput,lifecycle-semantics,srv,testhost,1.3,56,throughput,3,true,ok,,894875.2012573304,,,,,,,,,false,,,33.53017514124294,73.5822,75.103,177,137,30,0,95.890625,43.4765625,3,10,20221104,
p05.s2.testhost.throughput,lifecycle-semantics,srv,testhost,1.3,56,throughput,4,true,ok,,785892.0990899708,,,,,,,,,false,,,37.10704294478528,78.6643,78.9515,163,121,23,0,98.921875,47.05078125,3,10,20221105,
p05.s2.testhost.throughput,lifecycle-semantics,srv,testhost,2.0,86,throughput,0,true,ok,,824070.4117731202,,,,,,,,,false,,,54.06756481481481,124.9855,129.1163,108,97,15,0,128.7578125,64.86328125,3,10,20221101,
p05.s2.testhost.throughput,lifecycle-semantics,srv,testhost,2.0,86,throughput,1,true,ok,,819719.7413502894,,,,,,,,,false,,,61.96755208333334,162.9014,162.9014,96,93,16,0,121.4453125,62.453125,3,10,20221102,
p05.s2.testhost.throughput,lifecycle-semantics,srv,testhost,2.0,86,throughput,2,true,ok,,832110.3035868958,,,,,,,,,false,,,49.756791666666665,108.3138,146.3545,120,106,16,0,134.22265625,66.578125,3,10,20221103,
p05.s2.testhost.throughput,lifecycle-semantics,srv,testhost,2.0,86,throughput,3,true,ok,,805278.3238727365,,,,,,,,,false,,,55.056707547169815,100.839,134.5153,106,99,14,0,138.296875,67.55078125,3,10,20221104,
p05.s2.testhost.throughput,lifecycle-semantics,srv,testhost,2.0,86,throughput,4,true,ok,,754813.906850456,,,,,,,,,false,,,63.520434782608696,118.1326,118.1326,92,86,13,0,147.203125,72.4765625,3,10,20221105,
p05.s2.testhost.throughput,lifecycle-semantics,srv,testhost,6.0,258,throughput,0,true,ok,,764295.4981182416,,,,,,,,,false,,,126.3093409090909,201.9686,201.9686,44,43,7,0,342.22265625,220.5703125,3,10,20221101,
p05.s2.testhost.throughput,lifecycle-semantics,srv,testhost,6.0,258,throughput,1,true,ok,,790894.5568261577,,,,,,,,,false,,,114.44069565217391,235.3547,235.3547,46,45,4,0,393.19140625,217.27734375,3,10,20221102,
p05.s2.testhost.throughput,lifecycle-semantics,srv,testhost,6.0,258,throughput,2,true,ok,,720318.7530134236,,,,,,,,,false,,,116.15423255813953,170.222,170.222,43,42,3,0,436.203125,244.8984375,3,10,20221103,
p05.s2.testhost.throughput,lifecycle-semantics,srv,testhost,6.0,258,throughput,3,true,ok,,817417.6690968254,,,,,,,,,false,,,124.10040000000001,225.5339,225.5339,45,43,7,0,306.13671875,172.58984375,3,10,20221104,
p05.s2.testhost.throughput,lifecycle-semantics,srv,testhost,6.0,258,throughput,4,true,ok,,719585.2176561524,,,,,,,,,false,,,125.98878571428573,218.544,218.544,42,41,3,0,418.12109375,238.9921875,3,10,20221105,
p05.s2.testhost.throughput,lifecycle-semantics,wks,testhost,2.0,86,throughput,0,true,ok,,487894.36041124957,,,,,,,,,false,,,37.89548333333333,77.8807,91.277,120,117,9,0,166.70703125,79.4375,3,10,20221101,
p05.s2.testhost.throughput,lifecycle-semantics,wks,testhost,2.0,86,throughput,1,true,ok,,491323.3085398922,,,,,,,,,false,,,38.76880833333333,80.1238,93.576,120,117,9,0,170.64453125,83.22265625,3,10,20221102,
p05.s2.testhost.throughput,lifecycle-semantics,wks,testhost,2.0,86,throughput,2,true,ok,,497378.1352067603,,,,,,,,,false,,,39.65240336134454,81.529,100.0879,120,118,9,0,163.22265625,74.8046875,3,10,20221103,
p05.s2.testhost.throughput,lifecycle-semantics,wks,testhost,2.0,86,throughput,3,true,ok,,490665.408058784,,,,,,,,,false,,,39.43945762711864,87.5162,91.6999,119,117,8,0,171.48828125,84.3359375,3,10,20221104,
p05.s2.testhost.throughput,lifecycle-semantics,wks,testhost,2.0,86,throughput,4,true,ok,,493039.85349762504,,,,,,,,,false,,,39.12258333333333,78.4257,91.1983,120,118,9,0,168.2109375,79.375,3,10,20221105,
p05.s2.testhost.throughput,lifecycle-semantics,wks,testhost,6.0,258,throughput,0,true,ok,,383612.474688197,,,,,,,,,false,,,82.17006818181818,111.1216,111.1216,43,42,3,0,347.171875,219.24609375,3,10,20221101,
p05.s2.testhost.throughput,lifecycle-semantics,wks,testhost,6.0,258,throughput,1,true,ok,,384633.28566209157,,,,,,,,,false,,,79.62222222222222,101.5747,101.5747,43,42,3,0,347.62890625,218.98828125,3,10,20221102,
p05.s2.testhost.throughput,lifecycle-semantics,wks,testhost,6.0,258,throughput,2,true,ok,,391228.1980086405,,,,,,,,,false,,,78.94457777777778,102.5152,102.5152,43,42,3,0,349.50390625,218.98828125,3,10,20221103,
p05.s2.testhost.throughput,lifecycle-semantics,wks,testhost,6.0,258,throughput,3,true,ok,,392224.5389047584,,,,,,,,,false,,,78.64488888888889,113.7632,113.7632,43,42,3,0,354.35546875,219.0546875,3,10,20221104,
p05.s2.testhost.throughput,lifecycle-semantics,wks,testhost,6.0,258,throughput,4,true,ok,,394895.8149379844,,,,,,,,,false,,,78.78913333333334,107.4539,107.4539,43,42,3,0,353.0703125,218.98828125,3,10,20221105,
p05.s2.testhost.throughput,long-lived-cache,srv,testhost,1.3,181,throughput,0,true,ok,,2033033.8564872483,,,,,,,,,false,,,7.867450216450217,11.3726,32.7852,232,232,1,0,199.89453125,160.171875,3,10,20221101,
p05.s2.testhost.throughput,long-lived-cache,srv,testhost,1.3,181,throughput,1,true,ok,,2043395.2953281768,,,,,,,,,false,,,7.7415991379310345,10.8194,25.8053,232,232,1,0,202.8828125,162.26953125,3,10,20221102,
p05.s2.testhost.throughput,long-lived-cache,srv,testhost,1.3,181,throughput,2,true,ok,,1933427.139046723,,,,,,,,,false,,,8.155932126696833,13.4004,21.5795,221,221,1,0,200.09375,160.99609375,3,10,20221103,
p05.s2.testhost.throughput,long-lived-cache,srv,testhost,1.3,181,throughput,3,true,ok,,1972499.3516941236,,,,,,,,,false,,,8.299328888888889,19.9631,24.665,226,226,1,0,197.94921875,159.49609375,3,10,20221104,
p05.s2.testhost.throughput,long-lived-cache,srv,testhost,1.3,181,throughput,4,true,ok,,2031410.3806412716,,,,,,,,,false,,,7.9707173913043485,11.3722,35.3271,230,230,1,0,202.796875,162.21875,3,10,20221105,
p05.s2.testhost.throughput,long-lived-cache,srv,testhost,2.0,278,throughput,0,true,ok,,2193103.246372884,,,,,,,,,false,,,8.95252,15.1238,20.9223,125,123,1,0,274.4296875,232.75390625,3,10,20221101,
p05.s2.testhost.throughput,long-lived-cache,srv,testhost,2.0,278,throughput,1,true,ok,,2135049.1867935057,,,,,,,,,false,,,9.292540983606559,17.2497,25.2878,122,120,1,0,276,234.5078125,3,10,20221102,
p05.s2.testhost.throughput,long-lived-cache,srv,testhost,2.0,278,throughput,2,true,ok,,2219042.6881875233,,,,,,,,,false,,,8.713055118110237,12.8053,20.7931,127,125,1,0,281.9453125,238.9375,3,10,20221103,
p05.s2.testhost.throughput,long-lived-cache,srv,testhost,2.0,278,throughput,3,true,ok,,2151695.591858305,,,,,,,,,false,,,8.960451612903226,13.0334,21.1166,124,122,1,0,272.4375,230.33203125,3,10,20221104,
p05.s2.testhost.throughput,long-lived-cache,srv,testhost,2.0,278,throughput,4,true,ok,,2274694.3880966604,,,,,,,,,false,,,8.512307692307692,10.7899,21.1949,130,128,1,0,279.4609375,237.91796875,3,10,20221105,
p05.s2.testhost.throughput,long-lived-cache,srv,testhost,6.0,834,throughput,0,true,ok,,2338300.849099672,,,,,,,,,false,,,8.371121212121212,27.5561,27.5561,66,60,1,0,404.875,364.859375,3,10,20221101,
p05.s2.testhost.throughput,long-lived-cache,srv,testhost,6.0,834,throughput,1,true,ok,,2210704.3818818214,,,,,,,,,false,,,8.783968253968254,26.0116,26.0116,63,57,1,0,405.5,366.3125,3,10,20221102,
p05.s2.testhost.throughput,long-lived-cache,srv,testhost,6.0,834,throughput,2,true,ok,,2250828.7924547475,,,,,,,,,false,,,8.835796875,30.1438,30.1438,64,57,1,0,405.01171875,363.77734375,3,10,20221103,
p05.s2.testhost.throughput,long-lived-cache,srv,testhost,6.0,834,throughput,3,true,ok,,2288022.646636585,,,,,,,,,false,,,8.78116923076923,25.7738,25.7738,65,57,1,0,409.30078125,368.37890625,3,10,20221104,
p05.s2.testhost.throughput,long-lived-cache,srv,testhost,6.0,834,throughput,4,true,ok,,2298746.76052277,,,,,,,,,false,,,8.554507692307693,26.4122,26.4122,66,60,1,0,410.88671875,369.50390625,3,10,20221105,
p05.s2.testhost.throughput,long-lived-cache,wks,testhost,1.3,181,throughput,0,true,ok,,706473.6131351623,,,,,,,,,false,,,14.803202346041056,30.7292,32.4372,341,341,85,0,145.1640625,114.36328125,3,10,20221101,
p05.s2.testhost.throughput,long-lived-cache,wks,testhost,1.3,181,throughput,1,true,ok,,716919.0790335247,,,,,,,,,false,,,14.617533333333334,30.683,40.4005,345,345,86,0,158.7421875,130.00390625,3,10,20221102,
p05.s2.testhost.throughput,long-lived-cache,wks,testhost,1.3,181,throughput,2,true,ok,,701841.2328657768,,,,,,,,,false,,,15.101126470588234,31.2096,34.4526,340,340,85,0,153.109375,80.4296875,3,10,20221103,
p05.s2.testhost.throughput,long-lived-cache,wks,testhost,1.3,181,throughput,3,true,ok,,696883.9999995207,,,,,,,,,false,,,15.013938235294116,30.6335,32.786,340,340,85,0,161.4375,140.578125,3,10,20221104,
p05.s2.testhost.throughput,long-lived-cache,wks,testhost,1.3,181,throughput,4,true,ok,,688624.006758528,,,,,,,,,false,,,15.411643916913947,32.8262,37.3722,337,337,84,0,145.46875,114.4921875,3,10,20221105,
p05.s2.testhost.throughput,long-lived-cache,wks,testhost,2.0,278,throughput,0,true,ok,,862564.8221270988,,,,,,,,,false,,,15.292402985074627,31.1391,33.2161,336,336,75,0,174.62109375,143.93359375,3,10,20221101,
p05.s2.testhost.throughput,long-lived-cache,wks,testhost,2.0,278,throughput,1,true,ok,,837085.7624909886,,,,,,,,,false,,,15.848932515337424,31.3723,33.9699,327,327,73,0,171.421875,142.9375,3,10,20221102,
p05.s2.testhost.throughput,long-lived-cache,wks,testhost,2.0,278,throughput,2,true,ok,,859255.5274814528,,,,,,,,,false,,,15.36481626506024,31.6613,33.2613,332,332,74,0,167.03125,83.0078125,3,10,20221103,
p05.s2.testhost.throughput,long-lived-cache,wks,testhost,2.0,278,throughput,3,true,ok,,864566.2440472341,,,,,,,,,false,,,15.316287425149701,30.0311,33.3332,334,334,74,0,166.34765625,144.5703125,3,10,20221104,
p05.s2.testhost.throughput,long-lived-cache,wks,testhost,2.0,278,throughput,4,true,ok,,851513.9339423694,,,,,,,,,false,,,15.423257485029941,30.0531,31.9869,334,334,74,0,162.54296875,142.94921875,3,10,20221105,
p05.s2.testhost.throughput,long-lived-cache,wks,testhost,6.0,834,throughput,0,true,ok,,858819.6433301611,,,,,,,,,false,,,15.195156156156157,30.8012,31.5268,333,333,74,0,153.83203125,122.234375,3,10,20221101,
p05.s2.testhost.throughput,long-lived-cache,wks,testhost,6.0,834,throughput,1,true,ok,,859929.917151367,,,,,,,,,false,,,15.048919642857143,30.5506,33.1714,336,336,75,0,167.71484375,79,3,10,20221102,
p05.s2.testhost.throughput,long-lived-cache,wks,testhost,6.0,834,throughput,2,true,ok,,848583.8880815131,,,,,,,,,false,,,15.338675757575757,30.3866,31.1531,330,330,73,0,178.3359375,136.578125,3,10,20221103,
p05.s2.testhost.throughput,long-lived-cache,wks,testhost,6.0,834,throughput,3,true,ok,,862126.7014520532,,,,,,,,,false,,,15.37671171171171,31.937,34.3714,333,333,74,0,170.94921875,138.97265625,3,10,20221104,
p05.s2.testhost.throughput,long-lived-cache,wks,testhost,6.0,834,throughput,4,true,ok,,865524.7689921543,,,,,,,,,false,,,15.281044642857141,31.5868,34.3396,336,336,75,0,171.75390625,143.15625,3,10,20221105,
p05.s2.testhost.throughput,low-allocation-compute,srv,testhost,1.3,46,throughput,0,true,ok,,2466041.504585522,,,,,,,,,false,,,,,,0,0,0,0,32.234375,,3,10,20221101,
p05.s2.testhost.throughput,low-allocation-compute,srv,testhost,1.3,46,throughput,1,true,ok,,2615672.915866656,,,,,,,,,false,,,,,,0,0,0,0,32.24609375,,3,10,20221102,
p05.s2.testhost.throughput,low-allocation-compute,srv,testhost,1.3,46,throughput,2,true,ok,,2496455.0059322147,,,,,,,,,false,,,,,,0,0,0,0,32.2109375,,3,10,20221103,
p05.s2.testhost.throughput,low-allocation-compute,srv,testhost,1.3,46,throughput,3,true,ok,,2481446.814464765,,,,,,,,,false,,,,,,0,0,0,0,32.15625,,3,10,20221104,
p05.s2.testhost.throughput,low-allocation-compute,srv,testhost,1.3,46,throughput,4,true,ok,,2570409.549452177,,,,,,,,,false,,,,,,0,0,0,0,32.16015625,,3,10,20221105,
p05.s2.testhost.throughput,low-allocation-compute,srv,testhost,2.0,70,throughput,0,true,ok,,2533924.500845575,,,,,,,,,false,,,,,,0,0,0,0,32.1484375,,3,10,20221101,
p05.s2.testhost.throughput,low-allocation-compute,srv,testhost,2.0,70,throughput,1,true,ok,,2508221.546525488,,,,,,,,,false,,,,,,0,0,0,0,32.1171875,,3,10,20221102,
p05.s2.testhost.throughput,low-allocation-compute,srv,testhost,2.0,70,throughput,2,true,ok,,2517012.293708532,,,,,,,,,false,,,,,,0,0,0,0,32.1953125,,3,10,20221103,
p05.s2.testhost.throughput,low-allocation-compute,srv,testhost,2.0,70,throughput,3,true,ok,,2502627.2898564544,,,,,,,,,false,,,,,,0,0,0,0,32.15234375,,3,10,20221104,
p05.s2.testhost.throughput,low-allocation-compute,srv,testhost,2.0,70,throughput,4,true,ok,,2531490.399962444,,,,,,,,,false,,,,,,0,0,0,0,32.140625,,3,10,20221105,
p05.s2.testhost.throughput,low-allocation-compute,srv,testhost,6.0,210,throughput,0,true,ok,,2548469.578005604,,,,,,,,,false,,,,,,0,0,0,0,32.11328125,,3,10,20221101,
p05.s2.testhost.throughput,low-allocation-compute,srv,testhost,6.0,210,throughput,1,true,ok,,2543241.7874034015,,,,,,,,,false,,,,,,0,0,0,0,32.14453125,,3,10,20221102,
p05.s2.testhost.throughput,low-allocation-compute,srv,testhost,6.0,210,throughput,2,true,ok,,2552480.053050828,,,,,,,,,false,,,,,,0,0,0,0,32.265625,,3,10,20221103,
p05.s2.testhost.throughput,low-allocation-compute,srv,testhost,6.0,210,throughput,3,true,ok,,2475799.522424844,,,,,,,,,false,,,,,,0,0,0,0,32.125,,3,10,20221104,
p05.s2.testhost.throughput,low-allocation-compute,srv,testhost,6.0,210,throughput,4,true,ok,,2569088.6168418424,,,,,,,,,false,,,,,,0,0,0,0,32.18359375,,3,10,20221105,
p05.s2.testhost.throughput,low-allocation-compute,wks,testhost,1.3,46,throughput,0,true,ok,,2636600.8463843255,,,,,,,,,false,,,,,,0,0,0,0,31.4296875,,3,10,20221101,
p05.s2.testhost.throughput,low-allocation-compute,wks,testhost,1.3,46,throughput,1,true,ok,,2673982.6040443406,,,,,,,,,false,,,,,,0,0,0,0,31.3203125,,3,10,20221102,
p05.s2.testhost.throughput,low-allocation-compute,wks,testhost,1.3,46,throughput,2,true,ok,,2517481.7623365805,,,,,,,,,false,,,,,,0,0,0,0,31.34765625,,3,10,20221103,
p05.s2.testhost.throughput,low-allocation-compute,wks,testhost,1.3,46,throughput,3,true,ok,,2629150.8608050775,,,,,,,,,false,,,,,,0,0,0,0,31.4140625,,3,10,20221104,
p05.s2.testhost.throughput,low-allocation-compute,wks,testhost,1.3,46,throughput,4,true,ok,,2579027.7272474337,,,,,,,,,false,,,,,,0,0,0,0,31.34765625,,3,10,20221105,
p05.s2.testhost.throughput,low-allocation-compute,wks,testhost,2.0,70,throughput,0,true,ok,,2681966.6093326802,,,,,,,,,false,,,,,,0,0,0,0,31.359375,,3,10,20221101,
p05.s2.testhost.throughput,low-allocation-compute,wks,testhost,2.0,70,throughput,1,true,ok,,2524255.777392974,,,,,,,,,false,,,,,,0,0,0,0,31.50390625,,3,10,20221102,
p05.s2.testhost.throughput,low-allocation-compute,wks,testhost,2.0,70,throughput,2,true,ok,,2611486.8340039337,,,,,,,,,false,,,,,,0,0,0,0,31.59375,,3,10,20221103,
p05.s2.testhost.throughput,low-allocation-compute,wks,testhost,2.0,70,throughput,3,true,ok,,2548714.1938210274,,,,,,,,,false,,,,,,0,0,0,0,31.30078125,,3,10,20221104,
p05.s2.testhost.throughput,low-allocation-compute,wks,testhost,2.0,70,throughput,4,true,ok,,2602697.420116857,,,,,,,,,false,,,,,,0,0,0,0,31.4921875,,3,10,20221105,
p05.s2.testhost.throughput,low-allocation-compute,wks,testhost,6.0,210,throughput,0,true,ok,,2656198.3215912655,,,,,,,,,false,,,,,,0,0,0,0,31.43359375,,3,10,20221101,
p05.s2.testhost.throughput,low-allocation-compute,wks,testhost,6.0,210,throughput,1,true,ok,,2583688.590621208,,,,,,,,,false,,,,,,0,0,0,0,31.32421875,,3,10,20221102,
p05.s2.testhost.throughput,low-allocation-compute,wks,testhost,6.0,210,throughput,2,true,ok,,2527912.8978853566,,,,,,,,,false,,,,,,0,0,0,0,31.50390625,,3,10,20221103,
p05.s2.testhost.throughput,low-allocation-compute,wks,testhost,6.0,210,throughput,3,true,ok,,2611171.1321434905,,,,,,,,,false,,,,,,0,0,0,0,31.46484375,,3,10,20221104,
p05.s2.testhost.throughput,low-allocation-compute,wks,testhost,6.0,210,throughput,4,true,ok,,2592178.0103322607,,,,,,,,,false,,,,,,0,0,0,0,31.30078125,,3,10,20221105,
p05.s2.testhost.throughput,multi-thread-throughput,srv,testhost,1.3,46,throughput,0,true,ok,,3113443.166079085,,,,,,,,,false,,,0.4023862378976487,2.3074,7.341,2894,1,0,0,39.078125,8.69140625,3,10,20221101,
p05.s2.testhost.throughput,multi-thread-throughput,srv,testhost,1.3,46,throughput,1,true,ok,,3241940.5712245773,,,,,,,,,false,,,0.3841863275039746,1.4174,11.1286,3147,11,0,0,39.36328125,8.99609375,3,10,20221102,
p05.s2.testhost.throughput,multi-thread-throughput,srv,testhost,1.3,46,throughput,2,true,ok,,3171780.797768354,,,,,,,,,false,,,0.3894403639909002,1.6933,5.0105,3078,6,0,0,39.1328125,8.6875,3,10,20221103,
p05.s2.testhost.throughput,multi-thread-throughput,srv,testhost,1.3,46,throughput,3,true,ok,,2996245.1068594446,,,,,,,,,false,,,0.39616603902773023,1.3912,6.563,2922,1,0,0,39.62109375,9.39453125,3,10,20221104,
p05.s2.testhost.throughput,multi-thread-throughput,srv,testhost,1.3,46,throughput,4,true,ok,,3165007.7014226713,,,,,,,,,false,,,0.40691479972844535,,,2949,2,0,0,39.546875,9.1328125,3,10,20221105,
p05.s2.testhost.throughput,multi-thread-throughput,srv,testhost,2.0,70,throughput,0,true,ok,,3359639.914706242,,,,,,,,,false,,,0.42796656716417913,1.4556,4.8786,1675,27,0,0,50.1484375,19.625,3,10,20221101,
p05.s2.testhost.throughput,multi-thread-throughput,srv,testhost,2.0,70,throughput,1,true,ok,,3212287.79297657,,,,,,,,,false,,,0.4452335181762169,1.6223,6.4233,1624,35,0,0,49.91015625,19.5,3,10,20221102,
p05.s2.testhost.throughput,multi-thread-throughput,srv,testhost,2.0,70,throughput,2,true,ok,,3550426.385440968,,,,,,,,,false,,,0.44780762358546755,1.574,7.4938,1681,12,0,0,49.76953125,19.29296875,3,10,20221103,
p05.s2.testhost.throughput,multi-thread-throughput,srv,testhost,2.0,70,throughput,3,true,ok,,3296013.596875176,,,,,,,,,false,,,0.48545327399872856,2.9515,6.8415,1574,18,0,0,50.0234375,19.4375,3,10,20221104,
p05.s2.testhost.throughput,multi-thread-throughput,srv,testhost,2.0,70,throughput,4,true,ok,,3255394.7780211093,,,,,,,,,false,,,0.46064800514800514,1.8102,5.793,1555,18,0,0,49.75390625,19.234375,3,10,20221105,
p05.s2.testhost.throughput,multi-thread-throughput,srv,testhost,6.0,210,throughput,0,true,ok,,3254604.9945598627,,,,,,,,,false,,,0.7857616707616708,3.2652,7.0435,815,22,0,0,64.7421875,34.09765625,3,10,20221101,
p05.s2.testhost.throughput,multi-thread-throughput,srv,testhost,6.0,210,throughput,1,true,ok,,3232861.2627644422,,,,,,,,,false,,,0.7224103831891223,2.1564,9.299,810,23,0,0,66.15625,35.4375,3,10,20221102,
p05.s2.testhost.throughput,multi-thread-throughput,srv,testhost,6.0,210,throughput,2,true,ok,,3388716.1304660607,,,,,,,,,false,,,0.7016132858837486,2.4086,7.8573,843,22,0,0,66.27734375,35.5625,3,10,20221103,
p05.s2.testhost.throughput,multi-thread-throughput,srv,testhost,6.0,210,throughput,3,true,ok,,3538301.084426493,,,,,,,,,false,,,0.7027886363636363,1.955,4.9472,880,21,0,0,64.6171875,34.15625,3,10,20221104,
p05.s2.testhost.throughput,multi-thread-throughput,srv,testhost,6.0,210,throughput,4,true,ok,,3406492.159520386,,,,,,,,,false,,,0.7746485849056605,3.8898,5.7002,848,21,0,0,61.84765625,32.7109375,3,10,20221105,
p05.s2.testhost.throughput,multi-thread-throughput,wks,testhost,1.3,46,throughput,0,true,ok,,3434301.815397835,,,,,,,,,false,,,0.25349173806609543,,,3271,2,1,0,37.703125,6.8984375,3,10,20221101,
p05.s2.testhost.throughput,multi-thread-throughput,wks,testhost,1.3,46,throughput,1,true,ok,,3456520.6269011046,,,,,,,,,false,,,0.24203678929765884,,,3292,2,1,0,36.08984375,6.8984375,3,10,20221102,
p05.s2.testhost.throughput,multi-thread-throughput,wks,testhost,1.3,46,throughput,2,true,ok,,3435835.585379139,,,,,,,,,false,,,0.25669141460433853,0.4568,2.9258,3274,2,1,0,36.1953125,6.8984375,3,10,20221103,
p05.s2.testhost.throughput,multi-thread-throughput,wks,testhost,1.3,46,throughput,3,true,ok,,3464713.616525604,,,,,,,,,false,,,0.258200182537268,0.5027,3.9708,3289,2,1,0,36.1875,6.8984375,3,10,20221104,
p05.s2.testhost.throughput,multi-thread-throughput,wks,testhost,1.3,46,throughput,4,true,ok,,3435942.6400412596,,,,,,,,,false,,,0.2616331198536139,,,3283,2,1,0,37.5625,6.8984375,3,10,20221105,
p05.s2.testhost.throughput,multi-thread-throughput,wks,testhost,2.0,70,throughput,0,true,ok,,3491187.1829086677,,,,,,,,,false,,,0.29237868753762797,0.5982,2.9348,1661,2,1,0,40.73828125,11.26953125,3,10,20221101,
p05.s2.testhost.throughput,multi-thread-throughput,wks,testhost,2.0,70,throughput,1,true,ok,,3488637.3675171128,,,,,,,,,false,,,0.294642684401451,0.5803,2.9439,1655,2,1,0,41.9296875,11.2734375,3,10,20221102,
p05.s2.testhost.throughput,multi-thread-throughput,wks,testhost,2.0,70,throughput,2,true,ok,,3485464.9715382317,,,,,,,,,false,,,0.29901809408926416,0.6563,3.0207,1659,2,1,0,41.9296875,11.2734375,3,10,20221103,
p05.s2.testhost.throughput,multi-thread-throughput,wks,testhost,2.0,70,throughput,3,true,ok,,3491718.0208485057,,,,,,,,,false,,,0.3005219482862297,0.783,3.6219,1663,2,1,0,40.69921875,11.2734375,3,10,20221104,
p05.s2.testhost.throughput,multi-thread-throughput,wks,testhost,2.0,70,throughput,4,true,ok,,3516000.2189486017,,,,,,,,,false,,,0.2953777644949193,0.5402,2.8891,1674,2,1,0,40.5703125,11.2734375,3,10,20221105,
p05.s2.testhost.throughput,multi-thread-throughput,wks,testhost,6.0,210,throughput,0,true,ok,,3545341.079936356,,,,,,,,,false,,,0.3195350772889417,0.7696,5.4571,841,18,1,0,52.5625,21.9609375,3,10,20221101,
p05.s2.testhost.throughput,multi-thread-throughput,wks,testhost,6.0,210,throughput,1,true,ok,,3548316.88002149,,,,,,,,,false,,,0.3236137440758294,0.7985,5.2568,844,18,1,0,52.5859375,21.9609375,3,10,20221102,
p05.s2.testhost.throughput,multi-thread-throughput,wks,testhost,6.0,210,throughput,2,true,ok,,3533698.823203889,,,,,,,,,false,,,0.31551724137931036,0.5531,5.2748,842,18,1,0,52.55078125,21.9609375,3,10,20221103,
p05.s2.testhost.throughput,multi-thread-throughput,wks,testhost,6.0,210,throughput,3,true,ok,,3653521.04632132,,,,,,,,,false,,,0.3213506343713956,0.792,5.5841,868,18,1,0,51.36328125,21.95703125,3,10,20221104,
p05.s2.testhost.throughput,multi-thread-throughput,wks,testhost,6.0,210,throughput,4,true,ok,,3651412.112621065,,,,,,,,,false,,,0.3140219146482122,0.6049,5.2092,868,18,1,0,51.23828125,21.9609375,3,10,20221105,
p05.s2.testhost.throughput,pinning-heavy-io,srv,testhost,1.3,46,throughput,0,true,ok,,43084.73765719753,,,,,,,,,false,,,0.4414075342465753,2.1091,5.4076,292,0,0,0,53.6015625,23.95703125,3,10,20221101,
p05.s2.testhost.throughput,pinning-heavy-io,srv,testhost,1.3,46,throughput,1,true,ok,,42985.91523582172,,,,,,,,,false,,,0.4519515570934256,1.8763,2.9356,289,0,0,0,52.953125,23.33203125,3,10,20221102,
p05.s2.testhost.throughput,pinning-heavy-io,srv,testhost,1.3,46,throughput,2,true,ok,,43076.0538459007,,,,,,,,,false,,,0.436923875432526,1.2226,2.7243,289,0,0,0,52.33203125,22.6484375,3,10,20221103,
p05.s2.testhost.throughput,pinning-heavy-io,srv,testhost,1.3,46,throughput,3,true,ok,,43029.78161456209,,,,,,,,,false,,,0.41832638888888884,1.5873,2.3098,289,0,0,0,52.34375,22.7109375,3,10,20221104,
p05.s2.testhost.throughput,pinning-heavy-io,srv,testhost,1.3,46,throughput,4,true,ok,,42786.21338430114,,,,,,,,,false,,,0.4873944636678201,3.3802,6.8501,289,0,0,0,51.4921875,22.02734375,3,10,20221105,
p05.s2.testhost.throughput,pinning-heavy-io,srv,testhost,2.0,70,throughput,0,true,ok,,43713.915561867565,,,,,,,,,false,,,0.5599370629370629,3.952,9.3631,144,0,0,0,68.4296875,38.6484375,3,10,20221101,
p05.s2.testhost.throughput,pinning-heavy-io,srv,testhost,2.0,70,throughput,1,true,ok,,43173.72848989888,,,,,,,,,false,,,0.48363194444444446,1.9861,5.0084,144,0,0,0,67.57421875,37.96484375,3,10,20221102,
p05.s2.testhost.throughput,pinning-heavy-io,srv,testhost,2.0,70,throughput,2,true,ok,,43158.47393299784,,,,,,,,,false,,,0.46861971830985916,1.7677,3.7004,143,0,0,0,68.28125,38.6484375,3,10,20221103,
p05.s2.testhost.throughput,pinning-heavy-io,srv,testhost,2.0,70,throughput,3,true,ok,,42945.76263615386,,,,,,,,,false,,,0.48218439716312056,2.3842,3.0861,142,0,0,0,69.125,39.39453125,3,10,20221104,
p05.s2.testhost.throughput,pinning-heavy-io,srv,testhost,2.0,70,throughput,4,true,ok,,42466.76909655059,,,,,,,,,false,,,0.4758510638297872,2.2655,4.019,141,0,0,0,67.7421875,37.96484375,3,10,20221105,
p05.s2.testhost.throughput,pinning-heavy-io,srv,testhost,6.0,210,throughput,0,true,ok,,43253.11963185117,,,,,,,,,false,,,0.45212676056338025,2.2165,2.2165,71,0,0,0,103.52734375,70.84375,3,10,20221101,
p05.s2.testhost.throughput,pinning-heavy-io,srv,testhost,6.0,210,throughput,1,true,ok,,42690.214894132376,,,,,,,,,false,,,0.5023428571428572,3.1005,3.1005,70,0,0,0,105.3828125,72.58984375,3,10,20221102,
p05.s2.testhost.throughput,pinning-heavy-io,srv,testhost,6.0,210,throughput,2,true,ok,,42439.76842340908,,,,,,,,,false,,,0.4476,1.1853,1.1853,70,0,0,0,101.70703125,70.90625,3,10,20221103,
p05.s2.testhost.throughput,pinning-heavy-io,srv,testhost,6.0,210,throughput,3,true,ok,,42501.92615288336,,,,,,,,,false,,,0.4827,2.581,2.581,70,0,0,0,103.55859375,72.52734375,3,10,20221104,
p05.s2.testhost.throughput,pinning-heavy-io,srv,testhost,6.0,210,throughput,4,true,ok,,44033.98694192328,,,,,,,,,false,,,0.4329295774647887,0.8471,0.8471,72,0,0,0,102.11328125,70.96484375,3,10,20221105,
p05.s2.testhost.throughput,pinning-heavy-io,wks,testhost,1.3,46,throughput,0,true,ok,,42957.238019455006,,,,,,,,,false,,,0.3057870619946092,0.4681,1.6235,742,2,1,0,47.43359375,18.390625,3,10,20221101,
p05.s2.testhost.throughput,pinning-heavy-io,wks,testhost,1.3,46,throughput,1,true,ok,,43631.04355438818,,,,,,,,,false,,,0.3081809651474531,0.5312,2.5297,748,2,1,0,47.31640625,18.390625,3,10,20221102,
p05.s2.testhost.throughput,pinning-heavy-io,wks,testhost,1.3,46,throughput,2,true,ok,,42890.59637978615,,,,,,,,,false,,,0.3000229419703104,0.4782,1.2796,742,2,1,0,47.36328125,18.390625,3,10,20221103,
p05.s2.testhost.throughput,pinning-heavy-io,wks,testhost,1.3,46,throughput,3,true,ok,,42743.24067348511,,,,,,,,,false,,,0.30253297442799465,0.5481,1.6269,744,2,1,0,47.25390625,18.390625,3,10,20221104,
p05.s2.testhost.throughput,pinning-heavy-io,wks,testhost,1.3,46,throughput,4,true,ok,,42771.774483551555,,,,,,,,,false,,,0.30840705563093623,0.484,3.0599,737,2,1,0,47.32421875,18.390625,3,10,20221105,
p05.s2.testhost.throughput,pinning-heavy-io,wks,testhost,2.0,70,throughput,0,true,ok,,43550.85155552255,,,,,,,,,false,,,0.3044348785871964,0.4521,1.2578,454,2,1,0,47.52734375,18.76953125,3,10,20221101,
p05.s2.testhost.throughput,pinning-heavy-io,wks,testhost,2.0,70,throughput,1,true,ok,,43905.50965969746,,,,,,,,,false,,,0.308511013215859,0.5664,1.2799,454,2,1,0,51.15625,22.390625,3,10,20221102,
p05.s2.testhost.throughput,pinning-heavy-io,wks,testhost,2.0,70,throughput,2,true,ok,,42530.791757246174,,,,,,,,,false,,,0.31143918918918917,0.5455,1.279,444,2,1,0,51.22265625,22.390625,3,10,20221103,
p05.s2.testhost.throughput,pinning-heavy-io,wks,testhost,2.0,70,throughput,3,true,ok,,43133.60703725848,,,,,,,,,false,,,0.3147200902934537,0.5062,1.2121,444,2,1,0,51.21875,22.390625,3,10,20221104,
p05.s2.testhost.throughput,pinning-heavy-io,wks,testhost,2.0,70,throughput,4,true,ok,,42252.732927087476,,,,,,,,,false,,,0.31304576659038896,0.5566,1.2477,438,2,1,0,51.3125,22.390625,3,10,20221105,
p05.s2.testhost.throughput,pinning-heavy-io,wks,testhost,6.0,210,throughput,0,true,ok,,42893.92903839546,,,,,,,,,false,,,0.3324955357142857,0.7523,1.3173,225,2,1,0,59.2421875,30.38671875,3,10,20221101,
p05.s2.testhost.throughput,pinning-heavy-io,wks,testhost,6.0,210,throughput,1,true,ok,,44208.34087650494,,,,,,,,,false,,,0.34912831858407084,0.9203,1.4923,227,2,1,0,59.21484375,30.390625,3,10,20221102,
p05.s2.testhost.throughput,pinning-heavy-io,wks,testhost,6.0,210,throughput,2,true,ok,,43276.17820998935,,,,,,,,,false,,,0.33505429864253394,0.7378,1.4075,222,2,1,0,57.359375,28.45703125,3,10,20221103,
p05.s2.testhost.throughput,pinning-heavy-io,wks,testhost,6.0,210,throughput,3,true,ok,,43746.65850095602,,,,,,,,,false,,,0.33305752212389383,0.7512,1.3126,227,2,1,0,59.21875,30.38671875,3,10,20221104,
p05.s2.testhost.throughput,pinning-heavy-io,wks,testhost,6.0,210,throughput,4,true,ok,,42690.862390559254,,,,,,,,,false,,,0.32947297297297296,0.6391,1.3725,222,2,1,0,59.2265625,30.390625,3,10,20221105,
p05.s2.testhost.throughput,pointer-chasing,srv,testhost,1.3,46,throughput,0,true,ok,,167298.9086170516,,,,,,,,,false,,,,,,0,0,0,0,44.9765625,11.25,3,10,20221101,
p05.s2.testhost.throughput,pointer-chasing,srv,testhost,1.3,46,throughput,1,true,ok,,164734.4861863885,,,,,,,,,false,,,,,,0,0,0,0,45.03125,11.5625,3,10,20221102,
p05.s2.testhost.throughput,pointer-chasing,srv,testhost,1.3,46,throughput,2,true,ok,,165967.47575365315,,,,,,,,,false,,,,,,0,0,0,0,45.0546875,11.5625,3,10,20221103,
p05.s2.testhost.throughput,pointer-chasing,srv,testhost,1.3,46,throughput,3,true,ok,,165546.47431256372,,,,,,,,,false,,,,,,0,0,0,0,45.03515625,11.375,3,10,20221104,
p05.s2.testhost.throughput,pointer-chasing,srv,testhost,1.3,46,throughput,4,true,ok,,169079.70894567601,,,,,,,,,false,,,,,,0,0,0,0,44.9453125,11.375,3,10,20221105,
p05.s2.testhost.throughput,pointer-chasing,srv,testhost,2.0,70,throughput,0,true,ok,,171762.26796962586,,,,,,,,,false,,,,,,0,0,0,0,49.62109375,20.21875,3,10,20221101,
p05.s2.testhost.throughput,pointer-chasing,srv,testhost,2.0,70,throughput,1,true,ok,,170277.90978253554,,,,,,,,,false,,,,,,0,0,0,0,49.43359375,20.03125,3,10,20221102,
p05.s2.testhost.throughput,pointer-chasing,srv,testhost,2.0,70,throughput,2,true,ok,,169378.67954820846,,,,,,,,,false,,,,,,0,0,0,0,49.59375,20.21875,3,10,20221103,
p05.s2.testhost.throughput,pointer-chasing,srv,testhost,2.0,70,throughput,3,true,ok,,161425.63322560018,,,,,,,,,false,,,,,,0,0,0,0,49.58984375,20.21875,3,10,20221104,
p05.s2.testhost.throughput,pointer-chasing,srv,testhost,2.0,70,throughput,4,true,ok,,167508.26095532015,,,,,,,,,false,,,,,,0,0,0,0,49.59375,20.15625,3,10,20221105,
p05.s2.testhost.throughput,pointer-chasing,srv,testhost,6.0,210,throughput,0,true,ok,,165720.28113227725,,,,,,,,,false,,,,,,0,0,0,0,44.8046875,,3,10,20221101,
p05.s2.testhost.throughput,pointer-chasing,srv,testhost,6.0,210,throughput,1,true,ok,,169621.0872028751,,,,,,,,,false,,,,,,0,0,0,0,44.8203125,,3,10,20221102,
p05.s2.testhost.throughput,pointer-chasing,srv,testhost,6.0,210,throughput,2,true,ok,,172600.57533458542,,,,,,,,,false,,,,,,0,0,0,0,44.90234375,,3,10,20221103,
p05.s2.testhost.throughput,pointer-chasing,srv,testhost,6.0,210,throughput,3,true,ok,,167368.00459413216,,,,,,,,,false,,,,,,0,0,0,0,44.79296875,,3,10,20221104,
p05.s2.testhost.throughput,pointer-chasing,srv,testhost,6.0,210,throughput,4,true,ok,,169965.74397943917,,,,,,,,,false,,,,,,0,0,0,0,44.98046875,,3,10,20221105,
p05.s2.testhost.throughput,pointer-chasing,wks,testhost,1.3,46,throughput,0,true,ok,,160550.71057638756,,,,,,,,,false,,,,,,0,0,0,0,47.34375,20.078125,3,10,20221101,
p05.s2.testhost.throughput,pointer-chasing,wks,testhost,1.3,46,throughput,1,true,ok,,165618.48903279693,,,,,,,,,false,,,,,,0,0,0,0,47.5859375,20.078125,3,10,20221102,
p05.s2.testhost.throughput,pointer-chasing,wks,testhost,1.3,46,throughput,2,true,ok,,168734.23477132965,,,,,,,,,false,,,,,,0,0,0,0,47.4921875,20.078125,3,10,20221103,
p05.s2.testhost.throughput,pointer-chasing,wks,testhost,1.3,46,throughput,3,true,ok,,166368.9602579683,,,,,,,,,false,,,,,,0,0,0,0,47.6015625,20.078125,3,10,20221104,
p05.s2.testhost.throughput,pointer-chasing,wks,testhost,1.3,46,throughput,4,true,ok,,162325.39529974968,,,,,,,,,false,,,,,,0,0,0,0,47.41796875,20.078125,3,10,20221105,
p05.s2.testhost.throughput,pointer-chasing,wks,testhost,2.0,70,throughput,0,true,ok,,172821.00125824014,,,,,,,,,false,,,,,,0,0,0,0,44.31640625,16.08203125,3,10,20221101,
p05.s2.testhost.throughput,pointer-chasing,wks,testhost,2.0,70,throughput,1,true,ok,,169793.13723236846,,,,,,,,,false,,,,,,0,0,0,0,44.1015625,16.08203125,3,10,20221102,
p05.s2.testhost.throughput,pointer-chasing,wks,testhost,2.0,70,throughput,2,true,ok,,164963.92913097286,,,,,,,,,false,,,,,,0,0,0,0,44.19921875,16.08203125,3,10,20221103,
p05.s2.testhost.throughput,pointer-chasing,wks,testhost,2.0,70,throughput,3,true,ok,,161290.7320253607,,,,,,,,,false,,,,,,0,0,0,0,44.25390625,16.08203125,3,10,20221104,
p05.s2.testhost.throughput,pointer-chasing,wks,testhost,2.0,70,throughput,4,true,ok,,163616.1583698957,,,,,,,,,false,,,,,,0,0,0,0,44.12890625,16.08203125,3,10,20221105,
p05.s2.testhost.throughput,pointer-chasing,wks,testhost,6.0,210,throughput,0,true,ok,,160191.57157310756,,,,,,,,,false,,,,,,0,0,0,0,44,,3,10,20221101,
p05.s2.testhost.throughput,pointer-chasing,wks,testhost,6.0,210,throughput,1,true,ok,,166615.41656547657,,,,,,,,,false,,,,,,0,0,0,0,44.03515625,,3,10,20221102,
p05.s2.testhost.throughput,pointer-chasing,wks,testhost,6.0,210,throughput,2,true,ok,,170265.34082141265,,,,,,,,,false,,,,,,0,0,0,0,43.8515625,,3,10,20221103,
p05.s2.testhost.throughput,pointer-chasing,wks,testhost,6.0,210,throughput,3,true,ok,,166698.05661159483,,,,,,,,,false,,,,,,0,0,0,0,43.8984375,,3,10,20221104,
p05.s2.testhost.throughput,pointer-chasing,wks,testhost,6.0,210,throughput,4,true,ok,,167240.7043771196,,,,,,,,,false,,,,,,0,0,0,0,44.01171875,,3,10,20221105,
p05.s2.testhost.latency,allocation-churn,srv,testhost,1.3,46,latency,0,true,ok,,49884.487793083346,0.0175,2.4144,4.5853,6.8306000000000004,7.383500000000001,0.009000000000000001,49845,49884.487793083346,false,0.2834294003719222,2.1417,2.1708520801232667,4.7507,7.2511,649,648,0,0,89.9609375,24.80078125,3,10,20221101,
p05.s2.testhost.latency,allocation-churn,srv,testhost,1.3,46,latency,1,true,ok,,49842.554647588135,0.0175,2.6317,6.0472,9.385200000000001,10.383600000000001,0.0092,49845,49842.554647588135,false,0.28522728149571364,2.2547,2.254495384615385,4.9056,9.5519,650,649,0,0,89.27734375,23.78125,3,10,20221102,
p05.s2.testhost.latency,allocation-churn,srv,testhost,1.3,46,latency,2,true,ok,,49802.40055894344,0.0177,3.0305,8.0891,13.9144,14.874400000000001,0.0097,49845,49802.40055894344,false,0.28652823753636275,2.3992,2.284916923076923,5.6099,8.6281,650,649,0,0,90.2578125,25.02734375,3,10,20221103,
p05.s2.testhost.latency,allocation-churn,srv,testhost,1.3,46,latency,3,true,ok,,49921.39163353116,0.0175,2.5878,5.03,6.874300000000001,7.4762,0.009600000000000001,49845,49921.39163353116,false,0.28637545622198046,2.2796000000000003,2.2643040123456792,4.7459,7.3318,648,647,0,0,91.48046875,26.765625,3,10,20221104,
p05.s2.testhost.latency,allocation-churn,srv,testhost,1.3,46,latency,4,true,ok,,49824.868453535455,0.0177,2.37,4.6435,6.1323,6.4689000000000005,0.0094,49845,49824.868453535455,false,0.2809154532898138,2.1008,2.19283771251932,5.5105,11.0527,647,646,0,0,90.6875,25.890625,3,10,20221105,
p05.s2.testhost.latency,allocation-churn,srv,testhost,2.0,70,latency,0,true,ok,,49884.00315089439,0.017400000000000002,2.1935000000000002,4.2833000000000006,7.0474000000000006,7.609,0.008700000000000001,49845,49884.00315089439,false,0.24058581602969203,1.8491000000000002,2.253323987538941,4.0997,6.4747,322,321,0,0,107.55078125,42.9765625,3,10,20221101,
p05.s2.testhost.latency,allocation-churn,srv,testhost,2.0,70,latency,1,true,ok,,49842.083854693854,0.0175,2.3165,4.5244,6.177300000000001,6.4945,0.0091,49845,49842.083854693854,false,0.24097317067524712,1.9327,2.286925465838509,4.6693,5.7579,322,321,0,0,109.05078125,43.71875,3,10,20221102,
p05.s2.testhost.latency,allocation-churn,srv,testhost,2.0,70,latency,2,true,ok,,49801.9244001277,0.017400000000000002,2.3474,5.7267,9.9772,10.8213,0.009000000000000001,49845,49801.9244001277,false,0.24094847874564998,1.9804000000000002,2.3220434782608694,5.835,10.7029,322,321,0,0,104.546875,39.8984375,3,10,20221103,
p05.s2.testhost.latency,allocation-churn,srv,testhost,2.0,70,latency,3,true,ok,,49921.385864543314,0.0173,2.2008,4.3889000000000005,9.146600000000001,9.912600000000001,0.0088,49845,49921.385864543314,false,0.2431198253045981,1.9322000000000001,2.2880403726708076,5.1405,9.784,322,321,0,0,106.234375,41.3359375,3,10,20221104,
p05.s2.testhost.latency,allocation-churn,srv,testhost,2.0,70,latency,4,true,ok,,49824.38803393488,0.0175,2.128,3.2789,4.3096000000000005,4.8077000000000005,0.009000000000000001,49845,49824.38803393488,false,0.2424145620654799,1.8513000000000002,2.217052795031056,3.9265,4.6795,323,322,0,0,106.44140625,41.7109375,3,10,20221105,
p05.s2.testhost.latency,allocation-churn,srv,testhost,6.0,210,latency,0,true,ok,,49883.93402678533,0.0176,1.9873,3.7924,6.2279,6.923100000000001,0.0091,49845,49883.93402678533,false,0.2199896602544812,1.5619,2.3291,5.3943,9.2887,160,159,0,0,142.82421875,78.01171875,3,10,20221101,
p05.s2.testhost.latency,allocation-churn,srv,testhost,6.0,210,latency,1,true,ok,,49842.016763596635,0.0173,2.2365,9.4407,14.6758,15.539200000000001,0.01,49845,49842.016763596635,false,0.21815628448189386,1.6579000000000002,2.38175625,5.6664,11.1828,161,160,0,0,141.12890625,75.71484375,3,10,20221102,
p05.s2.testhost.latency,allocation-churn,srv,testhost,6.0,210,latency,2,true,ok,,49802.38563099665,0.0175,1.9712,3.6207000000000003,6.0105,6.2959000000000005,0.0091,49845,49802.38563099665,false,0.21987546008009445,1.5737,2.34615625,4.9057,6.0021,160,159,0,0,144.8125,79.48046875,3,10,20221103,
p05.s2.testhost.latency,allocation-churn,srv,testhost,6.0,210,latency,3,true,ok,,49920.93742596912,0.017400000000000002,1.8902,3.9498,6.6347000000000005,7.4701,0.0089,49845,49920.93742596912,false,0.21822264404268618,1.5417,2.2739125000000002,4.1197,7.3188,160,159,0,0,143.27734375,77.8125,3,10,20221104,
p05.s2.testhost.latency,allocation-churn,srv,testhost,6.0,210,latency,4,true,ok,,49824.39876090619,0.0172,2.055,5.647200000000001,8.445500000000001,9.2057,0.009000000000000001,49845,49824.39876090619,false,0.22115635392794586,1.5831000000000002,2.3628625,5.1469,8.0238,161,160,0,0,147.7578125,82.29296875,3,10,20221105,
p05.s2.testhost.latency,allocation-churn,wks,testhost,1.3,46,latency,0,true,ok,,49872.25134903522,0.07200000000000001,3.4429000000000003,6.990200000000001,10.0944,10.814300000000001,0.0079,49845,49872.25134903522,false,0.5286326072362786,3.2230000000000003,3.2238499704666275,4.5266,5.9383,1695,1694,1,0,70.734375,10.89453125,3,10,20221101,
p05.s2.testhost.latency,allocation-churn,wks,testhost,1.3,46,latency,1,true,ok,,49830.0153477693,0.06420000000000001,3.3930000000000002,5.4124,7.322900000000001,8.0455,0.0078000000000000005,49845,49830.0153477693,false,0.530215977221695,3.2445,3.242205309734513,4.2773,9.9777,1695,1694,1,0,70.671875,10.89453125,3,10,20221102,
p05.s2.testhost.latency,allocation-churn,wks,testhost,1.3,46,latency,2,true,ok,,49790.10946831792,0.1466,3.5101,5.8796,8.630600000000001,9.1963,0.0079,49845,49790.10946831792,false,0.5351080657731274,3.3360000000000003,3.302455404607206,4.4285,7.1118,1695,1694,1,0,70.64453125,10.89453125,3,10,20221103,
p05.s2.testhost.latency,allocation-churn,wks,testhost,1.3,46,latency,3,true,ok,,49908.57315657475,0.079,3.3779000000000003,5.4972,7.0419,7.726,0.0078000000000000005,49845,49908.57315657475,false,0.530827102479224,3.2524,3.2516097992916175,4.4458,7.6787,1695,1694,1,0,70.49609375,10.89453125,3,10,20221104,
p05.s2.testhost.latency,allocation-churn,wks,testhost,1.3,46,latency,4,true,ok,,49812.39778564929,0.09680000000000001,3.4221000000000004,5.0138,7.132700000000001,7.6992,0.0079,49845,49812.39778564929,false,0.5305477750256564,3.2932,3.250152802359882,4.4706,5.8473,1695,1694,1,0,70.5703125,10.89453125,3,10,20221105,
p05.s2.testhost.latency,allocation-churn,wks,testhost,2.0,70,latency,0,true,ok,,49884.183258500576,0.0194,4.3072,6.1737,7.420800000000001,7.6923,0.0077,49845,49884.183258500576,false,0.45673896772301825,4.1897,4.286953740157481,5.492,8.7729,1016,1015,1,0,76.73046875,16.88671875,3,10,20221101,
p05.s2.testhost.latency,allocation-churn,wks,testhost,2.0,70,latency,1,true,ok,,49841.02153630398,0.0196,4.3289,5.5381,8.465200000000001,9.1734,0.0079,49845,49841.02153630398,false,0.457689607012508,4.199,4.276830541871921,5.256,9.1082,1016,1015,1,0,76.5390625,16.890625,3,10,20221102,
p05.s2.testhost.latency,allocation-churn,wks,testhost,2.0,70,latency,2,true,ok,,49801.95272443278,0.0199,4.4692,7.1184,10.4989,10.9891,0.008,49845,49801.95272443278,false,0.4595785396266889,4.2551000000000005,4.286588582677165,5.8296,10.0026,1016,1015,1,0,76.58984375,16.890625,3,10,20221103,
p05.s2.testhost.latency,allocation-churn,wks,testhost,2.0,70,latency,3,true,ok,,49919.04030457236,0.0199,4.429600000000001,7.0263,10.1653,11.145900000000001,0.0081,49845,49919.04030457236,false,0.46132395040008645,4.2449,4.320303448275863,6.2318,7.9852,1016,1015,1,0,76.546875,16.890625,3,10,20221104,
p05.s2.testhost.latency,allocation-churn,wks,testhost,2.0,70,latency,4,true,ok,,49823.351370572935,0.0211,5.0843,10.0236,12.408700000000001,12.766900000000001,0.0082,49845,49823.351370572935,false,0.46352153213423153,4.5418,4.365217733990148,6.827,12.543,1016,1015,1,0,76.52734375,16.890625,3,10,20221105,
p05.s2.testhost.latency,allocation-churn,wks,testhost,6.0,210,latency,0,true,ok,,49883.98126157246,0.0182,6.0901000000000005,9.451600000000001,13.2562,13.73,0.0078000000000000005,49845,49883.98126157246,false,0.3830999174363604,5.9123,6.125923076923077,8.6076,11.953,507,506,1,0,84.58984375,24.89453125,3,10,20221101,
p05.s2.testhost.latency,allocation-churn,wks,testhost,6.0,210,latency,1,true,ok,,49842.117591999566,0.0184,5.957800000000001,8.3606,11.046100000000001,11.9326,0.0077,49845,49842.117591999566,false,0.37913840598161996,5.804600000000001,6.021426035502958,8.1465,11.887,507,506,1,0,84.78515625,24.890625,3,10,20221102,
p05.s2.testhost.latency,allocation-churn,wks,testhost,6.0,210,latency,2,true,ok,,49801.99674199785,0.0181,5.9176,7.2847,10.774700000000001,11.6235,0.0074,49845,49801.99674199785,false,0.37777109038017853,5.7815,6.0126055226824455,7.8234,8.7525,507,506,1,0,84.56640625,24.89453125,3,10,20221103,
p05.s2.testhost.latency,allocation-churn,wks,testhost,6.0,210,latency,3,true,ok,,49920.74589977093,0.0181,5.9188,7.5217,9.725100000000001,10.5454,0.0074,49845,49920.74589977093,false,0.3807402949142341,5.7691,5.988246548323472,7.6342,8.7641,507,506,1,0,84.73828125,24.890625,3,10,20221104,
p05.s2.testhost.latency,allocation-churn,wks,testhost,6.0,210,latency,4,true,ok,,49824.47461604933,0.0184,5.9093,6.9045000000000005,7.484,7.8112,0.0076,49845,49824.47461604933,false,0.3770241595098652,5.7683,5.98160157790927,7.3646,7.574,507,506,1,0,84.76171875,24.89453125,3,10,20221105,
p05.s2.testhost.latency,aspnet-request-load,srv,testhost,1.3,46,latency,0,true,ok,,7999.979138515939,0.40700000000000003,653.5916000000001,666.6562,667.9072,668.0907000000001,0.4123,8000,7999.979138515939,false,0.025115384615384616,0.013000000000000001,0.6677179487179488,2.981,2.981,39,7,1,0,90.66796875,26.32421875,3,10,20221101,
p05.s2.testhost.latency,aspnet-request-load,srv,testhost,1.3,46,latency,1,true,ok,,7983.505770021222,0.3453,550.3925,566.3091000000001,569.4339,569.6807,0.3992,8000,7983.505770021222,false,0.028057692307692308,0.0221,0.6348717948717949,2.5265,2.5265,39,2,0,0,91.6875,28.578125,3,10,20221102,
p05.s2.testhost.latency,aspnet-request-load,srv,testhost,1.3,46,latency,2,true,ok,,7963.529302338246,0.4097,704.3345,728.8157,729.541,729.6688,0.3921,8000,7963.529302338246,false,0.024326923076923076,0.012,0.6532631578947369,2.2438,2.2438,38,2,0,0,92.5078125,28.5625,3,10,20221103,
p05.s2.testhost.latency,aspnet-request-load,srv,testhost,1.3,46,latency,3,true,ok,,8028.9343028745,0.36460000000000004,483.8022,514.905,516.3584000000001,517.354,0.42850000000000005,8000,8028.9343028745,false,0.025634615384615384,0.012100000000000001,0.633974358974359,3.152,3.152,39,5,1,0,90,27.02734375,3,10,20221104,
p05.s2.testhost.latency,aspnet-request-load,srv,testhost,1.3,46,latency,4,true,ok,,8004.587059401263,0.49620000000000003,526.4869,545.546,547.2483,547.4411,0.5594,8000,8004.587059401263,false,0.027009615384615385,0.0337,0.9567500000000001,5.5302,5.5302,40,10,1,0,90.125,26.375,3,10,20221105,
p05.s2.testhost.latency,aspnet-request-load,srv,testhost,2.0,70,latency,0,true,ok,,8000.1329868260345,0.3438,667.6453,681.2995000000001,683.3182,683.4945,0.336,8000,8000.1329868260345,false,0.026951923076923078,0.0128,0.7211923076923077,2.6985,2.6985,26,3,1,0,93.953125,30.1875,3,10,20221101,
p05.s2.testhost.latency,aspnet-request-load,srv,testhost,2.0,70,latency,1,true,ok,,7983.499702814223,0.3312,535.5501,552.8936,556.7529000000001,556.9825000000001,0.3771,8000,7983.499702814223,false,0.024653846153846155,0.01,0.6887916666666666,2.1856,2.1856,24,2,0,0,97.03125,33.37890625,3,10,20221102,
p05.s2.testhost.latency,aspnet-request-load,srv,testhost,2.0,70,latency,2,true,ok,,7964.089247697656,0.2957,398.9887,434.0665,435.56350000000003,435.87890000000004,0.35600000000000004,8000,7964.089247697656,false,0.026432692307692306,0.0102,0.7744,2.3692,2.3692,25,2,0,0,94.3125,31.43359375,3,10,20221103,
p05.s2.testhost.latency,aspnet-request-load,srv,testhost,2.0,70,latency,3,true,ok,,8028.94254680945,0.267,514.4015,540.4498,542.0155,542.4185,0.3153,8000,8028.94254680945,false,0.03041346153846154,0.012400000000000001,0.7768,2.5617,2.5617,25,3,1,0,98.2578125,34.0625,3,10,20221104,
p05.s2.testhost.latency,aspnet-request-load,srv,testhost,2.0,70,latency,4,true,ok,,8004.5002531885,0.2333,407.10670000000005,425.5323,426.65900000000005,426.9144,0.25930000000000003,8000,8004.5002531885,false,0.030259615384615385,0.010400000000000001,0.7291923076923077,2.6966,2.6966,26,3,1,0,96.015625,33.19140625,3,10,20221105,
p05.s2.testhost.latency,aspnet-request-load,srv,testhost,6.0,210,latency,0,true,ok,,8000.160864773081,0.2054,307.1067,328.92310000000003,330.9787,331.11990000000003,0.24760000000000001,8000,8000.160864773081,false,0.033269230769230766,0.0103,0.8065384615384615,2.2151,2.2151,14,1,0,0,119.37109375,56.875,3,10,20221101,
p05.s2.testhost.latency,aspnet-request-load,srv,testhost,6.0,210,latency,1,true,ok,,7983.358259834238,0.2033,237.05380000000002,255.45080000000002,259.3829,259.5951,0.2419,8000,7983.358259834238,false,0.033798076923076924,0.0105,0.8592857142857142,2.4701,2.4701,14,1,0,0,119.3984375,56.8125,3,10,20221102,
p05.s2.testhost.latency,aspnet-request-load,srv,testhost,6.0,210,latency,2,true,ok,,7964.651528651739,0.2174,393.69030000000004,409.68330000000003,410.11350000000004,410.3937,0.2571,8000,7964.651528651739,false,0.03173076923076923,0.0102,0.7535714285714287,2.5051,2.5051,14,1,0,0,119.61328125,56.875,3,10,20221103,
p05.s2.testhost.latency,aspnet-request-load,srv,testhost,6.0,210,latency,3,true,ok,,8028.918496881155,0.2083,319.9791,349.49170000000004,350.9771,351.7969,0.2449,8000,8028.918496881155,false,0.033067307692307694,0.010700000000000001,0.7790769230769231,2.3445,2.3445,13,1,0,0,120.54296875,56.6875,3,10,20221104,
p05.s2.testhost.latency,aspnet-request-load,srv,testhost,6.0,210,latency,4,true,ok,,8004.61121022248,0.20980000000000001,343.279,355.1397,355.6836,355.94640000000004,0.2525,8000,8004.61121022248,false,0.03266346153846154,0.0105,0.8503076923076923,2.4586,2.4586,13,1,0,0,119.58203125,56.75,3,10,20221105,
p05.s2.testhost.latency,aspnet-request-load,wks,testhost,1.3,46,latency,0,true,ok,,8000.096801171294,0.3915,749.017,766.5444,767.6649,767.7956,0.37070000000000003,8000,8000.096801171294,false,0.027442307692307693,0.0129,0.8871571428571429,4.3538,4.3538,70,14,1,0,75.66015625,12.39453125,3,10,20221101,
p05.s2.testhost.latency,aspnet-request-load,wks,testhost,1.3,46,latency,1,true,ok,,7983.284047173133,0.30610000000000004,461.8158,477.7902,481.87940000000003,482.0348,0.39590000000000003,8000,7983.284047173133,false,0.02951923076923077,0.0125,0.8599855072463768,4.8635,4.8635,69,5,1,0,79.19140625,15.94921875,3,10,20221102,
p05.s2.testhost.latency,aspnet-request-load,wks,testhost,1.3,46,latency,2,true,ok,,7964.645856042625,0.3159,433.987,468.8014,469.5439,469.7744,0.4193,8000,7964.645856042625,false,0.029625,0.0154,0.8914782608695653,5.3296,5.3296,70,7,1,0,79.09765625,15.88671875,3,10,20221103,
p05.s2.testhost.latency,aspnet-request-load,wks,testhost,1.3,46,latency,3,true,ok,,8028.874302414344,0.3381,475.9852,510.8935,513.1542000000001,514.0977,0.4529,8000,8028.874302414344,false,0.029375,0.012700000000000001,0.8652463768115942,4.6032,4.6032,70,4,1,0,79.17578125,16.07421875,3,10,20221104,
p05.s2.testhost.latency,aspnet-request-load,wks,testhost,1.3,46,latency,4,true,ok,,8004.048078100299,0.4162,577.7165,600.0299,601.6783,601.936,0.56,8000,8004.048078100299,false,0.028221153846153847,0.0199,0.9218405797101449,4.6115,4.6115,69,7,1,0,79.2109375,15.94921875,3,10,20221105,
p05.s2.testhost.latency,aspnet-request-load,wks,testhost,2.0,70,latency,0,true,ok,,8000.105109073279,0.321,481.28970000000004,504.6524,506.8027,506.96270000000004,0.3733,8000,8000.105109073279,false,0.02901923076923077,0.012700000000000001,1.1955945945945947,6.0073,6.0073,37,3,1,0,78.62109375,16.3984375,3,10,20221101,
p05.s2.testhost.latency,aspnet-request-load,wks,testhost,2.0,70,latency,1,true,ok,,7983.504973316746,0.3013,556.537,574.0776000000001,577.4824,577.7566,0.324,8000,7983.504973316746,false,0.028701923076923076,0.0119,1.211891891891892,5.8559,5.8559,37,3,1,0,78.390625,16.3984375,3,10,20221102,
p05.s2.testhost.latency,aspnet-request-load,wks,testhost,2.0,70,latency,2,true,ok,,7964.615236292099,0.3085,548.928,568.7075,569.6085,569.8145000000001,0.382,8000,7964.615236292099,false,0.02816346153846154,0.011600000000000001,1.1733783783783784,5.6438,5.6438,37,6,1,0,78.5703125,16.39453125,3,10,20221103,
p05.s2.testhost.latency,aspnet-request-load,wks,testhost,2.0,70,latency,3,true,ok,,8028.9649852745315,0.2932,428.555,449.0488,450.88370000000003,451.6891,0.3835,8000,8028.9649852745315,false,0.030846153846153846,0.0137,1.1855405405405406,5.6802,5.6802,37,5,1,0,77.78515625,16.45703125,3,10,20221104,
p05.s2.testhost.latency,aspnet-request-load,wks,testhost,2.0,70,latency,4,true,ok,,8004.578002880878,0.2283,371.1293,386.69820000000004,388.4771,388.64660000000003,0.2596,8000,8004.578002880878,false,0.03285576923076923,0.010700000000000001,1.153,5.4353,5.4353,37,6,1,0,77.6796875,16.39453125,3,10,20221105,
p05.s2.testhost.latency,aspnet-request-load,wks,testhost,6.0,210,latency,0,true,ok,,8000.111078465359,0.19770000000000001,289.817,314.5217,316.64590000000004,316.82730000000004,0.2383,8000,8000.111078465359,false,0.036451923076923076,0.0112,1.8347222222222221,7.6892,7.6892,18,2,1,0,89.05859375,27.7109375,3,10,20221101,
p05.s2.testhost.latency,aspnet-request-load,wks,testhost,6.0,210,latency,1,true,ok,,7983.568342461674,0.2074,244.7859,254.83040000000003,257.2527,257.462,0.25730000000000003,8000,7983.568342461674,false,0.03534615384615385,0.0111,1.8819444444444444,7.8686,7.8686,18,2,1,0,88.796875,27.5859375,3,10,20221102,
p05.s2.testhost.latency,aspnet-request-load,wks,testhost,6.0,210,latency,2,true,ok,,7964.561255831189,0.1943,286.2936,313.48760000000004,314.0358,314.2837,0.23850000000000002,8000,7964.561255831189,false,0.0365,0.011300000000000001,1.8683888888888889,7.9349,7.9349,18,2,1,0,89.01171875,27.6484375,3,10,20221103,
p05.s2.testhost.latency,aspnet-request-load,wks,testhost,6.0,210,latency,3,true,ok,,8028.916389420077,0.202,302.1221,318.654,319.885,320.4357,0.24700000000000003,8000,8028.916389420077,false,0.03609615384615385,0.0112,1.850833333333333,7.7674,7.7674,18,2,1,0,89.16015625,27.6484375,3,10,20221104,
p05.s2.testhost.latency,aspnet-request-load,wks,testhost,6.0,210,latency,4,true,ok,,8004.625010757178,0.2015,296.3693,307.2418,307.9109,308.074,0.24730000000000002,8000,8004.625010757178,false,0.03483653846153846,0.0111,1.8590000000000002,7.9574,7.9574,18,2,1,0,88.8359375,27.6484375,3,10,20221105,
p05.s2.testhost.latency,cyclic-garbage,srv,testhost,1.3,46,latency,0,true,ok,,113545.35023373867,0.019,2.3896,6.8539,8.8553,9.2141,0.0081,113509,113545.35023373867,false,0.364665085859,0.9462,0.2815506448146158,,,7448,25,2,0,109.79296875,11.28515625,3,10,20221101,
p05.s2.testhost.latency,cyclic-garbage,srv,testhost,1.3,46,latency,1,true,ok,,113363.90640821817,0.020300000000000002,2.5460000000000003,5.4510000000000005,7.522200000000001,8.1217,0.008400000000000001,113509,113363.90640821817,false,0.36317553945231046,0.6879000000000001,0.2851296151846074,1.1649,5.4754,7694,47,4,0,108.40625,10.28125,3,10,20221102,
p05.s2.testhost.latency,cyclic-garbage,srv,testhost,1.3,46,latency,2,true,ok,,113430.55666226883,0.0201,5.0228,12.0748,14.268600000000001,14.876800000000001,0.0079,113509,113430.55666226883,false,0.37002352236386543,1.9303000000000001,0.29959542381695264,1.4985,13.2284,7694,49,3,0,108.9296875,10.62109375,3,10,20221103,
p05.s2.testhost.latency,cyclic-garbage,srv,testhost,1.3,46,latency,3,true,ok,,113555.24056746092,0.0176,2.2111,5.7917000000000005,7.1225000000000005,7.5221,0.007,113509,113555.24056746092,false,0.36513607528240727,0.5211,0.26174837925445704,0.9056,7.2476,7404,34,2,0,109.04296875,10.8046875,3,10,20221104,
p05.s2.testhost.latency,cyclic-garbage,srv,testhost,1.3,46,latency,4,true,ok,,113531.38838979047,0.0175,2.4039,8.1023,11.9718,12.484,0.007200000000000001,113509,113531.38838979047,false,0.36805078824654364,0.6992,0.254496337954486,,,7649,45,3,0,108.8671875,10.38671875,3,10,20221105,
p05.s2.testhost.latency,cyclic-garbage,srv,testhost,2.0,70,latency,0,true,ok,,113545.15015553682,0.0182,0.4763,1.9421000000000002,3.7141,4.2372000000000005,0.008,113509,113545.15015553682,false,0.3000419485544013,0.3242,0.31608972267536706,0.696,2.6627,3678,29,7,0,120.76171875,21.84375,3,10,20221101,
p05.s2.testhost.latency,cyclic-garbage,srv,testhost,2.0,70,latency,1,true,ok,,113367.35620898273,0.018000000000000002,0.5284,2.9482,4.537,5.2144,0.008,113509,113367.35620898273,false,0.2940993496279861,0.3176,0.3069541609822647,0.7025,5.1225,3665,28,7,0,120.98828125,22.16015625,3,10,20221102,
p05.s2.testhost.latency,cyclic-garbage,srv,testhost,2.0,70,latency,2,true,ok,,113429.53475808802,0.0181,0.4536,2.3937,3.7961,4.2375,0.0079,113509,113429.53475808802,false,0.29641499115285336,0.3022,0.2975477880939377,0.6017,3.7959,3663,29,7,0,120.51953125,21.51953125,3,10,20221103,
p05.s2.testhost.latency,cyclic-garbage,srv,testhost,2.0,70,latency,3,true,ok,,113554.92248415199,0.018000000000000002,0.8049000000000001,12.5004,14.8154,15.228800000000001,0.0078000000000000005,113509,113554.92248415199,false,0.29954588487392053,0.31820000000000004,0.3076394967177243,0.6765,5.5133,3656,28,7,0,121.44140625,22.625,3,10,20221104,
p05.s2.testhost.latency,cyclic-garbage,srv,testhost,2.0,70,latency,4,true,ok,,113531.49233526997,0.0223,2.7723,5.367,6.4515,6.7319,0.0118,113509,113531.49233526997,false,0.300194427144713,0.46590000000000004,0.3346714949439738,0.955,4.4511,3659,25,4,0,120.3671875,21.4765625,3,10,20221105,
p05.s2.testhost.latency,cyclic-garbage,srv,testhost,6.0,210,latency,0,true,ok,,113545.43760435368,0.0175,0.5023,10.9155,14.971400000000001,15.3819,0.008400000000000001,113509,113545.43760435368,false,0.27127093276913994,0.32230000000000003,0.36508103638368244,0.7901,2.4791,1814,22,5,0,136.80078125,37.859375,3,10,20221101,
p05.s2.testhost.latency,cyclic-garbage,srv,testhost,6.0,210,latency,1,true,ok,,113367.33530574551,0.0181,0.9889,3.8804000000000003,5.5766,5.8787,0.01,113509,113367.33530574551,false,0.27227458073470284,0.3617,0.38500771349862256,1.179,4.0778,1816,21,4,0,137.2421875,38.1015625,3,10,20221102,
p05.s2.testhost.latency,cyclic-garbage,srv,testhost,6.0,210,latency,2,true,ok,,113429.31328981437,0.0184,1.3495000000000001,10.5381,12.7301,13.0077,0.011300000000000001,113509,113429.31328981437,false,0.2702733839471895,0.37560000000000004,0.3947220693450743,1.1607,5.7239,1817,21,4,0,137.02734375,37.8359375,3,10,20221103,
p05.s2.testhost.latency,cyclic-garbage,srv,testhost,6.0,210,latency,3,true,ok,,113555.26765705584,0.0181,1.7061000000000002,5.7369,7.0351,7.5266,0.0108,113509,113555.26765705584,false,0.27676693884659775,0.4164,0.4157183718371837,1.5514,7.3185,1818,22,5,0,137,38,3,10,20221104,
p05.s2.testhost.latency,cyclic-garbage,srv,testhost,6.0,210,latency,4,true,ok,,113531.43992576071,0.031,1.7543000000000002,8.4571,9.6386,9.881,0.0117,113509,113531.43992576071,false,0.20178067886179138,0.3406,0.3724276279581728,0.825,4.2117,1817,22,5,0,137.0078125,37.98046875,3,10,20221105,
p05.s2.testhost.latency,cyclic-garbage,wks,testhost,1.3,46,latency,0,true,ok,,113542.8820694163,0.0179,0.3418,1.9938,3.974,4.5120000000000005,0.0078000000000000005,113509,113542.8820694163,false,0.3395128952838033,0.2604,0.25137311069526413,0.3752,3.0274,6947,1,0,0,104.6015625,7.40234375,3,10,20221101,
p05.s2.testhost.latency,cyclic-garbage,wks,testhost,1.3,46,latency,1,true,ok,,113365.08476896402,0.0177,0.33180000000000004,1.447,2.6514,2.9791000000000003,0.0078000000000000005,113509,113365.08476896402,false,0.34327877762319087,0.26030000000000003,0.24997999136317836,0.3719,1.5485,6947,1,0,0,104.5078125,7.40234375,3,10,20221102,
p05.s2.testhost.latency,cyclic-garbage,wks,testhost,1.3,46,latency,2,true,ok,,113427.79268061253,0.0171,0.3084,2.9128000000000003,6.2115,6.5589,0.0073,113509,113427.79268061253,false,0.34526371002773754,0.24730000000000002,0.2377598963581402,0.3648,4.0344,6947,1,0,0,104.546875,7.40234375,3,10,20221103,
p05.s2.testhost.latency,cyclic-garbage,wks,testhost,1.3,46,latency,3,true,ok,,113553.70609408926,0.016900000000000002,0.2942,1.719,2.7927,3.0775,0.0071,113509,113553.70609408926,false,0.3437721305731772,0.23870000000000002,0.2333210427768976,,,6947,1,0,0,104.75,7.40234375,3,10,20221104,
p05.s2.testhost.latency,cyclic-garbage,wks,testhost,1.3,46,latency,4,true,ok,,113530.26858585492,0.0172,0.28190000000000004,0.43320000000000003,1.1647,1.5215,0.0071,113509,113530.26858585492,false,0.34116779625065313,0.23920000000000002,0.23254939516129033,,,6947,1,0,0,104.46875,7.40234375,3,10,20221105,
p05.s2.testhost.latency,cyclic-garbage,wks,testhost,2.0,70,latency,0,true,ok,,113545.3380018633,0.017400000000000002,0.3316,1.3571,2.6486,2.8639,0.007200000000000001,113509,113545.3380018633,false,0.29318854418185747,0.2735,0.2829830020167099,0.3981,1.0121,3471,1,0,0,109.95703125,12.65234375,3,10,20221101,
p05.s2.testhost.latency,cyclic-garbage,wks,testhost,2.0,70,latency,1,true,ok,,113367.17591881518,0.0175,0.3252,0.5484,3.5975,4.2729,0.007,113509,113367.17591881518,false,0.291331016110549,0.2722,0.2840671276289254,0.3943,4.2466,3471,1,0,0,109.80078125,12.65234375,3,10,20221102,
p05.s2.testhost.latency,cyclic-garbage,wks,testhost,2.0,70,latency,2,true,ok,,113429.54696502589,0.017400000000000002,0.3236,0.4284,1.2976,1.739,0.007,113509,113429.54696502589,false,0.2947824537125826,0.2701,0.28107033727298936,0.3923,0.637,3471,1,0,0,109.8359375,12.65234375,3,10,20221103,
p05.s2.testhost.latency,cyclic-garbage,wks,testhost,2.0,70,latency,3,true,ok,,113555.18900988049,0.0172,0.3234,1.0185,2.3455,2.7138,0.007,113509,113555.18900988049,false,0.2932190398999198,0.2656,0.2766925957937194,0.3942,0.861,3471,1,0,0,109.890625,12.65234375,3,10,20221104,
p05.s2.testhost.latency,cyclic-garbage,wks,testhost,2.0,70,latency,4,true,ok,,113531.36829950966,0.0177,0.3609,1.9043,3.2013000000000003,3.6366,0.0077,113509,113531.36829950966,false,0.2951585675686848,0.2869,0.2944390665514261,0.4431,0.9039,3471,1,0,0,110.1796875,12.71484375,3,10,20221105,
p05.s2.testhost.latency,cyclic-garbage,wks,testhost,6.0,210,latency,0,true,ok,,113543.42636687442,0.017,0.3413,2.0887000000000002,3.817,4.2591,0.006900000000000001,113509,113543.42636687442,false,0.2660514212021141,0.2466,0.2844564841498559,0.4249,4.2083,1735,6,2,0,120.3671875,23.21875,3,10,20221101,
p05.s2.testhost.latency,cyclic-garbage,wks,testhost,6.0,210,latency,1,true,ok,,113365.17273331346,0.0184,0.4464,3.1685000000000003,5.4877,6.108300000000001,0.0086,113509,113365.17273331346,false,0.26894715905278943,0.2913,0.31330317002881847,0.5254,6.0033,1735,6,2,0,120.42578125,23.21875,3,10,20221102,
p05.s2.testhost.latency,cyclic-garbage,wks,testhost,6.0,210,latency,2,true,ok,,113428.14841580922,0.017400000000000002,0.3734,2.3138,3.8404000000000003,4.353000000000001,0.0088,113509,113428.14841580922,false,0.26349113625012455,0.25880000000000003,0.2929688581314879,0.4411,4.3027,1735,6,2,0,120.578125,23.21484375,3,10,20221103,
p05.s2.testhost.latency,cyclic-garbage,wks,testhost,6.0,210,latency,3,true,ok,,113521.03497618494,0.0171,0.3461,1.4675,3.7971000000000004,4.3948,0.0073,113509,113521.03497618494,false,0.26389571277641827,0.2454,0.2855377521613833,0.4204,4.346,1735,6,2,0,120.54296875,23.21484375,3,10,20221104,
p05.s2.testhost.latency,cyclic-garbage,wks,testhost,6.0,210,latency,4,true,ok,,113530.42668475931,0.016900000000000002,0.34190000000000004,2.2352000000000003,3.8746,4.2438,0.0068000000000000005,113509,113530.42668475931,false,0.26489122855049785,0.24750000000000003,0.2839561959654179,0.4313,4.1979,1735,6,2,0,120.48828125,23.21484375,3,10,20221105,
p05.s2.testhost.latency,large-object-pressure,srv,testhost,1.3,88,latency,0,true,ok,,3983.695317840264,0.0323,21.6908,39.6649,45.8217,47.3509,0.6104,4001,3983.695317840264,false,0.16601618826062714,5.1526000000000005,0.600106015037594,5.9151,12.6015,3967,2058,398,0,68.1796875,46.58984375,3,10,20221101,
p05.s2.testhost.latency,large-object-pressure,srv,testhost,1.3,88,latency,1,true,ok,,4006.323294214638,0.041100000000000005,10.5191,22.1322,26.8349,27.135,1.5762,4001,4006.323294214638,false,0.22580893238228905,4.6503000000000005,0.6246079881656805,5.438,13.6182,5408,2948,406,0,85.3984375,70.12109375,3,10,20221102,
p05.s2.testhost.latency,large-object-pressure,srv,testhost,1.3,88,latency,2,true,ok,,3979.6306994831607,0.0337,5.3298000000000005,17.789,23.102800000000002,23.7805,1.1111,4001,3979.6306994831607,false,0.19143291100301849,4.1218,0.5614593180937621,5.1739,12.5213,5161,2877,410,0,81.26953125,68.33203125,3,10,20221103,
p05.s2.testhost.latency,large-object-pressure,srv,testhost,1.3,88,latency,3,true,ok,,4016.336318442182,0.0344,7.8655,33.7179,41.392700000000005,41.6195,0.9789,4001,4016.336318442182,false,0.2018918347336243,4.5156,0.5779462013112225,5.3855,10.2696,5182,2895,410,0,78.13671875,62.6484375,3,10,20221104,
p05.s2.testhost.latency,large-object-pressure,srv,testhost,1.3,88,latency,4,true,ok,,4004.458774257442,0.0347,6.4934,17.8643,21.2682,21.4909,1.0021,4001,4004.458774257442,false,0.19350931497894758,4.1098,0.5459263040653425,4.9652,10.4636,5389,2971,407,0,86.26953125,72.41796875,3,10,20221105,
p05.s2.testhost.latency,large-object-pressure,srv,testhost,2.0,134,latency,0,true,ok,,3990.2814900283242,0.030000000000000002,29.8091,39.8909,47.5548,48.5657,0.48850000000000005,4001,3990.2814900283242,false,0.16153653894218753,19.3331,1.8595888125613347,23.0633,25.0688,871,672,236,0,71.703125,95.78515625,3,10,20221101,
p05.s2.testhost.latency,large-object-pressure,srv,testhost,2.0,134,latency,1,true,ok,,4006.3278304743094,0.028900000000000002,28.347800000000003,39.120400000000004,43.5435,44.2248,0.4444,4001,4006.3278304743094,false,0.1509814853978813,18.485300000000002,1.7223564453125,22.8953,26.9409,871,678,238,0,70.7265625,115.8203125,3,10,20221102,
p05.s2.testhost.latency,large-object-pressure,srv,testhost,2.0,134,latency,2,true,ok,,3973.7046229449907,0.0281,25.948500000000003,33.8635,37.574400000000004,38.5747,0.4399,4001,3973.7046229449907,false,0.1457327975698383,17.3012,1.7539669007021061,22.5899,25.7555,850,657,239,0,70.40625,62.2578125,3,10,20221103,
p05.s2.testhost.latency,large-object-pressure,srv,testhost,2.0,134,latency,3,true,ok,,4016.3479794838463,0.0285,27.4071,42.9476,51.057300000000005,51.1557,0.4703,4001,4016.3479794838463,false,0.16372829869455713,18.2274,1.9457734530938124,22.6277,24.9919,864,657,238,0,72.65625,112.609375,3,10,20221104,
p05.s2.testhost.latency,large-object-pressure,srv,testhost,2.0,134,latency,4,true,ok,,4001.826315567606,0.028200000000000003,25.1792,32.9977,38.330600000000004,38.882200000000005,0.4771,4001,4001.826315567606,false,0.12985215234652875,17.214000000000002,1.5056614634146344,21.5799,24.4898,867,686,241,0,69.125,52.43359375,3,10,20221105,
p05.s2.testhost.latency,large-object-pressure,srv,testhost,6.0,402,latency,0,true,ok,,3990.2685104791713,0.0245,14.4876,15.8407,21.273200000000003,23.157,0.401,4001,3990.2685104791713,false,0.04531559417837848,0.35700000000000004,0.45144152046783625,1.8909,6.548,476,215,215,0,54.03515625,124.21484375,3,10,20221101,
p05.s2.testhost.latency,large-object-pressure,srv,testhost,6.0,402,latency,1,true,ok,,4006.3606338006603,0.024200000000000003,14.5517,23.1767,29.191300000000002,30.119600000000002,0.4197,4001,4006.3606338006603,false,0.046526829831003785,0.368,0.4758554572271386,1.697,4.3775,473,215,215,0,55.28515625,136.6015625,3,10,20221102,
p05.s2.testhost.latency,large-object-pressure,srv,testhost,6.0,402,latency,2,true,ok,,3979.606462192901,0.023700000000000002,14.9959,39.523900000000005,48.354600000000005,49.331900000000005,0.4097,4001,3979.606462192901,false,0.04193182473612366,0.2576,0.4345,1.5995,3.1991,484,226,226,0,56.9140625,142.12109375,3,10,20221103,
p05.s2.testhost.latency,large-object-pressure,srv,testhost,6.0,402,latency,3,true,ok,,4016.345002190176,0.024,14.7817,18.5669,27.206300000000002,28.090500000000002,0.41000000000000003,4001,4016.345002190176,false,0.04485417107261646,0.31930000000000003,0.44086435786435785,1.2614,2.1106,477,219,219,0,55.546875,133.97265625,3,10,20221104,
p05.s2.testhost.latency,large-object-pressure,srv,testhost,6.0,402,latency,4,true,ok,,4004.4171231472246,0.023200000000000002,14.546800000000001,17.642200000000003,26.1063,26.9786,0.3825,4001,4004.4171231472246,false,0.039913098648414816,0.23240000000000002,0.3893920454545455,1.0612,4.7431,485,226,226,0,54.6171875,141.2265625,3,10,20221105,
p05.s2.testhost.latency,large-object-pressure,wks,testhost,1.3,88,latency,0,true,ok,,3990.3379091913616,0.0206,0.24100000000000002,0.3567,0.8815000000000001,2.7316000000000003,0.21810000000000002,4001,3990.3379091913616,false,0.03977851690923423,0.1005,0.16391441441441443,0.2938,1.4619,1309,585,478,0,41.546875,66.796875,3,10,20221101,
p05.s2.testhost.latency,large-object-pressure,wks,testhost,1.3,88,latency,1,true,ok,,4006.31314167069,0.0204,0.2508,0.7179,1.7963,2.2507,0.2194,4001,4006.31314167069,false,0.040547555418837596,0.1038,0.16574957888826503,0.3503,1.295,1310,557,479,0,41.359375,62.140625,3,10,20221102,
p05.s2.testhost.latency,large-object-pressure,wks,testhost,1.3,88,latency,2,true,ok,,3978.150056893978,0.0373,6.7934,7.7128000000000005,9.5935,10.7401,6.558800000000001,4001,3978.150056893978,false,0.4236440889777556,6.5427,6.532367541766109,7.8786,17.212,836,832,830,0,81.046875,71.3359375,3,10,20221103,
p05.s2.testhost.latency,large-object-pressure,wks,testhost,1.3,88,latency,3,true,ok,,4016.3358842557677,0.0207,0.2777,1.9300000000000002,3.43,3.7589,0.2316,4001,4016.3358842557677,false,0.041431949704881475,0.1257,0.17260022396416574,0.3892,1.3227,1313,483,482,0,40.234375,59.97265625,3,10,20221104,
p05.s2.testhost.latency,large-object-pressure,wks,testhost,1.3,88,latency,4,true,ok,,4004.446781361902,0.0207,0.2521,0.7094,2.1296,2.2676000000000003,0.21930000000000002,4001,4004.446781361902,false,0.039182512064291616,0.1149,0.16692151326933935,0.4132,1.4248,1308,612,477,0,41.26953125,62.6328125,3,10,20221105,
p05.s2.testhost.latency,large-object-pressure,wks,testhost,2.0,134,latency,0,true,ok,,3990.268541091216,0.0207,0.2594,0.5596,1.1816,1.7633,0.2281,4001,3990.268541091216,false,0.03929786784073212,0.09340000000000001,0.17713229859571322,0.5677,1.446,887,475,471,0,42.796875,78.3125,3,10,20221101,
p05.s2.testhost.latency,large-object-pressure,wks,testhost,2.0,134,latency,1,true,ok,,4006.356683795004,0.0207,0.2881,1.5039,3.9372000000000003,4.4796000000000005,0.23120000000000002,4001,4006.356683795004,false,0.040893622748159116,0.10890000000000001,0.17758321060382914,0.5956,1.3144,891,478,476,0,42.55078125,69.7578125,3,10,20221102,
p05.s2.testhost.latency,large-object-pressure,wks,testhost,2.0,134,latency,2,true,ok,,3979.5846915117577,0.0206,0.3902,2.7442,6.1544,7.2245,0.22610000000000002,4001,3979.5846915117577,false,0.03914406013881145,0.126,0.17750146412884335,0.6257,3.2682,894,481,479,0,43.06640625,73.67578125,3,10,20221103,
p05.s2.testhost.latency,large-object-pressure,wks,testhost,2.0,134,latency,3,true,ok,,4016.339543829911,0.0207,0.44920000000000004,4.4926,6.8718,7.7786,0.23240000000000002,4001,4016.339543829911,false,0.04195105069886375,0.1375,0.17525018288222385,0.4953,1.2742,892,479,477,0,42.73046875,70.90234375,3,10,20221104,
p05.s2.testhost.latency,large-object-pressure,wks,testhost,2.0,134,latency,4,true,ok,,4004.509182200279,0.020800000000000003,0.3547,2.6015,5.2578000000000005,5.4110000000000005,0.23600000000000002,4001,4004.509182200279,false,0.039816968834714396,0.135,0.17946013167520117,0.4864,1.7379,893,479,478,0,42.40625,75.85546875,3,10,20221105,
p05.s2.testhost.latency,large-object-pressure,wks,testhost,6.0,402,latency,0,true,ok,,3990.3317865788617,0.0205,0.2858,0.7967000000000001,1.7783,2.25,0.234,4001,3990.3317865788617,false,0.03845192548016842,0.1034,0.17929217791411042,0.5973,1.3126,826,481,480,0,43.046875,70.88671875,3,10,20221101,
p05.s2.testhost.latency,large-object-pressure,wks,testhost,6.0,402,latency,1,true,ok,,4006.36479983069,0.0204,0.2781,2.0353,5.6939,6.0435,0.2268,4001,4006.36479983069,false,0.03939399765443254,0.0881,0.17519782777346782,0.571,2.0973,820,475,474,0,43.046875,71.58203125,3,10,20221102,
p05.s2.testhost.latency,large-object-pressure,wks,testhost,6.0,402,latency,2,true,ok,,3979.590598498199,0.0204,0.2771,1.2197,4.2653,4.7617,0.23290000000000002,4001,3979.590598498199,false,0.0379905023744064,0.0965,0.1801926323867997,0.5963,1.3116,828,483,482,0,42.87890625,72.32421875,3,10,20221103,
p05.s2.testhost.latency,large-object-pressure,wks,testhost,6.0,402,latency,3,true,ok,,4016.364199609185,0.020300000000000002,0.2753,8.927100000000001,13.4022,13.6767,0.2225,4001,4016.364199609185,false,0.03977851690923423,0.1102,0.17745300462249616,0.5739,7.6068,823,478,477,0,43.3046875,72.7421875,3,10,20221104,
p05.s2.testhost.latency,large-object-pressure,wks,testhost,6.0,402,latency,4,true,ok,,4004.4393513521172,0.020200000000000003,0.269,1.3301,5.625900000000001,6.6764,0.22690000000000002,4001,4004.4393513521172,false,0.03841347355468825,0.097,0.1732142310635042,0.5199,1.6796,828,483,482,0,42.78515625,73.01953125,3,10,20221105,
p05.s2.testhost.latency,lifecycle-semantics,srv,testhost,1.3,56,latency,0,true,ok,,194756.74991090913,0.0117,32.1922,42.636700000000005,46.7699,47.442800000000005,0.0054,194659,194756.74991090913,false,0.43989864722016847,29.7573,26.376634146341463,47.3052,47.3052,41,28,4,0,219.3359375,46.7734375,3,10,20221101,
p05.s2.testhost.latency,lifecycle-semantics,srv,testhost,1.3,56,latency,1,true,ok,,194463.0201682744,0.0117,31.067400000000003,44.638200000000005,51.4787,52.2775,0.006500000000000001,194659,194463.0201682744,false,0.43770230150001954,28.367800000000003,25.701975609756097,52.1417,52.1417,41,29,5,0,219.8125,46.8046875,3,10,20221102,
p05.s2.testhost.latency,lifecycle-semantics,srv,testhost,1.3,56,latency,2,true,ok,,194380.94702670662,0.0117,33.2021,40.0525,45.5278,46.246700000000004,0.006200000000000001,194659,194380.94702670662,false,0.44370174747398505,31.233800000000002,28.51248780487805,49.9264,49.9264,41,29,5,0,217.98828125,44.6640625,3,10,20221103,
p05.s2.testhost.latency,lifecycle-semantics,srv,testhost,1.3,56,latency,3,true,ok,,194543.4172663386,0.0118,29.2372,46.199000000000005,49.5246,50.1972,0.0067,194659,194543.4172663386,false,0.43404264735926773,25.026200000000003,24.56470731707317,49.3876,49.3876,41,25,4,0,214.51171875,38.55859375,3,10,20221104,
p05.s2.testhost.latency,lifecycle-semantics,srv,testhost,1.3,56,latency,4,true,ok,,194685.10427732815,0.0117,31.5314,46.4786,54.0829,55.0244,0.0076,194659,194685.10427732815,false,0.43977219334639234,28.6929,25.483073170731707,54.2443,54.2443,41,27,4,0,220.25390625,45.96875,3,10,20221105,
p05.s2.testhost.latency,lifecycle-semantics,srv,testhost,2.0,86,latency,0,true,ok,,194756.7993739995,0.012,49.0456,68.0552,74.9327,75.5047,0.011300000000000001,194659,194756.7993739995,false,0.4341019226126003,46.3669,44.83345833333333,75.3645,75.3645,24,22,3,0,275.09765625,83.12109375,3,10,20221101,
p05.s2.testhost.latency,lifecycle-semantics,srv,testhost,2.0,86,latency,1,true,ok,,194071.31920261585,0.0118,43.267,58.0499,64.8998,65.657,0.0106,194659,194071.31920261585,false,0.43191031891271797,39.1987,40.08984,65.5106,65.5106,25,23,2,0,272.015625,82.28515625,3,10,20221102,
p05.s2.testhost.latency,lifecycle-semantics,srv,testhost,2.0,86,latency,2,true,ok,,194624.22963282137,0.012100000000000001,58.368,84.5651,87.8087,88.57300000000001,0.0119,194659,194624.22963282137,false,0.43581971945417763,54.6492,47.87329166666667,88.4158,88.4158,24,22,3,0,275.5,83.6640625,3,10,20221103,
p05.s2.testhost.latency,lifecycle-semantics,srv,testhost,2.0,86,latency,3,true,ok,,194692.20250868937,0.012,38.2796,49.8755,54.5891,55.052,0.0112,194659,194692.20250868937,false,0.4328978446332383,36.429300000000005,37.86074074074074,54.9094,54.9094,27,25,4,0,239.015625,48.1640625,3,10,20221104,
p05.s2.testhost.latency,lifecycle-semantics,srv,testhost,2.0,86,latency,4,true,ok,,194684.74031781987,0.0122,53.436600000000006,84.0224,90.4453,90.9017,0.0122,194659,194684.74031781987,false,0.43546090658733794,48.4406,45.08436,90.7561,90.7561,25,23,3,0,274.0390625,82.375,3,10,20221105,
p05.s2.testhost.latency,lifecycle-semantics,srv,testhost,6.0,258,latency,0,true,ok,,194757.09615306926,0.012,94.5997,115.1581,122.09490000000001,122.7938,0.0126,194659,194757.09615306926,false,0.43073311238153345,89.15830000000001,85.18283333333333,122.6467,122.6467,12,11,2,0,305.68359375,103.796875,3,10,20221101,
p05.s2.testhost.latency,lifecycle-semantics,srv,testhost,6.0,258,latency,1,true,ok,,194469.19507377423,0.012100000000000001,95.6616,129.2972,135.4606,135.8573,0.0131,194659,194469.19507377423,false,0.4300830604366531,91.7154,85.74533333333333,135.7018,135.7018,12,11,2,0,304.0703125,102.60546875,3,10,20221102,
p05.s2.testhost.latency,lifecycle-semantics,srv,testhost,6.0,258,latency,2,true,ok,,194627.41646171018,0.012,92.6273,115.1438,119.07860000000001,119.6379,0.013000000000000001,194659,194627.41646171018,false,0.42674744434745254,89.2436,79.78058333333333,119.272,119.272,12,11,3,0,326.9375,126.29296875,3,10,20221103,
p05.s2.testhost.latency,lifecycle-semantics,srv,testhost,6.0,258,latency,3,true,ok,,194692.10364814644,0.012,93.9192,117.6207,124.769,125.41520000000001,0.0134,194659,194692.10364814644,false,0.4279625870407699,86.8604,75.30638461538462,108.2525,108.2525,13,12,3,0,306.6640625,102.96875,3,10,20221104,
p05.s2.testhost.latency,lifecycle-semantics,srv,testhost,6.0,258,latency,4,true,ok,,194684.87361970407,0.012100000000000001,99.61120000000001,120.05080000000001,127.0142,127.7608,0.012100000000000001,194659,194684.87361970407,false,0.42799420050921394,92.46260000000001,88.41009090909091,127.6041,127.6041,11,10,2,0,309.46484375,110.796875,3,10,20221105,
p05.s2.testhost.latency,lifecycle-semantics,wks,testhost,1.3,56,latency,0,true,ok,,194756.90279690598,0.0129,34.4005,50.6282,54.102900000000005,54.8179,0.017,194659,194756.90279690598,false,0.41967669696159005,20.447300000000002,16.75021176470588,54.7529,54.7529,85,80,6,0,216.9375,37.953125,3,10,20221101,
p05.s2.testhost.latency,lifecycle-semantics,wks,testhost,1.3,56,latency,1,true,ok,,194471.9404323741,0.0126,23.1809,38.3314,40.3935,41.011,0.016800000000000002,194659,194471.9404323741,false,0.44067791921731375,14.9562,15.608670588235295,40.9456,40.9456,85,80,6,0,212.91796875,34.203125,3,10,20221102,
p05.s2.testhost.latency,lifecycle-semantics,wks,testhost,1.3,56,latency,2,true,ok,,194630.14383544397,0.0125,22.6005,37.0688,40.191700000000004,40.9057,0.0167,194659,194630.14383544397,false,0.44513976511983283,15.3979,15.828823529411766,40.86,40.86,85,80,6,0,213.0546875,34.203125,3,10,20221103,
p05.s2.testhost.latency,lifecycle-semantics,wks,testhost,1.3,56,latency,3,true,ok,,194694.9107274571,0.012700000000000001,23.3836,37.034800000000004,39.968700000000005,40.6126,0.017,194659,194694.9107274571,false,0.4420898557516952,15.6705,16.11864705882353,40.5577,40.5577,85,80,6,0,213.02734375,34.203125,3,10,20221104,
p05.s2.testhost.latency,lifecycle-semantics,wks,testhost,1.3,56,latency,4,true,ok,,194687.80181388065,0.012700000000000001,23.1535,39.2125,42.8641,43.5073,0.0167,194659,194687.80181388065,false,0.4424071759412021,15.3689,15.722164705882353,43.4612,43.4612,85,80,6,0,216.9375,37.953125,3,10,20221105,
p05.s2.testhost.latency,lifecycle-semantics,wks,testhost,2.0,86,latency,0,true,ok,,194756.94026900065,0.0131,32.6799,36.0461,37.886,38.4687,0.0211,194659,194756.94026900065,false,0.4362180491565724,31.12,32.40857142857143,37.863,37.863,42,40,3,0,251.91015625,63.03125,3,10,20221101,
p05.s2.testhost.latency,lifecycle-semantics,wks,testhost,2.0,86,latency,1,true,ok,,194468.8438767148,0.0131,32.8102,45.2638,53.3352,54.182300000000005,0.020800000000000003,194659,194468.8438767148,false,0.43753633079068843,31.002100000000002,32.356809523809524,36.5726,36.5726,42,40,3,0,251.8671875,63.03125,3,10,20221102,
p05.s2.testhost.latency,lifecycle-semantics,wks,testhost,2.0,86,latency,2,true,ok,,194627.38802078416,0.0129,31.5866,35.3329,40.192,40.7173,0.020300000000000002,194659,194627.38802078416,false,0.4378259891953068,30.067,31.569761904761908,36.1953,36.1953,42,40,3,0,252.00390625,63.03125,3,10,20221103,
p05.s2.testhost.latency,lifecycle-semantics,wks,testhost,2.0,86,latency,3,true,ok,,194692.15457629238,0.0131,31.9403,35.7753,39.6999,40.4166,0.0218,194659,194692.15457629238,false,0.43190597206080694,30.0192,31.419214285714286,36.0208,36.0208,42,40,3,0,252.0703125,63.03125,3,10,20221104,
p05.s2.testhost.latency,lifecycle-semantics,wks,testhost,2.0,86,latency,4,true,ok,,194685.17017960685,0.013000000000000001,32.0317,39.6311,45.1077,45.7475,0.0201,194659,194685.17017960685,false,0.42564097295191156,29.930300000000003,31.458142857142857,38.1403,38.1403,42,40,3,0,251.9140625,63.03125,3,10,20221105,
p05.s2.testhost.latency,lifecycle-semantics,wks,testhost,6.0,258,latency,0,true,ok,,194757.05118648542,0.0131,81.8284,103.974,109.67540000000001,110.186,0.0199,194659,194757.05118648542,false,0.43704158000953935,76.917,74.22142105263158,88.2275,88.2275,19,19,3,0,299.109375,109.54296875,3,10,20221101,
p05.s2.testhost.latency,lifecycle-semantics,wks,testhost,6.0,258,latency,1,true,ok,,194469.18162365071,0.0134,83.5017,104.777,109.8177,110.4298,0.0219,194659,194469.18162365071,false,0.4357213225336456,78.4248,75.75494736842106,88.0318,88.0318,19,19,3,0,299.1796875,109.54296875,3,10,20221102,
p05.s2.testhost.latency,lifecycle-semantics,wks,testhost,6.0,258,latency,2,true,ok,,194627.37305187905,0.013300000000000001,83.8139,116.07100000000001,122.13810000000001,122.6451,0.0223,194659,194627.37305187905,false,0.4370763548248278,78.1913,75.17531578947369,90.7829,90.7829,19,19,3,0,299.1796875,109.54296875,3,10,20221103,
p05.s2.testhost.latency,lifecycle-semantics,wks,testhost,6.0,258,latency,3,true,ok,,194692.59944975888,0.0132,81.87190000000001,103.28490000000001,109.1806,109.75200000000001,0.0216,194659,194692.59944975888,false,0.436054054289019,77.3184,74.55605263157895,87.8185,87.8185,19,19,3,0,299.21875,109.54296875,3,10,20221104,
p05.s2.testhost.latency,lifecycle-semantics,wks,testhost,6.0,258,latency,4,true,ok,,194684.30746239852,0.0135,84.82990000000001,101.1199,106.33890000000001,106.88820000000001,0.0222,194659,194684.30746239852,false,0.43950782571652913,80.30030000000001,77.71221052631579,91.8275,91.8275,19,19,3,0,299.046875,109.54296875,3,10,20221105,
p05.s2.testhost.latency,long-lived-cache,srv,testhost,1.3,181,latency,0,true,ok,,351246.9269678446,0.01,6.702500000000001,9.6074,12.7257,13.535200000000001,0.0029000000000000002,351074,351246.9269678446,false,0.5018420398767562,5.675800000000001,9.22805,25.3494,25.3494,40,40,1,0,414.15234375,165.8671875,3,10,20221101,
p05.s2.testhost.latency,long-lived-cache,srv,testhost,1.3,181,latency,1,true,ok,,350803.5520492809,0.0098,6.5318000000000005,9.836,13.229600000000001,13.8247,0.0029000000000000002,351074,350803.5520492809,false,0.4991465748400184,5.636900000000001,9.014225,20.1212,20.1212,40,40,1,0,409.48828125,161.1953125,3,10,20221102,
p05.s2.testhost.latency,long-lived-cache,srv,testhost,1.3,181,latency,2,true,ok,,351008.7825681988,0.0097,6.2174000000000005,8.8267,11.1507,11.5647,0.0029000000000000002,351074,351008.7825681988,false,0.4964353340365235,5.3297,8.818525,25.847,25.847,40,40,1,0,411.3984375,163.27734375,3,10,20221103,
p05.s2.testhost.latency,long-lived-cache,srv,testhost,1.3,181,latency,3,true,ok,,350882.6663811198,0.009600000000000001,6.1276,8.8016,11.5847,12.147300000000001,0.0029000000000000002,351074,350882.6663811198,false,0.49679773845619224,5.2546,8.784175000000001,28.3642,28.3642,40,40,1,0,409.92578125,160.859375,3,10,20221104,
p05.s2.testhost.latency,long-lived-cache,srv,testhost,1.3,181,latency,4,true,ok,,351172.4309310636,0.0097,6.836600000000001,12.8498,19.0496,19.712400000000002,0.0028,351074,351172.4309310636,false,0.5034191783367171,5.855700000000001,9.226625,28.6815,28.6815,40,40,1,0,410.4921875,162.28515625,3,10,20221105,
p05.s2.testhost.latency,long-lived-cache,srv,testhost,2.0,278,latency,0,true,ok,,351247.50005360343,0.009600000000000001,5.4158,9.638300000000001,11.4268,11.7529,0.0028,351074,351247.50005360343,false,0.4991034105893081,3.7799,9.785,21.1756,21.1756,22,20,1,0,479.1015625,229.6875,3,10,20221101,
p05.s2.testhost.latency,long-lived-cache,srv,testhost,2.0,278,latency,1,true,ok,,350815.61889951717,0.0094,4.8006,9.0289,10.9092,11.5717,0.0028,351074,350815.61889951717,false,0.49418159046898286,3.4362000000000004,9.352954545454544,21.6237,21.6237,22,20,1,0,472.80859375,227.55859375,3,10,20221102,
p05.s2.testhost.latency,long-lived-cache,srv,testhost,2.0,278,latency,2,true,ok,,351009.1632074146,0.0098,5.7598,11.3292,16.2973,17.0649,0.0029000000000000002,351074,351009.1632074146,false,0.4900855879168144,4.3425,10.267045454545455,22.4949,22.4949,22,20,1,0,474.359375,225.87109375,3,10,20221103,
p05.s2.testhost.latency,long-lived-cache,srv,testhost,2.0,278,latency,3,true,ok,,350886.93138036015,0.009600000000000001,5.2439,10.5888,13.4578,14.093,0.0028,351074,350886.93138036015,false,0.49570986787357124,3.7979000000000003,9.788045454545454,20.4845,20.4845,22,20,1,0,473.3125,226.4140625,3,10,20221104,
p05.s2.testhost.latency,long-lived-cache,srv,testhost,2.0,278,latency,4,true,ok,,351172.6660125085,0.0095,5.282900000000001,9.8282,12.7184,13.3952,0.0029000000000000002,351074,351172.6660125085,false,0.4940650250812781,3.8388,9.866636363636363,22.6728,22.6728,22,20,1,0,472.4375,226.39453125,3,10,20221105,
p05.s2.testhost.latency,long-lived-cache,srv,testhost,6.0,834,latency,0,true,ok,,351247.624402647,0.009600000000000001,1.4298,8.6948,12.8895,13.482600000000001,0.0041,351074,351247.624402647,false,0.4887575751068918,0.4793,11.038636363636364,30.1344,30.1344,11,4,1,0,602.83984375,361.90234375,3,10,20221101,
p05.s2.testhost.latency,long-lived-cache,srv,testhost,6.0,834,latency,1,true,ok,,350814.0387016135,0.0095,1.3316000000000001,8.607800000000001,13.5402,14.1331,0.0038,351074,350814.0387016135,false,0.4882365365881662,0.2426,10.677727272727273,26.9258,26.9258,11,5,1,0,619.66796875,379.85546875,3,10,20221102,
p05.s2.testhost.latency,long-lived-cache,srv,testhost,6.0,834,latency,2,true,ok,,351008.7285768875,0.0095,1.3505,8.077200000000001,10.8961,11.5313,0.0039000000000000003,351074,351008.7285768875,false,0.48981126486153914,0.1125,11.155545454545454,31.3911,31.3911,11,4,1,0,625.703125,379.0546875,3,10,20221103,
p05.s2.testhost.latency,long-lived-cache,srv,testhost,6.0,834,latency,3,true,ok,,350882.78507672326,0.0095,1.4667000000000001,8.870700000000001,12.335600000000001,12.8444,0.004,351074,350882.78507672326,false,0.4867468221689839,0.21330000000000002,10.238818181818182,24.7523,24.7523,11,4,1,0,630.703125,390.15625,3,10,20221104,
p05.s2.testhost.latency,long-lived-cache,srv,testhost,6.0,834,latency,4,true,ok,,351172.3093373363,0.0095,1.0186,7.6113,10.818900000000001,11.2242,0.0041,351074,351172.3093373363,false,0.4864952863323577,0.1328,10.317272727272726,26.5829,26.5829,11,4,1,0,626.1640625,379.203125,3,10,20221105,
p05.s2.testhost.latency,long-lived-cache,wks,testhost,1.3,181,latency,0,true,ok,,351252.50382049923,0.015000000000000001,43.8258,53.9782,56.463,56.8453,0.0043,351074,351252.50382049923,false,0.5425928173810387,25.139200000000002,14.761817647058823,30.5276,32.8953,170,170,42,0,374.32421875,136.82421875,3,10,20221101,
p05.s2.testhost.latency,long-lived-cache,wks,testhost,1.3,181,latency,1,true,ok,,350820.7398093106,0.0154,38.4084,48.0917,53.4795,54.155,0.0044,351074,350820.7398093106,false,0.5371904936982385,25.5823,14.549599999999998,29.7942,32.678,170,170,42,0,374.48828125,136.82421875,3,10,20221102,
p05.s2.testhost.latency,long-lived-cache,wks,testhost,1.3,181,latency,2,true,ok,,351013.9226170906,0.0149,42.1282,54.151500000000006,56.4973,57.002700000000004,0.0044,351074,351013.9226170906,false,0.5347667224223164,25.3347,14.451905882352941,30.9432,31.1267,170,170,42,0,374.33203125,136.8203125,3,10,20221103,
p05.s2.testhost.latency,long-lived-cache,wks,testhost,1.3,181,latency,3,true,ok,,350887.4385471927,0.0152,39.5337,50.125,55.5176,56.2034,0.0044,351074,350887.4385471927,false,0.5356262826027035,25.593,14.45925294117647,30.3373,33.2717,170,170,42,0,374.5390625,136.8203125,3,10,20221104,
p05.s2.testhost.latency,long-lived-cache,wks,testhost,1.3,181,latency,4,true,ok,,351177.5541566234,0.0151,40.9165,52.0754,56.497400000000006,57.0719,0.0044,351074,351177.5541566234,false,0.5388390613243493,25.453100000000003,14.524211764705882,31.9151,33.7825,170,170,42,0,373.43359375,136.82421875,3,10,20221105,
p05.s2.testhost.latency,long-lived-cache,wks,testhost,2.0,278,latency,0,true,ok,,351248.90844683314,0.0129,44.3816,51.583800000000004,53.7231,54.4266,0.0043,351074,351248.90844683314,false,0.5382785833887311,25.0285,15.154213235294117,30.3843,30.6325,136,136,30,0,371.16796875,135.1015625,3,10,20221101,
p05.s2.testhost.latency,long-lived-cache,wks,testhost,2.0,278,latency,1,true,ok,,350818.0539422454,0.0128,37.1816,49.4943,54.830000000000005,55.4643,0.0045000000000000005,351074,350818.0539422454,false,0.5361534561418346,24.892200000000003,14.481617647058824,30.0474,30.1578,136,136,30,0,370.80859375,136.82421875,3,10,20221102,
p05.s2.testhost.latency,long-lived-cache,wks,testhost,2.0,278,latency,2,true,ok,,350960.43190393155,0.0142,46.9134,56.270900000000005,60.172700000000006,60.7704,0.0045000000000000005,351074,350960.43190393155,false,0.5292454231652235,26.549500000000002,15.78196323529412,33.081,35.5981,136,136,30,0,373.62890625,140.8203125,3,10,20221103,
p05.s2.testhost.latency,long-lived-cache,wks,testhost,2.0,278,latency,3,true,ok,,350884.1042219036,0.0131,36.171800000000005,48.0379,53.859500000000004,54.622600000000006,0.0045000000000000005,351074,350884.1042219036,false,0.530956217426876,26.190800000000003,14.991639705882353,35.1797,36.6141,136,136,30,0,373.44140625,140.8125,3,10,20221104,
p05.s2.testhost.latency,long-lived-cache,wks,testhost,2.0,278,latency,4,true,ok,,351173.76576551737,0.013000000000000001,42.9899,52.9375,59.6862,60.3939,0.0044,351074,351173.76576551737,false,0.5341008536004462,25.534100000000002,15.361963235294116,31.5714,32.4928,136,136,30,0,366.15625,126.140625,3,10,20221105,
p05.s2.testhost.latency,long-lived-cache,wks,testhost,6.0,834,latency,0,true,ok,,351249.3436723612,0.0129,38.7847,55.2674,59.825900000000004,60.560700000000004,0.0044,351074,351249.3436723612,false,0.5334481312508736,25.8499,14.98639705882353,31.2658,32.24,136,136,30,0,370.5859375,136.82421875,3,10,20221101,
p05.s2.testhost.latency,long-lived-cache,wks,testhost,6.0,834,latency,1,true,ok,,350817.4364143675,0.0131,45.8155,56.3581,61.4564,62.089600000000004,0.0046,351074,350817.4364143675,false,0.5310414503889384,25.589100000000002,15.095764705882353,30.7595,33.8828,136,136,30,0,366.01953125,131.84765625,3,10,20221102,
p05.s2.testhost.latency,long-lived-cache,wks,testhost,6.0,834,latency,2,true,ok,,351010.80995395884,0.0131,44.575,53.925000000000004,59.3753,59.9925,0.0046,351074,351010.80995395884,false,0.5270201636209942,25.7405,15.218786764705882,33.091,34.714,136,136,30,0,368.12890625,135.16796875,3,10,20221103,
p05.s2.testhost.latency,long-lived-cache,wks,testhost,6.0,834,latency,3,true,ok,,350884.24989498564,0.012700000000000001,43.0202,54.8673,58.8181,59.467000000000006,0.0044,351074,350884.24989498564,false,0.5356337322703388,25.203500000000002,15.103985294117646,30.0529,30.4544,136,136,30,0,367.1640625,134.125,3,10,20221104,
p05.s2.testhost.latency,long-lived-cache,wks,testhost,6.0,834,latency,4,true,ok,,351174.00084874936,0.0128,44.9739,52.924,57.017300000000006,57.6922,0.0045000000000000005,351074,351174.00084874936,false,0.5364862809988339,25.5697,15.518132352941176,32.2363,33.5843,136,136,30,0,368.35546875,135.203125,3,10,20221105,
p05.s2.testhost.latency,low-allocation-compute,srv,testhost,1.3,46,latency,0,true,ok,,749928.5491153128,0.0091,0.6063000000000001,3.9261000000000004,7.5517,8.0915,0.0018000000000000002,750000,749928.5491153128,false,0.5973619487179487,0.0608,,,,0,0,0,0,478.41796875,,3,10,20221101,
p05.s2.testhost.latency,low-allocation-compute,srv,testhost,1.3,46,latency,1,true,ok,,749638.9450517959,0.009000000000000001,0.6443,4.8217,7.3296,7.7551000000000005,0.0018000000000000002,750000,749638.9450517959,false,0.6033825641025641,0.0729,,,,0,0,0,0,478.078125,,3,10,20221102,
p05.s2.testhost.latency,low-allocation-compute,srv,testhost,1.3,46,latency,2,true,ok,,750142.0595951168,0.0088,0.2051,3.3538,5.8697,6.386900000000001,0.0017000000000000001,750000,750142.0595951168,false,0.6032148717948718,0.0239,,,,0,0,0,0,478.078125,,3,10,20221103,
p05.s2.testhost.latency,low-allocation-compute,srv,testhost,1.3,46,latency,3,true,ok,,749815.0148680243,0.009000000000000001,0.6372,4.6018,7.4488,8.1339,0.0018000000000000002,750000,749815.0148680243,false,0.5965931282051282,0.0213,,,,0,0,0,0,478.140625,,3,10,20221104,
p05.s2.testhost.latency,low-allocation-compute,srv,testhost,1.3,46,latency,4,true,ok,,750003.2192445872,0.009000000000000001,0.4717,3.2702,4.8971,5.4839,0.0018000000000000002,750000,750003.2192445872,false,0.6005532307692307,0.030100000000000002,,,,0,0,0,0,478.0703125,,3,10,20221105,
p05.s2.testhost.latency,low-allocation-compute,srv,testhost,2.0,70,latency,0,true,ok,,749927.8280995588,0.009000000000000001,0.7389,4.408,6.4725,7.0037,0.0018000000000000002,750000,749927.8280995588,false,0.5937843076923077,0.0253,,,,0,0,0,0,478.15234375,,3,10,20221101,
p05.s2.testhost.latency,low-allocation-compute,srv,testhost,2.0,70,latency,1,true,ok,,749639.8845323919,0.0089,0.5757,2.8818,4.291300000000001,4.6685,0.0018000000000000002,750000,749639.8845323919,false,0.6041381538461539,0.031,,,,0,0,0,0,478.0703125,,3,10,20221102,
p05.s2.testhost.latency,low-allocation-compute,srv,testhost,2.0,70,latency,2,true,ok,,750143.109994392,0.009000000000000001,0.5157,2.4336,3.3194000000000004,3.6864000000000003,0.0018000000000000002,750000,750143.109994392,false,0.5958401025641026,0.044500000000000005,,,,0,0,0,0,478.09765625,,3,10,20221103,
p05.s2.testhost.latency,low-allocation-compute,srv,testhost,2.0,70,latency,3,true,ok,,749814.8534092735,0.0091,0.6384000000000001,4.472,6.19,6.6584,0.0019,750000,749814.8534092735,false,0.597365641025641,0.027700000000000002,,,,0,0,0,0,478.23046875,,3,10,20221104,
p05.s2.testhost.latency,low-allocation-compute,srv,testhost,2.0,70,latency,4,true,ok,,750005.3077298701,0.0091,0.35810000000000003,2.4126000000000003,4.5615000000000006,5.0943000000000005,0.0018000000000000002,750000,750005.3077298701,false,0.5993713846153846,0.033600000000000005,,,,0,0,0,0,478.265625,,3,10,20221105,
p05.s2.testhost.latency,low-allocation-compute,srv,testhost,6.0,210,latency,0,true,ok,,749927.7473458807,0.0089,0.7668,3.5679000000000003,5.701300000000001,6.0307,0.0018000000000000002,750000,749927.7473458807,false,0.6004517948717949,0.029500000000000002,,,,0,0,0,0,478.05078125,,3,10,20221101,
p05.s2.testhost.latency,low-allocation-compute,srv,testhost,6.0,210,latency,1,true,ok,,749638.7317957922,0.0088,0.3987,3.9079,6.819100000000001,7.44,0.0018000000000000002,750000,749638.7317957922,false,0.6032146666666667,0.0309,,,,0,0,0,0,478.0859375,,3,10,20221102,
p05.s2.testhost.latency,low-allocation-compute,srv,testhost,6.0,210,latency,2,true,ok,,750142.8156514413,0.0091,0.6786,3.8056,7.0503,7.4402,0.0018000000000000002,750000,750142.8156514413,false,0.5989572307692308,0.0181,,,,0,0,0,0,478.078125,,3,10,20221103,
p05.s2.testhost.latency,low-allocation-compute,srv,testhost,6.0,210,latency,3,true,ok,,749815.6145725643,0.0089,0.6257,4.2129,5.8895,6.2827,0.0018000000000000002,750000,749815.6145725643,false,0.6004506666666667,0.0173,,,,0,0,0,0,478.0625,,3,10,20221104,
p05.s2.testhost.latency,low-allocation-compute,srv,testhost,6.0,210,latency,4,true,ok,,750001.4134642023,0.0091,0.7451,5.4453000000000005,8.1734,8.7067,0.0018000000000000002,750000,750001.4134642023,false,0.5959947692307692,0.045700000000000005,,,,0,0,0,0,478.12109375,,3,10,20221105,
p05.s2.testhost.latency,low-allocation-compute,wks,testhost,1.3,46,latency,0,true,ok,,749928.4972021321,0.009000000000000001,0.5710000000000001,2.8147,5.1442000000000005,5.6196,0.0017000000000000001,750000,749928.4972021321,false,0.599276923076923,0.0236,,,,0,0,0,0,477.32421875,,3,10,20221101,
p05.s2.testhost.latency,low-allocation-compute,wks,testhost,1.3,46,latency,1,true,ok,,749640.7663782841,0.0088,0.2712,1.8015,4.282,4.8722,0.0017000000000000001,750000,749640.7663782841,false,0.6002882051282051,0.019700000000000002,,,,0,0,0,0,477.21875,,3,10,20221102,
p05.s2.testhost.latency,low-allocation-compute,wks,testhost,1.3,46,latency,2,true,ok,,750140.3281741604,0.0094,1.9086,6.424300000000001,9.9175,10.449100000000001,0.0017000000000000001,750000,750140.3281741604,false,0.5974328205128205,0.1058,,,,0,0,0,0,477.390625,,3,10,20221103,
p05.s2.testhost.latency,low-allocation-compute,wks,testhost,1.3,46,latency,3,true,ok,,749814.1037802704,0.0088,0.7336,3.588,7.0337000000000005,7.6329,0.0016,750000,749814.1037802704,false,0.6060861538461538,0.0862,,,,0,0,0,0,477.2890625,,3,10,20221104,
p05.s2.testhost.latency,low-allocation-compute,wks,testhost,1.3,46,latency,4,true,ok,,750004.6154130179,0.009000000000000001,0.3498,3.1313,5.1042000000000005,5.6539,0.0018000000000000002,750000,750004.6154130179,false,0.6012864615384615,0.0414,,,,0,0,0,0,477.3515625,,3,10,20221105,
p05.s2.testhost.latency,low-allocation-compute,wks,testhost,2.0,70,latency,0,true,ok,,749928.785608782,0.008700000000000001,0.24630000000000002,1.7464000000000002,3.0284,3.6304000000000003,0.0017000000000000001,750000,749928.785608782,false,0.6001325128205128,0.0227,,,,0,0,0,0,477.36328125,,3,10,20221101,
p05.s2.testhost.latency,low-allocation-compute,wks,testhost,2.0,70,latency,1,true,ok,,749637.7692634475,0.009000000000000001,0.4461,3.7761,6.0368,6.6204,0.0017000000000000001,750000,749637.7692634475,false,0.6018927179487179,0.0582,,,,0,0,0,0,477.359375,,3,10,20221102,
p05.s2.testhost.latency,low-allocation-compute,wks,testhost,2.0,70,latency,2,true,ok,,750143.0522800698,0.0089,0.5606,5.488,8.1508,8.685500000000001,0.0017000000000000001,750000,750143.0522800698,false,0.5992827692307693,0.026600000000000002,,,,0,0,0,0,477.25,,3,10,20221103,
p05.s2.testhost.latency,low-allocation-compute,wks,testhost,2.0,70,latency,3,true,ok,,749816.3123069381,0.0089,0.5576,3.285,6.8852,7.423500000000001,0.0017000000000000001,750000,749816.3123069381,false,0.5986704615384615,0.0345,,,,0,0,0,0,477.3359375,,3,10,20221104,
p05.s2.testhost.latency,low-allocation-compute,wks,testhost,2.0,70,latency,4,true,ok,,750003.1153975563,0.0089,0.41550000000000004,2.271,4.8177,5.4519,0.0018000000000000002,750000,750003.1153975563,false,0.5998761025641025,0.0383,,,,0,0,0,0,477.515625,,3,10,20221105,
p05.s2.testhost.latency,low-allocation-compute,wks,testhost,6.0,210,latency,0,true,ok,,749928.2607088448,0.009000000000000001,0.4078,3.1816,5.8742,6.3691,0.0018000000000000002,750000,749928.2607088448,false,0.5972003076923077,0.020800000000000003,,,,0,0,0,0,477.296875,,3,10,20221101,
p05.s2.testhost.latency,low-allocation-compute,wks,testhost,6.0,210,latency,1,true,ok,,749628.1844205274,0.0088,0.2442,2.3231,3.6074,3.9744,0.0017000000000000001,750000,749628.1844205274,false,0.5825765128205128,0.0181,,,,0,0,0,0,477.30078125,,3,10,20221102,
p05.s2.testhost.latency,low-allocation-compute,wks,testhost,6.0,210,latency,2,true,ok,,750141.7479387547,0.009000000000000001,0.6519,3.9320000000000004,8.244,8.7745,0.0018000000000000002,750000,750141.7479387547,false,0.6010955897435898,0.077,,,,0,0,0,0,477.27734375,,3,10,20221103,
p05.s2.testhost.latency,low-allocation-compute,wks,testhost,6.0,210,latency,3,true,ok,,749816.975444117,0.0089,0.3874,3.4117,6.1272,6.6086,0.0017000000000000001,750000,749816.975444117,false,0.5995614358974359,0.0244,,,,0,0,0,0,477.2421875,,3,10,20221104,
p05.s2.testhost.latency,low-allocation-compute,wks,testhost,6.0,210,latency,4,true,ok,,750003.7846344825,0.0091,0.449,3.8701000000000003,7.647,8.1701,0.0018000000000000002,750000,750003.7846344825,false,0.5993571282051282,0.019,,,,0,0,0,0,477.203125,,3,10,20221105,
p05.s2.testhost.latency,multi-thread-throughput,srv,testhost,1.3,46,latency,0,true,ok,,749928.404912051,0.009300000000000001,0.6044,2.359,4.1718,5.5065,0.0023,750000,749928.404912051,false,0.7871053333333333,0.3906,0.4949366106080207,2.1204,4.7839,773,1,0,0,485.34375,8.08203125,3,10,20221101,
p05.s2.testhost.latency,multi-thread-throughput,srv,testhost,1.3,46,latency,1,true,ok,,749595.0341658497,0.009600000000000001,0.5064000000000001,1.6306,2.4889,2.843,0.0023,750000,749595.0341658497,false,0.7918740512820512,0.3587,0.46523797139141737,2.0476,2.729,769,0,0,0,485.171875,7.67578125,3,10,20221102,
p05.s2.testhost.latency,multi-thread-throughput,srv,testhost,1.3,46,latency,2,true,ok,,750144.3508544691,0.0094,0.5203,1.8527,3.008,3.3077,0.0022,750000,750144.3508544691,false,0.7905615384615384,0.3589,0.48370649350649353,1.7881,4.0457,770,1,0,0,485.87109375,8.390625,3,10,20221103,
p05.s2.testhost.latency,multi-thread-throughput,srv,testhost,1.3,46,latency,3,true,ok,,749815.8106300257,0.0094,0.5448000000000001,2.5274,6.1981,6.8292,0.0022,750000,749815.8106300257,false,0.7858454358974359,0.3735,0.4904005201560468,1.799,6.7233,769,1,0,0,485.83984375,8.46484375,3,10,20221104,
p05.s2.testhost.latency,multi-thread-throughput,srv,testhost,1.3,46,latency,4,true,ok,,750002.9711656165,0.009300000000000001,0.6225,4.877400000000001,7.744000000000001,8.394,0.0022,750000,750002.9711656165,false,0.786532,0.3829,0.49010546875,1.2639,8.2762,768,0,0,0,484.8515625,7.67578125,3,10,20221105,
p05.s2.testhost.latency,multi-thread-throughput,srv,testhost,2.0,70,latency,0,true,ok,,749927.7069690481,0.0094,0.42500000000000004,2.0199000000000003,3.9563,4.3225,0.0022,750000,749927.7069690481,false,0.7917789743589744,0.2669,0.4636781914893617,1.4353,4.1613,376,1,0,0,496.78515625,19.4609375,3,10,20221101,
p05.s2.testhost.latency,multi-thread-throughput,srv,testhost,2.0,70,latency,1,true,ok,,749640.7375597581,0.0092,0.3718,0.9914000000000001,2.3642000000000003,3.0143,0.0022,750000,749640.7375597581,false,0.7909728205128205,0.2109,0.45252925531914895,1.0571,1.8874,376,5,0,0,497.109375,19.5625,3,10,20221102,
p05.s2.testhost.latency,multi-thread-throughput,srv,testhost,2.0,70,latency,2,true,ok,,750141.0553699885,0.009000000000000001,0.3991,1.3151000000000002,2.5555000000000003,3.1217,0.0023,750000,750141.0553699885,false,0.7837083076923077,0.23170000000000002,0.4803733333333333,1.8249,4.0115,375,4,0,0,496.5,19.421875,3,10,20221103,
p05.s2.testhost.latency,multi-thread-throughput,srv,testhost,2.0,70,latency,3,true,ok,,749816.1047164103,0.0092,0.4032,1.1548,2.6646,3.305,0.0023,750000,749816.1047164103,false,0.7898449230769231,0.2442,0.4710345744680851,1.3634,3.1818,376,8,0,0,495.8515625,18.8828125,3,10,20221104,
p05.s2.testhost.latency,multi-thread-throughput,srv,testhost,2.0,70,latency,4,true,ok,,750002.9884734463,0.0091,0.3755,1.4699,2.8402000000000003,3.5142,0.0022,750000,750002.9884734463,false,0.790786358974359,0.23140000000000002,0.4423580901856764,1.1673,3.408,377,8,0,0,496.80078125,19.6875,3,10,20221105,
p05.s2.testhost.latency,multi-thread-throughput,srv,testhost,6.0,210,latency,0,true,ok,,749927.5973748104,0.0091,0.2896,1.2246000000000001,2.8148,3.4377,0.0022,750000,749927.5973748104,false,0.7847002051282052,0.1024,0.501875,2.0249,3.3054,184,4,0,0,512.84375,35.58203125,3,10,20221101,
p05.s2.testhost.latency,multi-thread-throughput,srv,testhost,6.0,210,latency,1,true,ok,,749638.7663778387,0.009000000000000001,0.2822,1.4908000000000001,2.5595000000000003,3.0608,0.0022,750000,749638.7663778387,false,0.7902704615384616,0.1217,0.46397297297297296,1.4925,3.5823,185,4,0,0,509.9609375,32.90625,3,10,20221102,
p05.s2.testhost.latency,multi-thread-throughput,srv,testhost,6.0,210,latency,2,true,ok,,750143.2138801945,0.0092,0.161,0.5860000000000001,2.0855,2.6567000000000003,0.0022,750000,750143.2138801945,false,0.7937822564102565,0.0504,0.44835869565217396,0.9963,1.1016,184,3,0,0,513.109375,35.67578125,3,10,20221103,
p05.s2.testhost.latency,multi-thread-throughput,srv,testhost,6.0,210,latency,3,true,ok,,749813.930789175,0.0091,0.1583,0.7006,1.6568,2.9028,0.0022,750000,749813.930789175,false,0.7895867692307692,0.0487,0.4672608695652174,1.1791,2.681,184,4,0,0,513.2734375,36.2265625,3,10,20221104,
p05.s2.testhost.latency,multi-thread-throughput,srv,testhost,6.0,210,latency,4,true,ok,,750004.4942577003,0.0089,0.2642,1.1756,3.4786,4.1253,0.0022,750000,750004.4942577003,false,0.7868591794871795,0.10360000000000001,0.4800972972972973,1.6663,3.9942,185,4,0,0,512.92578125,35.63671875,3,10,20221105,
p05.s2.testhost.latency,multi-thread-throughput,wks,testhost,1.3,46,latency,0,true,ok,,749934.9460277973,0.0092,0.24100000000000002,0.5776,2.1901,2.7547,0.0022,750000,749934.9460277973,false,0.7897672820512821,0.17350000000000002,0.3022660167130919,0.4479,1.6698,718,2,1,0,483.21875,7.0234375,3,10,20221101,
p05.s2.testhost.latency,multi-thread-throughput,wks,testhost,1.3,46,latency,1,true,ok,,749645.3427883269,0.009300000000000001,0.2442,0.5236000000000001,1.6491,2.0993,0.0022,750000,749645.3427883269,false,0.7803497435897436,0.1739,0.30490389972144843,0.4686,1.7371,718,2,1,0,483.05859375,7.0234375,3,10,20221102,
p05.s2.testhost.latency,multi-thread-throughput,wks,testhost,1.3,46,latency,2,true,ok,,750148.263919178,0.0091,0.2361,0.5345,2.1835,2.7849,0.0022,750000,750148.263919178,false,0.788884,0.1638,0.2971866295264624,0.4542,1.74,718,2,1,0,483.10546875,7.0234375,3,10,20221103,
p05.s2.testhost.latency,multi-thread-throughput,wks,testhost,1.3,46,latency,3,true,ok,,749821.8077313227,0.0091,0.2414,0.6441,1.7011,1.9335,0.0021000000000000003,750000,749821.8077313227,false,0.7912870769230769,0.17370000000000002,0.29729526462395545,0.3838,1.7682,718,2,1,0,483.03515625,7.0234375,3,10,20221104,
p05.s2.testhost.latency,multi-thread-throughput,wks,testhost,1.3,46,latency,4,true,ok,,750009.8770531501,0.0091,0.2396,0.6044,2.7403,3.3054,0.0022,750000,750009.8770531501,false,0.7699034871794872,0.1716,0.3019512534818941,0.4624,1.7047,718,2,1,0,483.26171875,7.0234375,3,10,20221105,
p05.s2.testhost.latency,multi-thread-throughput,wks,testhost,2.0,70,latency,0,true,ok,,749919.6259219387,0.0088,0.1647,0.511,2.3832,16.1205,0.0021000000000000003,750000,749919.6259219387,false,0.7841659487179488,0.0756,0.3235558659217877,1.0101,2.9441,358,2,1,0,487.3359375,11.33203125,3,10,20221101,
p05.s2.testhost.latency,multi-thread-throughput,wks,testhost,2.0,70,latency,1,true,ok,,749637.746208811,0.009300000000000001,0.19640000000000002,0.9574,2.4588,3.045,0.0022,750000,749637.746208811,false,0.7855238974358975,0.0979,0.32283519553072626,0.6865,2.991,358,2,1,0,487.34765625,11.33203125,3,10,20221102,
p05.s2.testhost.latency,multi-thread-throughput,wks,testhost,2.0,70,latency,2,true,ok,,750141.5921106709,0.0092,0.20950000000000002,1.8836000000000002,3.488,5.9295,0.0022,750000,750141.5921106709,false,0.7894412307692308,0.09140000000000001,0.3318659217877095,0.8584,2.9295,358,2,1,0,487.3515625,11.33203125,3,10,20221103,
p05.s2.testhost.latency,multi-thread-throughput,wks,testhost,2.0,70,latency,3,true,ok,,749816.3180733433,0.0092,0.17170000000000002,0.6747000000000001,2.2811,3.5115000000000003,0.0021000000000000003,750000,749816.3180733433,false,0.7916668717948718,0.0814,0.31863966480446926,0.5814,2.8152,358,2,1,0,487.3984375,11.33203125,3,10,20221104,
p05.s2.testhost.latency,multi-thread-throughput,wks,testhost,2.0,70,latency,4,true,ok,,750003.9750210677,0.0088,0.1937,0.8012,2.4493,3.7768,0.0021000000000000003,750000,750003.9750210677,false,0.7840853333333333,0.101,0.3236284916201117,0.837,2.9532,358,2,1,0,487.43359375,11.33203125,3,10,20221105,
p05.s2.testhost.latency,multi-thread-throughput,wks,testhost,6.0,210,latency,0,true,ok,,749927.4474038,0.0091,0.10540000000000001,1.3058,4.746300000000001,5.224200000000001,0.0021000000000000003,750000,749927.4474038,false,0.7887090256410256,0.045700000000000005,0.3606312849162011,1.4206,5.1689,179,2,1,0,498.20703125,21.95703125,3,10,20221101,
p05.s2.testhost.latency,multi-thread-throughput,wks,testhost,6.0,210,latency,1,true,ok,,749638.7548504896,0.009000000000000001,0.0699,0.8844000000000001,4.6021,5.1023000000000005,0.0021000000000000003,750000,749638.7548504896,false,0.7803655384615384,0.0368,0.3555418994413408,1.486,5.0488,179,2,1,0,498.17578125,21.95703125,3,10,20221102,
p05.s2.testhost.latency,multi-thread-throughput,wks,testhost,6.0,210,latency,2,true,ok,,750141.1246268078,0.008700000000000001,0.0815,1.1439000000000001,4.6149000000000004,5.179200000000001,0.0021000000000000003,750000,750141.1246268078,false,0.7866316923076923,0.038700000000000005,0.35836871508379886,1.3891,5.1168,179,2,1,0,498.171875,21.95703125,3,10,20221103,
p05.s2.testhost.latency,multi-thread-throughput,wks,testhost,6.0,210,latency,3,true,ok,,749815.0148680243,0.0088,0.061000000000000006,0.6423,4.6824,5.2410000000000005,0.0021000000000000003,750000,749815.0148680243,false,0.7889708717948718,0.0328,0.3617597765363128,1.4656,5.1858,179,2,1,0,498.09765625,21.95703125,3,10,20221104,
p05.s2.testhost.latency,multi-thread-throughput,wks,testhost,6.0,210,latency,4,true,ok,,750003.0403969407,0.0088,0.0641,0.603,4.6062,5.216,0.0021000000000000003,750000,750003.0403969407,false,0.7849611282051282,0.0347,0.35622346368715085,1.4097,5.165,179,2,1,0,498.046875,21.95703125,3,10,20221105,
p05.s2.testhost.latency,pinning-heavy-io,srv,testhost,1.3,46,latency,0,true,ok,,21518.37142628665,0.0402,0.3124,0.7698,2.2786,2.708,0.11230000000000001,21492,21518.37142628665,false,0.15608670131283198,0.0158,0.4395070422535211,0.8962,1.4424,143,0,0,0,64.02734375,21.46875,3,10,20221101,
p05.s2.testhost.latency,pinning-heavy-io,srv,testhost,1.3,46,latency,1,true,ok,,21485.340701285564,0.0393,0.2848,1.5118,3.1214,3.2532,0.113,21492,21485.340701285564,false,0.15684190181677618,0.0155,0.41997202797202793,0.872,0.9046,143,0,0,0,63.58984375,21.46875,3,10,20221102,
p05.s2.testhost.latency,pinning-heavy-io,srv,testhost,1.3,46,latency,2,true,ok,,21416.51567832503,0.0388,0.309,0.8282,2.0851,2.3934,0.1082,21492,21416.51567832503,false,0.15547108763189166,0.015600000000000001,0.4458041958041958,0.8915,0.8928,143,0,0,0,64.171875,21.46875,3,10,20221103,
p05.s2.testhost.latency,pinning-heavy-io,srv,testhost,1.3,46,latency,3,true,ok,,21510.245486612024,0.040100000000000004,0.2963,0.8748,2.0014000000000003,2.2914000000000003,0.11460000000000001,21492,21510.245486612024,false,0.15419333132900973,0.0154,0.4496083916083916,1.024,1.0883,143,0,0,0,64.51953125,21.78125,3,10,20221104,
p05.s2.testhost.latency,pinning-heavy-io,srv,testhost,1.3,46,latency,4,true,ok,,21477.371927190943,0.0403,0.2882,0.6911,1.5294,2.3737,0.1101,21492,21477.371927190943,false,0.15508096035734226,0.0151,0.42560839160839165,0.8077,0.9757,143,0,0,0,65.5625,22.9609375,3,10,20221105,
p05.s2.testhost.latency,pinning-heavy-io,srv,testhost,2.0,70,latency,0,true,ok,,21518.572623222488,0.0397,0.20450000000000002,0.662,1.0510000000000002,1.1953,0.109,21492,21518.572623222488,false,0.154343655599937,0.013800000000000002,0.4619,0.9355,0.9355,70,0,0,0,81.5078125,37.53125,3,10,20221101,
p05.s2.testhost.latency,pinning-heavy-io,srv,testhost,2.0,70,latency,1,true,ok,,21485.532193716394,0.0403,0.2179,0.8595,2.1327000000000003,2.3638,0.10880000000000001,21492,21485.532193716394,false,0.15425775601654998,0.014,0.42528571428571427,0.9368,0.9368,70,0,0,0,81.59375,37.59375,3,10,20221102,
p05.s2.testhost.latency,pinning-heavy-io,srv,testhost,2.0,70,latency,2,true,ok,,21416.6913350521,0.0402,0.20070000000000002,0.644,0.9475,2.3892,0.109,21492,21416.6913350521,false,0.15298357886297584,0.013800000000000002,0.4545,1.0702,1.0702,70,0,0,0,81.46484375,37.53125,3,10,20221103,
p05.s2.testhost.latency,pinning-heavy-io,srv,testhost,2.0,70,latency,3,true,ok,,21509.957670892152,0.039400000000000004,0.2059,0.8185,1.9769,2.5149,0.1097,21492,21509.957670892152,false,0.15279746309897063,0.013600000000000001,0.5066714285714286,1.1611,1.1611,70,0,0,0,83.15234375,38.9609375,3,10,20221104,
p05.s2.testhost.latency,pinning-heavy-io,srv,testhost,2.0,70,latency,4,true,ok,,21477.149047060473,0.038700000000000005,0.19340000000000002,0.772,2.6214,2.9942,0.1046,21492,21477.149047060473,false,0.15357055934945382,0.013300000000000001,0.4280142857142857,0.8952,0.8952,70,0,0,0,82.24609375,38.21484375,3,10,20221105,
p05.s2.testhost.latency,pinning-heavy-io,srv,testhost,6.0,210,latency,0,true,ok,,21518.20122390873,0.038200000000000005,0.1714,0.5536,1.0257,1.7247000000000001,0.10490000000000001,21492,21518.20122390873,false,0.15344528912368108,0.0131,0.45622857142857143,1.2127,1.2127,35,0,0,0,114.3125,71.08984375,3,10,20221101,
p05.s2.testhost.latency,pinning-heavy-io,srv,testhost,6.0,210,latency,1,true,ok,,21485.208360366454,0.0385,0.1778,0.6564,2.1596,2.4519,0.1057,21492,21485.208360366454,false,0.1532448567624447,0.0132,0.46371428571428575,0.9487,0.9487,35,0,0,0,112.45703125,69.53125,3,10,20221102,
p05.s2.testhost.latency,pinning-heavy-io,srv,testhost,6.0,210,latency,2,true,ok,,21416.322951735852,0.0388,0.17500000000000002,0.6509,2.3078000000000003,2.8692,0.10590000000000001,21492,21416.322951735852,false,0.15271156351558363,0.013300000000000001,0.45557142857142857,0.979,0.979,35,0,0,0,114.1875,71.09375,3,10,20221103,
p05.s2.testhost.latency,pinning-heavy-io,srv,testhost,6.0,210,latency,3,true,ok,,21509.97522444968,0.0381,0.1703,0.6382,2.1977,2.3636,0.10400000000000001,21492,21509.97522444968,false,0.15409311514839152,0.013300000000000001,0.41841666666666666,0.9418,0.9418,36,0,0,0,114.1796875,70.87890625,3,10,20221104,
p05.s2.testhost.latency,pinning-heavy-io,srv,testhost,6.0,210,latency,4,true,ok,,21477.095226329777,0.0383,0.1711,0.7366,2.2621,2.3888000000000003,0.1028,21492,21477.095226329777,false,0.1545834586035591,0.013300000000000001,0.4392857142857143,0.7652,0.7652,35,0,0,0,115.984375,72.84375,3,10,20221105,
p05.s2.testhost.latency,pinning-heavy-io,wks,testhost,1.3,46,latency,0,true,ok,,21518.412029978088,0.039900000000000005,0.2857,0.5604,1.864,2.3328,0.12340000000000001,21492,21518.412029978088,false,0.15827714068920098,0.0218,0.2781366120218579,0.7254,1.2928,366,2,1,0,56.625,14.95703125,3,10,20221101,
p05.s2.testhost.latency,pinning-heavy-io,wks,testhost,1.3,46,latency,1,true,ok,,21485.394067685498,0.04,0.2995,0.6816,2.4047,2.8647,0.1207,21492,21485.394067685498,false,0.15875674669644518,0.023700000000000002,0.2791120218579235,0.5045,1.3237,366,2,1,0,56.5390625,14.95703125,3,10,20221102,
p05.s2.testhost.latency,pinning-heavy-io,wks,testhost,1.3,46,latency,2,true,ok,,21416.50205273672,0.038400000000000004,0.28800000000000003,1.5865,2.3203,2.7222,0.1145,21492,21416.50205273672,false,0.15786195936949707,0.02,0.27318032786885244,0.5693,1.2908,366,2,1,0,56.66796875,14.95703125,3,10,20221103,
p05.s2.testhost.latency,pinning-heavy-io,wks,testhost,1.3,46,latency,3,true,ok,,21510.29467108156,0.0403,0.38020000000000004,1.4487,2.6075,3.0167,0.1182,21492,21510.29467108156,false,0.1563551375109164,0.033600000000000005,0.34837704918032786,0.5938,1.3633,367,2,1,0,56.9453125,14.95703125,3,10,20221104,
p05.s2.testhost.latency,pinning-heavy-io,wks,testhost,1.3,46,latency,4,true,ok,,21477.418980254308,0.0397,0.33230000000000004,0.5416000000000001,2.0962,2.4953000000000003,0.1139,21492,21477.418980254308,false,0.15824134919612307,0.0325,0.3439207650273224,0.5958,1.3837,366,2,1,0,60.56640625,18.640625,3,10,20221105,
p05.s2.testhost.latency,pinning-heavy-io,wks,testhost,2.0,70,latency,0,true,ok,,21518.36860889334,0.0392,0.2612,0.5367000000000001,0.9902000000000001,1.4991,0.1111,21492,21518.36860889334,false,0.15685621841400735,0.015700000000000002,0.3605159817351598,0.8119,1.3638,219,2,1,0,60.625,18.703125,3,10,20221101,
p05.s2.testhost.latency,pinning-heavy-io,wks,testhost,2.0,70,latency,1,true,ok,,21485.357058141577,0.038900000000000004,0.24430000000000002,0.504,0.7862,2.0474,0.1116,21492,21485.357058141577,false,0.1572642414350957,0.0155,0.3570593607305936,0.8142,1.3521,219,2,1,0,60.6171875,18.703125,3,10,20221102,
p05.s2.testhost.latency,pinning-heavy-io,wks,testhost,2.0,70,latency,2,true,ok,,21416.517976618747,0.039900000000000005,0.2607,0.524,2.595,2.8434,0.11280000000000001,21492,21416.517976618747,false,0.15348823891537458,0.0155,0.363634703196347,0.744,1.3873,219,2,1,0,61.0234375,18.953125,3,10,20221103,
p05.s2.testhost.latency,pinning-heavy-io,wks,testhost,2.0,70,latency,3,true,ok,,21510.28456920246,0.0403,0.3033,0.9710000000000001,1.8431000000000002,2.0509,0.11900000000000001,21492,21510.28456920246,false,0.15363498403699408,0.016800000000000002,0.3603013698630137,0.8666,1.3835,219,2,1,0,60.77734375,18.953125,3,10,20221104,
p05.s2.testhost.latency,pinning-heavy-io,wks,testhost,2.0,70,latency,4,true,ok,,21477.436976041816,0.0391,0.2675,0.5896,1.5055,1.7489000000000001,0.11,21492,21477.436976041816,false,0.15551045827427737,0.0154,0.3555296803652968,0.8259,1.3889,219,2,1,0,60.5625,18.703125,3,10,20221105,
p05.s2.testhost.latency,pinning-heavy-io,wks,testhost,6.0,210,latency,0,true,ok,,21518.438049567038,0.039,0.2025,0.7155,2.5163,2.9649,0.10980000000000001,21492,21518.438049567038,false,0.15499863992326304,0.0137,0.38613761467889907,0.8427,1.4559,109,2,1,0,72.70703125,30.63671875,3,10,20221101,
p05.s2.testhost.latency,pinning-heavy-io,wks,testhost,6.0,210,latency,1,true,ok,,21485.29278740622,0.0386,0.194,0.5247,1.4826000000000001,2.4369,0.1076,21492,21485.29278740622,false,0.1553493965554267,0.0137,0.3926146788990826,0.9721,1.3321,109,2,1,0,70.6171875,28.703125,3,10,20221102,
p05.s2.testhost.latency,pinning-heavy-io,wks,testhost,6.0,210,latency,2,true,ok,,21416.432940079885,0.038700000000000005,0.1961,0.7331000000000001,2.3863000000000003,3.0187,0.1071,21492,21416.432940079885,false,0.15311958653667196,0.0134,0.3847522935779817,0.8472,1.403,109,2,1,0,70.61328125,28.703125,3,10,20221103,
p05.s2.testhost.latency,pinning-heavy-io,wks,testhost,6.0,210,latency,3,true,ok,,21510.28291315761,0.038700000000000005,0.21200000000000002,1.0457,2.0334000000000003,2.2661000000000002,0.10940000000000001,21492,21510.28291315761,false,0.15627639622614498,0.014,0.38288990825688074,1.1638,1.4019,109,2,1,0,70.6015625,28.703125,3,10,20221104,
p05.s2.testhost.latency,pinning-heavy-io,wks,testhost,6.0,210,latency,4,true,ok,,21477.427895594807,0.0383,0.18430000000000002,0.5001,1.0365,1.5473000000000001,0.10700000000000001,21492,21477.427895594807,false,0.15486621139887471,0.013600000000000001,0.3844311926605504,0.8616,1.4299,109,2,1,0,70.45703125,28.703125,3,10,20221105,
p05.s2.testhost.latency,pointer-chasing,srv,testhost,1.3,46,latency,0,true,ok,,82347.92589372724,0.0211,0.1009,1.2002000000000002,1.8846,2.0536000000000003,0.010400000000000001,82360,82347.92589372724,false,0.17424907535398065,0.0077,,,,0,0,0,0,93.3125,11.5625,3,10,20221101,
p05.s2.testhost.latency,pointer-chasing,srv,testhost,1.3,46,latency,1,true,ok,,82241.59108766247,0.021400000000000002,0.0896,0.7334,2.1457,2.3786,0.0106,82360,82241.59108766247,false,0.17171610565248255,0.0091,,,,0,0,0,0,93.26953125,11.1875,3,10,20221102,
p05.s2.testhost.latency,pointer-chasing,srv,testhost,1.3,46,latency,2,true,ok,,82328.85436109632,0.0211,0.0729,0.5779000000000001,2.2887,2.5678,0.0105,82360,82328.85436109632,false,0.15528729405611388,0.007,,,,0,0,0,0,93.2109375,11.5625,3,10,20221103,
p05.s2.testhost.latency,pointer-chasing,srv,testhost,1.3,46,latency,3,true,ok,,82497.60092156172,0.021500000000000002,0.0913,3.5234,7.9271,8.331900000000001,0.0105,82360,82497.60092156172,false,0.17181977808495535,0.0077,,,,0,0,0,0,93.37890625,10.75,3,10,20221104,
p05.s2.testhost.latency,pointer-chasing,srv,testhost,1.3,46,latency,4,true,ok,,82351.36767625135,0.021500000000000002,0.0746,1.1919,2.2664,2.5198,0.010700000000000001,82360,82351.36767625135,false,0.1707008630029514,0.0074,,,,0,0,0,0,93.4296875,11.5625,3,10,20221105,
p05.s2.testhost.latency,pointer-chasing,srv,testhost,2.0,70,latency,0,true,ok,,82347.47431571447,0.0213,0.075,0.6508,2.5444,2.7579000000000002,0.010400000000000001,82360,82347.47431571447,false,0.17198696155714124,0.007500000000000001,,,,0,0,0,0,97.98046875,20.21875,3,10,20221101,
p05.s2.testhost.latency,pointer-chasing,srv,testhost,2.0,70,latency,1,true,ok,,82241.42052413044,0.0213,0.07730000000000001,1.3177,2.3207,2.4959000000000002,0.0103,82360,82241.42052413044,false,0.17224847760301865,0.0077,,,,0,0,0,0,98.078125,20.21875,3,10,20221102,
p05.s2.testhost.latency,pointer-chasing,srv,testhost,2.0,70,latency,2,true,ok,,82328.76066841345,0.021,0.083,1.2428000000000001,3.2745,3.6470000000000002,0.010100000000000001,82360,82328.76066841345,false,0.172971382672694,0.0074,,,,0,0,0,0,97.99609375,20.15625,3,10,20221103,
p05.s2.testhost.latency,pointer-chasing,srv,testhost,2.0,70,latency,3,true,ok,,82497.65685943037,0.0213,0.25880000000000003,3.4987000000000004,7.368,7.6481,0.0103,82360,82497.65685943037,false,0.17180203235327082,0.0085,,,,0,0,0,0,98.07421875,20.21875,3,10,20221104,
p05.s2.testhost.latency,pointer-chasing,srv,testhost,2.0,70,latency,4,true,ok,,82351.06807646247,0.0219,1.21,6.7079,7.5239,7.7628,0.011000000000000001,82360,82351.06807646247,false,0.16983692606567788,0.01,,,,0,0,0,0,98.05078125,19.84375,3,10,20221105,
p05.s2.testhost.latency,pointer-chasing,srv,testhost,6.0,210,latency,0,true,ok,,82348.21153679462,0.021400000000000002,0.1492,2.9407,5.5347,5.8848,0.010700000000000001,82360,82348.21153679462,false,0.17185526954832442,0.0091,,,,0,0,0,0,92.9453125,,3,10,20221101,
p05.s2.testhost.latency,pointer-chasing,srv,testhost,6.0,210,latency,1,true,ok,,82241.43821216756,0.0211,0.0723,0.9849,2.16,2.5103,0.010400000000000001,82360,82241.43821216756,false,0.17230918668509732,0.0073,,,,0,0,0,0,93.07421875,,3,10,20221102,
p05.s2.testhost.latency,pointer-chasing,srv,testhost,6.0,210,latency,2,true,ok,,82329.0309850446,0.020900000000000002,0.0728,0.7579,1.8268,2.1832000000000003,0.0102,82360,82329.0309850446,false,0.1676504651249673,0.0074,,,,0,0,0,0,93.15625,,3,10,20221103,
p05.s2.testhost.latency,pointer-chasing,srv,testhost,6.0,210,latency,3,true,ok,,82497.8907822484,0.020800000000000003,0.08,0.8746,2.9996,3.1671,0.01,82360,82497.8907822484,false,0.17373071319161654,0.0079,,,,0,0,0,0,93.203125,,3,10,20221104,
p05.s2.testhost.latency,pointer-chasing,srv,testhost,6.0,210,latency,4,true,ok,,82351.08771189986,0.0218,0.0994,1.4848000000000001,2.5953,3.0158,0.0109,82360,82351.08771189986,false,0.16939515074532074,0.0085,,,,0,0,0,0,93.17578125,,3,10,20221105,
p05.s2.testhost.latency,pointer-chasing,wks,testhost,1.3,46,latency,0,true,ok,,82347.58261798415,0.0213,0.1273,1.6521000000000001,3.4564000000000004,3.718,0.0103,82360,82347.58261798415,false,0.171684350132626,0.0079,2.0225,3.294,3.294,1,1,1,0,92.61328125,14.0234375,3,10,20221101,
p05.s2.testhost.latency,pointer-chasing,wks,testhost,1.3,46,latency,1,true,ok,,82241.33840120066,0.021400000000000002,0.10540000000000001,1.0262,3.5043,3.7769000000000004,0.010400000000000001,82360,82241.33840120066,false,0.17312735831434228,0.008700000000000001,2.107,3.4775,3.4775,1,1,1,0,92.41796875,14.0234375,3,10,20221102,
p05.s2.testhost.latency,pointer-chasing,wks,testhost,1.3,46,latency,2,true,ok,,82328.64861730923,0.0213,0.114,1.0625,2.6546000000000003,2.9142,0.010400000000000001,82360,82328.64861730923,false,0.1729966002914036,0.0083,2.0835,3.3649,3.3649,1,1,1,0,97.05859375,13.9609375,3,10,20221103,
p05.s2.testhost.latency,pointer-chasing,wks,testhost,1.3,46,latency,3,true,ok,,82497.55578992754,0.021400000000000002,0.085,0.6335000000000001,1.6329,1.9204,0.0105,82360,82497.55578992754,false,0.166053349273359,0.0074,2.231,3.6338,3.6338,1,1,1,0,92.546875,14.0234375,3,10,20221104,
p05.s2.testhost.latency,pointer-chasing,wks,testhost,1.3,46,latency,4,true,ok,,82351.08074448552,0.021400000000000002,0.1042,1.3050000000000002,2.5123,2.8760000000000003,0.0105,82360,82351.08074448552,false,0.1655050995628946,0.0076,2.0645,3.2736,3.2736,1,1,1,0,92.44140625,13.9609375,3,10,20221105,
p05.s2.testhost.latency,pointer-chasing,wks,testhost,2.0,70,latency,0,true,ok,,82348.01012972511,0.0218,0.079,1.6553,3.1065,3.4951000000000003,0.010700000000000001,82360,82348.01012972511,false,0.16778776104905294,0.007500000000000001,16.673,16.6667,16.6667,1,1,1,0,91.76953125,21.39453125,3,10,20221101,
p05.s2.testhost.latency,pointer-chasing,wks,testhost,2.0,70,latency,1,true,ok,,82241.51085954261,0.0216,0.0776,0.9206000000000001,2.4561,2.8455,0.0106,82360,82241.51085954261,false,0.1691130870101244,0.0076,15.66,15.6482,15.6482,1,1,1,0,91.76953125,21.39453125,3,10,20221102,
p05.s2.testhost.latency,pointer-chasing,wks,testhost,2.0,70,latency,2,true,ok,,82328.89550997713,0.0217,0.14450000000000002,1.7542,3.6314,4.1843,0.010700000000000001,82360,82328.89550997713,false,0.16862461239586057,0.0081,16.294,16.2917,16.2917,1,1,1,0,91.70703125,21.39453125,3,10,20221103,
p05.s2.testhost.latency,pointer-chasing,wks,testhost,2.0,70,latency,3,true,ok,,82497.91493739758,0.021400000000000002,0.23270000000000002,2.9508,4.7860000000000005,5.1928,0.0105,82360,82497.91493739758,false,0.17097825680875706,0.0081,15.627,15.6275,15.6275,1,1,1,0,91.78125,21.39453125,3,10,20221104,
p05.s2.testhost.latency,pointer-chasing,wks,testhost,2.0,70,latency,4,true,ok,,82351.04400722943,0.0218,0.27390000000000003,4.147,6.2226,6.620500000000001,0.0109,82360,82351.04400722943,false,0.16908693540553668,0.0092,16.259,16.2469,16.2469,1,1,1,0,91.7890625,21.39453125,3,10,20221105,
p05.s2.testhost.latency,pointer-chasing,wks,testhost,6.0,210,latency,0,true,ok,,82347.99682929294,0.021500000000000002,0.0978,3.4862,7.3555,7.7006000000000006,0.011000000000000001,82360,82347.99682929294,false,0.16408824298576605,0.0074,16.303,16.3423,16.3423,1,1,1,0,91.71484375,21.390625,3,10,20221101,
p05.s2.testhost.latency,pointer-chasing,wks,testhost,6.0,210,latency,1,true,ok,,82241.34977205809,0.0211,0.07980000000000001,2.0535,3.5866000000000002,4.1849,0.0102,82360,82241.34977205809,false,0.1740221167855942,0.0079,15.84,15.8789,15.8789,1,1,1,0,91.73046875,21.390625,3,10,20221102,
p05.s2.testhost.latency,pointer-chasing,wks,testhost,6.0,210,latency,2,true,ok,,82328.97400949463,0.021,0.060700000000000004,0.533,1.5278,1.6101,0.010100000000000001,82360,82328.97400949463,false,0.1739604737176374,0.0073,15.953,16.0058,16.0058,1,1,1,0,91.75,21.390625,3,10,20221103,
p05.s2.testhost.latency,pointer-chasing,wks,testhost,6.0,210,latency,3,true,ok,,82497.6854640516,0.0212,0.0711,2.9472,6.1993,6.5812,0.010400000000000001,82360,82497.6854640516,false,0.1725875144767811,0.0074,16.552,16.6089,16.6089,1,1,1,0,91.66796875,21.390625,3,10,20221104,
p05.s2.testhost.latency,pointer-chasing,wks,testhost,6.0,210,latency,4,true,ok,,82351.03640642192,0.0217,0.10310000000000001,1.556,2.1066000000000003,2.1977,0.010700000000000001,82360,82351.03640642192,false,0.17000877946725446,0.0077,16.736,16.7806,16.7806,1,1,1,0,91.92578125,21.390625,3,10,20221105,
