
  Determining projects to restore...
  Cannot find a manifest file. The list of searched paths:
  
  No tools were restored.
  Restored R:\artifacts\toolset\11.0.0-beta.26379.102\Tools.proj (in 483 ms).
  Restored R:\artifacts\toolset\11.0.0-beta.26379.102\AfterSigning.proj (in 483 ms).
  Restored R:\artifacts\toolset\11.0.0-beta.26379.102\AfterSolutionBuild.proj (in 483 ms).
  Determining projects to restore...
  Restored R:\src\libraries\System.Numerics.Vectors\ref\System.Numerics.Vectors.csproj (in 287 ms).
  Restored R:\src\libraries\System.Private.CoreLib\ref\System.Private.CoreLib.csproj (in 287 ms).
  Restored R:\src\libraries\System.Runtime.InteropServices\ref\System.Runtime.InteropServices.csproj (in 287 ms).
  Restored R:\src\libraries\System.Numerics.Vectors\src\System.Numerics.Vectors.csproj (in 299 ms).
  Restored R:\src\libraries\System.ServiceModel.Syndication\ref\System.ServiceModel.Syndication.csproj (in 287 ms).
  Restored R:\src\libraries\System.ObjectModel\ref\System.ObjectModel.csproj (in 287 ms).
  Restored R:\src\libraries\System.Runtime.InteropServices.JavaScript\ref\System.Runtime.InteropServices.JavaScript.csproj (in 287 ms).
  Restored R:\src\libraries\System.Security.Principal.Windows\src\System.Security.Principal.Windows.csproj (in 304 ms).
  Restored R:\src\libraries\System.ObjectModel\src\System.ObjectModel.csproj (in 300 ms).
  Restored R:\src\libraries\System.Runtime.InteropServices.JavaScript\src\System.Runtime.InteropServices.JavaScript.csproj (in 306 ms).
  Restored R:\src\libraries\System.Security.Principal.Windows\ref\System.Security.Principal.Windows.csproj (in 18 ms).
  Restored R:\src\libraries\System.Security.Cryptography\ref\System.Security.Cryptography.csproj (in 19 ms).
  Restored R:\src\libraries\System.Security.Cryptography.ProtectedData\ref\System.Security.Cryptography.ProtectedData.csproj (in 18 ms).
  Restored R:\src\libraries\System.Private.CoreLib\gen\System.Private.CoreLib.Generators.csproj (in 403 ms).
  Restored R:\src\libraries\System.Runtime.InteropServices\gen\DownlevelLibraryImportGenerator\DownlevelLibraryImportGenerator.csproj (in 403 ms).
  Restored R:\src\libraries\System.Private.CoreLib\gen\EventSourceGenerator.csproj (in 403 ms).
  Restored R:\src\libraries\System.Runtime.InteropServices\gen\ComInterfaceGenerator\ComInterfaceGenerator.csproj (in 435 ms).
  Restored R:\src\libraries\System.Runtime.InteropServices\gen\LibraryImportGenerator\LibraryImportGenerator.csproj (in 437 ms).
  Restored R:\src\libraries\System.Runtime.InteropServices\gen\Microsoft.Interop.SourceGeneration\Microsoft.Interop.SourceGeneration.csproj (in 435 ms).
  Restored R:\src\libraries\System.Security.Cryptography.Xml\ref\System.Security.Cryptography.Xml.csproj (in 180 ms).
  Restored R:\src\libraries\System.Security.Permissions\ref\System.Security.Permissions.csproj (in 92 ms).
  Restored R:\src\libraries\System.Security.Claims\src\System.Security.Claims.csproj (in 111 ms).
  Restored R:\src\libraries\System.Security.AccessControl\src\System.Security.AccessControl.csproj (in 119 ms).
  Restored R:\src\libraries\System.Security.Permissions\src\System.Security.Permissions.csproj (in 203 ms).
  Restored R:\src\libraries\System.Security.Claims\ref\System.Security.Claims.csproj (in 109 ms).
  Restored R:\src\libraries\System.Runtime\src\System.Runtime.csproj (in 21 ms).
  Restored R:\src\libraries\System.Security.AccessControl\ref\System.Security.AccessControl.csproj (in 14 ms).
  Restored R:\src\libraries\System.Security.Cryptography\src\System.Security.Cryptography.csproj (in 197 ms).
  Restored R:\src\libraries\System.Security.Cryptography.ProtectedData\src\System.Security.Cryptography.ProtectedData.csproj (in 233 ms).
  Restored R:\src\libraries\System.Runtime\ref\System.Runtime.csproj (in 17 ms).
  Restored R:\src\libraries\System.Runtime.Serialization.Xml\ref\System.Runtime.Serialization.Xml.csproj (in 16 ms).
  Restored R:\src\libraries\System.Runtime.Serialization.Schema\ref\System.Runtime.Serialization.Schema.csproj (in 25 ms).
  Restored R:\src\libraries\System.Runtime.Serialization.Primitives\src\System.Runtime.Serialization.Primitives.csproj (in 21 ms).
  Restored R:\src\libraries\System.Security.Cryptography.Cose\src\System.Security.Cryptography.Cose.csproj (in 258 ms).
  Restored R:\src\libraries\System.Security.Cryptography.Xml\src\System.Security.Cryptography.Xml.csproj (in 290 ms).
  Restored R:\src\libraries\System.Runtime.Numerics\src\System.Runtime.Numerics.csproj (in 16 ms).
  Restored R:\src\libraries\System.Runtime.Serialization.Formatters\ref\System.Runtime.Serialization.Formatters.csproj (in 16 ms).
  Restored R:\src\libraries\System.Runtime.Serialization.Json\ref\System.Runtime.Serialization.Json.csproj (in 23 ms).
  Restored R:\src\libraries\System.Runtime.Serialization.Schema\src\System.Runtime.Serialization.Schema.csproj (in 22 ms).
  Restored R:\src\libraries\System.Security.Cryptography.Cose\ref\System.Security.Cryptography.Cose.csproj (in 244 ms).
  Restored R:\src\libraries\System.Runtime.Loader\ref\System.Runtime.Loader.csproj (in 17 ms).
  Restored R:\src\libraries\System.Runtime.Serialization.Primitives\ref\System.Runtime.Serialization.Primitives.csproj (in 33 ms).
  Restored R:\src\libraries\System.Runtime.Loader\src\System.Runtime.Loader.csproj (in 19 ms).
  Restored R:\src\libraries\shims\System.Threading.Timer\src\System.Threading.Timer.csproj (in 24 ms).
  Restored R:\src\libraries\System.Runtime.Serialization.Formatters\src\System.Runtime.Serialization.Formatters.csproj (in 19 ms).
  Restored R:\src\libraries\System.Runtime.Numerics\ref\System.Runtime.Numerics.csproj (in 21 ms).
  Restored R:\src\libraries\System.Runtime.InteropServices\src\System.Runtime.InteropServices.csproj (in 24 ms).
  Restored R:\src\libraries\System.Security.Cryptography.Pkcs\src\System.Security.Cryptography.Pkcs.csproj (in 288 ms).
  Restored R:\src\libraries\shims\System.Text.Encoding\src\System.Text.Encoding.csproj (in 17 ms).
  Restored R:\src\libraries\System.Runtime.Intrinsics\src\System.Runtime.Intrinsics.csproj (in 30 ms).
  Restored R:\src\libraries\shims\System.Threading.Tasks.Extensions\src\System.Threading.Tasks.Extensions.csproj (in 19 ms).
  Restored R:\src\libraries\shims\System.Threading.Tasks\src\System.Threading.Tasks.csproj (in 20 ms).
  Restored R:\src\libraries\shims\System.Security.SecureString\src\System.Security.SecureString.csproj (in 17 ms).
  Restored R:\src\libraries\shims\System.Security\src\System.Security.csproj (in 17 ms).
  Restored R:\src\libraries\shims\System.Security.Principal\src\System.Security.Principal.csproj (in 18 ms).
  Restored R:\src\libraries\System.Runtime.Serialization.Json\src\System.Runtime.Serialization.Json.csproj (in 60 ms).
  Restored R:\src\libraries\shims\System.ServiceProcess\src\System.ServiceProcess.csproj (in 18 ms).
  Restored R:\src\libraries\System.Runtime.Intrinsics\ref\System.Runtime.Intrinsics.csproj (in 17 ms).
  Restored R:\src\libraries\shims\System.Globalization\src\System.Globalization.csproj (in 18 ms).
  Restored R:\src\libraries\shims\System.Security.Cryptography.X509Certificates\src\System.Security.Cryptography.X509Certificates.csproj (in 24 ms).
  Restored R:\src\libraries\shims\System.Security.Cryptography.Csp\src\System.Security.Cryptography.Csp.csproj (in 48 ms).
  Restored R:\src\libraries\System.Security.Cryptography.Pkcs\ref\System.Security.Cryptography.Pkcs.csproj (in 277 ms).
  Restored R:\src\libraries\System.Runtime.Serialization.Xml\src\System.Runtime.Serialization.Xml.csproj (in 125 ms).
  Restored R:\src\libraries\shims\System.Security.Cryptography.OpenSsl\src\System.Security.Cryptography.OpenSsl.csproj (in 53 ms).
  Restored R:\src\libraries\shims\System.Security.Cryptography.Encoding\src\System.Security.Cryptography.Encoding.csproj (in 51 ms).
  Restored R:\src\libraries\shims\System.IO.FileSystem\src\System.IO.FileSystem.csproj (in 43 ms).
  Restored R:\src\libraries\shims\System.Transactions\src\System.Transactions.csproj (in 108 ms).
  Restored R:\src\libraries\shims\System.Globalization.Calendars\src\System.Globalization.Calendars.csproj (in 16 ms).
  Restored R:\src\libraries\sfx.proj (in 12 ms).
  Restored R:\src\libraries\shims\System.IO.FileSystem.Primitives\src\System.IO.FileSystem.Primitives.csproj (in 29 ms).
  Restored R:\src\libraries\sfx-src.proj (in 15 ms).
  Restored R:\src\libraries\shims\System.Security.Cryptography.Primitives\src\System.Security.Cryptography.Primitives.csproj (in 26 ms).
  Restored R:\src\libraries\sfx-finish.proj (in 21 ms).
  Restored R:\src\libraries\oob-src.proj (in 12 ms).
  Restored R:\src\libraries\pretest.proj (in 17 ms).
  Restored R:\src\libraries\oob-trim.proj (in 18 ms).
  Restored R:\src\libraries\oob.proj (in 13 ms).
  Restored R:\src\libraries\shims\System.Dynamic.Runtime\src\System.Dynamic.Runtime.csproj (in 25 ms).
  Restored R:\src\libraries\shims\System.ServiceModel.Web\src\System.ServiceModel.Web.csproj (in 139 ms).
  Restored R:\src\libraries\shims\System.IO.Compression.FileSystem\src\System.IO.Compression.FileSystem.csproj (in 117 ms).
  Restored R:\src\libraries\Microsoft.Win32.Registry\src\Microsoft.Win32.Registry.csproj (in 21 ms).
  Restored R:\src\libraries\shims\System.Globalization.Extensions\src\System.Globalization.Extensions.csproj (in 116 ms).
  Restored R:\src\libraries\Microsoft.Win32.Primitives\ref\Microsoft.Win32.Primitives.csproj (in 14 ms).
  Restored R:\src\libraries\sfx-gen.proj (in 14 ms).
  Restored R:\src\libraries\Microsoft.Win32.Primitives\src\Microsoft.Win32.Primitives.csproj (in 29 ms).
  Restored R:\src\libraries\Microsoft.Win32.SystemEvents\src\Microsoft.Win32.SystemEvents.csproj (in 74 ms).
  Restored R:\src\libraries\Microsoft.Win32.Registry\ref\Microsoft.Win32.Registry.csproj (in 18 ms).
  Restored R:\src\libraries\Microsoft.Win32.SystemEvents\ref\Microsoft.Win32.SystemEvents.csproj (in 54 ms).
  Restored R:\src\libraries\Microsoft.Extensions.Configuration.FileExtensions\ref\Microsoft.Extensions.Configuration.FileExtensions.csproj (in 23 ms).
  Restored R:\src\libraries\Microsoft.Extensions.Configuration.Ini\ref\Microsoft.Extensions.Configuration.Ini.csproj (in 26 ms).
  Restored R:\src\libraries\shims\System.Security.Cryptography.Cng\src\System.Security.Cryptography.Cng.csproj (in 268 ms).
  Restored R:\src\libraries\Microsoft.Extensions.Configuration.Xml\ref\Microsoft.Extensions.Configuration.Xml.csproj (in 30 ms).
  Restored R:\src\libraries\Microsoft.Extensions.Configuration.Ini\src\Microsoft.Extensions.Configuration.Ini.csproj (in 47 ms).
  Restored R:\src\libraries\Microsoft.Extensions.Configuration.CommandLine\src\Microsoft.Extensions.Configuration.CommandLine.csproj (in 28 ms).
  Restored R:\src\libraries\Microsoft.Extensions.Configuration.CommandLine\ref\Microsoft.Extensions.Configuration.CommandLine.csproj (in 20 ms).
  Restored R:\src\libraries\apicompat\ApiCompat.proj (in 29 ms).
  Restored R:\src\libraries\Microsoft.Extensions.Configuration.UserSecrets\src\Microsoft.Extensions.Configuration.UserSecrets.csproj (in 112 ms).
  Restored R:\src\installer\tests\hostpretest.proj (in 14 ms).
  Restored R:\src\libraries\Microsoft.Extensions.Configuration.Json\ref\Microsoft.Extensions.Configuration.Json.csproj (in 62 ms).
  Restored R:\src\libraries\Microsoft.Extensions.Configuration.UserSecrets\ref\Microsoft.Extensions.Configuration.UserSecrets.csproj (in 102 ms).
  Restored R:\src\libraries\Microsoft.Extensions.Configuration.Binder\src\Microsoft.Extensions.Configuration.Binder.csproj (in 32 ms).
  Restored R:\src\libraries\Microsoft.Extensions.Configuration.Xml\src\Microsoft.Extensions.Configuration.Xml.csproj (in 137 ms).
  Restored R:\src\libraries\Microsoft.Extensions.Configuration.EnvironmentVariables\ref\Microsoft.Extensions.Configuration.EnvironmentVariables.csproj (in 122 ms).
  Restored R:\src\libraries\Microsoft.Extensions.Configuration.FileExtensions\src\Microsoft.Extensions.Configuration.FileExtensions.csproj (in 102 ms).
  Restored R:\src\installer\tests\Assets\Projects\WindowsSpecific\WindowsSpecific.csproj (in 29 ms).
  Restored R:\src\installer\tests\Assets\Projects\StartupHook\StartupHook.csproj (in 26 ms).
  Restored R:\src\installer\tests\Assets\Projects\ServicedLibrary\ServicedLibrary.csproj (in 12 ms).
  Restored R:\src\installer\tests\Assets\Projects\ManagedHost\RegFreeCom.csproj (in 18 ms).
  Restored R:\src\installer\tests\Assets\Projects\ManagedHost\ManagedHost.csproj (in 12 ms).
  Restored R:\src\installer\tests\Assets\Projects\LocalizedApp\LocalizedApp.csproj (in 14 ms).
  Restored R:\src\installer\tests\Assets\Projects\StartupHookWithAssemblyResolver\StartupHookWithAssemblyResolver.csproj (in 18 ms).
  Restored R:\src\installer\tests\Assets\Projects\HostApiInvokerApp\HostApiInvokerApp.csproj (in 18 ms).
  Restored R:\src\libraries\Microsoft.Extensions.Configuration.EnvironmentVariables\src\Microsoft.Extensions.Configuration.EnvironmentVariables.csproj (in 203 ms).
  Restored R:\src\installer\tests\Assets\Projects\HelloWorld\HelloWorld_??.csproj (in 13 ms).
  Restored R:\src\libraries\Microsoft.Extensions.Configuration.Binder\ref\Microsoft.Extensions.Configuration.Binder.csproj (in 30 ms).
  Restored R:\src\installer\tests\Assets\Projects\HammerServicing\HammerServicing.csproj (in 19 ms).
  Restored R:\src\installer\tests\Assets\Projects\Component\Component.csproj (in 20 ms).
  Restored R:\src\installer\tests\Assets\Projects\ComLibrary\ComLibrary.csproj (in 14 ms).
  Restored R:\src\installer\tests\Assets\Projects\ComLibraryConflictingGuid\ComLibraryConflictingGuid.csproj (in 14 ms).
  Restored R:\src\installer\tests\Assets\Projects\AppWithUnknownLanguageResource\AppWithUnknownLanguageResource.csproj (in 15 ms).
  Restored R:\src\installer\tests\Assets\Projects\SharedLibrary\SharedLibrary.csproj (in 130 ms).
  Restored R:\src\installer\tests\Assets\Projects\AppWithSubDirs\AppWithSubDirs.csproj (in 13 ms).
  Restored R:\src\installer\tests\Assets\Projects\ComLibraryMissingGuid\ComLibraryMissingGuid.csproj (in 55 ms).
  Restored R:\src\installer\tests\Assets\Projects\HelloWorld\HelloWorld.csproj (in 17 ms).
  Restored R:\src\installer\tests\Assets\Projects\SingleFileApiTests\SingleFileApiTests.csproj (in 139 ms).
  Restored R:\src\installer\pkg\projects\host-packages.proj (in 17 ms).
  Restored R:\src\coreclr\tools\tieringtest\tieringtest.csproj (in 14 ms).
  Restored R:\src\coreclr\tools\runincontext\runincontext.csproj (in 13 ms).
  Restored R:\src\installer\tests\Assets\Projects\AppWithCustomEntryPoints\AppWithCustomEntryPoints.csproj (in 92 ms).
  Restored R:\src\installer\pkg\projects\Microsoft.NETCore.DotNetAppHost\Microsoft.NETCore.DotNetAppHost.pkgproj (in 80 ms).
  Restored R:\src\installer\tests\Assets\Projects\HelloWorld\SelfContained.csproj (in 164 ms).
  Restored R:\src\installer\managed\Microsoft.NET.HostModel\Microsoft.NET.HostModel.csproj (in 51 ms).
  Restored R:\src\libraries\Microsoft.Extensions.Configuration.Json\src\Microsoft.Extensions.Configuration.Json.csproj (in 278 ms).
  Restored R:\src\coreclr\tools\ILVerification\ILVerification.csproj (in 17 ms).
  Restored R:\src\libraries\Microsoft.Win32.Registry.AccessControl\ref\Microsoft.Win32.Registry.AccessControl.csproj (in 480 ms).
  Restored R:\src\native\managed\cdac\Microsoft.Diagnostics.DataContractReader.Abstractions\Microsoft.Diagnostics.DataContractReader.Abstractions.csproj (in 19 ms).
  Restored R:\src\libraries\Microsoft.Win32.Registry.AccessControl\src\Microsoft.Win32.Registry.AccessControl.csproj (in 520 ms).
  Restored R:\src\coreclr\tools\ILVerify\ILVerify.csproj (in 82 ms).
  Restored R:\src\native\libs\build-native.proj (in 13 ms).
  Restored R:\src\native\corehost\corehost.proj (in 12 ms).
  Restored R:\src\libraries\System.Xml.XPath\ref\System.Xml.XPath.csproj (in 13 ms).
  Restored R:\src\native\managed\cdac\Microsoft.Diagnostics.DataContractReader.Contracts\Microsoft.Diagnostics.DataContractReader.Contracts.csproj (in 37 ms).
  Restored R:\src\libraries\System.Xml.XmlSerializer\ref\System.Xml.XmlSerializer.csproj (in 17 ms).
  Restored R:\src\libraries\System.Xml.XPath.XDocument\ref\System.Xml.XPath.XDocument.csproj (in 13 ms).
  Restored R:\src\libraries\System.Xml.XDocument\ref\System.Xml.XDocument.csproj (in 15 ms).
  Restored R:\src\libraries\System.Xml.XPath\src\System.Xml.XPath.csproj (in 74 ms).
  Restored R:\src\libraries\System.Xml.ReaderWriter\ref\System.Xml.ReaderWriter.csproj (in 14 ms).
  Restored R:\src\libraries\System.Xml.XDocument\src\System.Xml.XDocument.csproj (in 33 ms).
  Restored R:\src\libraries\System.Threading.WebAssembly.Threading\ref\System.Threading.WebAssembly.Threading.csproj (in 13 ms).
  Restored R:\src\libraries\System.Threading.Thread\src\System.Threading.Thread.csproj (in 16 ms).
  Restored R:\src\libraries\System.Threading.Thread\ref\System.Threading.Thread.csproj (in 15 ms).
  Restored R:\src\libraries\System.Windows.Extensions\src\System.Windows.Extensions.csproj (in 23 ms).
  Restored R:\src\installer\tests\TestUtils\TestUtils.csproj (in 567 ms).
  Restored R:\src\libraries\System.Threading.ThreadPool\src\System.Threading.ThreadPool.csproj (in 33 ms).
  Restored R:\src\libraries\System.Threading.ThreadPool\ref\System.Threading.ThreadPool.csproj (in 15 ms).
  Restored R:\src\libraries\System.Xml.ReaderWriter\src\System.Xml.ReaderWriter.csproj (in 51 ms).
  Restored R:\src\libraries\System.Xml.XPath.XDocument\src\System.Xml.XPath.XDocument.csproj (in 108 ms).
  Restored R:\src\libraries\System.Threading.Thread.WebAssembly.Threading\ref\System.Threading.Thread.WebAssembly.Threading.csproj (in 14 ms).
  Restored R:\src\coreclr\tools\r2rdump\R2RDump.csproj (in 330 ms).
  Restored R:\src\coreclr\tools\SuperFileCheck\SuperFileCheck.csproj (in 297 ms).
  Restored R:\src\libraries\System.Xml.XmlSerializer\src\System.Xml.XmlSerializer.csproj (in 80 ms).
  Restored R:\src\libraries\System.Threading.Tasks.Parallel\src\System.Threading.Tasks.Parallel.csproj (in 21 ms).
  Restored R:\src\libraries\System.Threading.ThreadPool.WebAssembly.Threading\ref\System.Threading.ThreadPool.WebAssembly.Threading.csproj (in 15 ms).
  Restored R:\src\libraries\System.Threading.Overlapped\src\System.Threading.Overlapped.csproj (in 15 ms).
  Restored R:\src\libraries\System.Threading.RateLimiting\src\System.Threading.RateLimiting.csproj (in 24 ms).
  Restored R:\src\libraries\System.Threading.Tasks.Dataflow\ref\System.Threading.Tasks.Dataflow.csproj (in 25 ms).
  Restored R:\src\libraries\System.Threading.Tasks.Dataflow\src\System.Threading.Tasks.Dataflow.csproj (in 42 ms).
  Restored R:\src\libraries\System.Threading.Tasks.Parallel\ref\System.Threading.Tasks.Parallel.csproj (in 89 ms).
  Restored R:\src\libraries\System.Threading.RateLimiting\ref\System.Threading.RateLimiting.csproj (in 20 ms).
  Restored R:\src\libraries\System.Text.RegularExpressions\ref\System.Text.RegularExpressions.csproj (in 13 ms).
  Restored R:\src\libraries\System.Threading.AccessControl\src\System.Threading.AccessControl.csproj (in 27 ms).
  Restored R:\src\libraries\System.Threading.AccessControl\ref\System.Threading.AccessControl.csproj (in 21 ms).
  Restored R:\src\libraries\System.Threading.Channels\ref\System.Threading.Channels.csproj (in 26 ms).
  Restored R:\src\libraries\System.Text.RegularExpressions\src\System.Text.RegularExpressions.csproj (in 25 ms).
  Restored R:\src\libraries\System.Threading.Overlapped\ref\System.Threading.Overlapped.csproj (in 12 ms).
  Restored R:\src\coreclr\tools\PdbChecker\PdbChecker.csproj (in 436 ms).
  Restored R:\src\libraries\System.Threading.Channels\src\System.Threading.Channels.csproj (in 25 ms).
  Restored R:\src\libraries\System.Text.Json\ref\System.Text.Json.csproj (in 28 ms).
  Restored R:\src\libraries\System.Text.Encoding.Extensions\src\System.Text.Encoding.Extensions.csproj (in 14 ms).
  Restored R:\src\libraries\System.Text.Encoding.Extensions\ref\System.Text.Encoding.Extensions.csproj (in 15 ms).
  Restored R:\src\coreclr\tools\r2rtest\R2RTest.csproj (in 520 ms).
  Restored R:\src\libraries\System.Text.Encodings.Web\ref\System.Text.Encodings.Web.csproj (in 20 ms).
  Restored R:\src\native\managed\cdac\gen\Microsoft.Diagnostics.DataContractReader.DataGenerator.csproj (in 422 ms).
  Restored R:\src\libraries\System.Text.Encodings.Web\src\System.Text.Encodings.Web.csproj (in 52 ms).
  Restored R:\src\libraries\System.Speech\ref\System.Speech.csproj (in 16 ms).
  Restored R:\src\libraries\System.ServiceModel.Syndication\src\System.ServiceModel.Syndication.csproj (in 20 ms).
  Restored R:\src\libraries\System.Net.Security\ref\System.Net.Security.csproj (in 16 ms).
  Restored R:\src\libraries\System.ServiceProcess.ServiceController\ref\System.ServiceProcess.ServiceController.csproj (in 32 ms).
  Restored R:\src\libraries\System.Text.Encoding.CodePages\src\System.Text.Encoding.CodePages.csproj (in 82 ms).
  Restored R:\src\libraries\System.Text.Encoding.CodePages\ref\System.Text.Encoding.CodePages.csproj (in 35 ms).
  Restored R:\src\libraries\System.Net.Requests\ref\System.Net.Requests.csproj (in 18 ms).
  Restored R:\src\libraries\System.ServiceProcess.ServiceController\src\System.ServiceProcess.ServiceController.csproj (in 46 ms).
  Restored R:\src\libraries\System.Speech\src\System.Speech.csproj (in 62 ms).
  Restored R:\src\libraries\System.Text.RegularExpressions\gen\System.Text.RegularExpressions.Generator.csproj (in 236 ms).
  Restored R:\src\libraries\System.Net.Primitives\src\System.Net.Primitives.csproj (in 28 ms).
  Restored R:\src\libraries\System.Net.Primitives\ref\System.Net.Primitives.csproj (in 15 ms).
  Restored R:\src\libraries\System.Net.Ping\ref\System.Net.Ping.csproj (in 20 ms).
  Restored R:\src\libraries\System.Net.Security\src\System.Net.Security.csproj (in 114 ms).
  Restored R:\src\libraries\System.Net.Requests\src\System.Net.Requests.csproj (in 42 ms).
  Restored R:\src\libraries\System.Text.Json\src\System.Text.Json.csproj (in 132 ms).
  Restored R:\src\libraries\System.Net.NetworkInformation\ref\System.Net.NetworkInformation.csproj (in 16 ms).
  Restored R:\src\libraries\System.Net.Quic\ref\System.Net.Quic.csproj (in 80 ms).
  Restored R:\src\libraries\System.Net.NameResolution\ref\System.Net.NameResolution.csproj (in 20 ms).
  Restored R:\src\libraries\System.Net.Quic\src\System.Net.Quic.csproj (in 127 ms).
  Restored R:\src\libraries\System.Net.NameResolution\src\System.Net.NameResolution.csproj (in 66 ms).
  Restored R:\src\libraries\shims\System.Windows\src\System.Windows.csproj (in 20 ms).
  Restored R:\src\libraries\shims\System.Xml.XmlDocument\src\System.Xml.XmlDocument.csproj (in 36 ms).
  Restored R:\src\libraries\shims\System.Web\src\System.Web.csproj (in 15 ms).
  Restored R:\src\libraries\shims\System.ValueTuple\src\System.ValueTuple.csproj (in 18 ms).
  Restored R:\src\libraries\shims\System.Xml.Linq\src\System.Xml.Linq.csproj (in 43 ms).
  Restored R:\src\libraries\System.Net.Mail\src\System.Net.Mail.csproj (in 67 ms).
  Restored R:\src\libraries\shims\System.Xml.Serialization\src\System.Xml.Serialization.csproj (in 37 ms).
  Restored R:\src\libraries\System.Net.Ping\src\System.Net.Ping.csproj (in 95 ms).
  Restored R:\src\libraries\Microsoft.Extensions.FileProviders.Abstractions\ref\Microsoft.Extensions.FileProviders.Abstractions.csproj (in 18 ms).
  Restored R:\src\libraries\System.Net.NetworkInformation\src\System.Net.NetworkInformation.csproj (in 126 ms).
  Restored R:\src\libraries\shims\System.Xml\src\System.Xml.csproj (in 99 ms).
  Restored R:\src\libraries\Microsoft.Extensions.DependencyModel\ref\Microsoft.Extensions.DependencyModel.csproj (in 17 ms).
  Restored R:\src\libraries\Microsoft.Extensions.Diagnostics.Abstractions\ref\Microsoft.Extensions.Diagnostics.Abstractions.csproj (in 26 ms).
  Restored R:\src\libraries\System.Net.Http\ref\System.Net.Http.csproj (in 18 ms).
  Restored R:\src\libraries\Microsoft.Extensions.DependencyModel\src\Microsoft.Extensions.DependencyModel.csproj (in 35 ms).
  Restored R:\src\libraries\System.Net.Mail\ref\System.Net.Mail.csproj (in 39 ms).
  Restored R:\src\libraries\System.Net.HttpListener\ref\System.Net.HttpListener.csproj (in 20 ms).
  Restored R:\src\libraries\System.IO.Ports\pkg\runtime.linux-arm64.runtime.native.System.IO.Ports.proj (in 14 ms).
  Restored R:\src\libraries\Microsoft.Extensions.Diagnostics.Abstractions\src\Microsoft.Extensions.Diagnostics.Abstractions.csproj (in 83 ms).
  Restored R:\src\libraries\System.IO.Ports\pkg\runtime.android-x86.runtime.native.System.IO.Ports.proj (in 17 ms).
  Restored R:\src\libraries\System.IO.Ports\pkg\runtime.linux-arm.runtime.native.System.IO.Ports.proj (in 12 ms).
  Restored R:\src\libraries\System.Net.Http.WinHttpHandler\ref\System.Net.Http.WinHttpHandler.csproj (in 25 ms).
  Restored R:\src\libraries\Microsoft.Extensions.Diagnostics\ref\Microsoft.Extensions.Diagnostics.csproj (in 88 ms).
  Restored R:\src\libraries\System.Net.Http.WinHttpHandler\src\System.Net.Http.WinHttpHandler.csproj (in 42 ms).
  Restored R:\src\libraries\System.IO.Pipes\ref\System.IO.Pipes.csproj (in 14 ms).
  Restored R:\src\libraries\Microsoft.Extensions.Diagnostics\src\Microsoft.Extensions.Diagnostics.csproj (in 98 ms).
  Restored R:\src\libraries\System.IO.Ports\pkg\runtime.android-x64.runtime.native.System.IO.Ports.proj (in 16 ms).
  Restored R:\src\libraries\System.IO.Ports\pkg\runtime.android-arm64.runtime.native.System.IO.Ports.proj (in 14 ms).
  Restored R:\src\libraries\System.IO.Ports\pkg\runtime.android-arm.runtime.native.System.IO.Ports.proj (in 15 ms).
  Restored R:\src\libraries\System.IO.Pipes.AccessControl\ref\System.IO.Pipes.AccessControl.csproj (in 26 ms).
  Restored R:\src\libraries\System.IO.Pipelines\ref\System.IO.Pipelines.csproj (in 16 ms).
  Restored R:\src\installer\tests\AppHost.Bundle.Tests\AppHost.Bundle.Tests.csproj (in 1.13 sec).
  Restored R:\src\libraries\System.Net.HttpListener\src\System.Net.HttpListener.csproj (in 97 ms).
  Restored R:\src\libraries\System.IO.MemoryMappedFiles\src\System.IO.MemoryMappedFiles.csproj (in 23 ms).
  Restored R:\src\libraries\System.Text.Json\gen\System.Text.Json.SourceGeneration.Roslyn4.0.csproj (in 659 ms).
  Restored R:\src\installer\tests\Microsoft.NET.HostModel.Tests\Microsoft.NET.HostModel.Tests.csproj (in 1.36 sec).
  Restored R:\src\libraries\System.IO.Packaging\src\System.IO.Packaging.csproj (in 22 ms).
  Restored R:\src\libraries\System.IO.MemoryMappedFiles\ref\System.IO.MemoryMappedFiles.csproj (in 27 ms).
  Restored R:\src\libraries\System.IO.Pipes\src\System.IO.Pipes.csproj (in 63 ms).
  Restored R:\src\libraries\System.IO.Packaging\ref\System.IO.Packaging.csproj (in 24 ms).
  Restored R:\src\installer\tests\HostActivation.Tests\HostActivation.Tests.csproj (in 1.38 sec).
  Restored R:\src\libraries\System.IO.Pipelines\src\System.IO.Pipelines.csproj (in 39 ms).
  Restored R:\src\libraries\System.Net.Http\src\System.Net.Http.csproj (in 218 ms).
  Restored R:\src\libraries\System.IO.IsolatedStorage\ref\System.IO.IsolatedStorage.csproj (in 15 ms).
  Restored R:\src\libraries\System.Text.Json\gen\System.Text.Json.SourceGeneration.Roslyn3.11.csproj (in 734 ms).
  Restored R:\src\libraries\System.IO.Hashing\src\System.IO.Hashing.csproj (in 48 ms).
  Restored R:\src\libraries\System.IO.Hashing\ref\System.IO.Hashing.csproj (in 23 ms).
  Restored R:\src\libraries\System.IO.Pipes.AccessControl\src\System.IO.Pipes.AccessControl.csproj (in 60 ms).
  Restored R:\src\libraries\System.IO.FileSystem.DriveInfo\src\System.IO.FileSystem.DriveInfo.csproj (in 33 ms).
  Restored R:\src\libraries\System.IO.FileSystem.Watcher\ref\System.IO.FileSystem.Watcher.csproj (in 20 ms).
  Restored R:\src\libraries\System.IO.IsolatedStorage\src\System.IO.IsolatedStorage.csproj (in 50 ms).
  Restored R:\src\libraries\System.IO.FileSystem.Watcher\src\System.IO.FileSystem.Watcher.csproj (in 43 ms).
  Restored R:\src\libraries\System.IO.FileSystem.AccessControl\ref\System.IO.FileSystem.AccessControl.csproj (in 29 ms).
  Restored R:\src\libraries\System.IO.Compression\ref\System.IO.Compression.csproj (in 22 ms).
  Restored R:\src\libraries\System.IO.FileSystem.AccessControl\src\System.IO.FileSystem.AccessControl.csproj (in 40 ms).
  Restored R:\src\libraries\System.IO.Compression.Brotli\ref\System.IO.Compression.Brotli.csproj (in 27 ms).
  Restored R:\src\libraries\System.IO.FileSystem.DriveInfo\ref\System.IO.FileSystem.DriveInfo.csproj (in 51 ms).
  Restored R:\src\libraries\System.IO.Compression.ZipFile\ref\System.IO.Compression.ZipFile.csproj (in 19 ms).
  Restored R:\src\libraries\System.Formats.Tar\src\System.Formats.Tar.csproj (in 23 ms).
  Restored R:\src\libraries\System.IO.Compression.Brotli\src\System.IO.Compression.Brotli.csproj (in 26 ms).
  Restored R:\src\libraries\System.IO.Compression.ZipFile\src\System.IO.Compression.ZipFile.csproj (in 23 ms).
  Restored R:\src\libraries\System.IO.Compression\src\System.IO.Compression.csproj (in 69 ms).
  Restored R:\src\libraries\System.Formats.Tar\ref\System.Formats.Tar.csproj (in 17 ms).
  Restored R:\src\libraries\System.Formats.Nrbf\ref\System.Formats.Nrbf.csproj (in 22 ms).
  Restored R:\src\libraries\System.Formats.Cbor\ref\System.Formats.Cbor.csproj (in 18 ms).
  Restored R:\src\libraries\System.Drawing.Primitives\src\System.Drawing.Primitives.csproj (in 36 ms).
  Restored R:\src\libraries\System.Console\ref\System.Console.csproj (in 14 ms).
  Restored R:\src\libraries\System.Formats.Asn1\ref\System.Formats.Asn1.csproj (in 27 ms).
  Restored R:\src\libraries\System.Configuration.ConfigurationManager\src\System.Configuration.ConfigurationManager.csproj (in 29 ms).
  Restored R:\src\libraries\System.Formats.Cbor\src\System.Formats.Cbor.csproj (in 25 ms).
  Restored R:\src\libraries\System.Drawing.Primitives\ref\System.Drawing.Primitives.csproj (in 21 ms).
  Restored R:\src\libraries\System.Configuration.ConfigurationManager\ref\System.Configuration.ConfigurationManager.csproj (in 26 ms).
  Restored R:\src\libraries\System.Formats.Asn1\src\System.Formats.Asn1.csproj (in 45 ms).
  Restored R:\src\libraries\System.Composition.Hosting\src\System.Composition.Hosting.csproj (in 26 ms).
  Restored R:\src\libraries\System.DirectoryServices.Protocols\src\System.DirectoryServices.Protocols.csproj (in 95 ms).
  Restored R:\src\libraries\System.Formats.Nrbf\src\System.Formats.Nrbf.csproj (in 107 ms).
  Restored R:\src\libraries\System.Composition.Runtime\src\System.Composition.Runtime.csproj (in 24 ms).
  Restored R:\src\libraries\System.Composition.TypedParts\src\System.Composition.TypedParts.csproj (in 39 ms).
  Restored R:\src\libraries\System.DirectoryServices\ref\System.DirectoryServices.csproj (in 136 ms).
  Restored R:\src\libraries\System.DirectoryServices\src\System.DirectoryServices.csproj (in 139 ms).
  Restored R:\src\libraries\Microsoft.Extensions.Logging.TraceSource\ref\Microsoft.Extensions.Logging.TraceSource.csproj (in 45 ms).
  Restored R:\src\libraries\Microsoft.Extensions.Logging.EventSource\ref\Microsoft.Extensions.Logging.EventSource.csproj (in 32 ms).
  Restored R:\src\libraries\shims\Microsoft.VisualBasic\src\Microsoft.VisualBasic.csproj (in 54 ms).
  Restored R:\src\libraries\shims\mscorlib\src\mscorlib.csproj (in 74 ms).
  Restored R:\src\libraries\Microsoft.VisualBasic.Core\ref\Microsoft.VisualBasic.Core.csproj (in 36 ms).
  Restored R:\src\libraries\System.Composition\src\System.Composition.csproj (in 130 ms).
  Restored R:\src\libraries\Microsoft.NETCore.Platforms\src\Microsoft.NETCore.Platforms.csproj (in 15 ms).
  Restored R:\src\libraries\shims\mscorlib\ref\mscorlib.csproj (in 90 ms).
  Restored R:\src\libraries\Microsoft.VisualBasic.Core\src\Microsoft.VisualBasic.Core.vbproj (in 40 ms).
  Restored R:\src\libraries\Microsoft.NET.WebAssembly.Threading\src\Microsoft.NET.WebAssembly.Threading.proj (in 36 ms).
  Restored R:\src\libraries\Microsoft.Extensions.Primitives\src\Microsoft.Extensions.Primitives.csproj (in 58 ms).
  Restored R:\src\libraries\Microsoft.Extensions.Primitives\ref\Microsoft.Extensions.Primitives.csproj (in 80 ms).
  Restored R:\src\libraries\Microsoft.Extensions.Options.ConfigurationExtensions\ref\Microsoft.Extensions.Options.ConfigurationExtensions.csproj (in 39 ms).
  Restored R:\src\libraries\Microsoft.Extensions.Options.DataAnnotations\ref\Microsoft.Extensions.Options.DataAnnotations.csproj (in 44 ms).
  Restored R:\src\libraries\Microsoft.Extensions.Options.DataAnnotations\src\Microsoft.Extensions.Options.DataAnnotations.csproj (in 55 ms).
  Restored R:\src\libraries\Microsoft.Extensions.Logging\ref\Microsoft.Extensions.Logging.csproj (in 25 ms).
  Restored R:\src\libraries\Microsoft.Extensions.Configuration.Abstractions\src\Microsoft.Extensions.Configuration.Abstractions.csproj (in 34 ms).
  Restored R:\src\libraries\Microsoft.Extensions.Options\gen\Microsoft.Extensions.Options.SourceGeneration.csproj (in 154 ms).
  Restored R:\src\libraries\Microsoft.Extensions.Configuration.Abstractions\ref\Microsoft.Extensions.Configuration.Abstractions.csproj (in 26 ms).
  Restored R:\src\libraries\System.Text.Json\gen\System.Text.Json.SourceGeneration.Roslyn4.4.csproj (in 1.34 sec).
  Restored R:\src\libraries\Microsoft.Extensions.Caching.Abstractions\src\Microsoft.Extensions.Caching.Abstractions.csproj (in 29 ms).
  Restored R:\src\libraries\Microsoft.Extensions.Options\ref\Microsoft.Extensions.Options.csproj (in 160 ms).
  Restored R:\src\libraries\Microsoft.Extensions.Caching.Abstractions\ref\Microsoft.Extensions.Caching.Abstractions.csproj (in 21 ms).
  Restored R:\src\libraries\Microsoft.CSharp\ref\Microsoft.CSharp.csproj (in 18 ms).
  Restored R:\src\libraries\Microsoft.Extensions.Caching.Memory\ref\Microsoft.Extensions.Caching.Memory.csproj (in 30 ms).
  Restored R:\src\libraries\Microsoft.Bcl.TimeProvider\src\Microsoft.Bcl.TimeProvider.csproj (in 22 ms).
  Restored R:\src\libraries\Microsoft.Bcl.Memory\src\Microsoft.Bcl.Memory.csproj (in 24 ms).
  Restored R:\src\libraries\Microsoft.Bcl.Numerics\src\Microsoft.Bcl.Numerics.csproj (in 18 ms).
  Restored R:\src\libraries\Microsoft.Extensions.Logging.TraceSource\src\Microsoft.Extensions.Logging.TraceSource.csproj (in 126 ms).
  Restored R:\src\libraries\Microsoft.Extensions.Caching.Memory\src\Microsoft.Extensions.Caching.Memory.csproj (in 90 ms).
  Restored R:\src\libraries\Microsoft.Extensions.Options.ConfigurationExtensions\src\Microsoft.Extensions.Options.ConfigurationExtensions.csproj (in 102 ms).
  Restored R:\src\libraries\Microsoft.Extensions.Options\src\Microsoft.Extensions.Options.csproj (in 172 ms).
  Restored R:\src\libraries\Microsoft.CSharp\src\Microsoft.CSharp.csproj (in 32 ms).
  Restored R:\src\libraries\Microsoft.Bcl.Cryptography\src\Microsoft.Bcl.Cryptography.csproj (in 30 ms).
  Restored R:\src\libraries\Microsoft.Bcl.AsyncInterfaces\src\Microsoft.Bcl.AsyncInterfaces.csproj (in 21 ms).
  Restored R:\src\libraries\System.ComponentModel\src\System.ComponentModel.csproj (in 18 ms).
  Restored R:\src\libraries\Microsoft.Extensions.Logging.EventSource\src\Microsoft.Extensions.Logging.EventSource.csproj (in 189 ms).
  Restored R:\src\libraries\Microsoft.Extensions.Logging\src\Microsoft.Extensions.Logging.csproj (in 132 ms).
  Restored R:\src\libraries\System.ComponentModel\ref\System.ComponentModel.csproj (in 14 ms).
  Restored R:\src\libraries\externals.csproj (in 14 ms).
  Restored R:\src\libraries\System.Composition.Convention\src\System.Composition.Convention.csproj (in 26 ms).
  Restored R:\src\libraries\System.Composition.AttributedModel\src\System.Composition.AttributedModel.csproj (in 30 ms).
  Restored R:\src\libraries\System.ComponentModel.TypeConverter\ref\System.ComponentModel.TypeConverter.csproj (in 20 ms).
  Restored R:\src\libraries\System.ComponentModel.Primitives\ref\System.ComponentModel.Primitives.csproj (in 25 ms).
  Restored R:\src\libraries\System.ComponentModel.Primitives\src\System.ComponentModel.Primitives.csproj (in 17 ms).
  Restored R:\src\libraries\System.ComponentModel.Composition\src\System.ComponentModel.Composition.csproj (in 19 ms).
  Restored R:\src\libraries\System.ComponentModel.EventBasedAsync\src\System.ComponentModel.EventBasedAsync.csproj (in 27 ms).
  Restored R:\src\libraries\System.ComponentModel.EventBasedAsync\ref\System.ComponentModel.EventBasedAsync.csproj (in 21 ms).
  Restored R:\src\libraries\System.ComponentModel.Composition.Registration\src\System.ComponentModel.Composition.Registration.csproj (in 26 ms).
  Restored R:\src\libraries\System.ComponentModel.Annotations\ref\System.ComponentModel.Annotations.csproj (in 25 ms).
  Restored R:\src\libraries\System.ComponentModel.Annotations\src\System.ComponentModel.Annotations.csproj (in 44 ms).
  Restored R:\src\libraries\System.ComponentModel.TypeConverter\src\System.ComponentModel.TypeConverter.csproj (in 51 ms).
  Restored R:\src\libraries\System.ComponentModel.Composition\ref\System.ComponentModel.Composition.csproj (in 19 ms).
  Restored R:\src\libraries\System.ComponentModel.Composition.Registration\ref\System.ComponentModel.Composition.Registration.csproj (in 19 ms).
  Restored R:\src\libraries\System.Collections\ref\System.Collections.csproj (in 23 ms).
  Restored R:\src\libraries\System.Collections.NonGeneric\src\System.Collections.NonGeneric.csproj (in 20 ms).
  Restored R:\src\libraries\System.Collections.Specialized\src\System.Collections.Specialized.csproj (in 21 ms).
  Restored R:\src\libraries\System.Collections.Concurrent\ref\System.Collections.Concurrent.csproj (in 14 ms).
  Restored R:\src\libraries\System.Collections.Specialized\ref\System.Collections.Specialized.csproj (in 22 ms).
  Restored R:\src\libraries\System.Collections.Immutable\src\System.Collections.Immutable.csproj (in 34 ms).
  Restored R:\src\libraries\System.Collections.Immutable\ref\System.Collections.Immutable.csproj (in 26 ms).
  Restored R:\src\libraries\System.Collections.Concurrent\src\System.Collections.Concurrent.csproj (in 23 ms).
  Restored R:\src\libraries\System.CodeDom\src\System.CodeDom.csproj (in 18 ms).
  Restored R:\src\libraries\System.Collections\src\System.Collections.csproj (in 42 ms).
  Restored R:\src\libraries\System.CodeDom\ref\System.CodeDom.csproj (in 59 ms).
  Restored R:\src\libraries\System.Collections.NonGeneric\ref\System.Collections.NonGeneric.csproj (in 19 ms).
  Restored R:\src\libraries\Microsoft.Extensions.HostFactoryResolver\src\Microsoft.Extensions.HostFactoryResolver.Sources.csproj (in 13 ms).
  Restored R:\src\libraries\Microsoft.Extensions.FileSystemGlobbing\ref\Microsoft.Extensions.FileSystemGlobbing.csproj (in 16 ms).
  Restored R:\src\libraries\shims\System\ref\System.csproj (in 71 ms).
  Restored R:\src\libraries\Microsoft.Extensions.Hosting.Systemd\ref\Microsoft.Extensions.Hosting.Systemd.csproj (in 35 ms).
  Restored R:\src\libraries\Microsoft.Extensions.FileProviders.Physical\ref\Microsoft.Extensions.FileProviders.Physical.csproj (in 21 ms).
  Restored R:\src\libraries\Microsoft.Extensions.FileProviders.Physical\src\Microsoft.Extensions.FileProviders.Physical.csproj (in 27 ms).
  Restored R:\src\libraries\shims\WindowsBase\src\WindowsBase.csproj (in 153 ms).
  Restored R:\src\libraries\Microsoft.Extensions.FileProviders.Composite\src\Microsoft.Extensions.FileProviders.Composite.csproj (in 25 ms).
  Restored R:\src\libraries\Microsoft.Extensions.FileProviders.Composite\ref\Microsoft.Extensions.FileProviders.Composite.csproj (in 20 ms).
  Restored R:\src\tools\StressLogAnalyzer\src\StressLogAnalyzer.csproj (in 18 ms).
  Restored R:\src\libraries\Microsoft.Extensions.FileProviders.Abstractions\src\Microsoft.Extensions.FileProviders.Abstractions.csproj (in 24 ms).
  Restored R:\src\tools\illink\src\linker\ref\Mono.Linker.csproj (in 49 ms).
  Restored R:\src\tools\illink\src\ILLink.CodeFix\ILLink.CodeFixProvider.csproj (in 18 ms).
  Restored R:\src\libraries\Microsoft.Extensions.Hosting\ref\Microsoft.Extensions.Hosting.csproj (in 45 ms).
  Restored R:\src\tools\illink\src\linker\Mono.Linker.csproj (in 59 ms).
  Restored R:\src\tools\illink\src\ILLink.RoslynAnalyzer\ILLink.RoslynAnalyzer.csproj (in 46 ms).
  Restored R:\src\libraries\Microsoft.Extensions.Hosting.Abstractions\ref\Microsoft.Extensions.Hosting.Abstractions.csproj (in 93 ms).
  Restored R:\src\libraries\shims\System\src\System.csproj (in 191 ms).
  Restored R:\src\tools\hotreload-delta-gen\Microsoft.DotNet.HotReload.Utils.Generator.Tasks\Microsoft.DotNet.HotReload.Utils.Generator.Tasks.csproj (in 17 ms).
  Restored R:\src\libraries\Microsoft.Extensions.Hosting.WindowsServices\ref\Microsoft.Extensions.Hosting.WindowsServices.csproj (in 132 ms).
  Restored R:\src\tools\hotreload-delta-gen\Microsoft.DotNet.HotReload.Utils.Generator.Data\Microsoft.DotNet.HotReload.Utils.Generator.Data.csproj (in 13 ms).
  Restored R:\src\libraries\Microsoft.Extensions.Hosting.Abstractions\src\Microsoft.Extensions.Hosting.Abstractions.csproj (in 114 ms).
  Restored R:\src\tasks\tasks.proj (in 16 ms).
  Restored R:\src\tasks\HelixTestTasks\HelixTestTasks.csproj (in 16 ms).
  Restored R:\src\libraries\Microsoft.Extensions.Hosting.WindowsServices\src\Microsoft.Extensions.Hosting.WindowsServices.csproj (in 150 ms).
  Restored R:\src\libraries\Microsoft.Extensions.Hosting.Systemd\src\Microsoft.Extensions.Hosting.Systemd.csproj (in 169 ms).
  Restored R:\src\tools\ilasm\src\ILAssembler\ILAssembler.csproj (in 87 ms).
  Restored R:\src\libraries\Microsoft.Extensions.FileSystemGlobbing\src\Microsoft.Extensions.FileSystemGlobbing.csproj (in 215 ms).
  Restored R:\src\tasks\installer.tasks\installer.tasks.csproj (in 23 ms).
  Restored R:\src\tasks\Crossgen2Tasks\Crossgen2Tasks.csproj (in 26 ms).
  Restored R:\src\native\managed\cdac\Microsoft.Diagnostics.DataContractReader\Microsoft.Diagnostics.DataContractReader.csproj (in 39 ms).
  Restored R:\src\libraries\System.Web.HttpUtility\src\System.Web.HttpUtility.csproj (in 21 ms).
  Restored R:\src\libraries\System.Transactions.Local\ref\System.Transactions.Local.csproj (in 16 ms).
  Restored R:\src\tools\illink\src\ILLink.Tasks\ILLink.Tasks.csproj (in 231 ms).
  Restored R:\src\libraries\System.Windows.Extensions\ref\System.Windows.Extensions.csproj (in 19 ms).
  Restored R:\src\libraries\Microsoft.Extensions.Hosting\src\Microsoft.Extensions.Hosting.csproj (in 148 ms).
  Restored R:\src\libraries\System.Threading\ref\System.Threading.csproj (in 25 ms).
  Restored R:\src\libraries\System.Numerics.Tensors\src\System.Numerics.Tensors.csproj (in 23 ms).
  Restored R:\src\libraries\System.Threading\src\System.Threading.csproj (in 21 ms).
  Restored R:\src\libraries\System.Net.WebSockets\ref\System.Net.WebSockets.csproj (in 15 ms).
  Restored R:\src\libraries\System.Net.WebHeaderCollection\src\System.Net.WebHeaderCollection.csproj (in 16 ms).
  Restored R:\src\libraries\System.Numerics.Tensors\ref\System.Numerics.Tensors.csproj (in 17 ms).
  Restored R:\src\libraries\System.Net.WebHeaderCollection\ref\System.Net.WebHeaderCollection.csproj (in 14 ms).
  Restored R:\src\libraries\System.Transactions.Local\src\System.Transactions.Local.csproj (in 42 ms).
  Restored R:\src\libraries\System.Net.WebSockets.Client\ref\System.Net.WebSockets.Client.csproj (in 63 ms).
  Restored R:\src\libraries\System.Web.HttpUtility\ref\System.Web.HttpUtility.csproj (in 131 ms).
  Restored R:\src\libraries\System.Net.WebClient\ref\System.Net.WebClient.csproj (in 24 ms).
  Restored R:\src\libraries\System.Net.WebProxy\ref\System.Net.WebProxy.csproj (in 85 ms).
  Restored R:\src\libraries\System.Net.WebProxy\src\System.Net.WebProxy.csproj (in 75 ms).
  Restored R:\src\libraries\System.Memory\src\System.Memory.csproj (in 19 ms).
  Restored R:\src\libraries\System.Net.ServerSentEvents\ref\System.Net.ServerSentEvents.csproj (in 20 ms).
  Restored R:\src\libraries\System.Net.Http.Json\ref\System.Net.Http.Json.csproj (in 28 ms).
  Restored R:\src\libraries\System.Net.WebSockets.Client\src\System.Net.WebSockets.Client.csproj (in 97 ms).
  Restored R:\src\libraries\System.Net.Sockets\ref\System.Net.Sockets.csproj (in 80 ms).
  Restored R:\src\libraries\System.Net.WebSockets\src\System.Net.WebSockets.csproj (in 166 ms).
  Restored R:\src\libraries\System.Net.ServerSentEvents\src\System.Net.ServerSentEvents.csproj (in 74 ms).
  Restored R:\src\libraries\System.Net.Sockets\src\System.Net.Sockets.csproj (in 87 ms).
  Restored R:\src\libraries\System.Memory\ref\System.Memory.csproj (in 29 ms).
  Restored R:\src\libraries\System.Management\ref\System.Management.csproj (in 22 ms).
  Restored R:\src\libraries\System.Net.WebClient\src\System.Net.WebClient.csproj (in 98 ms).
  Restored R:\src\libraries\System.Net.Http.Json\src\System.Net.Http.Json.csproj (in 58 ms).
  Restored R:\src\libraries\System.Management\src\System.Management.csproj (in 36 ms).
  Restored R:\src\libraries\System.Linq.Queryable\ref\System.Linq.Queryable.csproj (in 19 ms).
  Restored R:\src\libraries\System.Memory.Data\ref\System.Memory.Data.csproj (in 28 ms).
  Restored R:\src\libraries\System.Linq\ref\System.Linq.csproj (in 13 ms).
  Restored R:\src\libraries\System.Linq.Expressions\ref\System.Linq.Expressions.csproj (in 15 ms).
  Restored R:\src\libraries\System.Linq\src\System.Linq.csproj (in 21 ms).
  Restored R:\src\libraries\Microsoft.Extensions.Configuration.Binder\gen\Microsoft.Extensions.Configuration.Binder.SourceGeneration.csproj (in 1.21 sec).
  Restored R:\src\libraries\System.Linq.Queryable\src\System.Linq.Queryable.csproj (in 36 ms).
  Restored R:\src\libraries\System.Linq.Parallel\src\System.Linq.Parallel.csproj (in 29 ms).
  Restored R:\src\libraries\System.Linq.Parallel\ref\System.Linq.Parallel.csproj (in 26 ms).
  Restored R:\src\libraries\System.Linq.Expressions\src\System.Linq.Expressions.csproj (in 29 ms).
  Restored R:\src\libraries\System.Memory.Data\src\System.Memory.Data.csproj (in 41 ms).
  Restored R:\src\libraries\System.Linq.AsyncEnumerable\src\System.Linq.AsyncEnumerable.csproj (in 33 ms).
  Restored R:\src\libraries\System.IO.Ports\pkg\runtime.native.System.IO.Ports.proj (in 42 ms).
  Restored R:\src\libraries\System.IO.Ports\pkg\runtime.linux-musl-arm64.runtime.native.System.IO.Ports.proj (in 17 ms).
  Restored R:\src\libraries\System.IO.Ports\pkg\runtime.osx-arm64.runtime.native.System.IO.Ports.proj (in 48 ms).
  Restored R:\src\libraries\System.IO.Ports\pkg\runtime.maccatalyst-x64.runtime.native.System.IO.Ports.proj (in 21 ms).
  Restored R:\src\libraries\System.IO.Ports\pkg\runtime.linux-musl-x64.runtime.native.System.IO.Ports.proj (in 18 ms).
  Restored R:\src\libraries\System.IO.Ports\pkg\runtime.osx-x64.runtime.native.System.IO.Ports.proj (in 48 ms).
  Restored R:\src\libraries\System.IO.Ports\ref\System.IO.Ports.csproj (in 49 ms).
  Restored R:\src\libraries\System.IO.Ports\pkg\runtime.maccatalyst-arm64.runtime.native.System.IO.Ports.proj (in 18 ms).
  Restored R:\src\libraries\System.IO.Ports\src\System.IO.Ports.csproj (in 78 ms).
  Restored R:\src\tools\ilasm\src\ilasm\ilasm.csproj (in 522 ms).
  Restored R:\src\libraries\System.IO.Ports\pkg\runtime.linux-x64.runtime.native.System.IO.Ports.proj (in 20 ms).
  Restored R:\src\libraries\System.Linq.AsyncEnumerable\ref\System.Linq.AsyncEnumerable.csproj (in 107 ms).
  Restored R:\src\libraries\System.IO.Ports\pkg\runtime.linux-bionic-arm64.runtime.native.System.IO.Ports.proj (in 19 ms).
  Restored R:\src\libraries\System.IO.Ports\pkg\runtime.linux-musl-arm.runtime.native.System.IO.Ports.proj (in 16 ms).
  Restored R:\src\tools\hotreload-delta-gen\Microsoft.DotNet.HotReload.Utils.Generator.Frontend\Microsoft.DotNet.HotReload.Utils.Generator.Frontend.csproj (in 639 ms).
  Restored R:\src\libraries\System.IO.Ports\pkg\runtime.linux-bionic-x64.runtime.native.System.IO.Ports.proj (in 17 ms).
  Restored R:\src\tools\hotreload-delta-gen\Microsoft.DotNet.HotReload.Utils.Generator\Microsoft.DotNet.HotReload.Utils.Generator.csproj (in 647 ms).
  Restored R:\src\libraries\shims\System.Diagnostics.Debug\src\System.Diagnostics.Debug.csproj (in 18 ms).
  Restored R:\src\tools\hotreload-delta-gen\Microsoft.DotNet.HotReload.Utils.Generator.BuildTool\Microsoft.DotNet.HotReload.Utils.Generator.BuildTool.csproj (in 641 ms).
  Restored R:\src\libraries\shims\System.Diagnostics.Tools\src\System.Diagnostics.Tools.csproj (in 15 ms).
  Restored R:\src\libraries\shims\System.Data\ref\System.Data.csproj (in 18 ms).
  Restored R:\src\libraries\shims\System.AppContext\src\System.AppContext.csproj (in 17 ms).
  Restored R:\src\libraries\shims\System.Buffers\src\System.Buffers.csproj (in 20 ms).
  Restored R:\src\libraries\shims\System.Drawing\src\System.Drawing.csproj (in 71 ms).
  Restored R:\src\libraries\shims\System.Core\src\System.Core.csproj (in 32 ms).
  Restored R:\src\libraries\shims\stubs\System.Windows.Extensions.csproj (in 19 ms).
  Restored R:\src\libraries\shims\stubs\System.ServiceProcess.ServiceController.csproj (in 16 ms).
  Restored R:\src\libraries\shims\stubs\System.ServiceModel.Syndication.csproj (in 16 ms).
  Restored R:\src\libraries\shims\stubs\System.Security.Cryptography.Pkcs.csproj (in 19 ms).
  Restored R:\src\libraries\shims\stubs\System.Security.Permissions.csproj (in 19 ms).
  Restored R:\src\libraries\shims\stubs\System.Security.Cryptography.ProtectedData.csproj (in 20 ms).
  Restored R:\src\libraries\shims\stubs\System.Security.Cryptography.Xml.csproj (in 19 ms).
  Restored R:\src\libraries\shims\System.Configuration\src\System.Configuration.csproj (in 22 ms).
  Restored R:\src\libraries\shims\stubs\System.Runtime.Serialization.Schema.csproj (in 21 ms).
  Restored R:\src\libraries\shims\System.Data\src\System.Data.csproj (in 80 ms).
  Restored R:\src\libraries\shims\stubs\System.IO.Ports.csproj (in 25 ms).
  Restored R:\src\libraries\shims\stubs\System.Diagnostics.EventLog.csproj (in 16 ms).
  Restored R:\src\libraries\shims\stubs\System.Diagnostics.PerformanceCounter.csproj (in 25 ms).
  Restored R:\src\libraries\shims\stubs\System.Data.OleDb.csproj (in 16 ms).
  Restored R:\src\libraries\shims\stubs\System.IO.Packaging.csproj (in 24 ms).
  Restored R:\src\libraries\shims\stubs\System.Data.SqlClient.csproj (in 17 ms).
  Restored R:\src\libraries\shims\stubs\System.Drawing.Common.csproj (in 21 ms).
  Restored R:\src\libraries\shims\stubs\System.Data.Odbc.csproj (in 22 ms).
  Restored R:\src\libraries\shims\System.Data.DataSetExtensions\src\System.Data.DataSetExtensions.csproj (in 111 ms).
  Restored R:\src\libraries\shims\stubs\System.Configuration.ConfigurationManager.csproj (in 30 ms).
  Restored R:\src\libraries\shims\stubs\System.CodeDom.csproj (in 17 ms).
  Restored R:\src\libraries\shims\System.ComponentModel.DataAnnotations\src\System.ComponentModel.DataAnnotations.csproj (in 113 ms).
  Restored R:\src\libraries\shims\stubs\Microsoft.Win32.SystemEvents.csproj (in 18 ms).
  Restored R:\src\libraries\System.DirectoryServices.Protocols\ref\System.DirectoryServices.Protocols.csproj (in 21 ms).
  Restored R:\src\libraries\System.Diagnostics.TraceSource\ref\System.Diagnostics.TraceSource.csproj (in 18 ms).
  Restored R:\src\libraries\System.Diagnostics.TextWriterTraceListener\ref\System.Diagnostics.TextWriterTraceListener.csproj (in 14 ms).
  Restored R:\src\libraries\System.Diagnostics.StackTrace\ref\System.Diagnostics.StackTrace.csproj (in 21 ms).
  Restored R:\src\libraries\System.DirectoryServices.AccountManagement\ref\System.DirectoryServices.AccountManagement.csproj (in 20 ms).
  Restored R:\src\libraries\System.Diagnostics.Process\ref\System.Diagnostics.Process.csproj (in 29 ms).
  Restored R:\src\libraries\System.Diagnostics.PerformanceCounter\ref\System.Diagnostics.PerformanceCounter.csproj (in 17 ms).
  Restored R:\src\libraries\System.Diagnostics.Tracing\src\System.Diagnostics.Tracing.csproj (in 49 ms).
  Restored R:\src\libraries\System.Diagnostics.FileVersionInfo\ref\System.Diagnostics.FileVersionInfo.csproj (in 13 ms).
  Restored R:\src\libraries\System.Diagnostics.FileVersionInfo\src\System.Diagnostics.FileVersionInfo.csproj (in 25 ms).
  Restored R:\src\libraries\System.Diagnostics.Tracing\ref\System.Diagnostics.Tracing.csproj (in 29 ms).
  Restored R:\src\libraries\System.Diagnostics.EventLog\src\Messages\System.Diagnostics.EventLog.Messages.csproj (in 16 ms).
  Restored R:\src\libraries\System.Diagnostics.DiagnosticSource\ref\System.Diagnostics.DiagnosticSource.csproj (in 31 ms).
  Restored R:\src\libraries\System.Diagnostics.Contracts\src\System.Diagnostics.Contracts.csproj (in 17 ms).
  Restored R:\src\libraries\System.Diagnostics.EventLog\ref\System.Diagnostics.EventLog.csproj (in 33 ms).
  Restored R:\src\libraries\System.DirectoryServices.AccountManagement\src\System.DirectoryServices.AccountManagement.csproj (in 59 ms).
  Restored R:\src\libraries\System.Diagnostics.DiagnosticSource\src\System.Diagnostics.DiagnosticSource.csproj (in 44 ms).
  Restored R:\src\libraries\System.Diagnostics.TraceSource\src\System.Diagnostics.TraceSource.csproj (in 69 ms).
  Restored R:\src\libraries\System.Diagnostics.EventLog\src\System.Diagnostics.EventLog.csproj (in 28 ms).
  Restored R:\src\libraries\System.Data.Odbc\ref\System.Data.Odbc.csproj (in 18 ms).
  Restored R:\src\libraries\System.Diagnostics.Process\src\System.Diagnostics.Process.csproj (in 72 ms).
  Restored R:\src\libraries\System.Diagnostics.StackTrace\src\System.Diagnostics.StackTrace.csproj (in 124 ms).
  Restored R:\src\libraries\System.Data.Odbc\src\System.Data.Odbc.csproj (in 63 ms).
  Restored R:\src\libraries\System.Data.Common\ref\System.Data.Common.csproj (in 25 ms).
  Restored R:\src\libraries\System.Console\src\System.Console.csproj (in 55 ms).
  Restored R:\src\libraries\System.Data.OleDb\src\System.Data.OleDb.csproj (in 69 ms).
  Restored R:\src\libraries\System.Diagnostics.Contracts\ref\System.Diagnostics.Contracts.csproj (in 28 ms).
  Restored R:\src\libraries\System.Data.OleDb\ref\System.Data.OleDb.csproj (in 70 ms).
  Restored R:\src\libraries\Microsoft.Extensions.Logging.Abstractions\gen\Microsoft.Extensions.Logging.Generators.Roslyn4.4.csproj (in 18 ms).
  Restored R:\src\libraries\Microsoft.Extensions.Logging.Abstractions\ref\Microsoft.Extensions.Logging.Abstractions.csproj (in 19 ms).
  Restored R:\src\libraries\System.Diagnostics.PerformanceCounter\src\System.Diagnostics.PerformanceCounter.csproj (in 221 ms).
  Restored R:\src\libraries\shims\netstandard\src\netstandard.csproj (in 221 ms).
  Restored R:\src\libraries\System.Data.Common\src\System.Data.Common.csproj (in 44 ms).
  Restored R:\src\libraries\Microsoft.Extensions.Logging.Abstractions\gen\Microsoft.Extensions.Logging.Generators.Roslyn4.0.csproj (in 18 ms).
  Restored R:\src\libraries\Microsoft.Extensions.Logging.Configuration\ref\Microsoft.Extensions.Logging.Configuration.csproj (in 35 ms).
  Restored R:\src\libraries\Microsoft.Extensions.Logging.Abstractions\gen\Microsoft.Extensions.Logging.Generators.Roslyn3.11.csproj (in 19 ms).
  Restored R:\src\libraries\Microsoft.Extensions.Logging.Console\ref\Microsoft.Extensions.Logging.Console.csproj (in 63 ms).
  Restored R:\src\libraries\Microsoft.Extensions.Http\ref\Microsoft.Extensions.Http.csproj (in 24 ms).
  Restored R:\src\libraries\Microsoft.Extensions.Logging.EventLog\ref\Microsoft.Extensions.Logging.EventLog.csproj (in 131 ms).
  Restored R:\src\libraries\Microsoft.Extensions.DependencyInjection.Abstractions\ref\Microsoft.Extensions.DependencyInjection.Abstractions.csproj (in 19 ms).
  Restored R:\src\libraries\Microsoft.Extensions.Configuration\src\Microsoft.Extensions.Configuration.csproj (in 23 ms).
  Restored R:\src\libraries\Microsoft.Extensions.Logging.Configuration\src\Microsoft.Extensions.Logging.Configuration.csproj (in 95 ms).
  Restored R:\src\libraries\Microsoft.Extensions.Logging.EventLog\src\Microsoft.Extensions.Logging.EventLog.csproj (in 111 ms).
  Restored R:\src\libraries\Microsoft.Extensions.DependencyInjection\src\Microsoft.Extensions.DependencyInjection.csproj (in 38 ms).
  Restored R:\src\libraries\System.Diagnostics.TextWriterTraceListener\src\System.Diagnostics.TextWriterTraceListener.csproj (in 238 ms).
  Restored R:\src\libraries\Microsoft.Extensions.DependencyInjection\ref\Microsoft.Extensions.DependencyInjection.csproj (in 40 ms).
  Restored R:\src\coreclr\tools\AssemblyChecker\AssemblyChecker.csproj (in 17 ms).
  Restored R:\src\libraries\Microsoft.Extensions.Logging.Debug\ref\Microsoft.Extensions.Logging.Debug.csproj (in 128 ms).
  Restored R:\src\coreclr\tools\aot\ILCompiler\repro\repro.csproj (in 14 ms).
  Restored R:\src\coreclr\tools\cdac-build-tool\cdac-build-tool.csproj (in 32 ms).
  Restored R:\src\coreclr\tools\ILTrim.Core\ILTrim.Core.csproj (in 52 ms).
  Restored R:\src\libraries\Microsoft.Extensions.DependencyInjection.Abstractions\src\Microsoft.Extensions.DependencyInjection.Abstractions.csproj (in 32 ms).
  Restored R:\src\libraries\Microsoft.Extensions.Logging.Abstractions\src\Microsoft.Extensions.Logging.Abstractions.csproj (in 210 ms).
  Restored R:\src\libraries\Microsoft.Extensions.Logging.Debug\src\Microsoft.Extensions.Logging.Debug.csproj (in 224 ms).
  Restored R:\src\coreclr\tools\dotnet-pgo\dotnet-pgo.csproj (in 89 ms).
  Restored R:\src\coreclr\tools\aot\ILCompiler.MetadataTransform\ILCompiler.MetadataTransform.csproj (in 16 ms).
  Restored R:\src\coreclr\tools\aot\ILCompiler\ILCompiler.csproj (in 53 ms).
  Restored R:\src\coreclr\tools\aot\ILCompiler.ReadyToRun\ILCompiler.ReadyToRun.csproj (in 18 ms).
  Restored R:\src\libraries\Microsoft.Extensions.Logging.Console\src\Microsoft.Extensions.Logging.Console.csproj (in 223 ms).
  Restored R:\src\coreclr\tools\ILTrim\ILTrim.csproj (in 162 ms).
  Restored R:\src\coreclr\tools\aot\ILCompiler.DependencyAnalysisFramework\ILCompiler.DependencyAnalysisFramework.csproj (in 16 ms).
  Restored R:\src\coreclr\tools\aot\ILCompiler\ILCompiler_inbuild.csproj (in 45 ms).
  Restored R:\src\coreclr\tools\aot\ILCompiler.Diagnostics\ILCompiler.Diagnostics.csproj (in 16 ms).
  Restored R:\src\libraries\Microsoft.Extensions.Configuration\ref\Microsoft.Extensions.Configuration.csproj (in 21 ms).
  Restored R:\src\coreclr\tools\aot\ILCompiler\ILCompiler_publish.csproj (in 58 ms).
  Restored R:\src\coreclr\tools\aot\crossgen2\crossgen2_publish.csproj (in 75 ms).
  Restored R:\src\coreclr\System.Private.CoreLib\System.Private.CoreLib.csproj (in 15 ms).
  Restored R:\src\coreclr\tools\aot\ILCompiler.Compiler\ILCompiler.Compiler.csproj (in 38 ms).
  Restored R:\src\coreclr\tools\aot\crossgen2\crossgen2.csproj (in 17 ms).
  Restored R:\src\coreclr\tools\aot\crossgen2\crossgen2_inbuild.csproj (in 44 ms).
  Restored R:\src\coreclr\tools\aot\ILCompiler.TypeSystem\ILCompiler.TypeSystem.csproj (in 154 ms).
  Restored R:\src\coreclr\nativeaot\Test.CoreLib\src\Test.CoreLib.csproj (in 21 ms).
  Restored R:\src\coreclr\tools\aot\ILCompiler.Build.Tasks\ILCompiler.Build.Tasks.csproj (in 91 ms).
  Restored R:\src\coreclr\nativeaot\System.Private.TypeLoader\src\System.Private.TypeLoader.csproj (in 16 ms).
  Restored R:\src\coreclr\tools\aot\ILCompiler.RyuJit\ILCompiler.RyuJit.csproj (in 84 ms).
  Restored R:\src\coreclr\nativeaot\System.Private.StackTraceMetadata\src\System.Private.StackTraceMetadata.csproj (in 16 ms).
  Restored R:\src\coreclr\nativeaot\System.Private.CoreLib\src\System.Private.CoreLib.csproj (in 17 ms).
  Restored R:\src\coreclr\tools\aot\ILCompiler.Reflection.ReadyToRun\ILCompiler.Reflection.ReadyToRun.csproj (in 220 ms).
  Restored R:\src\libraries\Microsoft.Extensions.Http\src\Microsoft.Extensions.Http.csproj (in 287 ms).
  Restored R:\src\coreclr\nativeaot\System.Private.Reflection.Execution\src\System.Private.Reflection.Execution.csproj (in 18 ms).
  Restored R:\src\coreclr\crossgen-corelib.proj (in 15 ms).
  Restored R:\src\coreclr\.nuget\Microsoft.NETCore.ILAsm\Microsoft.NETCore.ILAsm.proj (in 17 ms).
  Restored R:\src\coreclr\.nuget\Microsoft.NETCore.ILDAsm\Microsoft.NETCore.ILDAsm.proj (in 17 ms).
  Restored R:\src\coreclr\nativeaot\BuildIntegration\BuildIntegration.proj (in 16 ms).
  Restored R:\src\coreclr\.nuget\coreclr-packages.proj (in 17 ms).
  Restored R:\src\coreclr\.nuget\Microsoft.NETCore.TestHost\Microsoft.NETCore.TestHost.proj (in 17 ms).
  Restored R:\src\coreclr\.nuget\Microsoft.NET.Sdk.IL\Microsoft.NET.Sdk.IL.proj (in 21 ms).
  Restored R:\Build.proj (in 15 ms).
  Restored R:\src\libraries\Microsoft.Extensions.DependencyInjection.Specification.Tests\src\Microsoft.Extensions.DependencyInjection.Specification.Tests.csproj (in 468 ms).
  Restored R:\src\libraries\System.Resources.Writer\ref\System.Resources.Writer.csproj (in 16 ms).
  Restored R:\src\libraries\System.Runtime.Caching\ref\System.Runtime.Caching.csproj (in 18 ms).
  Restored R:\eng\analyzers\PlatformDocAnalyzer\PlatformDocAnalyzer.csproj (in 20 ms).
  Restored R:\src\libraries\System.Resources.Writer\src\System.Resources.Writer.csproj (in 19 ms).
  Restored R:\src\libraries\System.Runtime.CompilerServices.VisualC\src\System.Runtime.CompilerServices.VisualC.csproj (in 49 ms).
  Restored R:\src\coreclr\runtime-prereqs.proj (in 284 ms).
  Restored R:\src\libraries\System.Reflection.TypeExtensions\ref\System.Reflection.TypeExtensions.csproj (in 13 ms).
  Restored R:\src\coreclr\runtime.proj (in 301 ms).
  Restored R:\src\libraries\System.Runtime.InteropServices.JavaScript\gen\JSImportGenerator\JSImportGenerator.csproj (in 118 ms).
  Restored R:\src\libraries\System.Reflection.TypeExtensions\src\System.Reflection.TypeExtensions.csproj (in 22 ms).
  Restored R:\src\libraries\System.Runtime.Caching\src\System.Runtime.Caching.csproj (in 46 ms).
  Restored R:\src\libraries\System.Reflection.Primitives\src\System.Reflection.Primitives.csproj (in 17 ms).
  Restored R:\src\libraries\System.Reflection.Primitives\ref\System.Reflection.Primitives.csproj (in 20 ms).
  Restored R:\src\libraries\System.Reflection.MetadataLoadContext\ref\System.Reflection.MetadataLoadContext.csproj (in 26 ms).
  Restored R:\src\libraries\System.Resources.Extensions\ref\System.Resources.Extensions.csproj (in 51 ms).
  Restored R:\src\libraries\System.Runtime.CompilerServices.VisualC\ref\System.Runtime.CompilerServices.VisualC.csproj (in 15 ms).
  Restored R:\src\libraries\System.Resources.Extensions\src\System.Resources.Extensions.csproj (in 83 ms).
  Restored R:\src\libraries\System.Reflection.Metadata\ref\System.Reflection.Metadata.csproj (in 50 ms).
  Restored R:\src\libraries\System.Reflection.Emit\src\System.Reflection.Emit.csproj (in 27 ms).
  Restored R:\src\libraries\System.Reflection.DispatchProxy\ref\System.Reflection.DispatchProxy.csproj (in 15 ms).
  Restored R:\src\libraries\System.Reflection.Emit\ref\System.Reflection.Emit.csproj (in 21 ms).
  Restored R:\src\libraries\System.Reflection.DispatchProxy\src\System.Reflection.DispatchProxy.csproj (in 28 ms).
  Restored R:\src\libraries\System.Reflection.Metadata\src\System.Reflection.Metadata.csproj (in 63 ms).
  Restored R:\src\libraries\System.Reflection.MetadataLoadContext\src\System.Reflection.MetadataLoadContext.csproj (in 53 ms).
  Restored R:\src\libraries\System.Reflection.Emit.ILGeneration\src\System.Reflection.Emit.ILGeneration.csproj (in 18 ms).
  Restored R:\src\libraries\System.Private.Uri\src\System.Private.Uri.csproj (in 19 ms).
  Restored R:\src\libraries\System.Reflection.Emit.ILGeneration\ref\System.Reflection.Emit.ILGeneration.csproj (in 26 ms).
  Restored R:\src\libraries\shims\System.Runtime.InteropServices.RuntimeInformation\src\System.Runtime.InteropServices.RuntimeInformation.csproj (in 16 ms).
  Restored R:\src\libraries\System.Reflection.Emit.Lightweight\ref\System.Reflection.Emit.Lightweight.csproj (in 16 ms).
  Restored R:\src\libraries\shims\System.Runtime.CompilerServices.Unsafe\src\System.Runtime.CompilerServices.Unsafe.csproj (in 16 ms).
  Restored R:\src\libraries\System.Reflection.Emit.Lightweight\src\System.Reflection.Emit.Lightweight.csproj (in 50 ms).
  Restored R:\src\libraries\shims\System.Resources.ResourceManager\src\System.Resources.ResourceManager.csproj (in 17 ms).
  Restored R:\src\libraries\System.Reflection.Context\src\System.Reflection.Context.csproj (in 106 ms).
  Restored R:\src\libraries\shims\System.Runtime.Extensions\src\System.Runtime.Extensions.csproj (in 110 ms).
  Restored R:\src\libraries\System.Reflection.Context\ref\System.Reflection.Context.csproj (in 156 ms).
  Restored R:\src\libraries\shims\System.Runtime.Handles\src\System.Runtime.Handles.csproj (in 17 ms).
  Restored R:\src\libraries\shims\System.Resources.Reader\src\System.Resources.Reader.csproj (in 95 ms).
  Restored R:\src\libraries\shims\System.Security.Cryptography.Algorithms\src\System.Security.Cryptography.Algorithms.csproj (in 140 ms).
  Restored R:\src\libraries\shims\System.Reflection\src\System.Reflection.csproj (in 82 ms).
  Restored R:\src\libraries\shims\System.Reflection.Extensions\src\System.Reflection.Extensions.csproj (in 17 ms).
  Restored R:\src\libraries\shims\System.Numerics\src\System.Numerics.csproj (in 24 ms).
  Restored R:\src\libraries\System.Private.Xml.Linq\src\System.Private.Xml.Linq.csproj (in 184 ms).
  Restored R:\src\libraries\System.Private.Xml\src\System.Private.Xml.csproj (in 169 ms).
  Restored R:\src\libraries\shims\System.Runtime.Serialization\src\System.Runtime.Serialization.csproj (in 53 ms).
  Restored R:\src\libraries\shims\System.IO.UnmanagedMemoryStream\src\System.IO.UnmanagedMemoryStream.csproj (in 19 ms).
  Restored R:\src\libraries\shims\System.IO\src\System.IO.csproj (in 20 ms).
  Restored R:\src\libraries\System.Private.DataContractSerialization\src\System.Private.DataContractSerialization.csproj (in 150 ms).
  Restored R:\src\libraries\shims\System.Net.ServicePoint\src\System.Net.ServicePoint.csproj (in 60 ms).
  Restored R:\src\libraries\shims\System.Net\src\System.Net.csproj (in 73 ms).
  installer.tasks -> R:\artifacts\bin\installer.tasks\Debug\installer.tasks.dll
  Crossgen2Tasks -> R:\artifacts\bin\Crossgen2Tasks\Debug\Crossgen2Tasks.dll
  HelixTestTasks -> R:\artifacts\bin\HelixTestTasks\Debug\net11.0\HelixTestTasks.dll
  ILLink.RoslynAnalyzer -> R:\artifacts\bin\ILLink.RoslynAnalyzer\Debug\netstandard2.0\ILLink.RoslynAnalyzer.dll
  ILLink.CodeFixProvider -> R:\artifacts\bin\ILLink.CodeFixProvider\Debug\netstandard2.0\ILLink.CodeFixProvider.dll
  Mono.Linker -> R:\artifacts\bin\Mono.Linker\ref\Debug\net11.0\illink.dll
  Mono.Linker -> R:\artifacts\bin\Mono.Linker\Debug\net11.0\illink.dll
  ILLink.Tasks -> R:\artifacts\bin\ILLink.Tasks\Debug\net\ILLink.Tasks.dll
  System.Private.CoreLib.Generators -> R:\artifacts\bin\System.Private.CoreLib.Generators\Debug\netstandard2.0\System.Private.CoreLib.Generators.dll
  System.Private.CoreLib -> R:\artifacts\bin\System.Private.CoreLib\ref\Debug\net11.0\System.Private.CoreLib.dll
  EventSourceGenerator -> R:\artifacts\bin\EventSourceGenerator\Debug\netstandard2.0\EventSourceGenerator.dll
  Microsoft.Interop.SourceGeneration -> R:\artifacts\bin\Microsoft.Interop.SourceGeneration\Debug\netstandard2.0\Microsoft.Interop.SourceGeneration.dll
  LibraryImportGenerator -> R:\artifacts\bin\LibraryImportGenerator\Debug\netstandard2.0\Microsoft.Interop.LibraryImportGenerator.dll
  System.Private.CoreLib -> R:\artifacts\bin\coreclr\windows.x64.Debug\IL\System.Private.CoreLib.dll
  cdac-build-tool -> R:\artifacts\bin\coreclr\windows.x64.Debug\cdac-build-tool\cdac-build-tool.dll
  Executing "R:\src\coreclr\build-runtime.cmd" -x64 -debug -os windows -targetrid win-x64 -cmakeargs "-DCLR_DOTNET_RID=win-x64" -cmakeargs "-DCLR_DOTNET_HOST_PATH='C:\Users\konradkokosa\.copilot\repos\copilot-worktrees\runtime-fork\kkokosa-ideal-sniffle\.dotnet\dotnet.exe'" -cmakeargs "-DCDAC_BUILD_TOOL_BINARY_PATH=R:\artifacts\bin\coreclr\windows.x64.Debug\cdac-build-tool\cdac-build-tool.dll" -cmakeargs "-DFEATURE_DYNAMIC_CODE_COMPILED=1" -cmakeargs "-DCLI_CMAKE_COMMIT_HASH=2f49bf4340822439a031d91786398a379668b25e" 
  BUILD: Starting Build at 13:31:27.98
  'vswhere.exe' is not recognized as an internal or external command,
  operable program or batch file.
  BUILD: Commencing CoreCLR product build
  BUILD: Checking prerequisites
  BUILD: Using CMake from C:\Program Files\Microsoft Visual Studio\18\IntPreview\Common7\IDE\CommonExtensions\Microsoft\CMake\CMake\bin\cmake.exe
  BUILD: Commencing build of native components for windows.x64.Debug
  BUILD: Using environment: "C:\Program Files\Microsoft Visual Studio\18\IntPreview\VC\Auxiliary\Build\vcvarsall.bat" amd64
  'vswhere.exe' is not recognized as an internal or external command,
  operable program or batch file.
  **********************************************************************
  ** Visual Studio 2026 Developer Command Prompt v18.0
  ** Copyright (c) 2026 Microsoft Corporation
  **********************************************************************
  [vcvarsall.bat] Environment initialized for: 'x64'
  BUILD: Regenerating the Visual Studio solution
  Calling "R:\\eng\native\gen-buildsys.cmd" "R:\src\coreclr" "R:\\artifacts\obj\coreclr\windows.x64.Debug" 18.0 x64 windows "-DCMAKE_BUILD_TYPE=Debug" "-DCLR_CMAKE_TARGET_ARCH=x64" "-DCLR_CMAKE_TARGET_OS=windows" "-DCLI_CMAKE_FALLBACK_OS=win10" "-DCLR_CMAKE_PGO_INSTRUMENT=0" "-DCLR_CMAKE_OPTDATA_PATH=" "-DCLR_CMAKE_PGO_OPTIMIZE=0" "-DCLI_CMAKE_COMMIT_HASH=2f49bf4340822439a031d91786398a379668b25e" "-DFEATURE_DYNAMIC_CODE_COMPILED=1" "-DCDAC_BUILD_TOOL_BINARY_PATH=R:\artifacts\bin\coreclr\windows.x64.Debug\cdac-build-tool\cdac-build-tool.dll" "-DCLR_DOTNET_HOST_PATH='C:\Users\konradkokosa\.copilot\repos\copilot-worktrees\runtime-fork\kkokosa-ideal-sniffle\.dotnet\dotnet.exe'" "-DCLR_DOTNET_RID=win-x64" 
  The CMake command line differs from the last run. Running CMake again.
   "C:\Program Files\Microsoft Visual Studio\18\IntPreview\Common7\IDE\CommonExtensions\Microsoft\CMake\CMake\bin\cmake.exe "-DCMAKE_INSTALL_PREFIX=R://artifacts/bin/coreclr/windows.x64.Debug" "-DCLR_CMAKE_HOST_ARCH=x64"   "-DCMAKE_SYSTEM_VERSION=10.0" "-DCMAKE_BUILD_TYPE=Debug" "-DCLR_CMAKE_TARGET_ARCH=x64" "-DCLR_CMAKE_TARGET_OS=windows" "-DCLI_CMAKE_FALLBACK_OS=win10" "-DCLR_CMAKE_PGO_INSTRUMENT=0" "-DCLR_CMAKE_OPTDATA_PATH=" "-DCLR_CMAKE_PGO_OPTIMIZE=0" "-DCLI_CMAKE_COMMIT_HASH=2f49bf4340822439a031d91786398a379668b25e" "-DFEATURE_DYNAMIC_CODE_COMPILED=1" "-DCDAC_BUILD_TOOL_BINARY_PATH=R:\artifacts\bin\coreclr\windows.x64.Debug\cdac-build-tool\cdac-build-tool.dll" "-DCLR_DOTNET_HOST_PATH='C:\Users\konradkokosa\.copilot\repos\copilot-worktrees\runtime-fork\kkokosa-ideal-sniffle\.dotnet\dotnet.exe'" "-DCLR_DOTNET_RID=win-x64" --no-warn-unused-cli -G Ninja -B "R:\\artifacts\obj\coreclr\windows.x64.Debug" -S "R:\src\coreclr""
  Not searching for unused variables given on the command line.
  -- Using CMake version 4.3.1-msvc1
  -- ZLIB_HEADER_VERSION: 1.3.1
  -- ZLIBNG_HEADER_VERSION: 2.2.5
  -- Arch detected: 'x86_64'
  -- Basearch of 'x86_64' has been detected as: 'x86'
  -- Architecture-specific source files: arch/x86/x86_features.c;arch/x86/chunkset_sse2.c;arch/x86/compare256_sse2.c;arch/x86/slide_hash_sse2.c;arch/x86/adler32_ssse3.c;arch/x86/chunkset_ssse3.c;arch/x86/adler32_sse42.c;arch/x86/crc32_pclmulqdq.c;arch/x86/slide_hash_avx2.c;arch/x86/chunkset_avx2.c;arch/x86/compare256_avx2.c;arch/x86/adler32_avx2.c;arch/x86/adler32_avx512.c;arch/x86/chunkset_avx512.c;arch/x86/adler32_avx512_vnni.c;arch/x86/crc32_vpclmulqdq.c
  -- The following features have been enabled:
  
   * CMAKE_BUILD_TYPE, Build type: Debug (selected)
   * XSAVE, Support XSAVE intrinsics using ""
   * SSSE3_ADLER32, Support SSSE3-accelerated adler32, using ""
   * SSE42_CRC, Support SSE4.2 optimized adler32 hash generation, using ""
   * PCLMUL_CRC, Support CRC hash generation using PCLMULQDQ, using " "
   * AVX2_SLIDEHASH, Support AVX2 optimized slide_hash, using "/arch:AVX2"
   * AVX2_CHUNKSET, Support AVX2 optimized chunkset, using "/arch:AVX2"
   * AVX2_COMPARE256, Support AVX2 optimized compare256, using "/arch:AVX2"
   * AVX2_ADLER32, Support AVX2-accelerated adler32, using "/arch:AVX2"
   * AVX512_ADLER32, Support AVX512-accelerated adler32, using "/arch:AVX512"
   * AVX512_CHUNKSET, Support AVX512 optimized chunkset, using "/arch:AVX512"
   * AVX512VNNI_ADLER32, Support AVX512VNNI adler32, using "/arch:AVX512"
   * VPCLMUL_CRC, Support CRC hash generation using VPCLMULQDQ, using "  /arch:AVX512"
   * WITH_GZFILEOP, Compile with support for gzFile related functions
   * ZLIB_COMPAT, Compile with zlib compatible API
   * WITH_SANITIZER, Enable sanitizer support
   * WITH_GTEST, Build gtest_zlib
   * WITH_OPTIM, Build with optimisation
   * WITH_NEW_STRATEGIES, Use new strategies
   * WITH_RUNTIME_CPU_DETECTION, Build with runtime CPU detection
   * WITH_AVX2, Build with AVX2
   * WITH_AVX512, Build with AVX512
   * WITH_AVX512VNNI, Build with AVX512 VNNI
   * WITH_SSE2, Build with SSE2
   * WITH_SSSE3, Build with SSSE3
   * WITH_SSE42, Build with SSE42
   * WITH_PCLMULQDQ, Build with PCLMULQDQ
   * WITH_VPCLMULQDQ, Build with VPCLMULQDQ
  
  -- The following features have been disabled:
  
   * ZLIB_SYMBOL_PREFIX, Publicly exported symbols DO NOT have a custom prefix
   * ZLIB_ENABLE_TESTS, Build test binaries
   * ZLIBNG_ENABLE_TESTS, Test zlib-ng specific API
   * WITH_FUZZERS, Build test/fuzz
   * WITH_BENCHMARKS, Build test/benchmarks
   * WITH_BENCHMARK_APPS, Build application benchmarks
   * WITH_NATIVE_INSTRUCTIONS, Instruct the compiler to use the full instruction set on this host (gcc/clang -march=native)
   * WITH_MAINTAINER_WARNINGS, Build with project maintainer warnings
   * WITH_CODE_COVERAGE, Enable code coverage reporting
   * WITH_INFLATE_STRICT, Build with strict inflate distance checking
   * WITH_INFLATE_ALLOW_INVALID_DIST, Build with zero fill for inflate invalid distances
   * INSTALL_UTILS, Copy minigzip and minideflate during install
  
  -- Build type is 'Debug'
  -- Compiler is not EMSCRIPTEN
  -- ZSTD VERSION: 1.5.7
  -- CMAKE_INSTALL_PREFIX: R:/artifacts/bin/coreclr/windows.x64.Debug
  -- CMAKE_INSTALL_LIBDIR: lib
  -- ZSTD_LEGACY_SUPPORT not defined!
  -- ZSTD_MULTITHREAD_SUPPORT is disabled
  Read file version from native version header at 'R://artifacts/obj/_version.h'.
  -- Configuring done (6.8s)
  -- Generating done (4.1s)
  -- Build files have been written to: R:/artifacts/obj/coreclr/windows.x64.Debug
  running "C:\Program Files\Microsoft Visual Studio\18\IntPreview\Common7\IDE\CommonExtensions\Microsoft\CMake\CMake\bin\cmake.exe" --build R:\\artifacts\obj\coreclr\windows.x64.Debug --target install --config Debug -- 
  [1/2661] Building C object shared_minipal\CMakeFiles\minipal_objects.dir\descriptorlimit.c.obj
  [2/2661] Building C object shared_minipal\CMakeFiles\minipal_objects.dir\xoshiro128pp.c.obj
  [3/2661] Building C object shared_minipal\CMakeFiles\minipal_objects.dir\utf8.c.obj
  [4/2661] Building C object shared_minipal\CMakeFiles\minipal_objects.dir\unicodedata.c.obj
  [5/2661] Building C object shared_minipal\CMakeFiles\minipal_objects.dir\strings.c.obj
  [6/2661] Building C object shared_minipal\CMakeFiles\minipal_objects.dir\debugger.c.obj
  [7/2661] Building C object shared_minipal\CMakeFiles\minipal_objects.dir\guid.c.obj
  [8/2661] Building C object shared_minipal\CMakeFiles\minipal_objects.dir\mutex.c.obj
  [9/2661] Building C object shared_minipal\CMakeFiles\minipal_objects.dir\log.c.obj
  [10/2661] Building C object shared_minipal\CMakeFiles\minipal_objects.dir\memorybarrierprocesswide.c.obj
  [11/2661] Building C object shared_minipal\CMakeFiles\minipal_objects.dir\random.c.obj
  [12/2661] Building C object shared_minipal\CMakeFiles\minipal_objects.dir\time.c.obj
  [13/2661] Building C object shared_minipal\CMakeFiles\minipal_objects.dir\cpufeatures.c.obj
  [14/2661] Building CXX object minipal\Windows\CMakeFiles\coreclrminipal.dir\doublemapping.cpp.obj
  [15/2661] Building CXX object minipal\Windows\CMakeFiles\coreclrminipal.dir\dn-stdio.cpp.obj
  [16/2661] Building CXX object minipal\Windows\CMakeFiles\coreclrminipal.dir\memory.cpp.obj
  [17/2661] Building CXX object minipal\Windows\CMakeFiles\coreclrminipal.dir\dn-u16.cpp.obj
  [18/2661] Building C object containers\CMakeFiles\dn-containers.dir\dn-allocator.c.obj
  [19/2661] Linking C static library shared_minipal\minipal.lib
  [20/2661] Building C object containers\CMakeFiles\dn-containers.dir\dn-fwd-list.c.obj
  [21/2661] Building C object containers\CMakeFiles\dn-containers.dir\dn-list.c.obj
  [22/2661] Building C object containers\CMakeFiles\dn-containers.dir\dn-queue.c.obj
  [23/2661] Linking CXX static library minipal\Windows\coreclrminipal.lib
  [24/2661] Building CXX object debug\dbgutil\CMakeFiles\dbgutil.dir\dbgutil.cpp.obj
  [25/2661] Building C object containers\CMakeFiles\dn-containers.dir\dn-vector.c.obj
  [26/2661] Building C object containers\CMakeFiles\dn-containers.dir\dn-umap.c.obj
  [27/2661] Generating eventprovider.timestamp
  [28/2661] Building C object containers\CMakeFiles\dn-containers.dir\dn-simdhash.c.obj
  [29/2661] Building C object containers\CMakeFiles\dn-containers.dir\dn-simdhash-string-ptr.c.obj
  [30/2661] Building C object containers\CMakeFiles\dn-containers.dir\dn-simdhash-ght-compatible.c.obj
  [31/2661] Building C object containers\CMakeFiles\dn-containers.dir\dn-simdhash-u32-ptr.c.obj
  [32/2661] Compiling corprof.idl
  64 bit Processing R:\src\coreclr\inc\corprof.idl
  corprof.idl
  64 bit Processing C:\Program Files (x86)\Windows Kits\10\\include\10.0.28000.0\\um\unknwn.idl
  unknwn.idl
  64 bit Processing C:\Program Files (x86)\Windows Kits\10\\include\10.0.28000.0\\shared\wtypes.idl
  wtypes.idl
  64 bit Processing C:\Program Files (x86)\Windows Kits\10\\include\10.0.28000.0\\shared\wtypesbase.idl
  wtypesbase.idl
  64 bit Processing C:\Program Files (x86)\Windows Kits\10\\include\10.0.28000.0\\shared\basetsd.h
  basetsd.h
  64 bit Processing C:\Program Files (x86)\Windows Kits\10\\include\10.0.28000.0\\shared\guiddef.h
  guiddef.h
  [33/2661] Compiling clrdata.idl
  64 bit Processing R:\src\coreclr\inc\clrdata.idl
  clrdata.idl
  64 bit Processing C:\Program Files (x86)\Windows Kits\10\\include\10.0.28000.0\\um\unknwn.idl
  unknwn.idl
  64 bit Processing C:\Program Files (x86)\Windows Kits\10\\include\10.0.28000.0\\shared\wtypes.idl
  wtypes.idl
  64 bit Processing C:\Program Files (x86)\Windows Kits\10\\include\10.0.28000.0\\shared\wtypesbase.idl
  wtypesbase.idl
  64 bit Processing C:\Program Files (x86)\Windows Kits\10\\include\10.0.28000.0\\shared\basetsd.h
  basetsd.h
  64 bit Processing C:\Program Files (x86)\Windows Kits\10\\include\10.0.28000.0\\shared\guiddef.h
  guiddef.h
  [34/2661] Building C object containers\CMakeFiles\dn-containers.dir\dn-simdhash-ptr-ptr.c.obj
  [35/2661] Compiling dacdbi.idl
  64 bit Processing R:\src\coreclr\inc\dacdbi.idl
  dacdbi.idl
  64 bit Processing C:\Program Files (x86)\Windows Kits\10\\include\10.0.28000.0\\um\unknwn.idl
  unknwn.idl
  64 bit Processing C:\Program Files (x86)\Windows Kits\10\\include\10.0.28000.0\\shared\wtypes.idl
  wtypes.idl
  64 bit Processing C:\Program Files (x86)\Windows Kits\10\\include\10.0.28000.0\\shared\wtypesbase.idl
  wtypesbase.idl
  64 bit Processing C:\Program Files (x86)\Windows Kits\10\\include\10.0.28000.0\\shared\basetsd.h
  basetsd.h
  64 bit Processing C:\Program Files (x86)\Windows Kits\10\\include\10.0.28000.0\\shared\guiddef.h
  guiddef.h
  [36/2661] Building C object containers\CMakeFiles\dn-containers.dir\dn-simdhash-utils.c.obj
  [37/2661] Building C object containers\CMakeFiles\dn-containers.dir\dn-simdhash-ptrpair-ptr.c.obj
  [38/2661] Compiling clrinternal.idl
  64 bit Processing R:\src\coreclr\inc\clrinternal.idl
  clrinternal.idl
  64 bit Processing C:\Program Files (x86)\Windows Kits\10\\include\10.0.28000.0\\um\unknwn.idl
  unknwn.idl
  64 bit Processing C:\Program Files (x86)\Windows Kits\10\\include\10.0.28000.0\\shared\wtypes.idl
  wtypes.idl
  64 bit Processing C:\Program Files (x86)\Windows Kits\10\\include\10.0.28000.0\\shared\wtypesbase.idl
  wtypesbase.idl
  64 bit Processing C:\Program Files (x86)\Windows Kits\10\\include\10.0.28000.0\\shared\basetsd.h
  basetsd.h
  64 bit Processing C:\Program Files (x86)\Windows Kits\10\\include\10.0.28000.0\\shared\guiddef.h
  guiddef.h
  64 bit Processing R:/src/coreclr/inc\mscoree.idl
  mscoree.idl
  [39/2661] Compiling xclrdata.idl
  64 bit Processing R:\src\coreclr\inc\xclrdata.idl
  xclrdata.idl
  64 bit Processing R:/src/coreclr/inc\clrdata.idl
  clrdata.idl
  64 bit Processing C:\Program Files (x86)\Windows Kits\10\\include\10.0.28000.0\\um\unknwn.idl
  unknwn.idl
  64 bit Processing C:\Program Files (x86)\Windows Kits\10\\include\10.0.28000.0\\shared\wtypes.idl
  wtypes.idl
  64 bit Processing C:\Program Files (x86)\Windows Kits\10\\include\10.0.28000.0\\shared\wtypesbase.idl
  wtypesbase.idl
  64 bit Processing C:\Program Files (x86)\Windows Kits\10\\include\10.0.28000.0\\shared\basetsd.h
  basetsd.h
  64 bit Processing C:\Program Files (x86)\Windows Kits\10\\include\10.0.28000.0\\shared\guiddef.h
  guiddef.h
  [40/2661] Linking CXX static library debug\dbgutil\dbgutil.lib
  [41/2661] Compiling sospriv.idl
  64 bit Processing R:\src\coreclr\inc\sospriv.idl
  sospriv.idl
  64 bit Processing C:\Program Files (x86)\Windows Kits\10\\include\10.0.28000.0\\um\unknwn.idl
  unknwn.idl
  64 bit Processing C:\Program Files (x86)\Windows Kits\10\\include\10.0.28000.0\\shared\wtypes.idl
  wtypes.idl
  64 bit Processing C:\Program Files (x86)\Windows Kits\10\\include\10.0.28000.0\\shared\wtypesbase.idl
  wtypesbase.idl
  64 bit Processing C:\Program Files (x86)\Windows Kits\10\\include\10.0.28000.0\\shared\basetsd.h
  basetsd.h
  64 bit Processing C:\Program Files (x86)\Windows Kits\10\\include\10.0.28000.0\\shared\guiddef.h
  guiddef.h
  64 bit Processing R:/src/coreclr/inc\xclrdata.idl
  xclrdata.idl
  64 bit Processing R:/src/coreclr/inc\clrdata.idl
  clrdata.idl
  [42/2661] Preprocessing R:/artifacts/obj/coreclr/windows.x64.Debug/vm/wks/AsmConstants.tmp. Outputting to R:/artifacts/obj/coreclr/windows.x64.Debug/vm/wks/AsmConstants.inc
  AsmConstants.tmp
  [43/2661] Preprocessing R:/src/coreclr/dlls/mscordac/mscordac.src. Outputting to R:/artifacts/obj/coreclr/windows.x64.Debug/dlls/mscordac/./mscordac.def
  mscordac.src
  [44/2661] Compiling cordebug.idl
  64 bit Processing R:\src\coreclr\inc\cordebug.idl
  cordebug.idl
  64 bit Processing C:\Program Files (x86)\Windows Kits\10\\include\10.0.28000.0\\um\unknwn.idl
  unknwn.idl
  64 bit Processing C:\Program Files (x86)\Windows Kits\10\\include\10.0.28000.0\\shared\wtypes.idl
  wtypes.idl
  64 bit Processing C:\Program Files (x86)\Windows Kits\10\\include\10.0.28000.0\\shared\wtypesbase.idl
  wtypesbase.idl
  64 bit Processing C:\Program Files (x86)\Windows Kits\10\\include\10.0.28000.0\\shared\basetsd.h
  basetsd.h
  64 bit Processing C:\Program Files (x86)\Windows Kits\10\\include\10.0.28000.0\\shared\guiddef.h
  guiddef.h
  64 bit Processing C:\Program Files (x86)\Windows Kits\10\\include\10.0.28000.0\\um\objidl.idl
  objidl.idl
  64 bit Processing C:\Program Files (x86)\Windows Kits\10\\include\10.0.28000.0\\um\oaidl.idl
  oaidl.idl
  64 bit Processing C:\Program Files (x86)\Windows Kits\10\\include\10.0.28000.0\\um\oaidl.acf
  oaidl.acf
  [45/2661] Building C object libs-native\System.Globalization.Native\CMakeFiles\System.Globalization.Native-Static.dir\pal_idna.c.obj
  [46/2661] Compiling xcordebug.idl
  64 bit Processing R:\src\coreclr\inc\xcordebug.idl
  xcordebug.idl
  64 bit Processing R:/src/coreclr/inc\cordebug.idl
  cordebug.idl
  64 bit Processing C:\Program Files (x86)\Windows Kits\10\\include\10.0.28000.0\\um\unknwn.idl
  unknwn.idl
  64 bit Processing C:\Program Files (x86)\Windows Kits\10\\include\10.0.28000.0\\shared\wtypes.idl
  wtypes.idl
  64 bit Processing C:\Program Files (x86)\Windows Kits\10\\include\10.0.28000.0\\shared\wtypesbase.idl
  wtypesbase.idl
  64 bit Processing C:\Program Files (x86)\Windows Kits\10\\include\10.0.28000.0\\shared\basetsd.h
  basetsd.h
  64 bit Processing C:\Program Files (x86)\Windows Kits\10\\include\10.0.28000.0\\shared\guiddef.h
  guiddef.h
  64 bit Processing C:\Program Files (x86)\Windows Kits\10\\include\10.0.28000.0\\um\objidl.idl
  objidl.idl
  64 bit Processing C:\Program Files (x86)\Windows Kits\10\\include\10.0.28000.0\\um\oaidl.idl
  oaidl.idl
  [47/2661] Building C object libs-native\System.Globalization.Native\CMakeFiles\System.Globalization.Native-Static.dir\pal_common.c.obj
  [48/2661] Building CXX object debug\debug-pal\CMakeFiles\debug-pal.dir\win\twowaypipe.cpp.obj
  [49/2661] Building CXX object debug\debug-pal\CMakeFiles\debug-pal.dir\R_\src\native\eventpipe\ds-ipc-pal-namedpipe.c.obj
  [50/2661] Compiling corsym.idl
  64 bit Processing R:\src\coreclr\inc\corsym.idl
  corsym.idl
  64 bit Processing C:\Program Files (x86)\Windows Kits\10\\include\10.0.28000.0\\um\oaidl.idl
  oaidl.idl
  64 bit Processing C:\Program Files (x86)\Windows Kits\10\\include\10.0.28000.0\\um\objidl.idl
  objidl.idl
  64 bit Processing C:\Program Files (x86)\Windows Kits\10\\include\10.0.28000.0\\um\unknwn.idl
  unknwn.idl
  64 bit Processing C:\Program Files (x86)\Windows Kits\10\\include\10.0.28000.0\\shared\wtypes.idl
  wtypes.idl
  64 bit Processing C:\Program Files (x86)\Windows Kits\10\\include\10.0.28000.0\\shared\wtypesbase.idl
  wtypesbase.idl
  64 bit Processing C:\Program Files (x86)\Windows Kits\10\\include\10.0.28000.0\\shared\basetsd.h
  basetsd.h
  64 bit Processing C:\Program Files (x86)\Windows Kits\10\\include\10.0.28000.0\\shared\guiddef.h
  guiddef.h
  64 bit Processing C:\Program Files (x86)\Windows Kits\10\\include\10.0.28000.0\\um\oaidl.acf
  oaidl.acf
  [51/2661] Building CXX object debug\debug-pal\CMakeFiles\debug-pal.dir\win\processdescriptor.cpp.obj
  [52/2661] Building C object libs-native\System.Globalization.Native\CMakeFiles\System.Globalization.Native-Static.dir\pal_casing.c.obj
  [53/2661] Building CXX object dlls\mscordac\CMakeFiles\mscordacobj.dir\mscordac.cpp.obj
  [54/2661] Building C object libs-native\System.Globalization.Native\CMakeFiles\System.Globalization.Native-Static.dir\pal_calendarData.c.obj
  [55/2661] Building C object libs-native\System.Globalization.Native\CMakeFiles\System.Globalization.Native-Static.dir\pal_localeNumberData.c.obj
  [56/2661] Building C object libs-native\System.Globalization.Native\CMakeFiles\System.Globalization.Native-Static.dir\pal_locale.c.obj
  [57/2661] Building C object libs-native\System.Globalization.Native\CMakeFiles\System.Globalization.Native-Static.dir\pal_normalization.c.obj
  [58/2661] Building C object libs-native\System.Globalization.Native\CMakeFiles\System.Globalization.Native-Static.dir\pal_localeStringData.c.obj
  [59/2661] Generating eventing_headers.timestamp
  [60/2661] Building C object inc\CMakeFiles\corguids.dir\idls_out\xcordebug_i.c.obj
  [61/2661] Building C object inc\CMakeFiles\corguids.dir\idls_out\cordebug_i.c.obj
  [62/2661] Building C object inc\CMakeFiles\corguids.dir\idls_out\corsym_i.c.obj
  [63/2661] Building C object inc\CMakeFiles\corguids.dir\idls_out\xclrdata_i.c.obj
  [64/2661] Building C object inc\CMakeFiles\corguids.dir\idls_out\clrdata_i.c.obj
  [65/2661] Building C object inc\CMakeFiles\corguids.dir\idls_out\clrinternal_i.c.obj
  [66/2661] Building C object inc\CMakeFiles\corguids.dir\idls_out\corprof_i.c.obj
  [67/2661] Building ASM_MASM object debug\di\CMakeFiles\cordbdi.dir\amd64\floatconversion.asm.obj
   Assembling: R:\src\coreclr\debug\di\amd64\floatconversion.asm
  [68/2661] Building C object libs-native\System.Globalization.Native\CMakeFiles\System.Globalization.Native-Static.dir\pal_collation.c.obj
  [69/2661] Building C object inc\CMakeFiles\corguids.dir\idls_out\dacdbi_i.c.obj
  [70/2661] Building ASM_MASM object vm\wks\CMakeFiles\cee_wks_core.dir\__\amd64\AllocSlow.asm.obj
   Assembling: R:\src\coreclr\vm\amd64\AllocSlow.asm
  [71/2661] Building C object inc\CMakeFiles\corguids.dir\idls_out\sospriv_i.c.obj
  [72/2661] Building ASM_MASM object vm\wks\CMakeFiles\cee_wks_core.dir\__\amd64\AsmHelpers.asm.obj
   Assembling: R:\src\coreclr\vm\amd64\AsmHelpers.asm
  [73/2661] Building C object libs-native\System.Globalization.Native\CMakeFiles\System.Globalization.Native-Static.dir\pal_icushim.c.obj
  [74/2661] Building ASM_MASM object vm\wks\CMakeFiles\cee_wks_core.dir\__\amd64\CachedInterfaceDispatchCoreCLR.asm.obj
   Assembling: R:\src\coreclr\vm\amd64\CachedInterfaceDispatchCoreCLR.asm
  [75/2661] Building ASM_MASM object vm\wks\CMakeFiles\cee_wks_core.dir\__\amd64\CallDescrWorkerAMD64.asm.obj
   Assembling: R:\src\coreclr\vm\amd64\CallDescrWorkerAMD64.asm
  [76/2661] Building ASM_MASM object vm\wks\CMakeFiles\cee_wks_core.dir\__\amd64\ComCallPreStub.asm.obj
   Assembling: R:\src\coreclr\vm\amd64\ComCallPreStub.asm
  [77/2661] Building ASM_MASM object vm\wks\CMakeFiles\cee_wks_core.dir\__\amd64\getstate.asm.obj
   Assembling: R:\src\coreclr\vm\amd64\getstate.asm
  [78/2661] Building ASM_MASM object vm\wks\CMakeFiles\cee_wks_core.dir\__\amd64\JitHelpers_Fast.asm.obj
   Assembling: R:\src\coreclr\vm\amd64\JitHelpers_Fast.asm
  [79/2661] Building ASM_MASM object vm\wks\CMakeFiles\cee_wks_core.dir\__\amd64\JitHelpers_FastWriteBarriers.asm.obj
   Assembling: R:\src\coreclr\vm\amd64\JitHelpers_FastWriteBarriers.asm
  [80/2661] Building ASM_MASM object vm\wks\CMakeFiles\cee_wks_core.dir\__\amd64\JitHelpers_SingleAppDomain.asm.obj
   Assembling: R:\src\coreclr\vm\amd64\JitHelpers_SingleAppDomain.asm
  [81/2661] Building ASM_MASM object vm\wks\CMakeFiles\cee_wks_core.dir\__\amd64\JitHelpers_Slow.asm.obj
   Assembling: R:\src\coreclr\vm\amd64\JitHelpers_Slow.asm
  [82/2661] Building ASM_MASM object vm\wks\CMakeFiles\cee_wks_core.dir\__\amd64\patchedcode.asm.obj
   Assembling: R:\src\coreclr\vm\amd64\patchedcode.asm
  [83/2661] Building ASM_MASM object vm\wks\CMakeFiles\cee_wks_core.dir\__\amd64\PInvokeStubs.asm.obj
   Assembling: R:\src\coreclr\vm\amd64\PInvokeStubs.asm
  [84/2661] Building ASM_MASM object vm\wks\CMakeFiles\cee_wks_core.dir\__\amd64\RedirectedHandledJITCase.asm.obj
   Assembling: R:\src\coreclr\vm\amd64\RedirectedHandledJITCase.asm
  [85/2661] Building ASM_MASM object vm\wks\CMakeFiles\cee_wks_core.dir\__\amd64\SlotLogWriteBarrier.asm.obj
   Assembling: R:\src\coreclr\vm\amd64\SlotLogWriteBarrier.asm
  [86/2661] Building ASM_MASM object vm\wks\CMakeFiles\cee_wks_core.dir\__\__\runtime\amd64\StubDispatch.asm.obj
   Assembling: R:\src\coreclr\runtime\amd64\StubDispatch.asm
  [87/2661] Building ASM_MASM object vm\wks\CMakeFiles\cee_wks_core.dir\__\amd64\ThePreStubAMD64.asm.obj
   Assembling: R:\src\coreclr\vm\amd64\ThePreStubAMD64.asm
  [88/2661] Building ASM_MASM object vm\wks\CMakeFiles\cee_wks_core.dir\__\amd64\thunktemplates.asm.obj
   Assembling: R:\src\coreclr\vm\amd64\thunktemplates.asm
  [89/2661] Building ASM_MASM object vm\wks\CMakeFiles\cee_wks_core.dir\__\amd64\Context.asm.obj
   Assembling: R:\src\coreclr\vm\amd64\Context.asm
  [90/2661] Building ASM_MASM object vm\wks\CMakeFiles\cee_wks_core.dir\__\amd64\ExternalMethodFixupThunk.asm.obj
   Assembling: R:\src\coreclr\vm\amd64\ExternalMethodFixupThunk.asm
  [91/2661] Building ASM_MASM object vm\wks\CMakeFiles\cee_wks_core.dir\__\amd64\UMThunkStub.asm.obj
   Assembling: R:\src\coreclr\vm\amd64\UMThunkStub.asm
  [92/2661] Building ASM_MASM object vm\wks\CMakeFiles\cee_wks_core.dir\__\amd64\VirtualCallStubAMD64.asm.obj
   Assembling: R:\src\coreclr\vm\amd64\VirtualCallStubAMD64.asm
  [93/2661] Building ASM_MASM object vm\wks\CMakeFiles\cee_wks_core.dir\__\amd64\StubPrecodeDynamicHelpers.asm.obj
   Assembling: R:\src\coreclr\vm\amd64\StubPrecodeDynamicHelpers.asm
  [94/2661] Building ASM_MASM object vm\wks\CMakeFiles\cee_wks_core.dir\__\__\runtime\amd64\AllocFast.asm.obj
   Assembling: R:\src\coreclr\runtime\amd64\AllocFast.asm
  [95/2661] Building ASM_MASM object vm\wks\CMakeFiles\cee_wks_core.dir\__\__\runtime\amd64\AllocFastNotification.asm.obj
   Assembling: R:\src\coreclr\runtime\amd64\AllocFastNotification.asm
  [96/2661] Building ASM_MASM object vm\wks\CMakeFiles\cee_wks_core.dir\__\__\runtime\amd64\WriteBarriers.asm.obj
   Assembling: R:\src\coreclr\runtime\amd64\WriteBarriers.asm
  [97/2661] Building CXX object md\enc\CMakeFiles\mdruntimerw-dbi.dir\cmake_pch.cxx.obj
  [98/2661] Building CXX object md\runtime\CMakeFiles\mdruntime-dbi.dir\cmake_pch.cxx.obj
  [99/2661] Building CXX object md\runtime\CMakeFiles\mdruntime-dbi.dir\mdcolumndescriptors.cpp.obj
  [100/2661] Building CXX object md\enc\CMakeFiles\mdruntimerw-dbi.dir\liteweightstgdbrw.cpp.obj
  [101/2661] Building CXX object md\runtime\CMakeFiles\mdruntime-dbi.dir\liteweightstgdb.cpp.obj
  [102/2661] Building CXX object md\runtime\CMakeFiles\mdruntime-dbi.dir\mdfileformat.cpp.obj
  [103/2661] Building CXX object md\compiler\CMakeFiles\mdcompiler-dbi.dir\cmake_pch.cxx.obj
  [104/2661] Building CXX object md\runtime\CMakeFiles\mdruntime-dbi.dir\metamodel.cpp.obj
  [105/2661] Building CXX object md\runtime\CMakeFiles\mdruntime-dbi.dir\metamodelro.cpp.obj
  [106/2661] Building CXX object md\compiler\CMakeFiles\mdcompiler-dbi.dir\assemblymd.cpp.obj
  [107/2661] Generating eventpipe/eventpipehelpers.cpp, eventpipe/dotnetruntime.cpp, eventpipe/dotnetruntimerundown.cpp, eventpipe/dotnetruntimestress.cpp, eventpipe/dotnetruntimeprivate.cpp
  [108/2661] Building CXX object md\compiler\CMakeFiles\mdcompiler-dbi.dir\assemblymd_emit.cpp.obj
  [109/2661] Building CXX object md\compiler\CMakeFiles\mdcompiler-dbi.dir\custattr_import.cpp.obj
  [110/2661] Building CXX object md\compiler\CMakeFiles\mdcompiler-dbi.dir\disp.cpp.obj
  [111/2661] Building CXX object md\compiler\CMakeFiles\mdcompiler-dbi.dir\custattr_emit.cpp.obj
  [112/2661] Building CXX object md\compiler\CMakeFiles\mdcompiler-dbi.dir\emit.cpp.obj
  [113/2661] Building CXX object md\compiler\CMakeFiles\mdcompiler-dbi.dir\filtermanager.cpp.obj
  [114/2661] Building CXX object md\compiler\CMakeFiles\mdcompiler-dbi.dir\helper.cpp.obj
  [115/2661] Building CXX object md\compiler\CMakeFiles\mdcompiler-dbi.dir\importhelper.cpp.obj
  [116/2661] Building CXX object md\compiler\CMakeFiles\mdcompiler-dbi.dir\import.cpp.obj
  [117/2661] Building CXX object md\compiler\CMakeFiles\mdcompiler-dbi.dir\mdutil.cpp.obj
  [118/2661] Building CXX object md\compiler\CMakeFiles\mdcompiler-dbi.dir\regmeta_compilersupport.cpp.obj
  [119/2661] Building CXX object md\compiler\CMakeFiles\mdcompiler-dbi.dir\regmeta.cpp.obj
  [120/2661] Building CXX object utilcode\CMakeFiles\utilcodestaticnohost.dir\cmake_pch.cxx.obj
  [121/2661] Building CXX object md\compiler\CMakeFiles\mdcompiler-dbi.dir\regmeta_emit.cpp.obj
  [122/2661] Building CXX object utilcode\CMakeFiles\utilcode_dac.dir\cmake_pch.cxx.obj
  [123/2661] Building CXX object md\compiler\CMakeFiles\mdcompiler-dbi.dir\regmeta_import.cpp.obj
  [124/2661] Building CXX object md\compiler\CMakeFiles\mdcompiler-dbi.dir\regmeta_imetadatatables.cpp.obj
  [125/2661] Building CXX object md\compiler\CMakeFiles\mdcompiler-dbi.dir\regmeta_vm.cpp.obj
  [126/2661] Building CXX object utilcode\CMakeFiles\utilcodestaticnohost.dir\dn_xxhash.cpp.obj
  [127/2661] Building CXX object utilcode\CMakeFiles\utilcodestaticnohost.dir\ccomprc.cpp.obj
  [128/2661] Building CXX object utilcode\CMakeFiles\utilcodestaticnohost.dir\clrhost_nodependencies.cpp.obj
  [129/2661] Building CXX object md\compiler\CMakeFiles\mdcompiler_dac.dir\cmake_pch.cxx.obj
  [130/2661] Building CXX object utilcode\CMakeFiles\utilcodestaticnohost.dir\sbuffer.cpp.obj
  [131/2661] Building CXX object utilcode\CMakeFiles\utilcodestaticnohost.dir\ex.cpp.obj
  [132/2661] Building CXX object utilcode\CMakeFiles\utilcodestaticnohost.dir\fstring.cpp.obj
  [133/2661] Building CXX object utilcode\CMakeFiles\utilcodestaticnohost.dir\sstring_com.cpp.obj
  [134/2661] Building CXX object md\runtime\CMakeFiles\mdruntime_dac.dir\cmake_pch.cxx.obj
  [135/2661] Building CXX object md\enc\CMakeFiles\mdruntimerw_dac.dir\cmake_pch.cxx.obj
  [136/2661] Building CXX object utilcode\CMakeFiles\utilcodestaticnohost.dir\splitpath.cpp.obj
  [137/2661] Building CXX object utilcode\CMakeFiles\utilcodestaticnohost.dir\configuration.cpp.obj
  [138/2661] Building CXX object utilcode\CMakeFiles\utilcodestaticnohost.dir\namespaceutil.cpp.obj
  [139/2661] Building CXX object utilcode\CMakeFiles\utilcodestaticnohost.dir\makepath.cpp.obj
  [140/2661] Building CXX object unwinder\CMakeFiles\unwinder_dac.dir\baseunwinder.cpp.obj
  [141/2661] Building CXX object utilcode\CMakeFiles\utilcodestaticnohost.dir\clrhelpers.cpp.obj
  [142/2661] Building CXX object unwinder\CMakeFiles\unwinder_dac.dir\amd64\unwinder.cpp.obj
  [143/2661] Building CXX object utilcode\CMakeFiles\utilcodestaticnohost.dir\clrconfig.cpp.obj
  [144/2661] Building CXX object utilcode\CMakeFiles\utilcodestaticnohost.dir\posterror.cpp.obj
  [145/2661] Building CXX object utilcode\CMakeFiles\utilcodestaticnohost.dir\guidfromname.cpp.obj
  [146/2661] Building CXX object utilcode\CMakeFiles\utilcodestaticnohost.dir\collections.cpp.obj
  [147/2661] Building CXX object utilcode\CMakeFiles\utilcodestaticnohost.dir\log.cpp.obj
  [148/2661] Building CXX object vm\datadescriptor\CMakeFiles\gc_wks_descriptor_temp.dir\__\__\debug\datadescriptor-shared\datadescriptor.cpp.obj
  [149/2661] Building CXX object utilcode\CMakeFiles\utilcodestaticnohost.dir\utsem.cpp.obj
  [150/2661] Building CXX object utilcode\CMakeFiles\utilcodestaticnohost.dir\memorystreams.cpp.obj
  [151/2661] Building CXX object utilcode\CMakeFiles\utilcodestaticnohost.dir\check.cpp.obj
  [152/2661] Building CXX object utilcode\CMakeFiles\utilcodestaticnohost.dir\arraylist.cpp.obj
  [153/2661] Building CXX object utilcode\CMakeFiles\utilcodestaticnohost.dir\comex.cpp.obj
  [154/2661] Building CXX object utilcode\CMakeFiles\utilcodestaticnohost.dir\memorypool.cpp.obj
  [155/2661] Building CXX object utilcode\CMakeFiles\utilcodestaticnohost.dir\corimage.cpp.obj
  [156/2661] Building CXX object utilcode\CMakeFiles\utilcodestaticnohost.dir\opinfo.cpp.obj
  [157/2661] Building CXX object utilcode\CMakeFiles\utilcodestaticnohost.dir\ilformatter.cpp.obj
  [158/2661] Building CXX object utilcode\CMakeFiles\utilcodestaticnohost.dir\outstring.cpp.obj
  [159/2661] Building CXX object vm\datadescriptor\CMakeFiles\cdac_contract_descriptor_temp.dir\__\__\debug\datadescriptor-shared\datadescriptor.cpp.obj
  [160/2661] Building CXX object utilcode\CMakeFiles\utilcodestaticnohost.dir\sha1.cpp.obj
  [161/2661] Building CXX object utilcode\CMakeFiles\utilcodestaticnohost.dir\loaderheap_shared.cpp.obj
  [162/2661] Building CXX object utilcode\CMakeFiles\utilcodestaticnohost.dir\format1.cpp.obj
  [163/2661] Building CXX object utilcode\CMakeFiles\utilcodestaticnohost.dir\loaderheap.cpp.obj
  [164/2661] Building CXX object utilcode\CMakeFiles\utilcodestaticnohost.dir\prettyprintsig.cpp.obj
  [165/2661] Building CXX object utilcode\CMakeFiles\utilcodestaticnohost.dir\rangelist.cpp.obj
  [166/2661] Building CXX object utilcode\CMakeFiles\utilcodestaticnohost.dir\explicitcontrolloaderheap.cpp.obj
  [167/2661] Building CXX object utilcode\CMakeFiles\utilcodestaticnohost.dir\sigbuilder.cpp.obj
  [168/2661] Building CXX object utilcode\CMakeFiles\utilcodestaticnohost.dir\interleavedloaderheap.cpp.obj
  [169/2661] Building CXX object utilcode\CMakeFiles\utilcodestaticnohost.dir\util_nodependencies.cpp.obj
  [170/2661] Building CXX object utilcode\CMakeFiles\utilcodestaticnohost.dir\sigparser.cpp.obj
  [171/2661] Building CXX object utilcode\CMakeFiles\utilcodestaticnohost.dir\webcildecoder.cpp.obj
  [172/2661] Building CXX object utilcode\CMakeFiles\utilcodestaticnohost.dir\sstring.cpp.obj
  [173/2661] Building CXX object utilcode\CMakeFiles\utilcodestaticnohost.dir\md5.cpp.obj
  [174/2661] Building CXX object debug\di\CMakeFiles\cordbdi.dir\cmake_pch.cxx.obj
  [175/2661] Building CXX object utilcode\CMakeFiles\utilcodestaticnohost.dir\yieldprocessornormalized.cpp.obj
  [176/2661] Building CXX object utilcode\CMakeFiles\utilcodestaticnohost.dir\safewrap.cpp.obj
  [177/2661] Building CXX object utilcode\CMakeFiles\utilcodestaticnohost.dir\cycletimer.cpp.obj
  [178/2661] Building CXX object md\runtime\CMakeFiles\mdruntime-dbi.dir\noopmetadataimport.cpp.obj
  [179/2661] Building CXX object utilcode\CMakeFiles\utilcodestaticnohost.dir\clrhost.cpp.obj
  [180/2661] Building CXX object utilcode\CMakeFiles\utilcodestaticnohost.dir\winfix.cpp.obj
  [181/2661] Building CXX object md\runtime\CMakeFiles\mdruntime-dbi.dir\recordpool.cpp.obj
  [182/2661] Building CXX object md\runtime\CMakeFiles\mdruntime-dbi.dir\mdinternaldisp.cpp.obj
  [183/2661] Building CXX object utilcode\CMakeFiles\utilcodestaticnohost.dir\debug.cpp.obj
  [184/2661] Building CXX object md\runtime\CMakeFiles\mdruntime-dbi.dir\strongnameinternal.cpp.obj
  [185/2661] Building CXX object md\runtime\CMakeFiles\mdruntime-dbi.dir\mdinternalro.cpp.obj
  [186/2661] Building CXX object md\runtime\CMakeFiles\mdruntime-dbi.dir\stgpooli.cpp.obj
  [187/2661] Building CXX object md\runtime\CMakeFiles\mdruntime-dbi.dir\stgpool.cpp.obj
  [188/2661] Building CXX object utilcode\CMakeFiles\utilcodestaticnohost.dir\longfilepathwrappers.cpp.obj
  [189/2661] Building CXX object utilcode\CMakeFiles\utilcodestaticnohost.dir\util.cpp.obj
  [190/2661] Building CXX object utilcode\CMakeFiles\utilcodestaticnohost.dir\dacutil.cpp.obj
  [191/2661] Building CXX object utilcode\CMakeFiles\utilcodestaticnohost.dir\pedecoder.cpp.obj
  [192/2661] Building CXX object utilcode\CMakeFiles\utilcodestaticnohost.dir\stresslog.cpp.obj
  [193/2661] Building CXX object utilcode\CMakeFiles\utilcodestaticnohost.dir\hostimpl.cpp.obj
  [194/2661] Building CXX object md\runtime\CMakeFiles\mdruntime-dbi.dir\stgpoolreadonly.cpp.obj
  [195/2661] Building CXX object utilcode\CMakeFiles\utilcodestaticnohost.dir\dlwrap.cpp.obj
  [196/2661] Building CXX object md\enc\CMakeFiles\mdruntimerw-dbi.dir\rwutil.cpp.obj
  [197/2661] Building CXX object md\enc\CMakeFiles\mdruntimerw-dbi.dir\stgtiggerstream.cpp.obj
  [198/2661] Building CXX object md\enc\CMakeFiles\mdruntimerw-dbi.dir\pdbheap.cpp.obj
  [199/2661] Building CXX object md\enc\CMakeFiles\mdruntimerw-dbi.dir\metamodelenc.cpp.obj
  [200/2661] Building CXX object md\enc\CMakeFiles\mdruntimerw-dbi.dir\stgtiggerstorage.cpp.obj
  [201/2661] Building CXX object md\enc\CMakeFiles\mdruntimerw-dbi.dir\peparse.cpp.obj
  [202/2661] Building CXX object md\enc\CMakeFiles\mdruntimerw-dbi.dir\stgio.cpp.obj
  [203/2661] Building CXX object debug\di\CMakeFiles\cordbdi.dir\shimdatatarget.cpp.obj
  [204/2661] Building CXX object debug\di\CMakeFiles\cordbdi.dir\shimevents.cpp.obj
  [205/2661] Building CXX object md\enc\CMakeFiles\mdruntimerw-dbi.dir\metamodelrw.cpp.obj
  [206/2661] Building CXX object utilcode\CMakeFiles\utilcodestaticnohost.dir\stacktrace.cpp.obj
  [207/2661] Building CXX object debug\di\CMakeFiles\cordbdi.dir\shimcallback.cpp.obj
  [208/2661] Building CXX object debug\di\CMakeFiles\cordbdi.dir\shimstackwalk.cpp.obj
  [209/2661] Building CXX object debug\di\CMakeFiles\cordbdi.dir\breakpoint.cpp.obj
  [210/2661] Building CXX object debug\di\CMakeFiles\cordbdi.dir\shimprocess.cpp.obj
  [211/2661] Building CXX object md\enc\CMakeFiles\mdruntimerw-dbi.dir\mdinternalrw.cpp.obj
  [212/2661] Building CXX object debug\di\CMakeFiles\cordbdi.dir\cordb.cpp.obj
  [213/2661] Building CXX object debug\di\CMakeFiles\cordbdi.dir\dbgtransportmanager.cpp.obj
  [214/2661] Building CXX object debug\di\CMakeFiles\cordbdi.dir\rsassembly.cpp.obj
  [215/2661] Building CXX object debug\di\CMakeFiles\cordbdi.dir\hash.cpp.obj
  [216/2661] Building CXX object debug\di\CMakeFiles\cordbdi.dir\rsclass.cpp.obj
  [217/2661] Building CXX object debug\di\CMakeFiles\cordbdi.dir\rsregsetcommon.cpp.obj
  [218/2661] Building CXX object debug\di\CMakeFiles\cordbdi.dir\platformspecific.cpp.obj
  [219/2661] Building CXX object debug\di\CMakeFiles\cordbdi.dir\rsappdomain.cpp.obj
  [220/2661] Building CXX object debug\di\CMakeFiles\cordbdi.dir\rsfunction.cpp.obj
  [221/2661] Building CXX object debug\di\CMakeFiles\cordbdi.dir\rsmain.cpp.obj
  [222/2661] Building CXX object debug\di\CMakeFiles\cordbdi.dir\divalue.cpp.obj
  [223/2661] Building CXX object debug\di\CMakeFiles\cordbdi.dir\shared.cpp.obj
  [224/2661] Building CXX object debug\di\CMakeFiles\cordbdi.dir\rsstackwalk.cpp.obj
  [225/2661] Building CXX object debug\di\CMakeFiles\cordbdi.dir\valuehome.cpp.obj
  [226/2661] Linking CXX static library md\runtime\mdruntime-dbi.lib
  [227/2661] Building CXX object debug\di\CMakeFiles\cordbdi.dir\rstype.cpp.obj
  [228/2661] Linking CXX static library md\compiler\mdcompiler-dbi.lib
  [229/2661] Building CXX object utilcode\CMakeFiles\utilcode_dac.dir\dn_xxhash.cpp.obj
  [230/2661] Linking CXX static library md\enc\mdruntimerw-dbi.lib
  [231/2661] Linking CXX static library utilcode\utilcodestaticnohost.lib
  [232/2661] Building CXX object debug\di\CMakeFiles\cordbdi.dir\module.cpp.obj
  [233/2661] Building CXX object debug\di\CMakeFiles\cordbdi.dir\symbolinfo.cpp.obj
  [234/2661] Building CXX object debug\di\CMakeFiles\cordbdi.dir\process.cpp.obj
  [235/2661] Building CXX object utilcode\CMakeFiles\utilcode_dac.dir\clrhost_nodependencies.cpp.obj
  [236/2661] Building CXX object utilcode\CMakeFiles\utilcode_dac.dir\ccomprc.cpp.obj
  [237/2661] Building CXX object utilcode\CMakeFiles\utilcode_dac.dir\splitpath.cpp.obj
  [238/2661] Building CXX object utilcode\CMakeFiles\utilcode_dac.dir\namespaceutil.cpp.obj
  [239/2661] Building CXX object debug\di\CMakeFiles\cordbdi.dir\rsthread.cpp.obj
  [240/2661] Building CXX object utilcode\CMakeFiles\utilcode_dac.dir\sbuffer.cpp.obj
  [241/2661] Building CXX object utilcode\CMakeFiles\utilcode_dac.dir\sstring_com.cpp.obj
  [242/2661] Building CXX object utilcode\CMakeFiles\utilcode_dac.dir\fstring.cpp.obj
  [243/2661] Building CXX object utilcode\CMakeFiles\utilcode_dac.dir\makepath.cpp.obj
  [244/2661] Building CXX object utilcode\CMakeFiles\utilcode_dac.dir\clrconfig.cpp.obj
  [245/2661] Building CXX object utilcode\CMakeFiles\utilcode_dac.dir\ex.cpp.obj
  [246/2661] Building CXX object utilcode\CMakeFiles\utilcode_dac.dir\configuration.cpp.obj
  [247/2661] Linking CXX static library debug\di\cordbdi.lib
  [248/2661] Building CXX object utilcode\CMakeFiles\utilcode_dac.dir\clrhelpers.cpp.obj
  [249/2661] Building CXX object utilcode\CMakeFiles\utilcode_dac.dir\guidfromname.cpp.obj
  [250/2661] Building CXX object utilcode\CMakeFiles\utilcode_dac.dir\posterror.cpp.obj
  [251/2661] Building CXX object utilcode\CMakeFiles\utilcode_dac.dir\collections.cpp.obj
  [252/2661] Building CXX object utilcode\CMakeFiles\utilcode_dac.dir\log.cpp.obj
  [253/2661] Preprocessing R:/src/coreclr/dlls/mscordbi/mscordbi.src. Outputting to R:/artifacts/obj/coreclr/windows.x64.Debug/dlls/mscordbi/mscordbi.def
  mscordbi.src
  [254/2661] Building CXX object utilcode\CMakeFiles\utilcode_dac.dir\utsem.cpp.obj
  [255/2661] Building CXX object utilcode\CMakeFiles\utilcode_dac.dir\arraylist.cpp.obj
  [256/2661] Building CXX object utilcode\CMakeFiles\utilcode_dac.dir\comex.cpp.obj
  [257/2661] Building CXX object utilcode\CMakeFiles\utilcode_dac.dir\check.cpp.obj
  [258/2661] Building CXX object utilcode\CMakeFiles\utilcode_dac.dir\memorystreams.cpp.obj
  [259/2661] Building CXX object utilcode\CMakeFiles\utilcode_dac.dir\memorypool.cpp.obj
  [260/2661] Building CXX object utilcode\CMakeFiles\utilcode_dac.dir\opinfo.cpp.obj
  [261/2661] Building CXX object utilcode\CMakeFiles\utilcode_dac.dir\corimage.cpp.obj
  [262/2661] Building CXX object utilcode\CMakeFiles\utilcode_dac.dir\outstring.cpp.obj
  [263/2661] Building CXX object utilcode\CMakeFiles\utilcode_dac.dir\ilformatter.cpp.obj
  [264/2661] Building CXX object utilcode\CMakeFiles\utilcode_dac.dir\sha1.cpp.obj
  [265/2661] Building CXX object utilcode\CMakeFiles\utilcode_dac.dir\loaderheap_shared.cpp.obj
  [266/2661] Building CXX object utilcode\CMakeFiles\utilcode_dac.dir\format1.cpp.obj
  [267/2661] Building CXX object utilcode\CMakeFiles\utilcode_dac.dir\loaderheap.cpp.obj
  [268/2661] Building CXX object utilcode\CMakeFiles\utilcode_dac.dir\prettyprintsig.cpp.obj
  [269/2661] Building CXX object utilcode\CMakeFiles\utilcode_dac.dir\sigbuilder.cpp.obj
  [270/2661] Building CXX object utilcode\CMakeFiles\utilcode_dac.dir\sigparser.cpp.obj
  [271/2661] Building CXX object utilcode\CMakeFiles\utilcode_dac.dir\explicitcontrolloaderheap.cpp.obj
  [272/2661] Building CXX object utilcode\CMakeFiles\utilcode_dac.dir\md5.cpp.obj
  [273/2661] Building CXX object utilcode\CMakeFiles\utilcode_dac.dir\interleavedloaderheap.cpp.obj
  [274/2661] Building CXX object utilcode\CMakeFiles\utilcode_dac.dir\util_nodependencies.cpp.obj
  [275/2661] Building CXX object utilcode\CMakeFiles\utilcode_dac.dir\sstring.cpp.obj
  [276/2661] Building CXX object utilcode\CMakeFiles\utilcode_dac.dir\rangelist.cpp.obj
  [277/2661] Building CXX object utilcode\CMakeFiles\utilcode_dac.dir\webcildecoder.cpp.obj
  [278/2661] Building CXX object utilcode\CMakeFiles\utilcode_dac.dir\cycletimer.cpp.obj
  [279/2661] Building CXX object utilcode\CMakeFiles\utilcode_dac.dir\yieldprocessornormalized.cpp.obj
  [280/2661] Building CXX object utilcode\CMakeFiles\utilcode_dac.dir\clrhost.cpp.obj
  [281/2661] Building CXX object utilcode\CMakeFiles\utilcode_dac.dir\safewrap.cpp.obj
  [282/2661] Building CXX object md\compiler\CMakeFiles\mdcompiler_dac.dir\assemblymd.cpp.obj
  [283/2661] Building CXX object md\compiler\CMakeFiles\mdcompiler_dac.dir\assemblymd_emit.cpp.obj
  [284/2661] Building CXX object utilcode\CMakeFiles\utilcode_dac.dir\winfix.cpp.obj
  [285/2661] Building CXX object utilcode\CMakeFiles\utilcode_dac.dir\debug.cpp.obj
  [286/2661] Building CXX object md\compiler\CMakeFiles\mdcompiler_dac.dir\custattr_import.cpp.obj
  [287/2661] Building CXX object md\compiler\CMakeFiles\mdcompiler_dac.dir\custattr_emit.cpp.obj
  [288/2661] Building CXX object utilcode\CMakeFiles\utilcode_dac.dir\longfilepathwrappers.cpp.obj
  [289/2661] Building CXX object utilcode\CMakeFiles\utilcode_dac.dir\hostimpl.cpp.obj
  [290/2661] Building CXX object utilcode\CMakeFiles\utilcode_dac.dir\util.cpp.obj
  [291/2661] Building CXX object utilcode\CMakeFiles\utilcode_dac.dir\dlwrap.cpp.obj
  [292/2661] Building CXX object md\compiler\CMakeFiles\mdcompiler_dac.dir\filtermanager.cpp.obj
  [293/2661] Building CXX object utilcode\CMakeFiles\utilcode_dac.dir\dacutil.cpp.obj
  [294/2661] Building CXX object utilcode\CMakeFiles\utilcode_dac.dir\stresslog.cpp.obj
  [295/2661] Building CXX object md\compiler\CMakeFiles\mdcompiler_dac.dir\disp.cpp.obj
  [296/2661] Building CXX object md\compiler\CMakeFiles\mdcompiler_dac.dir\emit.cpp.obj
  [297/2661] Building CXX object utilcode\CMakeFiles\utilcode_dac.dir\pedecoder.cpp.obj
  [298/2661] Building CXX object md\compiler\CMakeFiles\mdcompiler_dac.dir\helper.cpp.obj
  [299/2661] Building CXX object md\compiler\CMakeFiles\mdcompiler_dac.dir\importhelper.cpp.obj
  [300/2661] Building CXX object md\compiler\CMakeFiles\mdcompiler_dac.dir\mdutil.cpp.obj
  [301/2661] Building CXX object md\compiler\CMakeFiles\mdcompiler_dac.dir\regmeta_compilersupport.cpp.obj
  [302/2661] Building CXX object md\compiler\CMakeFiles\mdcompiler_dac.dir\regmeta_imetadatatables.cpp.obj
  [303/2661] Building CXX object md\compiler\CMakeFiles\mdcompiler_dac.dir\regmeta.cpp.obj
  [304/2661] Building CXX object md\compiler\CMakeFiles\mdcompiler_dac.dir\regmeta_import.cpp.obj
  [305/2661] Building CXX object md\compiler\CMakeFiles\mdcompiler_dac.dir\regmeta_emit.cpp.obj
  [306/2661] Building CXX object md\compiler\CMakeFiles\mdcompiler_dac.dir\regmeta_vm.cpp.obj
  [307/2661] Building CXX object md\runtime\CMakeFiles\mdruntime_dac.dir\mdcolumndescriptors.cpp.obj
  [308/2661] Building CXX object md\runtime\CMakeFiles\mdruntime_dac.dir\liteweightstgdb.cpp.obj
  [309/2661] Building CXX object utilcode\CMakeFiles\utilcode_dac.dir\stacktrace.cpp.obj
  [310/2661] Building CXX object md\compiler\CMakeFiles\mdcompiler_dac.dir\import.cpp.obj
  [311/2661] Building CXX object md\runtime\CMakeFiles\mdruntime_dac.dir\noopmetadataimport.cpp.obj
  [312/2661] Building CXX object md\runtime\CMakeFiles\mdruntime_dac.dir\recordpool.cpp.obj
  [313/2661] Building CXX object md\runtime\CMakeFiles\mdruntime_dac.dir\strongnameinternal.cpp.obj
  [314/2661] Building CXX object md\runtime\CMakeFiles\mdruntime_dac.dir\mdfileformat.cpp.obj
  [315/2661] Building CXX object md\runtime\CMakeFiles\mdruntime_dac.dir\metamodelro.cpp.obj
  [316/2661] Building CXX object md\runtime\CMakeFiles\mdruntime_dac.dir\metamodel.cpp.obj
  [317/2661] Building CXX object md\runtime\CMakeFiles\mdruntime_dac.dir\stgpool.cpp.obj
  [318/2661] Building CXX object md\runtime\CMakeFiles\mdruntime_dac.dir\stgpooli.cpp.obj
  [319/2661] Building CXX object md\runtime\CMakeFiles\mdruntime_dac.dir\stgpoolreadonly.cpp.obj
  [320/2661] Building CXX object md\runtime\CMakeFiles\mdruntime_dac.dir\mdinternalro.cpp.obj
  [321/2661] Building CXX object md\enc\CMakeFiles\mdruntimerw_dac.dir\rwutil.cpp.obj
  [322/2661] Building CXX object md\enc\CMakeFiles\mdruntimerw_dac.dir\metamodelenc.cpp.obj
  [323/2661] Building CXX object md\enc\CMakeFiles\mdruntimerw_dac.dir\stgtiggerstream.cpp.obj
  [324/2661] Building CXX object md\enc\CMakeFiles\mdruntimerw_dac.dir\stgtiggerstorage.cpp.obj
  [325/2661] Building CXX object md\runtime\CMakeFiles\mdruntime_dac.dir\mdinternaldisp.cpp.obj
  [326/2661] Building CXX object md\enc\CMakeFiles\mdruntimerw_dac.dir\pdbheap.cpp.obj
  [327/2661] Linking CXX static library utilcode\utilcode_dac.lib
  [328/2661] Linking CXX static library md\compiler\mdcompiler_dac.lib
  [329/2661] Building CXX object md\enc\CMakeFiles\mdruntimerw_dac.dir\peparse.cpp.obj
  [330/2661] Linking CXX static library unwinder\unwinder_dac.lib
  [331/2661] Building CXX object md\enc\CMakeFiles\mdruntimerw_dac.dir\metamodelrw.cpp.obj
  [332/2661] Building CXX object md\enc\CMakeFiles\mdruntimerw_dac.dir\liteweightstgdbrw.cpp.obj
  [333/2661] Building CXX object md\enc\CMakeFiles\mdruntimerw_dac.dir\stgio.cpp.obj
  [334/2661] Linking CXX static library md\runtime\mdruntime_dac.lib
  [335/2661] Building RC object dlls\mscordbi\CMakeFiles\mscordbi.dir\Native.rc.res
  [336/2661] Building CXX object md\enc\CMakeFiles\mdruntimerw_dac.dir\mdinternalrw.cpp.obj
  [337/2661] Building CXX object vm\wks\CMakeFiles\cee_wks_core.dir\cmake_pch.cxx.obj
  [338/2661] Building C object libs-native\System.Globalization.Native\CMakeFiles\System.Globalization.Native-Static.dir\entrypoints.c.obj
  [339/2661] Linking CXX static library md\enc\mdruntimerw_dac.lib
  [340/2661] Building C object libs-native\System.Globalization.Native\CMakeFiles\System.Globalization.Native-Static.dir\pal_timeZoneInfo.c.obj
  [341/2661] Building CXX object vm\wks\CMakeFiles\cee_wks_core.dir\__\array.cpp.obj
  [342/2661] Building CXX object vm\wks\CMakeFiles\cee_wks_core.dir\__\assemblybinder.cpp.obj
  [343/2661] Building CXX object vm\wks\CMakeFiles\cee_wks_core.dir\__\assembly.cpp.obj
  [344/2661] Building CXX object gc\windows\CMakeFiles\gc_pal.dir\gcenv.windows.cpp.obj
  [345/2661] Building CXX object vm\wks\CMakeFiles\cee_wks_core.dir\__\asynccontinuations.cpp.obj
  [346/2661] Building CXX object vm\wks\CMakeFiles\cee_wks_core.dir\__\castcache.cpp.obj
  [347/2661] Building CXX object vm\CMakeFiles\cee_dac.dir\cmake_pch.cxx.obj
  [348/2661] Building CXX object vm\wks\CMakeFiles\cee_wks_core.dir\__\cdacplatformmetadata.cpp.obj
  [349/2661] Building CXX object vm\wks\CMakeFiles\cee_wks_core.dir\__\binder.cpp.obj
  [350/2661] Building CXX object vm\wks\CMakeFiles\cee_wks_core.dir\__\callcounting.cpp.obj
  [351/2661] Building CXX object vm\CMakeFiles\cee_dac.dir\array.cpp.obj
  [352/2661] Building CXX object vm\wks\CMakeFiles\cee_wks_core.dir\__\appdomain.cpp.obj
  [353/2661] Building CXX object vm\CMakeFiles\cee_dac.dir\assemblybinder.cpp.obj
  [354/2661] Building CXX object vm\CMakeFiles\cee_dac.dir\asynccontinuations.cpp.obj
  [355/2661] Building CXX object vm\CMakeFiles\cee_dac.dir\assembly.cpp.obj
  [356/2661] Building CXX object vm\CMakeFiles\cee_dac.dir\castcache.cpp.obj
  [357/2661] Building CXX object debug\ee\dac\CMakeFiles\cordbee_dac.dir\cmake_pch.cxx.obj
  [358/2661] Building CXX object vm\CMakeFiles\cee_dac.dir\callcounting.cpp.obj
  [359/2661] Building CXX object vm\CMakeFiles\cee_dac.dir\binder.cpp.obj
  [360/2661] Building CXX object vm\CMakeFiles\cee_dac.dir\cdacplatformmetadata.cpp.obj
  [361/2661] Building CXX object vm\CMakeFiles\cee_dac.dir\appdomain.cpp.obj
  [362/2661] Building CXX object vm\CMakeFiles\cee_dac.dir\classlayoutinfo.cpp.obj
  [363/2661] Building CXX object vm\CMakeFiles\cee_dac.dir\classhash.cpp.obj
  [364/2661] Building CXX object vm\wks\CMakeFiles\cee_wks_core.dir\__\ceeload.cpp.obj
  [365/2661] Building CXX object vm\CMakeFiles\cee_dac.dir\class.cpp.obj
  [366/2661] Building CXX object vm\CMakeFiles\cee_dac.dir\ceeload.cpp.obj
  [367/2661] Building CXX object vm\CMakeFiles\cee_dac.dir\clsload.cpp.obj
  [368/2661] Building CXX object vm\CMakeFiles\cee_dac.dir\codeman.cpp.obj
  [369/2661] Building CXX object vm\CMakeFiles\cee_dac.dir\conditionalweaktable.cpp.obj
  [370/2661] Building CXX object vm\CMakeFiles\cee_dac.dir\codeversion.cpp.obj
  [371/2661] Building CXX object dlls\mscordbi\CMakeFiles\mscordbi.dir\cmake_pch.cxx.obj
  [372/2661] Building CXX object vm\CMakeFiles\cee_dac.dir\debughelp.cpp.obj
  [373/2661] Building CXX object vm\CMakeFiles\cee_dac.dir\debuginfostore.cpp.obj
  [374/2661] Building CXX object vm\CMakeFiles\cee_dac.dir\decodemd.cpp.obj
  [375/2661] Building CXX object vm\CMakeFiles\cee_dac.dir\disassembler.cpp.obj
  [376/2661] Building CXX object vm\CMakeFiles\cee_dac.dir\debugdebugger.cpp.obj
  [377/2661] Building CXX object vm\CMakeFiles\cee_dac.dir\contractimpl.cpp.obj
  [378/2661] Building CXX object vm\CMakeFiles\cee_dac.dir\ebr.cpp.obj
  [379/2661] Building CXX object vm\CMakeFiles\cee_dac.dir\crst.cpp.obj
  [380/2661] Building CXX object vm\CMakeFiles\cee_dac.dir\corhost.cpp.obj
  [381/2661] Building CXX object vm\CMakeFiles\cee_dac.dir\ecall.cpp.obj
  [382/2661] Building CXX object vm\CMakeFiles\cee_dac.dir\eehash.cpp.obj
  [383/2661] Building CXX object utilcode\CMakeFiles\utilcode.dir\cmake_pch.cxx.obj
  [384/2661] Building CXX object vm\CMakeFiles\cee_dac.dir\dynamicmethod.cpp.obj
  [385/2661] Building CXX object vm\CMakeFiles\cee_dac.dir\eedbginterfaceimpl.cpp.obj
  [386/2661] Building CXX object vm\CMakeFiles\cee_dac.dir\exstate.cpp.obj
  [387/2661] Building CXX object vm\CMakeFiles\cee_dac.dir\encee.cpp.obj
  [388/2661] Building CXX object debug\daccess\CMakeFiles\daccess.dir\cmake_pch.cxx.obj
  [389/2661] Building CXX object vm\CMakeFiles\cee_dac.dir\fptrstubs.cpp.obj
  [390/2661] Building CXX object vm\CMakeFiles\cee_dac.dir\eetwain.cpp.obj
  [391/2661] Building CXX object vm\CMakeFiles\cee_dac.dir\field.cpp.obj
  [392/2661] Building CXX object vm\CMakeFiles\cee_dac.dir\gctoclreventsink.cpp.obj
  [393/2661] Building CXX object vm\CMakeFiles\cee_dac.dir\exinfo.cpp.obj
  [394/2661] Building CXX object vm\CMakeFiles\cee_dac.dir\gcheaputilities.cpp.obj
  [395/2661] Building CXX object vm\CMakeFiles\cee_dac.dir\formattype.cpp.obj
  [396/2661] Building CXX object vm\CMakeFiles\cee_dac.dir\excep.cpp.obj
  [397/2661] Building CXX object debug\daccess\CMakeFiles\daccess.dir\cdac.cpp.obj
  [398/2661] Building CXX object debug\daccess\CMakeFiles\daccess.dir\dacfn.cpp.obj
  [399/2661] Building CXX object debug\daccess\CMakeFiles\daccess.dir\fntableaccess.cpp.obj
  [400/2661] Building CXX object debug\daccess\CMakeFiles\daccess.dir\dacdbiimplstackwalk.cpp.obj
  [401/2661] Building CXX object debug\daccess\CMakeFiles\daccess.dir\gcdump_dac.cpp.obj
  [402/2661] Building CXX object vm\CMakeFiles\cee_dac.dir\frames.cpp.obj
  [403/2661] Building CXX object debug\daccess\CMakeFiles\daccess.dir\inspect.cpp.obj
  [404/2661] Building CXX object debug\daccess\CMakeFiles\daccess.dir\reimpl.cpp.obj
  [405/2661] Building CXX object debug\daccess\CMakeFiles\daccess.dir\enummem.cpp.obj
  [406/2661] Building CXX object debug\daccess\CMakeFiles\daccess.dir\daccess.cpp.obj
  [407/2661] Building CXX object debug\daccess\CMakeFiles\daccess.dir\stack.cpp.obj
  [408/2661] Building CXX object debug\daccess\CMakeFiles\daccess.dir\nidump.cpp.obj
  [409/2661] Building CXX object debug\daccess\CMakeFiles\daccess.dir\datatargetadapter.cpp.obj
  [410/2661] Building CXX object debug\daccess\CMakeFiles\daccess.dir\amd64\primitives.cpp.obj
  [411/2661] Building CXX object debug\daccess\CMakeFiles\daccess.dir\request_svr.cpp.obj
  [412/2661] Building CXX object vm\CMakeFiles\cee_dac.dir\gchandleutilities.cpp.obj
  [413/2661] Building CXX object debug\daccess\CMakeFiles\daccess.dir\task.cpp.obj
  [414/2661] Building CXX object vm\CMakeFiles\cee_dac.dir\ilinstrumentation.cpp.obj
  [415/2661] Building CXX object vm\CMakeFiles\cee_dac.dir\generics.cpp.obj
  [416/2661] Building CXX object vm\CMakeFiles\cee_dac.dir\hash.cpp.obj
  [417/2661] Building CXX object vm\CMakeFiles\cee_dac.dir\genmeth.cpp.obj
  [418/2661] Building CXX object vm\CMakeFiles\cee_dac.dir\genericdict.cpp.obj
  [419/2661] Building CXX object vm\CMakeFiles\cee_dac.dir\ilstubcache.cpp.obj
  [420/2661] Building CXX object debug\daccess\CMakeFiles\daccess.dir\dacdbiimpl.cpp.obj
  [421/2661] Building CXX object vm\CMakeFiles\cee_dac.dir\ilstubresolver.cpp.obj
  [422/2661] Building CXX object vm\CMakeFiles\cee_dac.dir\jithost.cpp.obj
  [423/2661] Building CXX object vm\CMakeFiles\cee_dac.dir\inlinetracking.cpp.obj
  [424/2661] Building CXX object debug\daccess\CMakeFiles\daccess.dir\request.cpp.obj
  [425/2661] Building CXX object vm\CMakeFiles\cee_dac.dir\instmethhash.cpp.obj
  [426/2661] Building CXX object vm\CMakeFiles\cee_dac.dir\methoddescbackpatchinfo.cpp.obj
  [427/2661] Building CXX object vm\datadescriptor\CMakeFiles\gc_svr_descriptor_temp.dir\__\__\debug\datadescriptor-shared\datadescriptor.cpp.obj
  [428/2661] Building CXX object vm\CMakeFiles\cee_dac.dir\methodimpl.cpp.obj
  [429/2661] Building CXX object vm\CMakeFiles\cee_dac.dir\methoditer.cpp.obj
  [430/2661] Building CXX object md\runtime\CMakeFiles\mdruntime_wks.dir\cmake_pch.cxx.obj
  [431/2661] Building CXX object vm\CMakeFiles\cee_dac.dir\onstackreplacement.cpp.obj
  [432/2661] Building CXX object vm\CMakeFiles\cee_dac.dir\object.cpp.obj
  [433/2661] Building CXX object vm\CMakeFiles\cee_dac.dir\nativeimage.cpp.obj
  [434/2661] Linking CXX static library debug\daccess\daccess.lib
  [435/2661] Building CXX object vm\CMakeFiles\cee_dac.dir\perfmap.cpp.obj
  [436/2661] Building CXX object vm\CMakeFiles\cee_dac.dir\peimage.cpp.obj
  [437/2661] Building CXX object md\compiler\CMakeFiles\mdcompiler_wks.dir\cmake_pch.cxx.obj
  [438/2661] Building CXX object vm\CMakeFiles\cee_dac.dir\jitinterface.cpp.obj
  [439/2661] Building CXX object md\enc\CMakeFiles\mdruntimerw_wks.dir\cmake_pch.cxx.obj
  [440/2661] Building CXX object vm\CMakeFiles\cee_dac.dir\precode_portable.cpp.obj
  [441/2661] Building CXX object vm\CMakeFiles\cee_dac.dir\loaderallocator.cpp.obj
  [442/2661] Building CXX object vm\CMakeFiles\cee_dac.dir\memberload.cpp.obj
  [443/2661] Building CXX object vm\CMakeFiles\cee_dac.dir\precode.cpp.obj
  [444/2661] Building CXX object vm\CMakeFiles\cee_dac.dir\spinlock.cpp.obj
  [445/2661] Building CXX object vm\CMakeFiles\cee_dac.dir\readytorunstandalonemethodmetadata.cpp.obj
  [446/2661] Building CXX object vm\CMakeFiles\cee_dac.dir\peassembly.cpp.obj
  [447/2661] Building CXX object vm\CMakeFiles\cee_dac.dir\sigformat.cpp.obj
  [448/2661] Building CXX object vm\CMakeFiles\cee_dac.dir\method.cpp.obj
  [449/2661] Building CXX object vm\CMakeFiles\cee_dac.dir\pgo.cpp.obj
  [450/2661] Building CXX object vm\CMakeFiles\cee_dac.dir\threadstatics.cpp.obj
  [451/2661] Building CXX object vm\CMakeFiles\cee_dac.dir\stublink.cpp.obj
  [452/2661] Building CXX object vm\CMakeFiles\cee_dac.dir\typectxt.cpp.obj
  [453/2661] Building CXX object vm\CMakeFiles\cee_dac.dir\siginfo.cpp.obj
  [454/2661] Building CXX object vm\CMakeFiles\cee_dac.dir\tieredcompilation.cpp.obj
  [455/2661] Building CXX object vm\CMakeFiles\cee_dac.dir\prestub.cpp.obj
  [456/2661] Building CXX object vm\CMakeFiles\cee_dac.dir\rejit.cpp.obj
  [457/2661] Building CXX object vm\CMakeFiles\cee_dac.dir\methodtable.cpp.obj
  [458/2661] Building CXX object vm\CMakeFiles\cee_dac.dir\typeequivalencehash.cpp.obj
  [459/2661] Building CXX object vm\CMakeFiles\cee_dac.dir\typedesc.cpp.obj
  [460/2661] Building CXX object vm\CMakeFiles\cee_dac.dir\util.cpp.obj
  [461/2661] Building CXX object vm\CMakeFiles\cee_dac.dir\syncblk.cpp.obj
  [462/2661] Building CXX object vm\CMakeFiles\cee_dac.dir\typehandle.cpp.obj
  [463/2661] Building CXX object vm\CMakeFiles\cee_dac.dir\vars.cpp.obj
  [464/2661] Building CXX object vm\CMakeFiles\cee_dac.dir\versionresilienthashcode.cpp.obj
  [465/2661] Building CXX object vm\CMakeFiles\cee_dac.dir\typestring.cpp.obj
  [466/2661] Building CXX object vm\CMakeFiles\cee_dac.dir\stackwalk.cpp.obj
  [467/2661] Building CXX object vm\CMakeFiles\cee_dac.dir\typehash.cpp.obj
  [468/2661] Building CXX object vm\CMakeFiles\cee_dac.dir\stubmgr.cpp.obj
  [469/2661] Building CXX object vm\CMakeFiles\cee_dac.dir\zapsig.cpp.obj
  [470/2661] Building CXX object vm\CMakeFiles\cee_dac.dir\pregeneratedstringthunks.cpp.obj
  [471/2661] Building CXX object vm\CMakeFiles\cee_dac.dir\amsi.cpp.obj
  [472/2661] Building CXX object vm\CMakeFiles\cee_dac.dir\peimagelayout.cpp.obj
  [473/2661] Building CXX object vm\CMakeFiles\cee_dac.dir\threads.cpp.obj
  [474/2661] Building CXX object vm\CMakeFiles\cee_dac.dir\amd64\stublinkeramd64.cpp.obj
  [475/2661] Building CXX object vm\CMakeFiles\cee_dac.dir\amd64\cgenamd64.cpp.obj
  [476/2661] Building CXX object vm\CMakeFiles\cee_dac.dir\readytoruninfo.cpp.obj
  [477/2661] Building CXX object vm\CMakeFiles\cee_dac.dir\virtualcallstub.cpp.obj
  [478/2661] Building CXX object vm\CMakeFiles\cee_dac.dir\amd64\excepamd64.cpp.obj
  [479/2661] Building CXX object vm\CMakeFiles\cee_dac.dir\exceptionhandling.cpp.obj
  [480/2661] Building CXX object debug\ee\dac\CMakeFiles\cordbee_dac.dir\__\debuggermessagebox.cpp.obj
  [481/2661] Building CXX object debug\ee\dac\CMakeFiles\cordbee_dac.dir\__\controller.cpp.obj
  [482/2661] Building CXX object debug\ee\dac\CMakeFiles\cordbee_dac.dir\__\executioncontrol.cpp.obj
  [483/2661] Building CXX object debug\ee\dac\CMakeFiles\cordbee_dac.dir\__\debuggermodule.cpp.obj
  [484/2661] Building CXX object vm\CMakeFiles\cee_dac.dir\__\gc\objecthandle.cpp.obj
  [485/2661] Building CXX object vm\CMakeFiles\cee_dac.dir\__\gc\handletablecore.cpp.obj
  [486/2661] Building CXX object vm\CMakeFiles\cee_dac.dir\__\gc\handletable.cpp.obj
  [487/2661] Building CXX object vm\CMakeFiles\cee_dac.dir\__\gc\handletablescan.cpp.obj
  [488/2661] Building CXX object debug\ee\dac\CMakeFiles\cordbee_dac.dir\__\debugger.cpp.obj
  [489/2661] Building CXX object dlls\mscordbi\CMakeFiles\mscordbi.dir\mscordbi.cpp.obj
  [490/2661] Generating mscordaccore.exp export file
     Creating library R:/artifacts/obj/coreclr/windows.x64.Debug/dlls/mscordac/mscordaccore.lib and object R:/artifacts/obj/coreclr/windows.x64.Debug/dlls/mscordac/mscordaccore.exp
  [491/2661] Building CXX object vm\wks\CMakeFiles\cee_wks_core.dir\__\conditionalweaktable.cpp.obj
  [492/2661] Building CXX object debug\ee\dac\CMakeFiles\cordbee_dac.dir\__\functioninfo.cpp.obj
  [493/2661] Building CXX object vm\wks\CMakeFiles\cee_wks_core.dir\__\classhash.cpp.obj
  [494/2661] Building CXX object vm\wks\CMakeFiles\cee_wks_core.dir\__\classlayoutinfo.cpp.obj
  [495/2661] Building CXX object vm\wks\CMakeFiles\cee_wks_core.dir\__\debughelp.cpp.obj
  [496/2661] Linking CXX static library vm\cee_dac.lib
  [497/2661] Building CXX object vm\wks\CMakeFiles\cee_wks_core.dir\__\codeversion.cpp.obj
  [498/2661] Linking CXX static library debug\ee\dac\cordbee_dac.lib
  [499/2661] Building CXX object vm\wks\CMakeFiles\cee_wks_core.dir\__\crst.cpp.obj
  [500/2661] Building RC object dlls\mscordac\CMakeFiles\mscordaccore.dir\Native.rc.res
  [501/2661] Building CXX object vm\wks\CMakeFiles\cee_wks_core.dir\__\debuginfostore.cpp.obj
  [502/2661] Building CXX object vm\wks\CMakeFiles\cee_wks_core.dir\__\decodemd.cpp.obj
  [503/2661] Building CXX object vm\wks\CMakeFiles\cee_wks_core.dir\__\contractimpl.cpp.obj
  [504/2661] Building CXX object vm\wks\CMakeFiles\cee_wks_core.dir\__\ebr.cpp.obj
  [505/2661] Building CXX object vm\wks\CMakeFiles\cee_wks_core.dir\__\debugdebugger.cpp.obj
  [506/2661] Building CXX object vm\wks\CMakeFiles\cee_wks_core.dir\__\disassembler.cpp.obj
  [507/2661] Building CXX object vm\wks\CMakeFiles\cee_wks_core.dir\__\ecall.cpp.obj
  [508/2661] Building CXX object vm\wks\CMakeFiles\cee_wks_core.dir\__\eehash.cpp.obj
  [509/2661] Building CXX object vm\wks\CMakeFiles\cee_wks_core.dir\__\corhost.cpp.obj
  [510/2661] Building CXX object vm\wks\CMakeFiles\cee_wks_core.dir\__\clsload.cpp.obj
  [511/2661] Building CXX object vm\wks\CMakeFiles\cee_wks_core.dir\__\exstate.cpp.obj
  [512/2661] Building CXX object vm\wks\CMakeFiles\cee_wks_core.dir\__\class.cpp.obj
  [513/2661] Building CXX object vm\wks\CMakeFiles\cee_wks_core.dir\__\exinfo.cpp.obj
  [514/2661] Building CXX object vm\wks\CMakeFiles\cee_wks_core.dir\__\eedbginterfaceimpl.cpp.obj
  [515/2661] Building CXX object vm\wks\CMakeFiles\cee_wks_core.dir\__\field.cpp.obj
  [516/2661] Building CXX object vm\wks\CMakeFiles\cee_wks_core.dir\__\formattype.cpp.obj
  [517/2661] Building CXX object vm\wks\CMakeFiles\cee_wks_core.dir\__\eetwain.cpp.obj
  [518/2661] Building CXX object vm\wks\CMakeFiles\cee_wks_core.dir\__\encee.cpp.obj
  [519/2661] Building CXX object vm\wks\CMakeFiles\cee_wks_core.dir\__\dynamicmethod.cpp.obj
  [520/2661] Building CXX object vm\wks\CMakeFiles\cee_wks_core.dir\__\fptrstubs.cpp.obj
  [521/2661] Building CXX object vm\wks\CMakeFiles\cee_wks_core.dir\__\gchandleutilities.cpp.obj
  [522/2661] Building CXX object vm\wks\CMakeFiles\cee_wks_core.dir\__\gctoclreventsink.cpp.obj
  [523/2661] Building CXX object vm\wks\CMakeFiles\cee_wks_core.dir\__\gcheaputilities.cpp.obj
  [524/2661] Building CXX object vm\wks\CMakeFiles\cee_wks_core.dir\__\ilinstrumentation.cpp.obj
  [525/2661] Building CXX object vm\wks\CMakeFiles\cee_wks_core.dir\__\hash.cpp.obj
  [526/2661] Building CXX object vm\wks\CMakeFiles\cee_wks_core.dir\__\generics.cpp.obj
  [527/2661] Building CXX object vm\wks\CMakeFiles\cee_wks_core.dir\__\jithost.cpp.obj
  [528/2661] Building CXX object vm\wks\CMakeFiles\cee_wks_core.dir\__\ilstubcache.cpp.obj
  [529/2661] Building CXX object vm\wks\CMakeFiles\cee_wks_core.dir\__\genmeth.cpp.obj
  [530/2661] Building CXX object vm\wks\CMakeFiles\cee_wks_core.dir\__\ilstubresolver.cpp.obj
  [531/2661] Building CXX object vm\wks\CMakeFiles\cee_wks_core.dir\__\instmethhash.cpp.obj
  [532/2661] Building CXX object vm\wks\CMakeFiles\cee_wks_core.dir\__\frames.cpp.obj
  [533/2661] Building CXX object vm\wks\CMakeFiles\cee_wks_core.dir\__\genericdict.cpp.obj
  [534/2661] Building CXX object vm\wks\CMakeFiles\cee_wks_core.dir\__\inlinetracking.cpp.obj
  [535/2661] Building CXX object vm\wks\CMakeFiles\cee_wks_core.dir\__\excep.cpp.obj
  [536/2661] Building CXX object vm\wks\CMakeFiles\cee_wks_core.dir\__\methodimpl.cpp.obj
  [537/2661] Building CXX object vm\wks\CMakeFiles\cee_wks_core.dir\__\methoditer.cpp.obj
  [538/2661] Building CXX object vm\wks\CMakeFiles\cee_wks_core.dir\__\methoddescbackpatchinfo.cpp.obj
  [539/2661] Building CXX object vm\wks\CMakeFiles\cee_wks_core.dir\__\onstackreplacement.cpp.obj
  [540/2661] Building CXX object vm\wks\CMakeFiles\cee_wks_core.dir\__\nativeimage.cpp.obj
  [541/2661] Building CXX object vm\wks\CMakeFiles\cee_wks_core.dir\__\perfmap.cpp.obj
  [542/2661] Building CXX object vm\wks\CMakeFiles\cee_wks_core.dir\__\precode_portable.cpp.obj
  [543/2661] Building CXX object vm\wks\CMakeFiles\cee_wks_core.dir\__\peimage.cpp.obj
  [544/2661] Building CXX object vm\wks\CMakeFiles\cee_wks_core.dir\__\memberload.cpp.obj
  [545/2661] Building CXX object vm\wks\CMakeFiles\cee_wks_core.dir\__\object.cpp.obj
  [546/2661] Building CXX object vm\wks\CMakeFiles\cee_wks_core.dir\__\precode.cpp.obj
  [547/2661] Building CXX object vm\wks\CMakeFiles\cee_wks_core.dir\__\peassembly.cpp.obj
  [548/2661] Building CXX object vm\wks\CMakeFiles\cee_wks_core.dir\__\method.cpp.obj
  [549/2661] Building CXX object vm\wks\CMakeFiles\cee_wks_core.dir\__\readytorunstandalonemethodmetadata.cpp.obj
  [550/2661] Building CXX object vm\wks\CMakeFiles\cee_wks_core.dir\__\loaderallocator.cpp.obj
  [551/2661] Building CXX object vm\wks\CMakeFiles\cee_wks_core.dir\__\spinlock.cpp.obj
  [552/2661] Building CXX object vm\wks\CMakeFiles\cee_wks_core.dir\__\sigformat.cpp.obj
  [553/2661] Building CXX object vm\wks\CMakeFiles\cee_wks_core.dir\__\pgo.cpp.obj
  [554/2661] Building CXX object vm\wks\CMakeFiles\cee_wks_core.dir\__\stublink.cpp.obj
  [555/2661] Building CXX object vm\wks\CMakeFiles\cee_wks_core.dir\__\jitinterface.cpp.obj
  [556/2661] Building CXX object vm\wks\CMakeFiles\cee_wks_core.dir\__\stackwalk.cpp.obj
  [557/2661] Building CXX object vm\wks\CMakeFiles\cee_wks_core.dir\__\typectxt.cpp.obj
  [558/2661] Building CXX object vm\wks\CMakeFiles\cee_wks_core.dir\__\methodtable.cpp.obj
  [559/2661] Building CXX object vm\wks\CMakeFiles\cee_wks_core.dir\__\prestub.cpp.obj
  [560/2661] Building CXX object vm\wks\CMakeFiles\cee_wks_core.dir\__\threadstatics.cpp.obj
  [561/2661] Building CXX object vm\wks\CMakeFiles\cee_wks_core.dir\__\siginfo.cpp.obj
  [562/2661] Building CXX object vm\wks\CMakeFiles\cee_wks_core.dir\__\tieredcompilation.cpp.obj
  [563/2661] Building CXX object vm\wks\CMakeFiles\cee_wks_core.dir\__\stubmgr.cpp.obj
  [564/2661] Building CXX object vm\wks\CMakeFiles\cee_wks_core.dir\__\rejit.cpp.obj
  [565/2661] Building CXX object vm\wks\CMakeFiles\cee_wks_core.dir\__\syncblk.cpp.obj
  [566/2661] Building CXX object vm\wks\CMakeFiles\cee_wks_core.dir\__\typeequivalencehash.cpp.obj
  [567/2661] Building CXX object vm\wks\CMakeFiles\cee_wks_core.dir\__\vars.cpp.obj
  [568/2661] Building CXX object vm\wks\CMakeFiles\cee_wks_core.dir\__\util.cpp.obj
  [569/2661] Building CXX object vm\wks\CMakeFiles\cee_wks_core.dir\__\typehash.cpp.obj
  [570/2661] Building CXX object vm\wks\CMakeFiles\cee_wks_core.dir\__\typehandle.cpp.obj
  [571/2661] Building CXX object vm\wks\CMakeFiles\cee_wks_core.dir\__\pregeneratedstringthunks.cpp.obj
  [572/2661] Building CXX object vm\wks\CMakeFiles\cee_wks_core.dir\__\typedesc.cpp.obj
  [573/2661] Building CXX object vm\wks\CMakeFiles\cee_wks_core.dir\__\versionresilienthashcode.cpp.obj
  [574/2661] Building CXX object vm\wks\CMakeFiles\cee_wks_core.dir\__\zapsig.cpp.obj
  [575/2661] Building CXX object vm\wks\CMakeFiles\cee_wks_core.dir\__\typestring.cpp.obj
  [576/2661] Building CXX object vm\wks\CMakeFiles\cee_wks_core.dir\__\appdomainnative.cpp.obj
  [577/2661] Building CXX object vm\wks\CMakeFiles\cee_wks_core.dir\__\assemblyprobeextension.cpp.obj
  [578/2661] Building CXX object vm\wks\CMakeFiles\cee_wks_core.dir\__\arraynative.cpp.obj
  [579/2661] Building CXX object vm\wks\CMakeFiles\cee_wks_core.dir\__\baseassemblyspec.cpp.obj
  [580/2661] Building CXX object vm\wks\CMakeFiles\cee_wks_core.dir\__\__\runtime\CachedInterfaceDispatch.cpp.obj
  [581/2661] Building CXX object vm\wks\CMakeFiles\cee_wks_core.dir\__\__\runtime\MiscNativeHelpers.cpp.obj
  [582/2661] Building CXX object vm\wks\CMakeFiles\cee_wks_core.dir\__\CachedInterfaceDispatch_Coreclr.cpp.obj
  [583/2661] Building CXX object vm\wks\CMakeFiles\cee_wks_core.dir\__\bundle.cpp.obj
  [584/2661] Building CXX object vm\wks\CMakeFiles\cee_wks_core.dir\__\assemblyspec.cpp.obj
  [585/2661] Building CXX object vm\wks\CMakeFiles\cee_wks_core.dir\__\cachelinealloc.cpp.obj
  [586/2661] Building CXX object vm\wks\CMakeFiles\cee_wks_core.dir\__\readytoruninfo.cpp.obj
  [587/2661] Building CXX object vm\wks\CMakeFiles\cee_wks_core.dir\__\assemblynative.cpp.obj
  [588/2661] Building CXX object vm\wks\CMakeFiles\cee_wks_core.dir\__\clrconfignative.cpp.obj
  [589/2661] Building CXX object vm\wks\CMakeFiles\cee_wks_core.dir\__\callconvbuilder.cpp.obj
  [590/2661] Building CXX object vm\wks\CMakeFiles\cee_wks_core.dir\__\clrvarargs.cpp.obj
  [591/2661] Building CXX object vm\wks\CMakeFiles\cee_wks_core.dir\__\comdatetime.cpp.obj
  [592/2661] Building CXX object vm\wks\CMakeFiles\cee_wks_core.dir\__\callstubgenerator.cpp.obj
  [593/2661] Building CXX object vm\wks\CMakeFiles\cee_wks_core.dir\__\callhelpers.cpp.obj
  [594/2661] Building CXX object vm\wks\CMakeFiles\cee_wks_core.dir\__\threads.cpp.obj
  [595/2661] Building CXX object vm\wks\CMakeFiles\cee_wks_core.dir\__\virtualcallstub.cpp.obj
  [596/2661] Building CXX object vm\wks\CMakeFiles\cee_wks_core.dir\__\comdependenthandle.cpp.obj
  [597/2661] Building CXX object vm\wks\CMakeFiles\cee_wks_core.dir\__\coreassemblyspec.cpp.obj
  [598/2661] Building CXX object vm\wks\CMakeFiles\cee_wks_core.dir\__\divmodint.cpp.obj
  [599/2661] Building CXX object vm\wks\CMakeFiles\cee_wks_core.dir\__\custommarshalerinfo.cpp.obj
  [600/2661] Building CXX object vm\wks\CMakeFiles\cee_wks_core.dir\__\comdynamic.cpp.obj
  [601/2661] Building CXX object vm\wks\CMakeFiles\cee_wks_core.dir\__\customattribute.cpp.obj
  [602/2661] Building CXX object vm\wks\CMakeFiles\cee_wks_core.dir\__\clrex.cpp.obj
  [603/2661] Building CXX object vm\wks\CMakeFiles\cee_wks_core.dir\__\commodule.cpp.obj
  [604/2661] Building CXX object vm\wks\CMakeFiles\cee_wks_core.dir\__\comsynchronizable.cpp.obj
  [605/2661] Building CXX object vm\wks\CMakeFiles\cee_wks_core.dir\__\dynamicinterfacecastable.cpp.obj
  [606/2661] Building CXX object vm\wks\CMakeFiles\cee_wks_core.dir\__\comdelegate.cpp.obj
  [607/2661] Building CXX object vm\wks\CMakeFiles\cee_wks_core.dir\__\comutilnative.cpp.obj
  [608/2661] Building CXX object vm\wks\CMakeFiles\cee_wks_core.dir\__\eeconfig.cpp.obj
  [609/2661] Building CXX object vm\wks\CMakeFiles\cee_wks_core.dir\__\dllimportcallback.cpp.obj
  [610/2661] Building CXX object vm\wks\CMakeFiles\cee_wks_core.dir\__\fcall.cpp.obj
  [611/2661] Building CXX object vm\wks\CMakeFiles\cee_wks_core.dir\__\floatdouble.cpp.obj
  [612/2661] Building CXX object vm\wks\CMakeFiles\cee_wks_core.dir\__\fieldmarshaler.cpp.obj
  [613/2661] Building CXX object vm\wks\CMakeFiles\cee_wks_core.dir\__\floatsingle.cpp.obj
  [614/2661] Building CXX object vm\wks\CMakeFiles\cee_wks_core.dir\__\frozenobjectheap.cpp.obj
  [615/2661] Building CXX object vm\wks\CMakeFiles\cee_wks_core.dir\__\eecontract.cpp.obj
  [616/2661] Building CXX object vm\wks\CMakeFiles\cee_wks_core.dir\__\eepolicy.cpp.obj
  [617/2661] Building CXX object vm\wks\CMakeFiles\cee_wks_core.dir\__\eventpipeinternal.cpp.obj
  [618/2661] Building CXX object vm\wks\CMakeFiles\cee_wks_core.dir\__\dllimport.cpp.obj
  [619/2661] Building CXX object vm\wks\CMakeFiles\cee_wks_core.dir\__\finalizerthread.cpp.obj
  [620/2661] Building CXX object vm\wks\CMakeFiles\cee_wks_core.dir\__\cdacstress.cpp.obj
  [621/2661] Building CXX object vm\wks\CMakeFiles\cee_wks_core.dir\__\hosting.cpp.obj
  [622/2661] Building CXX object vm\wks\CMakeFiles\cee_wks_core.dir\__\instancecalli.cpp.obj
  [623/2661] Building CXX object vm\wks\CMakeFiles\cee_wks_core.dir\__\hostinformation.cpp.obj
  [624/2661] Building CXX object vm\wks\CMakeFiles\cee_wks_core.dir\__\eetoprofinterfaceimpl.cpp.obj
  [625/2661] Building CXX object vm\wks\CMakeFiles\cee_wks_core.dir\__\gccover.cpp.obj
  [626/2661] Building CXX object vm\wks\CMakeFiles\cee_wks_core.dir\__\gchelpers.cpp.obj
  [627/2661] Building CXX object vm\wks\CMakeFiles\cee_wks_core.dir\__\genanalysis.cpp.obj
  [628/2661] Building CXX object vm\wks\CMakeFiles\cee_wks_core.dir\__\interpframeallocator.cpp.obj
  [629/2661] Building CXX object vm\wks\CMakeFiles\cee_wks_core.dir\__\gcenv.ee.common.cpp.obj
  [630/2661] Building CXX object vm\wks\CMakeFiles\cee_wks_core.dir\__\jitinterfacegen.cpp.obj
  [631/2661] Building CXX object vm\wks\CMakeFiles\cee_wks_core.dir\__\ilmarshalers.cpp.obj
  [632/2661] Building CXX object vm\wks\CMakeFiles\cee_wks_core.dir\__\interopconverter.cpp.obj
  [633/2661] Building CXX object vm\wks\CMakeFiles\cee_wks_core.dir\__\invokeutil.cpp.obj
  [634/2661] Building CXX object vm\wks\CMakeFiles\cee_wks_core.dir\__\managedmdimport.cpp.obj
  [635/2661] Building CXX object vm\wks\CMakeFiles\cee_wks_core.dir\__\nativeeventsource.cpp.obj
  [636/2661] Building CXX object vm\wks\CMakeFiles\cee_wks_core.dir\__\nativelibrarynative.cpp.obj
  [637/2661] Building CXX object vm\wks\CMakeFiles\cee_wks_core.dir\__\gcenv.ee.cpp.obj
  [638/2661] Building CXX object vm\wks\CMakeFiles\cee_wks_core.dir\__\nativelibrary.cpp.obj
  [639/2661] Building CXX object vm\wks\CMakeFiles\cee_wks_core.dir\__\interpexec.cpp.obj
  [640/2661] Building CXX object vm\wks\CMakeFiles\cee_wks_core.dir\__\jithelpers.cpp.obj
  [641/2661] Building CXX object vm\wks\CMakeFiles\cee_wks_core.dir\__\multicorejit.cpp.obj
  [642/2661] Building CXX object vm\wks\CMakeFiles\cee_wks_core.dir\__\pendingload.cpp.obj
  [643/2661] Building CXX object vm\wks\CMakeFiles\cee_wks_core.dir\__\multicorejitplayer.cpp.obj
  [644/2661] Building CXX object vm\wks\CMakeFiles\cee_wks_core.dir\__\interoputil.cpp.obj
  [645/2661] Building CXX object vm\wks\CMakeFiles\cee_wks_core.dir\__\marshalnative.cpp.obj
  [646/2661] Building CXX object vm\wks\CMakeFiles\cee_wks_core.dir\__\pinvokeoverride.cpp.obj
  [647/2661] Building CXX object vm\wks\CMakeFiles\cee_wks_core.dir\__\profdetach.cpp.obj
  [648/2661] Building CXX object vm\wks\CMakeFiles\cee_wks_core.dir\__\profilinghelper.cpp.obj
  [649/2661] Building CXX object vm\wks\CMakeFiles\cee_wks_core.dir\__\profilingenumerators.cpp.obj
  [650/2661] Building CXX object vm\wks\CMakeFiles\cee_wks_core.dir\__\mlinfo.cpp.obj
  [651/2661] Building CXX object vm\wks\CMakeFiles\cee_wks_core.dir\__\methodtablebuilder.cpp.obj
  [652/2661] Building CXX object vm\wks\CMakeFiles\cee_wks_core.dir\__\reflectclasswriter.cpp.obj
  [653/2661] Building CXX object vm\wks\CMakeFiles\cee_wks_core.dir\__\qcall.cpp.obj
  [654/2661] Building CXX object vm\wks\CMakeFiles\cee_wks_core.dir\__\stackingallocator.cpp.obj
  [655/2661] Building CXX object vm\wks\CMakeFiles\cee_wks_core.dir\__\simplerwlock.cpp.obj
  [656/2661] Building CXX object vm\wks\CMakeFiles\cee_wks_core.dir\__\stubcache.cpp.obj
  [657/2661] Building CXX object vm\CMakeFiles\vm_gc_wks.dir\cmake_pch.cxx.obj
  [658/2661] Building CXX object vm\wks\CMakeFiles\cee_wks_core.dir\__\stringliteralmap.cpp.obj
  [659/2661] Building CXX object vm\wks\CMakeFiles\cee_wks_core.dir\__\synch.cpp.obj
  [660/2661] Building CXX object vm\wks\CMakeFiles\cee_wks_core.dir\__\typeparse.cpp.obj
  [661/2661] Building CXX object vm\wks\CMakeFiles\cee_wks_core.dir\__\tailcallhelp.cpp.obj
  [662/2661] Building CXX object vm\wks\CMakeFiles\cee_wks.dir\cmake_pch.cxx.obj
  [663/2661] Building CXX object vm\wks\CMakeFiles\cee_wks_core.dir\__\syncclean.cpp.obj
  [664/2661] Building CXX object vm\wks\CMakeFiles\cee_wks_core.dir\__\stubgen.cpp.obj
  [665/2661] Building CXX object vm\wks\CMakeFiles\cee_wks_core.dir\__\unsafeaccessors.cpp.obj
  [666/2661] Building CXX object vm\wks\CMakeFiles\cee_wks_core.dir\__\asyncthunks.cpp.obj
  [667/2661] Building CXX object vm\wks\CMakeFiles\cee_wks_core.dir\__\threadsuspend.cpp.obj
  [668/2661] Building CXX object vm\wks\CMakeFiles\cee_wks_core.dir\__\yieldprocessornormalized.cpp.obj
  [669/2661] Building CXX object vm\wks\CMakeFiles\cee_wks_core.dir\__\varargsnative.cpp.obj
  [670/2661] Building CXX object vm\wks\CMakeFiles\cee_wks_core.dir\__\reflectioninvocation.cpp.obj
  [671/2661] Building CXX object vm\wks\CMakeFiles\cee_wks_core.dir\__\weakreferencenative.cpp.obj
  [672/2661] Building CXX object vm\wks\CMakeFiles\cee_wks_core.dir\__\runtimehandles.cpp.obj
  [673/2661] Building CXX object vm\wks\CMakeFiles\cee_wks_core.dir\__\interoplibinterface_java.cpp.obj
  [674/2661] Building CXX object vm\CMakeFiles\vm_gc_svr.dir\cmake_pch.cxx.obj
  [675/2661] Building CXX object vm\wks\CMakeFiles\cee_wks_core.dir\__\interoplibinterface_shared.cpp.obj
  [676/2661] Building CXX object vm\wks\CMakeFiles\cee_wks_core.dir\__\rcwrefcache.cpp.obj
  [677/2661] Building CXX object vm\eventing\eventpipe\CMakeFiles\eventpipe_gen_objs.dir\cmake_pch.cxx.obj
  [678/2661] Building CXX object vm\wks\CMakeFiles\cee_wks_core.dir\__\amsi.cpp.obj
  [679/2661] Building CXX object vm\wks\CMakeFiles\cee_wks_core.dir\__\qcallentrypoints.cpp.obj
  [680/2661] Building CXX object vm\wks\CMakeFiles\cee_wks_core.dir\__\stubhelpers.cpp.obj
  [681/2661] Building CXX object vm\wks\CMakeFiles\cee_wks_core.dir\__\rtlfunctions.cpp.obj
  [682/2661] Building CXX object vm\wks\CMakeFiles\cee_wks_core.dir\__\proftoeeinterfaceimpl.cpp.obj
  [683/2661] Building CXX object vm\wks\CMakeFiles\cee_wks_core.dir\__\interoplibinterface_comwrappers.cpp.obj
  [684/2661] Building CXX object vm\wks\CMakeFiles\cee_wks_core.dir\__\eventreporter.cpp.obj
  [685/2661] Building CXX object vm\wks\CMakeFiles\cee_wks_core.dir\__\eventtrace_gcheap.cpp.obj
  [686/2661] Building CXX object vm\wks\CMakeFiles\cee_wks_core.dir\__\dwreport.cpp.obj
  [687/2661] Building CXX object vm\wks\CMakeFiles\cee_wks_core.dir\__\comcache.cpp.obj
  [688/2661] Building CXX object vm\wks\CMakeFiles\cee_wks_core.dir\__\eventtrace_bulktype.cpp.obj
  [689/2661] Building CXX object vm\wks\CMakeFiles\cee_wks_core.dir\__\comconnectionpoints.cpp.obj
  [690/2661] Building CXX object vm\wks\CMakeFiles\cee_wks_core.dir\__\cominterfacemarshaler.cpp.obj
  [691/2661] Building CXX object vm\wks\CMakeFiles\cee_wks_core.dir\__\olecontexthelpers.cpp.obj
  [692/2661] Building CXX object vm\wks\CMakeFiles\cee_wks_core.dir\__\commtmemberinfomap.cpp.obj
  [693/2661] Building CXX object vm\wks\CMakeFiles\cee_wks_core.dir\__\dispparammarshaler.cpp.obj
  [694/2661] Building CXX object vm\wks\CMakeFiles\cee_wks_core.dir\__\clrtocomcall.cpp.obj
  [695/2661] Building CXX object vm\wks\CMakeFiles\cee_wks_core.dir\__\comtoclrcall.cpp.obj
  [696/2661] Building CXX object vm\wks\CMakeFiles\cee_wks_core.dir\__\amd64\profiler.cpp.obj
  [697/2661] Building CXX object vm\wks\CMakeFiles\cee_wks_core.dir\__\dispatchinfo.cpp.obj
  [698/2661] Building CXX object vm\wks\CMakeFiles\cee_wks_core.dir\__\writebarriermanager.cpp.obj
  [699/2661] Building CXX object vm\wks\CMakeFiles\cee_wks_core.dir\__\classcompat.cpp.obj
  [700/2661] Building CXX object vm\wks\CMakeFiles\cee_wks_core.dir\__\olevariant.cpp.obj
  [701/2661] Building CXX object vm\wks\CMakeFiles\cee_wks_core.dir\__\eventtrace.cpp.obj
  [702/2661] Building CXX object vm\wks\CMakeFiles\cee_wks_core.dir\__\gcinfodecoder.cpp.obj
  [703/2661] Building CXX object vm\wks\CMakeFiles\cee_wks_core.dir\__\amd64\cgenamd64.cpp.obj
  [704/2661] Building CXX object vm\wks\CMakeFiles\cee_wks_core.dir\__\exceptionhandling.cpp.obj
  [705/2661] Building CXX object vm\wks\CMakeFiles\cee_wks_core.dir\__\amd64\excepamd64.cpp.obj
  [706/2661] Building CXX object vm\wks\CMakeFiles\cee_wks_core.dir\__\stdinterfaces_wrapper.cpp.obj
  [707/2661] Building CXX object vm\wks\CMakeFiles\cee_wks_core.dir\__\amd64\stublinkeramd64.cpp.obj
  [708/2661] Building CXX object vm\wks\CMakeFiles\cee_wks_core.dir\__\comcallablewrapper.cpp.obj
  [709/2661] Building CXX object vm\wks\CMakeFiles\cee_wks_core.dir\__\stdinterfaces.cpp.obj
  [710/2661] Building CXX object vm\wks\CMakeFiles\cee_wks_core.dir\__\runtimecallablewrapper.cpp.obj
  [711/2661] Building CXX object vm\wks\CMakeFiles\cee_wks_core.dir\__\__\gc\handletablecore.cpp.obj
  [712/2661] Building CXX object vm\wks\CMakeFiles\cee_wks_core.dir\__\__\gc\handletable.cpp.obj
  [713/2661] Building CXX object vm\wks\CMakeFiles\cee_wks_core.dir\__\__\gc\handletablescan.cpp.obj
  [714/2661] Building CXX object vm\wks\CMakeFiles\cee_wks_core.dir\__\__\gc\gcload.cpp.obj
  [715/2661] Building CXX object vm\wks\CMakeFiles\cee_wks_core.dir\__\__\gc\gcscan.cpp.obj
  [716/2661] Building CXX object vm\wks\CMakeFiles\cee_wks_core.dir\__\__\gc\gchandletable.cpp.obj
  [717/2661] Building CXX object vm\wks\CMakeFiles\cee_wks_core.dir\__\__\gc\gceventstatus.cpp.obj
  [718/2661] Preprocessing R:/src/coreclr/dlls/mscoree/mscorwks_ntdef.src. Outputting to R:/artifacts/obj/coreclr/windows.x64.Debug/dlls/mscoree/coreclr/coreclr.def
  mscorwks_ntdef.src
  [719/2661] Building CXX object vm\wks\CMakeFiles\cee_wks_core.dir\__\__\gc\objecthandle.cpp.obj
  [720/2661] Building CXX object vm\wks\CMakeFiles\cee_wks_core.dir\__\__\gc\gccommon.cpp.obj
  [721/2661] Building CXX object vm\wks\CMakeFiles\cee_wks_core.dir\__\__\gc\gcbridge.cpp.obj
  [722/2661] Building CXX object vm\wks\CMakeFiles\cee_wks_core.dir\__\__\gc\gcconfig.cpp.obj
  [723/2661] Building CXX object vm\wks\CMakeFiles\cee_wks_core.dir\__\__\gc\handletablecache.cpp.obj
  [724/2661] Building CXX object vm\wks\CMakeFiles\cee_wks_core.dir\__\__\gc\softwarewritewatch.cpp.obj
  [725/2661] Linking C static library libs-native\System.Globalization.Native\System.Globalization.Native-Static.lib
  [726/2661] Linking CXX static library gc\windows\gc_pal.lib
  [727/2661] Building CXX object utilcode\CMakeFiles\utilcode.dir\dn_xxhash.cpp.obj
  [728/2661] Building CXX object utilcode\CMakeFiles\utilcode.dir\ccomprc.cpp.obj
  [729/2661] Building CXX object gc\vxsort\CMakeFiles\gc_vxsort.dir\machine_traits.avx2.cpp.obj
  [730/2661] Building CXX object utilcode\CMakeFiles\utilcode.dir\ex.cpp.obj
  [731/2661] Building CXX object utilcode\CMakeFiles\utilcode.dir\clrhost_nodependencies.cpp.obj
  [732/2661] Building CXX object gc\vxsort\CMakeFiles\gc_vxsort.dir\smallsort\bitonic_sort.AVX2.int32_t.generated.cpp.obj
  [733/2661] Linking CXX shared library dlls\mscordbi\mscordbi.dll
  [734/2661] Building CXX object gc\vxsort\CMakeFiles\gc_vxsort.dir\do_vxsort_avx2.cpp.obj
  [735/2661] Building CXX object gc\vxsort\CMakeFiles\gc_vxsort.dir\smallsort\bitonic_sort.AVX512.int32_t.generated.cpp.obj
  [736/2661] Building CXX object gc\vxsort\CMakeFiles\gc_vxsort.dir\smallsort\bitonic_sort.AVX512.int64_t.generated.cpp.obj
  [737/2661] Building CXX object gc\vxsort\CMakeFiles\gc_vxsort.dir\do_vxsort_avx512.cpp.obj
  [738/2661] Building CXX object gc\vxsort\CMakeFiles\gc_vxsort.dir\smallsort\bitonic_sort.AVX2.int64_t.generated.cpp.obj
  [739/2661] Building CXX object vm\wks\CMakeFiles\cee_wks_core.dir\__\corelib.cpp.obj
  [739/2661] Generating cdac-cdac_contract_descriptor/contract-descriptor.c
  [755/2661] Building CXX object utilcode\CMakeFiles\utilcode.dir\posterror.cpp.obj
  [756/2661] Generating cdac-gc_wks_descriptor/contract-descriptor.c
  [764/2661] Building CXX object utilcode\CMakeFiles\utilcode.dir\memorypool.cpp.obj
  [765/2661] Generating cdac-gc_svr_descriptor/contract-descriptor.c
  [771/2661] Building CXX object utilcode\CMakeFiles\utilcode.dir\interleavedloaderheap.cpp.obj
  [773/2661] Building CXX object utilcode\CMakeFiles\utilcode.dir\format1.cpp.obj
  [774/2661] Building CXX object utilcode\CMakeFiles\utilcode.dir\sigbuilder.cpp.obj
  [775/2661] Building CXX object utilcode\CMakeFiles\utilcode.dir\rangelist.cpp.obj
  [776/2661] Building CXX object utilcode\CMakeFiles\utilcode.dir\prettyprintsig.cpp.obj
  [777/2661] Building CXX object utilcode\CMakeFiles\utilcode.dir\loaderheap.cpp.obj
  [778/2661] Building CXX object utilcode\CMakeFiles\utilcode.dir\util_nodependencies.cpp.obj
  [779/2661] Building CXX object utilcode\CMakeFiles\utilcode.dir\explicitcontrolloaderheap.cpp.obj
  [780/2661] Building CXX object utilcode\CMakeFiles\utilcode.dir\md5.cpp.obj
  [781/2661] Building CXX object utilcode\CMakeFiles\utilcode.dir\sigparser.cpp.obj
  [782/2661] Building CXX object utilcode\CMakeFiles\utilcode.dir\sstring.cpp.obj
  [783/2661] Building CXX object utilcode\CMakeFiles\utilcode.dir\webcildecoder.cpp.obj
  [784/2661] Building CXX object utilcode\CMakeFiles\utilcode.dir\yieldprocessornormalized.cpp.obj
  [785/2661] Building CXX object utilcode\CMakeFiles\utilcode.dir\cycletimer.cpp.obj
  [786/2661] Building CXX object utilcode\CMakeFiles\utilcode.dir\safewrap.cpp.obj
  [787/2661] Building CXX object utilcode\CMakeFiles\utilcode.dir\clrhost.cpp.obj
  [788/2661] Building CXX object utilcode\CMakeFiles\utilcode.dir\winfix.cpp.obj
  [789/2661] Building CXX object utilcode\CMakeFiles\utilcode.dir\longfilepathwrappers.cpp.obj
  [790/2661] Building CXX object utilcode\CMakeFiles\utilcode.dir\debug.cpp.obj
  [791/2661] Building CXX object utilcode\CMakeFiles\utilcode.dir\dacutil.cpp.obj
  [792/2661] Building CXX object utilcode\CMakeFiles\utilcode.dir\pedecoder.cpp.obj
  [793/2661] Building CXX object utilcode\CMakeFiles\utilcode.dir\dlwrap.cpp.obj
  [794/2661] Building CXX object vm\CMakeFiles\vm_gc_wks.dir\__\gc\gcee.cpp.obj
  [795/2661] Building CXX object utilcode\CMakeFiles\utilcode.dir\executableallocator.cpp.obj
  [796/2661] Building CXX object utilcode\CMakeFiles\utilcode.dir\util.cpp.obj
  [797/2661] Building CXX object utilcode\CMakeFiles\utilcode.dir\stresslog.cpp.obj
  [798/2661] Building CXX object utilcode\CMakeFiles\utilcode.dir\stacktrace.cpp.obj
  [799/2661] Building CXX object vm\CMakeFiles\vm_gc_wks.dir\__\gc\gc.cpp.obj
  [800/2661] Building CXX object md\ceefilegen\CMakeFiles\ceefgen.dir\cmake_pch.cxx.obj
  [801/2661] Building CXX object vm\CMakeFiles\vm_gc_wks.dir\__\gc\init.cpp.obj
  [802/2661] Building CXX object vm\CMakeFiles\vm_gc_wks.dir\__\gc\no_gc.cpp.obj
  [803/2661] Building CXX object utilcode\CMakeFiles\utilcode.dir\allocmemtracker.cpp.obj
  [804/2661] Building CXX object vm\CMakeFiles\vm_gc_wks.dir\__\gc\finalization.cpp.obj
  [805/2661] Building CXX object vm\CMakeFiles\vm_gc_wks.dir\__\gc\memory.cpp.obj
  [806/2661] Building CXX object vm\CMakeFiles\vm_gc_wks.dir\__\gc\region_free_list.cpp.obj
  [807/2661] Building CXX object vm\CMakeFiles\vm_gc_wks.dir\__\gc\dynamic_heap_count.cpp.obj
  [808/2661] Building CXX object vm\CMakeFiles\vm_gc_wks.dir\__\gc\sweep.cpp.obj
  [809/2661] Building CXX object vm\CMakeFiles\vm_gc_wks.dir\__\gc\region_allocator.cpp.obj
  [810/2661] Building CXX object vm\CMakeFiles\vm_gc_wks.dir\__\gc\dynamic_tuning.cpp.obj
  [811/2661] Building CXX object vm\CMakeFiles\vm_gc_wks.dir\__\gc\collect.cpp.obj
  [812/2661] Building CXX object vm\CMakeFiles\vm_gc_wks.dir\__\gc\diagnostics.cpp.obj
  [813/2661] Building CXX object vm\CMakeFiles\vm_gc_wks.dir\__\gc\relocate_compact.cpp.obj
  [814/2661] Building CXX object vm\CMakeFiles\vm_gc_wks.dir\__\gc\mark_phase.cpp.obj
  [815/2661] Building CXX object vm\CMakeFiles\vm_gc_wks.dir\__\gc\background.cpp.obj
  [816/2661] Building CXX object vm\CMakeFiles\vm_gc_wks.dir\__\gc\interface.cpp.obj
  [817/2661] Building CXX object vm\CMakeFiles\vm_gc_wks.dir\__\gc\card_table.cpp.obj
  [818/2661] Building CXX object vm\CMakeFiles\vm_gc_wks.dir\__\gc\allocation.cpp.obj
  [819/2661] Building CXX object vm\CMakeFiles\vm_gc_wks.dir\__\gc\plan_phase.cpp.obj
  [820/2661] Building CXX object vm\CMakeFiles\vm_gc_wks.dir\__\gc\regions_segments.cpp.obj
  [821/2661] Building CXX object vm\CMakeFiles\vm_gc_svr.dir\__\gc\region_free_list.cpp.obj
  [822/2661] Building CXX object vm\CMakeFiles\vm_gc_svr.dir\__\gc\region_allocator.cpp.obj
  [823/2661] Building CXX object vm\CMakeFiles\vm_gc_svr.dir\__\gc\finalization.cpp.obj
  [824/2661] Building CXX object vm\CMakeFiles\vm_gc_svr.dir\__\gc\sweep.cpp.obj
  [825/2661] Building CXX object vm\CMakeFiles\vm_gc_svr.dir\__\gc\gcee.cpp.obj
  [826/2661] Building CXX object vm\CMakeFiles\vm_gc_svr.dir\__\gc\collect.cpp.obj
  [827/2661] Building CXX object vm\CMakeFiles\vm_gc_svr.dir\__\gc\no_gc.cpp.obj
  [828/2661] Building CXX object vm\CMakeFiles\vm_gc_svr.dir\__\gc\init.cpp.obj
  [829/2661] Building CXX object vm\CMakeFiles\vm_gc_svr.dir\__\gc\memory.cpp.obj
  [830/2661] Building CXX object vm\CMakeFiles\vm_gc_svr.dir\__\gc\gc.cpp.obj
  [831/2661] Building CXX object vm\CMakeFiles\vm_gc_svr.dir\__\gc\diagnostics.cpp.obj
  [832/2661] Building CXX object vm\CMakeFiles\vm_gc_svr.dir\__\gc\dynamic_tuning.cpp.obj
  [833/2661] Building CXX object vm\CMakeFiles\vm_gc_svr.dir\__\gc\card_table.cpp.obj
  [834/2661] Building CXX object vm\CMakeFiles\vm_gc_svr.dir\__\gc\dynamic_heap_count.cpp.obj
  [835/2661] Building CXX object vm\CMakeFiles\vm_gc_svr.dir\__\gc\relocate_compact.cpp.obj
  [836/2661] Building C object vm\datadescriptor\CMakeFiles\cdac_contract_descriptor.dir\cdac-cdac_contract_descriptor\contract-descriptor.c.obj
  [837/2661] Building CXX object vm\wks\CMakeFiles\cee_wks.dir\__\peimagelayout.cpp.obj
  [838/2661] Building CXX object vm\eventing\eventpipe\CMakeFiles\eventpipe_gen_objs.dir\eventpipe\eventpipehelpers.cpp.obj
  [839/2661] Building CXX object vm\eventing\eventpipe\CMakeFiles\eventpipe_gen_objs.dir\eventpipe\dotnetruntimestress.cpp.obj
  [840/2661] Building CXX object vm\eventing\eventpipe\CMakeFiles\eventpipe_gen_objs.dir\eventpipe\dotnetruntimerundown.cpp.obj
  [841/2661] Building CXX object vm\CMakeFiles\vm_gc_svr.dir\__\gc\mark_phase.cpp.obj
  [842/2661] Building C object vm\datadescriptor\CMakeFiles\gc_wks_descriptor.dir\cdac-gc_wks_descriptor\contract-descriptor.c.obj
  [843/2661] Building CXX object vm\eventing\eventpipe\CMakeFiles\eventpipe_gen_objs.dir\eventpipe\dotnetruntimeprivate.cpp.obj
  [844/2661] Building CXX object vm\CMakeFiles\vm_gc_svr.dir\__\gc\interface.cpp.obj
  [845/2661] Building CXX object vm\CMakeFiles\vm_gc_svr.dir\__\gc\allocation.cpp.obj
  [846/2661] Building CXX object vm\CMakeFiles\vm_gc_svr.dir\__\gc\background.cpp.obj
  [847/2661] Building CXX object vm\eventing\eventpipe\CMakeFiles\eventpipe_gen_objs.dir\eventpipe\dotnetruntime.cpp.obj
  [848/2661] Building CXX object vm\CMakeFiles\vm_gc_svr.dir\__\gc\plan_phase.cpp.obj
  [849/2661] Building CXX object vm\wks\CMakeFiles\cee_wks.dir\__\codeman.cpp.obj
  [850/2661] Building C object vm\datadescriptor\CMakeFiles\gc_svr_descriptor.dir\cdac-gc_svr_descriptor\contract-descriptor.c.obj
  [851/2661] Building CXX object md\compiler\CMakeFiles\mdcompiler_wks.dir\custattr_import.cpp.obj
  [852/2661] Building CXX object md\compiler\CMakeFiles\mdcompiler_wks.dir\assemblymd_emit.cpp.obj
  [853/2661] Building CXX object md\compiler\CMakeFiles\mdcompiler_wks.dir\assemblymd.cpp.obj
  [854/2661] Building CXX object vm\CMakeFiles\vm_gc_svr.dir\__\gc\regions_segments.cpp.obj
  [855/2661] Building CXX object md\compiler\CMakeFiles\mdcompiler_wks.dir\emit.cpp.obj
  [856/2661] Building CXX object md\compiler\CMakeFiles\mdcompiler_wks.dir\disp.cpp.obj
  [857/2661] Building CXX object md\compiler\CMakeFiles\mdcompiler_wks.dir\custattr_emit.cpp.obj
  [858/2661] Building CXX object md\compiler\CMakeFiles\mdcompiler_wks.dir\filtermanager.cpp.obj
  [859/2661] Building CXX object md\compiler\CMakeFiles\mdcompiler_wks.dir\mdutil.cpp.obj
  [860/2661] Building CXX object md\compiler\CMakeFiles\mdcompiler_wks.dir\importhelper.cpp.obj
  [861/2661] Building CXX object md\compiler\CMakeFiles\mdcompiler_wks.dir\helper.cpp.obj
  [862/2661] Building CXX object md\compiler\CMakeFiles\mdcompiler_wks.dir\regmeta_compilersupport.cpp.obj
  [863/2661] Building CXX object md\compiler\CMakeFiles\mdcompiler_wks.dir\regmeta.cpp.obj
  [864/2661] Building CXX object md\compiler\CMakeFiles\mdcompiler_wks.dir\regmeta_emit.cpp.obj
  [865/2661] Building CXX object md\compiler\CMakeFiles\mdcompiler_wks.dir\import.cpp.obj
  [866/2661] Building CXX object md\compiler\CMakeFiles\mdcompiler_wks.dir\regmeta_imetadatatables.cpp.obj
  [867/2661] Building CXX object md\runtime\CMakeFiles\mdruntime_wks.dir\mdcolumndescriptors.cpp.obj
  [868/2661] Building CXX object vm\wks\CMakeFiles\cee_wks.dir\__\ceemain.cpp.obj
  [869/2661] Building CXX object md\runtime\CMakeFiles\mdruntime_wks.dir\liteweightstgdb.cpp.obj
  [870/2661] Building CXX object md\runtime\CMakeFiles\mdruntime_wks.dir\noopmetadataimport.cpp.obj
  [871/2661] Building CXX object md\runtime\CMakeFiles\mdruntime_wks.dir\mdfileformat.cpp.obj
  [872/2661] Building CXX object md\runtime\CMakeFiles\mdruntime_wks.dir\recordpool.cpp.obj
  [873/2661] Building CXX object md\runtime\CMakeFiles\mdruntime_wks.dir\metamodelro.cpp.obj
  [874/2661] Building CXX object md\runtime\CMakeFiles\mdruntime_wks.dir\metamodel.cpp.obj
  [875/2661] Building CXX object md\compiler\CMakeFiles\mdcompiler_wks.dir\regmeta_import.cpp.obj
  [876/2661] Building CXX object md\runtime\CMakeFiles\mdruntime_wks.dir\stgpooli.cpp.obj
  [877/2661] Building CXX object md\compiler\CMakeFiles\mdcompiler_wks.dir\regmeta_vm.cpp.obj
  [878/2661] Building CXX object md\runtime\CMakeFiles\mdruntime_wks.dir\stgpoolreadonly.cpp.obj
  [879/2661] Building CXX object md\runtime\CMakeFiles\mdruntime_wks.dir\strongnameinternal.cpp.obj
  [880/2661] Building CXX object md\enc\CMakeFiles\mdruntimerw_wks.dir\metamodelenc.cpp.obj
  [881/2661] Building CXX object md\runtime\CMakeFiles\mdruntime_wks.dir\stgpool.cpp.obj
  [882/2661] Building CXX object md\enc\CMakeFiles\mdruntimerw_wks.dir\stgtiggerstream.cpp.obj
  [883/2661] Building CXX object md\runtime\CMakeFiles\mdruntime_wks.dir\mdinternaldisp.cpp.obj
  [884/2661] Building CXX object md\enc\CMakeFiles\mdruntimerw_wks.dir\stgtiggerstorage.cpp.obj
  [885/2661] Building CXX object md\runtime\CMakeFiles\mdruntime_wks.dir\mdinternalro.cpp.obj
  [886/2661] Building CXX object md\enc\CMakeFiles\mdruntimerw_wks.dir\rwutil.cpp.obj
  [887/2661] Building CXX object md\enc\CMakeFiles\mdruntimerw_wks.dir\liteweightstgdbrw.cpp.obj
  [888/2661] Building CXX object md\enc\CMakeFiles\mdruntimerw_wks.dir\peparse.cpp.obj
  [889/2661] Building CXX object md\enc\CMakeFiles\mdruntimerw_wks.dir\stgio.cpp.obj
  [890/2661] Building CXX object md\enc\CMakeFiles\mdruntimerw_wks.dir\metamodelrw.cpp.obj
  [891/2661] Building CXX object md\ceefilegen\CMakeFiles\ceefgen.dir\blobfetcher.cpp.obj
  [892/2661] Building ASM_MASM object debug\ee\wks\CMakeFiles\cordbee_wks.dir\__\amd64\dbghelpers.asm.obj
   Assembling: R:\src\coreclr\debug\ee\amd64\dbghelpers.asm
  [893/2661] Building CXX object md\enc\CMakeFiles\mdruntimerw_wks.dir\mdinternalrw.cpp.obj
  [894/2661] Building CXX object md\ceefilegen\CMakeFiles\ceefgen.dir\ceegentokenmapper.cpp.obj
  [895/2661] Building CXX object md\enc\CMakeFiles\mdruntimerw_wks.dir\pdbheap.cpp.obj
  [896/2661] Building CXX object md\ceefilegen\CMakeFiles\ceefgen.dir\ceesectionstring.cpp.obj
  [897/2661] Building CXX object md\ceefilegen\CMakeFiles\ceefgen.dir\pesectionman.cpp.obj
  [898/2661] Building CXX object md\ceefilegen\CMakeFiles\ceefgen.dir\cceegen.cpp.obj
  [899/2661] Building CXX object binder\CMakeFiles\v3binder.dir\textualidentityparser.cpp.obj
  [900/2661] Building CXX object binder\CMakeFiles\v3binder.dir\applicationcontext.cpp.obj
  [901/2661] Building CXX object binder\CMakeFiles\v3binder.dir\utils.cpp.obj
  [902/2661] Building CXX object dlls\mscoree\coreclr\CMakeFiles\coreclr.dir\__\exports.cpp.obj
  [903/2661] Building CXX object dlls\mscoree\coreclr\CMakeFiles\coreclr.dir\__\mscoree.cpp.obj
  [904/2661] Building RC object dlls\mscoree\coreclr\CMakeFiles\coreclr.dir\__\Native.rc.res
  [905/2661] Building CXX object interop\CMakeFiles\interop.dir\interoplib.cpp.obj
  [906/2661] Building CXX object interop\CMakeFiles\interop.dir\comwrappers.cpp.obj
  [907/2661] Building RC object dlls\mscoree\coreclr\CMakeFiles\coreclr.dir\dump_helper_resource.rc.res
  [908/2661] Building CXX object vm\datadescriptor\CMakeFiles\gc_wks_descriptor.dir\__\__\debug\datadescriptor-shared\contractpointerdata.cpp.obj
  [909/2661] Building CXX object interop\CMakeFiles\interop.dir\trackerobjectmanager.cpp.obj
  [910/2661] Building CXX object vm\eventing\eventpipe\CMakeFiles\eventpipe_objs.dir\Unity\unity_0_cxx.cxx.obj
  [911/2661] Building CXX object vm\datadescriptor\CMakeFiles\gc_svr_descriptor.dir\__\__\debug\datadescriptor-shared\contractpointerdata.cpp.obj
  [912/2661] Building CXX object vm\datadescriptor\CMakeFiles\cdac_contract_descriptor.dir\__\__\debug\datadescriptor-shared\contractpointerdata.cpp.obj
  [913/2661] Building RC object dlls\mscorrc\CMakeFiles\mscorrc.dir\include.rc.res
  [914/2661] Building C object C:\Users\konradkokosa\.copilot\repos\copilot-worktrees\runtime-fork\kkokosa-ideal-sniffle\artifacts\obj\coreclr\windows.x64.Debug\_deps\brotli-build\CMakeFiles\brotlicommon.dir\c\common\context.c.obj
  [915/2661] Building C object C:\Users\konradkokosa\.copilot\repos\copilot-worktrees\runtime-fork\kkokosa-ideal-sniffle\artifacts\obj\coreclr\windows.x64.Debug\_deps\brotli-build\CMakeFiles\brotlicommon.dir\c\common\constants.c.obj
  [916/2661] Building C object C:\Users\konradkokosa\.copilot\repos\copilot-worktrees\runtime-fork\kkokosa-ideal-sniffle\artifacts\obj\coreclr\windows.x64.Debug\_deps\brotli-build\CMakeFiles\brotlicommon.dir\c\common\transform.c.obj
  [917/2661] Building C object C:\Users\konradkokosa\.copilot\repos\copilot-worktrees\runtime-fork\kkokosa-ideal-sniffle\artifacts\obj\coreclr\windows.x64.Debug\_deps\brotli-build\CMakeFiles\brotlicommon.dir\c\common\platform.c.obj
  [918/2661] Building C object containers\CMakeFiles\dn-containers-no-lto.dir\dn-list.c.obj
  [919/2661] Building C object C:\Users\konradkokosa\.copilot\repos\copilot-worktrees\runtime-fork\kkokosa-ideal-sniffle\artifacts\obj\coreclr\windows.x64.Debug\_deps\brotli-build\CMakeFiles\brotlicommon.dir\c\common\shared_dictionary.c.obj
  [920/2661] Building C object containers\CMakeFiles\dn-containers-no-lto.dir\dn-fwd-list.c.obj
  [921/2661] Building C object containers\CMakeFiles\dn-containers-no-lto.dir\dn-allocator.c.obj
  [922/2661] Building C object C:\Users\konradkokosa\.copilot\repos\copilot-worktrees\runtime-fork\kkokosa-ideal-sniffle\artifacts\obj\coreclr\windows.x64.Debug\_deps\brotli-build\CMakeFiles\brotlicommon.dir\c\common\dictionary.c.obj
  [923/2661] Building CXX object binder\CMakeFiles\v3binder.dir\assemblyname.cpp.obj
  [924/2661] Building CXX object binder\CMakeFiles\v3binder.dir\bindertracing.cpp.obj
  [925/2661] Building C object containers\CMakeFiles\dn-containers-no-lto.dir\dn-simdhash.c.obj
  [926/2661] Building C object containers\CMakeFiles\dn-containers-no-lto.dir\dn-queue.c.obj
  [927/2661] Building C object containers\CMakeFiles\dn-containers-no-lto.dir\dn-umap.c.obj
  [928/2661] Building C object containers\CMakeFiles\dn-containers-no-lto.dir\dn-vector.c.obj
  [929/2661] Building CXX object binder\CMakeFiles\v3binder.dir\assembly.cpp.obj
  [930/2661] Building C object containers\CMakeFiles\dn-containers-no-lto.dir\dn-simdhash-utils.c.obj
  [931/2661] Building C object containers\CMakeFiles\dn-containers-no-lto.dir\dn-simdhash-ght-compatible.c.obj
  [932/2661] Building C object containers\CMakeFiles\dn-containers-no-lto.dir\dn-simdhash-ptrpair-ptr.c.obj
  [933/2661] Building C object containers\CMakeFiles\dn-containers-no-lto.dir\dn-simdhash-u32-ptr.c.obj
  [934/2661] Building C object C:\Users\konradkokosa\.copilot\repos\copilot-worktrees\runtime-fork\kkokosa-ideal-sniffle\artifacts\obj\coreclr\windows.x64.Debug\_deps\fetchzlibng-build\CMakeFiles\zlib.dir\arch\generic\adler32_c.c.obj
  [935/2661] Building C object containers\CMakeFiles\dn-containers-no-lto.dir\dn-simdhash-string-ptr.c.obj
  [936/2661] Building C object containers\CMakeFiles\dn-containers-no-lto.dir\dn-simdhash-ptr-ptr.c.obj
  [937/2661] Building CXX object binder\CMakeFiles\v3binder.dir\failurecache.cpp.obj
  [938/2661] Building CXX object binder\CMakeFiles\v3binder.dir\assemblybindercommon.cpp.obj
  [939/2661] Building CXX object binder\CMakeFiles\v3binder.dir\customassemblybinder.cpp.obj
  [940/2661] Building C object C:\Users\konradkokosa\.copilot\repos\copilot-worktrees\runtime-fork\kkokosa-ideal-sniffle\artifacts\obj\coreclr\windows.x64.Debug\_deps\fetchzlibng-build\CMakeFiles\zlib.dir\arch\generic\adler32_fold_c.c.obj
  [941/2661] Building C object C:\Users\konradkokosa\.copilot\repos\copilot-worktrees\runtime-fork\kkokosa-ideal-sniffle\artifacts\obj\coreclr\windows.x64.Debug\_deps\fetchzlibng-build\CMakeFiles\zlib.dir\arch\generic\crc32_braid_c.c.obj
  [942/2661] Building C object C:\Users\konradkokosa\.copilot\repos\copilot-worktrees\runtime-fork\kkokosa-ideal-sniffle\artifacts\obj\coreclr\windows.x64.Debug\_deps\fetchzlibng-build\CMakeFiles\zlib.dir\compress.c.obj
  [943/2661] Building C object C:\Users\konradkokosa\.copilot\repos\copilot-worktrees\runtime-fork\kkokosa-ideal-sniffle\artifacts\obj\coreclr\windows.x64.Debug\_deps\fetchzlibng-build\CMakeFiles\zlib.dir\arch\generic\crc32_fold_c.c.obj
  [944/2661] Building C object C:\Users\konradkokosa\.copilot\repos\copilot-worktrees\runtime-fork\kkokosa-ideal-sniffle\artifacts\obj\coreclr\windows.x64.Debug\_deps\fetchzlibng-build\CMakeFiles\zlib.dir\arch\generic\slide_hash_c.c.obj
  [945/2661] Building C object C:\Users\konradkokosa\.copilot\repos\copilot-worktrees\runtime-fork\kkokosa-ideal-sniffle\artifacts\obj\coreclr\windows.x64.Debug\_deps\fetchzlibng-build\CMakeFiles\zlib.dir\arch\generic\chunkset_c.c.obj
  [946/2661] Building C object C:\Users\konradkokosa\.copilot\repos\copilot-worktrees\runtime-fork\kkokosa-ideal-sniffle\artifacts\obj\coreclr\windows.x64.Debug\_deps\fetchzlibng-build\CMakeFiles\zlib.dir\adler32.c.obj
  [947/2661] Building C object C:\Users\konradkokosa\.copilot\repos\copilot-worktrees\runtime-fork\kkokosa-ideal-sniffle\artifacts\obj\coreclr\windows.x64.Debug\_deps\fetchzlibng-build\CMakeFiles\zlib.dir\crc32.c.obj
  [948/2661] Building CXX object binder\CMakeFiles\v3binder.dir\defaultassemblybinder.cpp.obj
  [949/2661] Building C object C:\Users\konradkokosa\.copilot\repos\copilot-worktrees\runtime-fork\kkokosa-ideal-sniffle\artifacts\obj\coreclr\windows.x64.Debug\_deps\fetchzlibng-build\CMakeFiles\zlib.dir\arch\generic\compare256_c.c.obj
  [950/2661] Building C object C:\Users\konradkokosa\.copilot\repos\copilot-worktrees\runtime-fork\kkokosa-ideal-sniffle\artifacts\obj\coreclr\windows.x64.Debug\_deps\fetchzlibng-build\CMakeFiles\zlib.dir\deflate.c.obj
  [951/2661] Building C object C:\Users\konradkokosa\.copilot\repos\copilot-worktrees\runtime-fork\kkokosa-ideal-sniffle\artifacts\obj\coreclr\windows.x64.Debug\_deps\fetchzlibng-build\CMakeFiles\zlib.dir\deflate_stored.c.obj
  [952/2661] Building C object C:\Users\konradkokosa\.copilot\repos\copilot-worktrees\runtime-fork\kkokosa-ideal-sniffle\artifacts\obj\coreclr\windows.x64.Debug\_deps\fetchzlibng-build\CMakeFiles\zlib.dir\crc32_braid_comb.c.obj
  [953/2661] Building C object C:\Users\konradkokosa\.copilot\repos\copilot-worktrees\runtime-fork\kkokosa-ideal-sniffle\artifacts\obj\coreclr\windows.x64.Debug\_deps\fetchzlibng-build\CMakeFiles\zlib.dir\deflate_fast.c.obj
  [954/2661] Building C object C:\Users\konradkokosa\.copilot\repos\copilot-worktrees\runtime-fork\kkokosa-ideal-sniffle\artifacts\obj\coreclr\windows.x64.Debug\_deps\fetchzlibng-build\CMakeFiles\zlib.dir\deflate_slow.c.obj
  [955/2661] Building C object C:\Users\konradkokosa\.copilot\repos\copilot-worktrees\runtime-fork\kkokosa-ideal-sniffle\artifacts\obj\coreclr\windows.x64.Debug\_deps\fetchzlibng-build\CMakeFiles\zlib.dir\deflate_huff.c.obj
  [956/2661] Building C object C:\Users\konradkokosa\.copilot\repos\copilot-worktrees\runtime-fork\kkokosa-ideal-sniffle\artifacts\obj\coreclr\windows.x64.Debug\_deps\fetchzlibng-build\CMakeFiles\zlib.dir\deflate_quick.c.obj
  [957/2661] Building C object C:\Users\konradkokosa\.copilot\repos\copilot-worktrees\runtime-fork\kkokosa-ideal-sniffle\artifacts\obj\coreclr\windows.x64.Debug\_deps\fetchzlibng-build\CMakeFiles\zlib.dir\deflate_medium.c.obj
  [958/2661] Building C object C:\Users\konradkokosa\.copilot\repos\copilot-worktrees\runtime-fork\kkokosa-ideal-sniffle\artifacts\obj\coreclr\windows.x64.Debug\_deps\fetchzlibng-build\CMakeFiles\zlib.dir\deflate_rle.c.obj
  [959/2661] Generating aot_eventing_headers.timestamp
  [960/2661] Building C object C:\Users\konradkokosa\.copilot\repos\copilot-worktrees\runtime-fork\kkokosa-ideal-sniffle\artifacts\obj\coreclr\windows.x64.Debug\_deps\fetchzlibng-build\CMakeFiles\zlib.dir\functable.c.obj
  [961/2661] Building C object C:\Users\konradkokosa\.copilot\repos\copilot-worktrees\runtime-fork\kkokosa-ideal-sniffle\artifacts\obj\coreclr\windows.x64.Debug\_deps\fetchzlibng-build\CMakeFiles\zlib.dir\infback.c.obj
  [962/2661] Building C object C:\Users\konradkokosa\.copilot\repos\copilot-worktrees\runtime-fork\kkokosa-ideal-sniffle\artifacts\obj\coreclr\windows.x64.Debug\_deps\fetchzlibng-build\CMakeFiles\zlib.dir\insert_string.c.obj
  [963/2661] Building C object C:\Users\konradkokosa\.copilot\repos\copilot-worktrees\runtime-fork\kkokosa-ideal-sniffle\artifacts\obj\coreclr\windows.x64.Debug\_deps\fetchzlibng-build\CMakeFiles\zlib.dir\inftrees.c.obj
  [964/2661] Building C object C:\Users\konradkokosa\.copilot\repos\copilot-worktrees\runtime-fork\kkokosa-ideal-sniffle\artifacts\obj\coreclr\windows.x64.Debug\_deps\fetchzlibng-build\CMakeFiles\zlib.dir\inflate.c.obj
  [965/2661] Building C object C:\Users\konradkokosa\.copilot\repos\copilot-worktrees\runtime-fork\kkokosa-ideal-sniffle\artifacts\obj\coreclr\windows.x64.Debug\_deps\fetchzlibng-build\CMakeFiles\zlib.dir\uncompr.c.obj
  [966/2661] Building C object C:\Users\konradkokosa\.copilot\repos\copilot-worktrees\runtime-fork\kkokosa-ideal-sniffle\artifacts\obj\coreclr\windows.x64.Debug\_deps\fetchzlibng-build\CMakeFiles\zlib.dir\cpu_features.c.obj
  [967/2661] Building C object C:\Users\konradkokosa\.copilot\repos\copilot-worktrees\runtime-fork\kkokosa-ideal-sniffle\artifacts\obj\coreclr\windows.x64.Debug\_deps\fetchzlibng-build\CMakeFiles\zlib.dir\insert_string_roll.c.obj
  [968/2661] Building C object C:\Users\konradkokosa\.copilot\repos\copilot-worktrees\runtime-fork\kkokosa-ideal-sniffle\artifacts\obj\coreclr\windows.x64.Debug\_deps\fetchzlibng-build\CMakeFiles\zlib.dir\zutil.c.obj
  [969/2661] Building C object C:\Users\konradkokosa\.copilot\repos\copilot-worktrees\runtime-fork\kkokosa-ideal-sniffle\artifacts\obj\coreclr\windows.x64.Debug\_deps\fetchzlibng-build\CMakeFiles\zlib.dir\trees.c.obj
  [970/2661] Building C object C:\Users\konradkokosa\.copilot\repos\copilot-worktrees\runtime-fork\kkokosa-ideal-sniffle\artifacts\obj\coreclr\windows.x64.Debug\_deps\fetchzlibng-build\CMakeFiles\zlib.dir\arch\x86\adler32_ssse3.c.obj
  [971/2661] Building C object C:\Users\konradkokosa\.copilot\repos\copilot-worktrees\runtime-fork\kkokosa-ideal-sniffle\artifacts\obj\coreclr\windows.x64.Debug\_deps\fetchzlibng-build\CMakeFiles\zlib.dir\arch\x86\x86_features.c.obj
  [972/2661] Building C object C:\Users\konradkokosa\.copilot\repos\copilot-worktrees\runtime-fork\kkokosa-ideal-sniffle\artifacts\obj\coreclr\windows.x64.Debug\_deps\fetchzlibng-build\CMakeFiles\zlib.dir\arch\x86\chunkset_sse2.c.obj
  [973/2661] Building C object C:\Users\konradkokosa\.copilot\repos\copilot-worktrees\runtime-fork\kkokosa-ideal-sniffle\artifacts\obj\coreclr\windows.x64.Debug\_deps\fetchzlibng-build\CMakeFiles\zlib.dir\arch\x86\slide_hash_sse2.c.obj
  [974/2661] Building C object C:\Users\konradkokosa\.copilot\repos\copilot-worktrees\runtime-fork\kkokosa-ideal-sniffle\artifacts\obj\coreclr\windows.x64.Debug\_deps\fetchzlibng-build\CMakeFiles\zlib.dir\arch\x86\compare256_sse2.c.obj
  [975/2661] Building C object C:\Users\konradkokosa\.copilot\repos\copilot-worktrees\runtime-fork\kkokosa-ideal-sniffle\artifacts\obj\coreclr\windows.x64.Debug\_deps\fetchzlibng-build\CMakeFiles\zlib.dir\arch\x86\adler32_sse42.c.obj
  [976/2661] Building C object C:\Users\konradkokosa\.copilot\repos\copilot-worktrees\runtime-fork\kkokosa-ideal-sniffle\artifacts\obj\coreclr\windows.x64.Debug\_deps\fetchzlibng-build\CMakeFiles\zlib.dir\arch\x86\chunkset_ssse3.c.obj
  [977/2661] Building C object C:\Users\konradkokosa\.copilot\repos\copilot-worktrees\runtime-fork\kkokosa-ideal-sniffle\artifacts\obj\coreclr\windows.x64.Debug\_deps\fetchzlibng-build\CMakeFiles\zlib.dir\arch\x86\slide_hash_avx2.c.obj
  [978/2661] Building C object C:\Users\konradkokosa\.copilot\repos\copilot-worktrees\runtime-fork\kkokosa-ideal-sniffle\artifacts\obj\coreclr\windows.x64.Debug\_deps\fetchzlibng-build\CMakeFiles\zlib.dir\arch\x86\chunkset_avx2.c.obj
  [979/2661] Building C object C:\Users\konradkokosa\.copilot\repos\copilot-worktrees\runtime-fork\kkokosa-ideal-sniffle\artifacts\obj\coreclr\windows.x64.Debug\_deps\fetchzlibng-build\CMakeFiles\zlib.dir\arch\x86\compare256_avx2.c.obj
  [980/2661] Building C object C:\Users\konradkokosa\.copilot\repos\copilot-worktrees\runtime-fork\kkokosa-ideal-sniffle\artifacts\obj\coreclr\windows.x64.Debug\_deps\fetchzlibng-build\CMakeFiles\zlib.dir\arch\x86\crc32_pclmulqdq.c.obj
  [981/2661] Building C object C:\Users\konradkokosa\.copilot\repos\copilot-worktrees\runtime-fork\kkokosa-ideal-sniffle\artifacts\obj\coreclr\windows.x64.Debug\_deps\fetchzlibng-build\CMakeFiles\zlib.dir\arch\x86\adler32_avx2.c.obj
  [982/2661] Building CXX object binder\CMakeFiles\v3binder.dir\activitytracker.cpp.obj
  [983/2661] Generating eventprovider.timestamp
  [984/2661] Linking C static library C:\Users\konradkokosa\.copilot\repos\copilot-worktrees\runtime-fork\kkokosa-ideal-sniffle\artifacts\obj\coreclr\windows.x64.Debug\_deps\brotli-build\brotlicommon.lib
  [985/2661] Building C object C:\Users\konradkokosa\.copilot\repos\copilot-worktrees\runtime-fork\kkokosa-ideal-sniffle\artifacts\obj\coreclr\windows.x64.Debug\_deps\fetchzlibng-build\CMakeFiles\zlib.dir\gzread.c.obj
  [986/2661] Building C object C:\Users\konradkokosa\.copilot\repos\copilot-worktrees\runtime-fork\kkokosa-ideal-sniffle\artifacts\obj\coreclr\windows.x64.Debug\_deps\fetchzlibng-build\CMakeFiles\zlib.dir\gzlib.c.obj
  [987/2661] Building C object C:\Users\konradkokosa\.copilot\repos\copilot-worktrees\runtime-fork\kkokosa-ideal-sniffle\artifacts\obj\coreclr\windows.x64.Debug\_deps\fetchzlibng-build\CMakeFiles\zlib.dir\arch\x86\adler32_avx512_vnni.c.obj
  [988/2661] Building C object C:\Users\konradkokosa\.copilot\repos\copilot-worktrees\runtime-fork\kkokosa-ideal-sniffle\artifacts\obj\coreclr\windows.x64.Debug\_deps\fetchzlibng-build\CMakeFiles\zlib.dir\arch\x86\crc32_vpclmulqdq.c.obj
  [989/2661] Building C object C:\Users\konradkokosa\.copilot\repos\copilot-worktrees\runtime-fork\kkokosa-ideal-sniffle\artifacts\obj\coreclr\windows.x64.Debug\_deps\fetchzlibng-build\CMakeFiles\zlib.dir\arch\x86\chunkset_avx512.c.obj
  [990/2661] Building C object C:\Users\konradkokosa\.copilot\repos\copilot-worktrees\runtime-fork\kkokosa-ideal-sniffle\artifacts\obj\coreclr\windows.x64.Debug\_deps\fetchzlibng-build\CMakeFiles\zlib.dir\arch\x86\adler32_avx512.c.obj
  [991/2661] Building C object C:\Users\konradkokosa\.copilot\repos\copilot-worktrees\runtime-fork\kkokosa-ideal-sniffle\artifacts\obj\coreclr\windows.x64.Debug\_deps\fetchzlibng-build\CMakeFiles\zlib.dir\gzwrite.c.obj
  [992/2661] Building CXX object debug\ee\wks\CMakeFiles\cordbee_wks.dir\cmake_pch.cxx.obj
  [993/2661] Building C object C:\Users\konradkokosa\.copilot\repos\copilot-worktrees\runtime-fork\kkokosa-ideal-sniffle\artifacts\obj\coreclr\windows.x64.Debug\_deps\brotli-build\CMakeFiles\brotlidec.dir\c\dec\bit_reader.c.obj
  [994/2661] Building C object C:\Users\konradkokosa\.copilot\repos\copilot-worktrees\runtime-fork\kkokosa-ideal-sniffle\artifacts\obj\coreclr\windows.x64.Debug\_deps\brotli-build\CMakeFiles\brotlidec.dir\c\dec\decode.c.obj
  [995/2661] Building C object C:\Users\konradkokosa\.copilot\repos\copilot-worktrees\runtime-fork\kkokosa-ideal-sniffle\artifacts\obj\coreclr\windows.x64.Debug\_deps\brotli-build\CMakeFiles\brotlidec.dir\c\dec\huffman.c.obj
  [996/2661] Building C object C:\Users\konradkokosa\.copilot\repos\copilot-worktrees\runtime-fork\kkokosa-ideal-sniffle\artifacts\obj\coreclr\windows.x64.Debug\_deps\brotli-build\CMakeFiles\brotlienc.dir\c\enc\dictionary_hash.c.obj
  [997/2661] Building C object C:\Users\konradkokosa\.copilot\repos\copilot-worktrees\runtime-fork\kkokosa-ideal-sniffle\artifacts\obj\coreclr\windows.x64.Debug\_deps\brotli-build\CMakeFiles\brotlidec.dir\c\dec\state.c.obj
  [998/2661] Building C object C:\Users\konradkokosa\.copilot\repos\copilot-worktrees\runtime-fork\kkokosa-ideal-sniffle\artifacts\obj\coreclr\windows.x64.Debug\_deps\brotli-build\CMakeFiles\brotlienc.dir\c\enc\command.c.obj
  [999/2661] Building C object C:\Users\konradkokosa\.copilot\repos\copilot-worktrees\runtime-fork\kkokosa-ideal-sniffle\artifacts\obj\coreclr\windows.x64.Debug\_deps\brotli-build\CMakeFiles\brotlienc.dir\c\enc\compress_fragment.c.obj
  [1000/2661] Building C object C:\Users\konradkokosa\.copilot\repos\copilot-worktrees\runtime-fork\kkokosa-ideal-sniffle\artifacts\obj\coreclr\windows.x64.Debug\_deps\brotli-build\CMakeFiles\brotlienc.dir\c\enc\block_splitter.c.obj
  [1001/2661] Building C object C:\Users\konradkokosa\.copilot\repos\copilot-worktrees\runtime-fork\kkokosa-ideal-sniffle\artifacts\obj\coreclr\windows.x64.Debug\_deps\brotli-build\CMakeFiles\brotlienc.dir\c\enc\cluster.c.obj
  [1002/2661] Building C object C:\Users\konradkokosa\.copilot\repos\copilot-worktrees\runtime-fork\kkokosa-ideal-sniffle\artifacts\obj\coreclr\windows.x64.Debug\_deps\brotli-build\CMakeFiles\brotlienc.dir\c\enc\compress_fragment_two_pass.c.obj
  [1003/2661] Building C object C:\Users\konradkokosa\.copilot\repos\copilot-worktrees\runtime-fork\kkokosa-ideal-sniffle\artifacts\obj\coreclr\windows.x64.Debug\_deps\brotli-build\CMakeFiles\brotlienc.dir\c\enc\compound_dictionary.c.obj
  [1004/2661] Building C object C:\Users\konradkokosa\.copilot\repos\copilot-worktrees\runtime-fork\kkokosa-ideal-sniffle\artifacts\obj\coreclr\windows.x64.Debug\_deps\brotli-build\CMakeFiles\brotlienc.dir\c\enc\bit_cost.c.obj
  [1005/2661] Building C object C:\Users\konradkokosa\.copilot\repos\copilot-worktrees\runtime-fork\kkokosa-ideal-sniffle\artifacts\obj\coreclr\windows.x64.Debug\_deps\brotli-build\CMakeFiles\brotlienc.dir\c\enc\backward_references_hq.c.obj
  [1006/2661] Building C object C:\Users\konradkokosa\.copilot\repos\copilot-worktrees\runtime-fork\kkokosa-ideal-sniffle\artifacts\obj\coreclr\windows.x64.Debug\_deps\brotli-build\CMakeFiles\brotlienc.dir\c\enc\brotli_bit_stream.c.obj
  [1007/2661] Building C object C:\Users\konradkokosa\.copilot\repos\copilot-worktrees\runtime-fork\kkokosa-ideal-sniffle\artifacts\obj\coreclr\windows.x64.Debug\_deps\brotli-build\CMakeFiles\brotlienc.dir\c\enc\encode.c.obj
  [1008/2661] Building CXX object debug\ee\wks\CMakeFiles\cordbee_wks.dir\__\executioncontrol.cpp.obj
  [1009/2661] Building CXX object debug\ee\wks\CMakeFiles\cordbee_wks.dir\__\debuggermodule.cpp.obj
  [1010/2661] Building CXX object debug\ee\wks\CMakeFiles\cordbee_wks.dir\__\debuggermessagebox.cpp.obj
  [1011/2661] Building CXX object debug\ee\wks\CMakeFiles\cordbee_wks.dir\__\canary.cpp.obj
  [1012/2661] Building C object C:\Users\konradkokosa\.copilot\repos\copilot-worktrees\runtime-fork\kkokosa-ideal-sniffle\artifacts\obj\coreclr\windows.x64.Debug\_deps\brotli-build\CMakeFiles\brotlienc.dir\c\enc\backward_references.c.obj
  [1013/2661] Building CXX object debug\ee\wks\CMakeFiles\cordbee_wks.dir\__\controller.cpp.obj
  [1014/2661] Building CXX object debug\ee\wks\CMakeFiles\cordbee_wks.dir\__\rcthread.cpp.obj
  [1015/2661] Building CXX object debug\ee\wks\CMakeFiles\cordbee_wks.dir\__\funceval.cpp.obj
  [1016/2661] Building CXX object debug\ee\wks\CMakeFiles\cordbee_wks.dir\__\functioninfo.cpp.obj
  [1017/2661] Building CXX object debug\ee\wks\CMakeFiles\cordbee_wks.dir\__\amd64\regdisplayhelper.cpp.obj
  [1018/2661] Building CXX object debug\ee\wks\CMakeFiles\cordbee_wks.dir\__\amd64\primitives.cpp.obj
  [1019/2661] Building CXX object debug\ee\wks\CMakeFiles\cordbee_wks.dir\__\interpreterwalker.cpp.obj
  [1020/2661] Building CXX object debug\ee\wks\CMakeFiles\cordbee_wks.dir\__\amd64\walker.cpp.obj
  [1021/2661] Building CXX object debug\ee\wks\CMakeFiles\cordbee_wks.dir\__\shared.cpp.obj
  [1022/2661] Building C object C:\Users\konradkokosa\.copilot\repos\copilot-worktrees\runtime-fork\kkokosa-ideal-sniffle\artifacts\obj\coreclr\windows.x64.Debug\_deps\brotli-build\CMakeFiles\brotlienc.dir\c\enc\fast_log.c.obj
  [1023/2661] Building C object C:\Users\konradkokosa\.copilot\repos\copilot-worktrees\runtime-fork\kkokosa-ideal-sniffle\artifacts\obj\coreclr\windows.x64.Debug\_deps\brotli-build\CMakeFiles\brotlienc.dir\c\enc\literal_cost.c.obj
  [1024/2661] Building CXX object debug\ee\wks\CMakeFiles\cordbee_wks.dir\__\frameinfo.cpp.obj
  [1025/2661] Building C object C:\Users\konradkokosa\.copilot\repos\copilot-worktrees\runtime-fork\kkokosa-ideal-sniffle\artifacts\obj\coreclr\windows.x64.Debug\_deps\brotli-build\CMakeFiles\brotlienc.dir\c\enc\entropy_encode.c.obj
  [1026/2661] Building C object C:\Users\konradkokosa\.copilot\repos\copilot-worktrees\runtime-fork\kkokosa-ideal-sniffle\artifacts\obj\coreclr\windows.x64.Debug\_deps\brotli-build\CMakeFiles\brotlienc.dir\c\enc\utf8_util.c.obj
  [1027/2661] Building C object C:\Users\konradkokosa\.copilot\repos\copilot-worktrees\runtime-fork\kkokosa-ideal-sniffle\artifacts\obj\coreclr\windows.x64.Debug\_deps\brotli-build\CMakeFiles\brotlienc.dir\c\enc\memory.c.obj
  [1028/2661] Building CXX object debug\ee\wks\CMakeFiles\cordbee_wks.dir\__\dactable.cpp.obj
  [1029/2661] Building CXX object debug\ee\wks\CMakeFiles\cordbee_wks.dir\__\debugger.cpp.obj
  [1030/2661] Building C object _deps\zstd-build\lib\CMakeFiles\libzstd_static.dir\R_\src\native\external\zstd\lib\common\debug.c.obj
  [1031/2661] Building CXX object nativeaot\Runtime\eventpipe\CMakeFiles\eventpipe-shared-objects.dir\Unity\unity_0_cxx.cxx.obj
  [1032/2661] Building C object _deps\zstd-build\lib\CMakeFiles\libzstd_static.dir\R_\src\native\external\zstd\lib\common\threading.c.obj
  [1033/2661] Building C object _deps\zstd-build\lib\CMakeFiles\libzstd_static.dir\R_\src\native\external\zstd\lib\common\xxhash.c.obj
  [1034/2661] Building C object C:\Users\konradkokosa\.copilot\repos\copilot-worktrees\runtime-fork\kkokosa-ideal-sniffle\artifacts\obj\coreclr\windows.x64.Debug\_deps\brotli-build\CMakeFiles\brotlienc.dir\c\enc\histogram.c.obj
  [1035/2661] Building C object C:\Users\konradkokosa\.copilot\repos\copilot-worktrees\runtime-fork\kkokosa-ideal-sniffle\artifacts\obj\coreclr\windows.x64.Debug\_deps\brotli-build\CMakeFiles\brotlienc.dir\c\enc\encoder_dict.c.obj
  [1036/2661] Building C object _deps\zstd-build\lib\CMakeFiles\libzstd_static.dir\R_\src\native\external\zstd\lib\compress\fse_compress.c.obj
  [1037/2661] Building C object _deps\zstd-build\lib\CMakeFiles\libzstd_static.dir\R_\src\native\external\zstd\lib\common\fse_decompress.c.obj
  [1038/2661] Building C object _deps\zstd-build\lib\CMakeFiles\libzstd_static.dir\R_\src\native\external\zstd\lib\common\pool.c.obj
  [1039/2661] Building C object C:\Users\konradkokosa\.copilot\repos\copilot-worktrees\runtime-fork\kkokosa-ideal-sniffle\artifacts\obj\coreclr\windows.x64.Debug\_deps\brotli-build\CMakeFiles\brotlienc.dir\c\enc\metablock.c.obj
  [1040/2661] Building C object C:\Users\konradkokosa\.copilot\repos\copilot-worktrees\runtime-fork\kkokosa-ideal-sniffle\artifacts\obj\coreclr\windows.x64.Debug\_deps\brotli-build\CMakeFiles\brotlienc.dir\c\enc\static_dict.c.obj
  [1041/2661] Building C object _deps\zstd-build\lib\CMakeFiles\libzstd_static.dir\R_\src\native\external\zstd\lib\common\zstd_common.c.obj
  [1042/2661] Building C object _deps\zstd-build\lib\CMakeFiles\libzstd_static.dir\R_\src\native\external\zstd\lib\common\entropy_common.c.obj
  [1043/2661] Building C object _deps\zstd-build\lib\CMakeFiles\libzstd_static.dir\R_\src\native\external\zstd\lib\common\error_private.c.obj
  [1044/2661] Building C object _deps\zstd-build\lib\CMakeFiles\libzstd_static.dir\R_\src\native\external\zstd\lib\compress\huf_compress.c.obj
  [1045/2661] Building C object _deps\zstd-build\lib\CMakeFiles\libzstd_static.dir\R_\src\native\external\zstd\lib\compress\hist.c.obj
  [1046/2661] Building C object _deps\zstd-build\lib\CMakeFiles\libzstd_static.dir\R_\src\native\external\zstd\lib\compress\zstd_compress_literals.c.obj
  [1047/2661] Building C object _deps\zstd-build\lib\CMakeFiles\libzstd_static.dir\R_\src\native\external\zstd\lib\compress\zstd_double_fast.c.obj
  [1048/2661] Building C object _deps\zstd-build\lib\CMakeFiles\libzstd_static.dir\R_\src\native\external\zstd\lib\compress\zstd_compress_sequences.c.obj
  [1049/2661] Building C object _deps\zstd-build\lib\CMakeFiles\libzstd_static.dir\R_\src\native\external\zstd\lib\compress\zstd_compress_superblock.c.obj
  [1050/2661] Building C object _deps\zstd-build\lib\CMakeFiles\libzstd_static.dir\R_\src\native\external\zstd\lib\compress\zstd_lazy.c.obj
  [1051/2661] Building C object _deps\zstd-build\lib\CMakeFiles\libzstd_static.dir\R_\src\native\external\zstd\lib\compress\zstd_compress.c.obj
  [1052/2661] Building C object _deps\zstd-build\lib\CMakeFiles\libzstd_static.dir\R_\src\native\external\zstd\lib\compress\zstd_preSplit.c.obj
  [1053/2661] Building C object _deps\zstd-build\lib\CMakeFiles\libzstd_static.dir\R_\src\native\external\zstd\lib\decompress\zstd_ddict.c.obj
  [1054/2661] Building C object _deps\zstd-build\lib\CMakeFiles\libzstd_static.dir\R_\src\native\external\zstd\lib\compress\zstd_fast.c.obj
  [1055/2661] Building C object _deps\zstd-build\lib\CMakeFiles\libzstd_static.dir\R_\src\native\external\zstd\lib\compress\zstd_ldm.c.obj
  [1056/2661] Building C object _deps\zstd-build\lib\CMakeFiles\libzstd_static.dir\R_\src\native\external\zstd\lib\decompress\huf_decompress.c.obj
  [1057/2661] Building C object _deps\zstd-build\lib\CMakeFiles\libzstd_static.dir\R_\src\native\external\zstd\lib\compress\zstd_opt.c.obj
  [1058/2661] Building C object _deps\zstd-build\lib\CMakeFiles\libzstd_static.dir\R_\src\native\external\zstd\lib\compress\zstdmt_compress.c.obj
  [1059/2661] Building C object _deps\zstd-build\lib\CMakeFiles\libzstd_static.dir\R_\src\native\external\zstd\lib\decompress\zstd_decompress.c.obj
  [1060/2661] Building C object _deps\zstd-build\lib\CMakeFiles\libzstd_static.dir\R_\src\native\external\zstd\lib\decompress\zstd_decompress_block.c.obj
  [1061/2661] Preprocessing R:/src/coreclr/jit/ClrJit.exports. Outputting to R:/artifacts/obj/coreclr/windows.x64.Debug/jit/ClrJit.exports.def
  ClrJit.exports
  [1062/2661] Building C object _deps\zstd-build\lib\CMakeFiles\libzstd_static.dir\R_\src\native\external\zstd\lib\dictBuilder\divsufsort.c.obj
  [1063/2661] Building C object _deps\zstd-build\lib\CMakeFiles\libzstd_static.dir\R_\src\native\external\zstd\lib\dictBuilder\cover.c.obj
  [1064/2661] Building C object _deps\zstd-build\lib\CMakeFiles\libzstd_static.dir\R_\src\native\external\zstd\lib\dictBuilder\fastcover.c.obj
  [1065/2661] Building C object _deps\zstd-build\lib\CMakeFiles\libzstd_static.dir\R_\src\native\external\zstd\lib\dictBuilder\zdict.c.obj
  [1066/2661] Preprocessing R:/src/coreclr/dlls/mscordbi_universal/mscordbi_universal.src. Outputting to R:/artifacts/obj/coreclr/windows.x64.Debug/dlls/mscordbi_universal/mscordbi_universal.def
  mscordbi_universal.src
  [1067/2661] Preprocessing R:/src/coreclr/tools/superpmi/superpmi-shim-collector/superpmi-shim-collector.def. Outputting to R:/artifacts/obj/coreclr/windows.x64.Debug/tools/superpmi/superpmi-shim-collector/superpmi-shim-collector.def
  superpmi-shim-collector.def
  [1068/2661] Preprocessing R:/src/coreclr/tools/superpmi/superpmi-shim-counter/superpmi-shim-counter.def. Outputting to R:/artifacts/obj/coreclr/windows.x64.Debug/tools/superpmi/superpmi-shim-counter/superpmi-shim-counter.def
  superpmi-shim-counter.def
  [1069/2661] Preprocessing R:/src/coreclr/tools/superpmi/superpmi-shim-simple/superpmi-shim-simple.def. Outputting to R:/artifacts/obj/coreclr/windows.x64.Debug/tools/superpmi/superpmi-shim-simple/superpmi-shim-simple.def
  superpmi-shim-simple.def
  [1070/2661] Building CXX object gc\datadescriptor\CMakeFiles\gc_dll_svr_descriptor_temp.dir\__\__\debug\datadescriptor-shared\datadescriptor.cpp.obj
  [1071/2661] Building CXX object gc\datadescriptor\CMakeFiles\gc_dll_wks_descriptor_temp.dir\__\__\debug\datadescriptor-shared\datadescriptor.cpp.obj
  [1072/2661] Building CXX object gc\datadescriptor\CMakeFiles\gcexp_dll_wks_descriptor_temp.dir\__\__\debug\datadescriptor-shared\datadescriptor.cpp.obj
  [1073/2661] Generating eventpipe/eventpipehelpers.cpp, eventpipe/dotnetruntime.cpp, eventpipe/dotnetruntimerundown.cpp, eventpipe/dotnetruntimeprivate.cpp
  [1074/2661] Building CXX object gc\datadescriptor\CMakeFiles\gcexp_dll_svr_descriptor_temp.dir\__\__\debug\datadescriptor-shared\datadescriptor.cpp.obj
  [1075/2661] Building CXX object nativeaot\Runtime\datadescriptor\CMakeFiles\nativeaot_cdac_contract_descriptor_temp.dir\__\__\__\debug\datadescriptor-shared\datadescriptor.cpp.obj
  [1076/2661] Building CXX object nativeaot\Runtime\datadescriptor\CMakeFiles\nativeaot_gc_wks_descriptor_temp.dir\__\__\__\debug\datadescriptor-shared\datadescriptor.cpp.obj
  [1077/2661] Building CXX object nativeaot\Runtime\datadescriptor\CMakeFiles\nativeaot_gc_svr_descriptor_temp.dir\__\__\__\debug\datadescriptor-shared\datadescriptor.cpp.obj
  [1078/2661] Building C object Corehost.Static\hostmisc\CMakeFiles\hostmisc.dir\trace.c.obj
  [1079/2661] Building C object Corehost.Static\hostmisc\CMakeFiles\hostmisc.dir\fx_ver.c.obj
  [1080/2661] Building C object Corehost.Static\hostmisc\CMakeFiles\hostmisc.dir\utils.c.obj
  [1081/2661] Building C object Corehost.Static\hostmisc\CMakeFiles\hostmisc.dir\pal.windows.c.obj
  [1082/2661] Linking C static library C:\Users\konradkokosa\.copilot\repos\copilot-worktrees\runtime-fork\kkokosa-ideal-sniffle\artifacts\obj\coreclr\windows.x64.Debug\_deps\fetchzlibng-build\zlibstatic.lib
  [1083/2661] Linking C static library C:\Users\konradkokosa\.copilot\repos\copilot-worktrees\runtime-fork\kkokosa-ideal-sniffle\artifacts\obj\coreclr\windows.x64.Debug\_deps\brotli-build\brotlidec.lib
  [1084/2661] Linking C static library C:\Users\konradkokosa\.copilot\repos\copilot-worktrees\runtime-fork\kkokosa-ideal-sniffle\artifacts\obj\coreclr\windows.x64.Debug\_deps\brotli-build\brotlienc.lib
  [1085/2661] Linking C static library _deps\zstd-build\lib\zstd_static.lib
  [1086/2661] Building C object shared_minipal\CMakeFiles\aotminipal.dir\descriptorlimit.c.obj
  [1087/2661] Building C object libs-native\System.IO.Compression.Native\CMakeFiles\System.IO.Compression.Native-Static.dir\pal_zlib.c.obj
  [1088/2661] Linking CXX shared library dlls\mscoree\coreclr\coreclr.dll
  [1089/2661] Building C object libs-native\System.IO.Compression.Native\CMakeFiles\System.IO.Compression.Native-Static.dir\entrypoints.c.obj
  [1090/2661] Building C object libs-native\System.IO.Compression.Native\CMakeFiles\System.IO.Compression.Native-Static.dir\zlib_allocator_win.c.obj
  [1091/2661] Building C object shared_minipal\CMakeFiles\aotminipal.dir\memorybarrierprocesswide.c.obj
  [1092/2661] Building C object shared_minipal\CMakeFiles\aotminipal.dir\cpufeatures.c.obj
  [1093/2661] Building C object shared_minipal\CMakeFiles\aotminipal.dir\mutex.c.obj
  [1094/2661] Building C object shared_minipal\CMakeFiles\aotminipal.dir\guid.c.obj
  [1095/2661] Building C object shared_minipal\CMakeFiles\aotminipal.dir\random.c.obj
  [1096/2661] Building C object shared_minipal\CMakeFiles\aotminipal.dir\strings.c.obj
  [1097/2661] Generating coreclr module index file -> R:/artifacts/obj/coreclr/windows.x64.Debug/debug/runtimeinfo/runtimemoduleindex.h
  [1098/2661] Generating mscordaccore module index file -> R:/artifacts/obj/coreclr/windows.x64.Debug/debug/runtimeinfo/dacmoduleindex.h
  [1098/2661] Generating cdac-nativeaot_cdac_contract_descriptor/contract-descriptor.c
  [1103/2661] Generating AsmOffsets.inc
  AsmOffsets.cpp
  
  [1105/2661] Preprocessing R:/src/coreclr/interpreter/clrinterpreter.exports. Outputting to R:/artifacts/obj/coreclr/windows.x64.Debug/interpreter/clrinterpreter.def
  clrinterpreter.exports
  
  [1109/2661] Building C object shared_minipal\CMakeFiles\aotminipal.dir\debugger.c.obj
  [1110/2661] Generating cdac-nativeaot_gc_wks_descriptor/contract-descriptor.c
  [1113/2661] Building C object shared_minipal\CMakeFiles\aotminipal.dir\log.c.obj
  [1114/2661] Generating cdac-nativeaot_gc_svr_descriptor/contract-descriptor.c
  [1122/2661] Building CXX object gcinfo\CMakeFiles\gcinfo_universal_wasm.dir\simplerhash.cpp.obj
  [1123/2661] Generating cdac-gc_dll_wks_descriptor/contract-descriptor.c
  [1125/2661] Building CXX object gcinfo\CMakeFiles\gcinfo_win_x64.dir\arraylist.cpp.obj
  [1126/2661] Generating cdac-gc_dll_svr_descriptor/contract-descriptor.c
  [1133/2661] Building CXX object gcinfo\CMakeFiles\gcinfo_win_x86.dir\arraylist.cpp.obj
  [1134/2661] Generating cdac-gcexp_dll_wks_descriptor/contract-descriptor.c
  [1140/2661] Building CXX object gcinfo\CMakeFiles\gcinfo_win_x86.dir\gcinfoencoder.cpp.obj
  [1141/2661] Generating cdac-gcexp_dll_svr_descriptor/contract-descriptor.c
  [1153/2661] Building CXX object md\compiler\CMakeFiles\mdcompiler_ppdb.dir\regmeta.cpp.obj
  [1155/2661] Building CXX object md\compiler\CMakeFiles\mdcompiler_ppdb.dir\regmeta_import.cpp.obj
  [1156/2661] Building CXX object md\compiler\CMakeFiles\mdcompiler_ppdb.dir\import.cpp.obj
  [1157/2661] Building CXX object md\compiler\CMakeFiles\mdcompiler_ppdb.dir\regmeta_emit.cpp.obj
  [1158/2661] Building CXX object md\compiler\CMakeFiles\mdcompiler_ppdb.dir\regmeta_imetadatatables.cpp.obj
  [1159/2661] Building CXX object md\runtime\CMakeFiles\mdruntime_ppdb.dir\mdcolumndescriptors.cpp.obj
  [1160/2661] Building CXX object md\runtime\CMakeFiles\mdruntime_ppdb.dir\liteweightstgdb.cpp.obj
  [1161/2661] Building CXX object md\runtime\CMakeFiles\mdruntime_ppdb.dir\mdfileformat.cpp.obj
  [1162/2661] Building CXX object md\runtime\CMakeFiles\mdruntime_ppdb.dir\metamodel.cpp.obj
  [1163/2661] Building CXX object md\runtime\CMakeFiles\mdruntime_ppdb.dir\recordpool.cpp.obj
  [1164/2661] Building CXX object md\runtime\CMakeFiles\mdruntime_ppdb.dir\metamodelro.cpp.obj
  [1165/2661] Building CXX object md\runtime\CMakeFiles\mdruntime_ppdb.dir\noopmetadataimport.cpp.obj
  [1166/2661] Building CXX object md\compiler\CMakeFiles\mdcompiler_ppdb.dir\regmeta_vm.cpp.obj
  [1167/2661] Building CXX object md\runtime\CMakeFiles\mdruntime_ppdb.dir\stgpooli.cpp.obj
  [1168/2661] Building CXX object md\runtime\CMakeFiles\mdruntime_ppdb.dir\strongnameinternal.cpp.obj
  [1169/2661] Building CXX object md\runtime\CMakeFiles\mdruntime_ppdb.dir\stgpool.cpp.obj
  [1170/2661] Building CXX object md\runtime\CMakeFiles\mdruntime_ppdb.dir\stgpoolreadonly.cpp.obj
  [1171/2661] Building CXX object md\runtime\CMakeFiles\mdruntime_ppdb.dir\mdinternaldisp.cpp.obj
  [1172/2661] Building CXX object md\enc\CMakeFiles\mdruntimerw_ppdb.dir\metamodelenc.cpp.obj
  [1173/2661] Building CXX object md\runtime\CMakeFiles\mdruntime_ppdb.dir\mdinternalro.cpp.obj
  [1174/2661] Building CXX object md\enc\CMakeFiles\mdruntimerw_ppdb.dir\rwutil.cpp.obj
  [1175/2661] Building CXX object md\enc\CMakeFiles\mdruntimerw_ppdb.dir\peparse.cpp.obj
  [1176/2661] Building CXX object md\enc\CMakeFiles\mdruntimerw_ppdb.dir\stgtiggerstorage.cpp.obj
  [1177/2661] Building CXX object md\enc\CMakeFiles\mdruntimerw_ppdb.dir\liteweightstgdbrw.cpp.obj
  [1178/2661] Building CXX object md\enc\CMakeFiles\mdruntimerw_ppdb.dir\pdbheap.cpp.obj
  [1179/2661] Building CXX object md\enc\CMakeFiles\mdruntimerw_ppdb.dir\metamodelrw.cpp.obj
  [1180/2661] Building CXX object md\enc\CMakeFiles\mdruntimerw_ppdb.dir\stgtiggerstream.cpp.obj
  [1181/2661] Building CXX object md\enc\CMakeFiles\mdruntimerw_ppdb.dir\stgio.cpp.obj
  [1182/2661] Building CXX object jit\static\CMakeFiles\clrjit_static.dir\cmake_pch.cxx.obj
  [1183/2661] Building CXX object md\enc\CMakeFiles\mdruntimerw_ppdb.dir\mdinternalrw.cpp.obj
  [1184/2661] Building RC object dlls\mscoree\coreclr\CMakeFiles\coreclr_static.dir\__\Native.rc.res
  [1185/2661] Building CXX object jit\static\CMakeFiles\clrjit_static.dir\__\abi.cpp.obj
  [1186/2661] Building CXX object debug\runtimeinfo\CMakeFiles\runtimeinfo.dir\runtimeinfo.cpp.obj
  [1187/2661] Building RC object dlls\mscoree\coreclr\CMakeFiles\coreclr_static.dir\Debug\dump_helper_resource_embedded_minidump_provider.rc.res
  [1188/2661] Building CXX object jit\static\CMakeFiles\clrjit_static.dir\__\alloc.cpp.obj
  [1189/2661] Building CXX object jit\static\CMakeFiles\clrjit_static.dir\__\assertionprop.cpp.obj
  [1190/2661] Building CXX object jit\static\CMakeFiles\clrjit_static.dir\__\asyncanalysis.cpp.obj
  [1191/2661] Building CXX object jit\static\CMakeFiles\clrjit_static.dir\__\bitset.cpp.obj
  [1192/2661] Building CXX object jit\static\CMakeFiles\clrjit_static.dir\__\async.cpp.obj
  [1193/2661] Building CXX object jit\static\CMakeFiles\clrjit_static.dir\__\buildstring.cpp.obj
  [1194/2661] Building CXX object jit\static\CMakeFiles\clrjit_static.dir\__\boundscheckcoalesce.cpp.obj
  [1195/2661] Building CXX object jit\static\CMakeFiles\clrjit_static.dir\__\block.cpp.obj
  [1196/2661] Building CXX object jit\static\CMakeFiles\clrjit_static.dir\__\codegenlinear.cpp.obj
  [1197/2661] Building CXX object jit\static\CMakeFiles\clrjit_static.dir\__\copyprop.cpp.obj
  [1198/2661] Building CXX object jit\static\CMakeFiles\clrjit_static.dir\__\debuginfo.cpp.obj
  [1199/2661] Building CXX object jit\static\CMakeFiles\clrjit_static.dir\__\codegencommon.cpp.obj
  [1200/2661] Building CXX object jit\static\CMakeFiles\clrjit_static.dir\__\disasm.cpp.obj
  [1201/2661] Building CXX object jit\static\CMakeFiles\clrjit_static.dir\__\earlyprop.cpp.obj
  [1202/2661] Building CXX object dlls\mscoree\coreclr\CMakeFiles\coreclr_static.dir\__\mscoree.cpp.obj
  [1203/2661] Building CXX object jit\static\CMakeFiles\clrjit_static.dir\__\ee_il_dll.cpp.obj
  [1204/2661] Building CXX object dlls\mscoree\coreclr\CMakeFiles\coreclr_static.dir\__\exports.cpp.obj
  [1205/2661] Building CXX object jit\static\CMakeFiles\clrjit_static.dir\__\compiler.cpp.obj
  [1206/2661] Building CXX object dlls\mscorpe\CMakeFiles\mscorpe.dir\iceefilegen.cpp.obj
  [1207/2661] Building CXX object jit\static\CMakeFiles\clrjit_static.dir\__\error.cpp.obj
  [1208/2661] Building CXX object jit\static\CMakeFiles\clrjit_static.dir\__\eeinterface.cpp.obj
  [1209/2661] Building CXX object jit\static\CMakeFiles\clrjit_static.dir\__\fgflow.cpp.obj
  [1210/2661] Building CXX object dlls\mscorpe\CMakeFiles\mscorpe.dir\ceefilegenwriter.cpp.obj
  [1211/2661] Building CXX object jit\static\CMakeFiles\clrjit_static.dir\__\fgbasic.cpp.obj
  [1212/2661] Building CXX object jit\static\CMakeFiles\clrjit_static.dir\__\emit.cpp.obj
  [1213/2661] Building CXX object jit\static\CMakeFiles\clrjit_static.dir\__\fgehopt.cpp.obj
  [1214/2661] Building CXX object jit\static\CMakeFiles\clrjit_static.dir\__\fginline.cpp.obj
  [1215/2661] Building CXX object jit\static\CMakeFiles\clrjit_static.dir\__\fgdiagnostic.cpp.obj
  [1216/2661] Building CXX object jit\static\CMakeFiles\clrjit_static.dir\__\gcdecode.cpp.obj
  [1217/2661] Building CXX object jit\static\CMakeFiles\clrjit_static.dir\__\fgprofilesynthesis.cpp.obj
  [1218/2661] Building CXX object jit\static\CMakeFiles\clrjit_static.dir\__\fgstmt.cpp.obj
  [1219/2661] Building CXX object jit\static\CMakeFiles\clrjit_static.dir\__\forwardsub.cpp.obj
  [1220/2661] Building CXX object jit\static\CMakeFiles\clrjit_static.dir\__\gcinfo.cpp.obj
  [1221/2661] Building CXX object jit\static\CMakeFiles\clrjit_static.dir\__\fgopt.cpp.obj
  [1222/2661] Building CXX object jit\static\CMakeFiles\clrjit_static.dir\__\fgprofile.cpp.obj
  [1223/2661] Building CXX object jit\static\CMakeFiles\clrjit_static.dir\__\gcencode.cpp.obj
  [1224/2661] Building CXX object jit\static\CMakeFiles\clrjit_static.dir\__\gschecks.cpp.obj
  [1225/2661] Building CXX object jit\static\CMakeFiles\clrjit_static.dir\__\hostallocator.cpp.obj
  [1226/2661] Building CXX object jit\static\CMakeFiles\clrjit_static.dir\__\hashbv.cpp.obj
  [1227/2661] Building CXX object jit\static\CMakeFiles\clrjit_static.dir\__\ifconversion.cpp.obj
  [1228/2661] Building CXX object jit\static\CMakeFiles\clrjit_static.dir\__\helperexpansion.cpp.obj
  [1229/2661] Building CXX object jit\static\CMakeFiles\clrjit_static.dir\__\importervectorization.cpp.obj
  [1230/2661] Building CXX object jit\static\CMakeFiles\clrjit_static.dir\__\flowgraph.cpp.obj
  [1231/2661] Building CXX object jit\static\CMakeFiles\clrjit_static.dir\__\hwintrinsic.cpp.obj
  [1232/2661] Building CXX object jit\static\CMakeFiles\clrjit_static.dir\__\indirectcalltransformer.cpp.obj
  [1233/2661] Building CXX object dlls\mscordbi_universal\CMakeFiles\mscordbi_universal.dir\cmake_pch.cxx.obj
  [1234/2661] Building CXX object jit\static\CMakeFiles\clrjit_static.dir\__\inline.cpp.obj
  [1235/2661] Building CXX object jit\static\CMakeFiles\clrjit_static.dir\__\importercalls.cpp.obj
  [1236/2661] Building CXX object jit\static\CMakeFiles\clrjit_static.dir\__\inlinepolicy.cpp.obj
  [1237/2661] Building CXX object jit\static\CMakeFiles\clrjit_static.dir\__\jithashtable.cpp.obj
  [1238/2661] Building CXX object jit\static\CMakeFiles\clrjit_static.dir\__\instr.cpp.obj
  [1239/2661] Building CXX object jit\static\CMakeFiles\clrjit_static.dir\__\jitconfig.cpp.obj
  [1240/2661] Building CXX object jit\static\CMakeFiles\clrjit_static.dir\__\inductionvariableopts.cpp.obj
  [1241/2661] Building CXX object jit\static\CMakeFiles\clrjit_static.dir\__\importer.cpp.obj
  [1242/2661] Building CXX object jit\static\CMakeFiles\clrjit_static.dir\__\jiteh.cpp.obj
  [1243/2661] Building CXX object jit\static\CMakeFiles\clrjit_static.dir\__\jitmetadata.cpp.obj
  [1244/2661] Building CXX object jit\static\CMakeFiles\clrjit_static.dir\__\likelyclass.cpp.obj
  [1245/2661] Building CXX object jit\static\CMakeFiles\clrjit_static.dir\__\layout.cpp.obj
  [1246/2661] Building CXX object jit\static\CMakeFiles\clrjit_static.dir\__\lir.cpp.obj
  [1247/2661] Building CXX object jit\static\CMakeFiles\clrjit_static.dir\__\gentree.cpp.obj
  [1248/2661] Building CXX object jit\static\CMakeFiles\clrjit_static.dir\__\lclmorph.cpp.obj
  [1249/2661] Building CXX object jit\static\CMakeFiles\clrjit_static.dir\__\lclvars.cpp.obj
  [1250/2661] Building CXX object jit\static\CMakeFiles\clrjit_static.dir\__\morphblock.cpp.obj
  [1251/2661] Building CXX object jit\static\CMakeFiles\clrjit_static.dir\__\loopcloning.cpp.obj
  [1252/2661] Building CXX object jit\static\CMakeFiles\clrjit_static.dir\__\optimizebools.cpp.obj
  [1253/2661] Building CXX object jit\static\CMakeFiles\clrjit_static.dir\__\optimizemaskconversions.cpp.obj
  [1254/2661] Building CXX object jit\static\CMakeFiles\clrjit_static.dir\__\phase.cpp.obj
  [1255/2661] Building CXX object jit\static\CMakeFiles\clrjit_static.dir\__\objectalloc.cpp.obj
  [1256/2661] Building CXX object jit\static\CMakeFiles\clrjit_static.dir\__\lower.cpp.obj
  [1257/2661] Building CXX object jit\static\CMakeFiles\clrjit_static.dir\__\patchpoint.cpp.obj
  [1258/2661] Building CXX object jit\static\CMakeFiles\clrjit_static.dir\__\optcse.cpp.obj
  [1259/2661] Building CXX object jit\static\CMakeFiles\clrjit_static.dir\__\liveness.cpp.obj
  [1260/2661] Building CXX object jit\static\CMakeFiles\clrjit_static.dir\__\morph.cpp.obj
  [1261/2661] Building CXX object jit\static\CMakeFiles\clrjit_static.dir\__\optimizer.cpp.obj
  [1262/2661] Building CXX object jit\static\CMakeFiles\clrjit_static.dir\__\promotionliveness.cpp.obj
  [1263/2661] Building CXX object jit\static\CMakeFiles\clrjit_static.dir\__\promotiondecomposition.cpp.obj
  [1264/2661] Building CXX object jit\static\CMakeFiles\clrjit_static.dir\__\rationalize.cpp.obj
  [1265/2661] Building CXX object jit\static\CMakeFiles\clrjit_static.dir\__\rangecheck.cpp.obj
  [1266/2661] Building CXX object jit\static\CMakeFiles\clrjit_static.dir\__\promotion.cpp.obj
  [1267/2661] Building CXX object jit\static\CMakeFiles\clrjit_static.dir\__\regalloc.cpp.obj
  [1268/2661] Building CXX object jit\static\CMakeFiles\clrjit_static.dir\__\redundantbranchopts.cpp.obj
  [1269/2661] Building CXX object jit\static\CMakeFiles\clrjit_static.dir\__\regset.cpp.obj
  [1270/2661] Building CXX object jit\static\CMakeFiles\clrjit_static.dir\__\rangecheckcloning.cpp.obj
  [1271/2661] Building CXX object jit\static\CMakeFiles\clrjit_static.dir\__\scev.cpp.obj
  [1272/2661] Building CXX object jit\static\CMakeFiles\clrjit_static.dir\__\segmentlist.cpp.obj
  [1273/2661] Building CXX object jit\static\CMakeFiles\clrjit_static.dir\__\smweights.cpp.obj
  [1274/2661] Building CXX object jit\static\CMakeFiles\clrjit_static.dir\__\smdata.cpp.obj
  [1275/2661] Building CXX object jit\static\CMakeFiles\clrjit_static.dir\__\sm.cpp.obj
  [1276/2661] Building CXX object jit\static\CMakeFiles\clrjit_static.dir\__\ssarenamestate.cpp.obj
  [1277/2661] Building CXX object jit\static\CMakeFiles\clrjit_static.dir\__\scopeinfo.cpp.obj
  [1278/2661] Building CXX object jit\static\CMakeFiles\clrjit_static.dir\__\sideeffects.cpp.obj
  [1279/2661] Building CXX object jit\static\CMakeFiles\clrjit_static.dir\__\ssabuilder.cpp.obj
  [1280/2661] Building CXX object jit\static\CMakeFiles\clrjit_static.dir\__\stacklevelsetter.cpp.obj
  [1281/2661] Building CXX object jit\static\CMakeFiles\clrjit_static.dir\__\switchrecognition.cpp.obj
  [1282/2661] Building CXX object jit\static\CMakeFiles\clrjit_static.dir\__\treelifeupdater.cpp.obj
  [1283/2661] Building CXX object jit\static\CMakeFiles\clrjit_static.dir\__\regMaskTPOps.cpp.obj
  [1284/2661] Building CXX object jit\static\CMakeFiles\clrjit_static.dir\__\utils.cpp.obj
  [1285/2661] Building CXX object jit\static\CMakeFiles\clrjit_static.dir\__\unwind.cpp.obj
  [1286/2661] Building CXX object jit\static\CMakeFiles\clrjit_static.dir\__\simd.cpp.obj
  [1287/2661] Building CXX object jit\static\CMakeFiles\clrjit_static.dir\__\targetamd64.cpp.obj
  [1288/2661] Building CXX object jit\static\CMakeFiles\clrjit_static.dir\__\lsrabuild.cpp.obj
  [1289/2661] Building CXX object jit\static\CMakeFiles\clrjit_static.dir\__\lsraxarch.cpp.obj
  [1290/2661] Building CXX object jit\static\CMakeFiles\clrjit_static.dir\__\simdcodegenxarch.cpp.obj
  [1291/2661] Building CXX object jit\static\CMakeFiles\clrjit_static.dir\__\unwindamd64.cpp.obj
  [1292/2661] Building CXX object jit\static\CMakeFiles\clrjit_static.dir\__\lowerxarch.cpp.obj
  [1293/2661] Building CXX object jit\static\CMakeFiles\clrjit_static.dir\__\lsra.cpp.obj
  [1294/2661] Building CXX object jit\static\CMakeFiles\clrjit_static.dir\__\codegenxarch.cpp.obj
  [1295/2661] Building CXX object jit\static\CMakeFiles\clrjit_static.dir\__\hwintrinsicxarch.cpp.obj
  [1296/2661] Building CXX object jit\static\CMakeFiles\clrjit_static.dir\__\__\jitshared\histogram.cpp.obj
  [1297/2661] Building CXX object jit\static\CMakeFiles\clrjit_static.dir\__\emitxarch.cpp.obj
  [1298/2661] cmd.exe /c
  [1299/2661] Building CXX object jit\static\CMakeFiles\clrjit_static.dir\__\hwintrinsiccodegenxarch.cpp.obj
  [1300/2661] cmd.exe /c
  [1301/2661] Building C object Corehost.Static\CMakeFiles\singlefilehost.dir\R_\src\native\corehost\apphost\bundle_marker.c.obj
  [1302/2661] Building CXX object jit\CMakeFiles\clrjit.dir\cmake_pch.cxx.obj
  [1303/2661] Building CXX object jit\CMakeFiles\clrjit_universal_wasm_x64.dir\cmake_pch.cxx.obj
  [1304/2661] Building CXX object jit\static\CMakeFiles\clrjit_static.dir\__\valuenum.cpp.obj
  [1305/2661] Building CXX object jit\CMakeFiles\clrjit_universal_arm64_x64.dir\cmake_pch.cxx.obj
  [1306/2661] Building CXX object jit\CMakeFiles\clrjit_universal_arm_x64.dir\cmake_pch.cxx.obj
  [1307/2661] Building CXX object jit\CMakeFiles\clrjit_unix_x64_x64.dir\cmake_pch.cxx.obj
  [1308/2661] Building CXX object jit\CMakeFiles\clrjit_win_x86_x64.dir\cmake_pch.cxx.obj
  [1309/2661] Building CXX object jit\CMakeFiles\clrjit_win_x64_x64.dir\cmake_pch.cxx.obj
  [1310/2661] Building CXX object vm\wks\CMakeFiles\cee_wks_mergeable.dir\cmake_pch.cxx.obj
  [1311/2661] Building C object Corehost.Static\CMakeFiles\singlefilehost.dir\R_\src\native\corehost\apphost\apphost.c.obj
  [1312/2661] Building CXX object dlls\mscorpe\CMakeFiles\mscorpe.dir\ceefilegenwritertokens.cpp.obj
  [1313/2661] Building CXX object dlls\mscorpe\CMakeFiles\mscorpe.dir\pewriter.cpp.obj
  [1314/2661] Building CXX object vm\wks\CMakeFiles\cee_wks_mergeable.dir\__\codeman.cpp.obj
  [1315/2661] Building CXX object vm\wks\CMakeFiles\cee_wks_mergeable.dir\__\peimagelayout.cpp.obj
  [1316/2661] Building CXX object Corehost.Static\CMakeFiles\singlefilehost.dir\apphost_hostfxr_resolver.cpp.obj
  [1317/2661] Building CXX object tools\superpmi\superpmi-shim-collector\CMakeFiles\superpmi-shim-collector.dir\cmake_pch.cxx.obj
  [1318/2661] Building CXX object tools\superpmi\superpmi\CMakeFiles\superpmi.dir\cmake_pch.cxx.obj
  [1319/2661] Building CXX object tools\superpmi\mcs\CMakeFiles\mcs.dir\cmake_pch.cxx.obj
  [1320/2661] Building CXX object tools\superpmi\superpmi-shim-simple\CMakeFiles\superpmi-shim-simple.dir\cmake_pch.cxx.obj
  [1321/2661] Building CXX object Corehost.Static\CMakeFiles\singlefilehost.dir\hostpolicy_resolver.cpp.obj
  [1322/2661] Building CXX object Corehost.Static\CMakeFiles\singlefilehost.dir\R_\src\native\corehost\hostpolicy\static\coreclr_resolver.cpp.obj
  [1323/2661] Building CXX object tools\superpmi\superpmi-shim-counter\CMakeFiles\superpmi-shim-counter.dir\cmake_pch.cxx.obj
  [1324/2661] Building CXX object vm\wks\CMakeFiles\cee_wks_mergeable.dir\__\ceemain.cpp.obj
  [1325/2661] Building CXX object Corehost.Static\CMakeFiles\singlefilehost.dir\R_\src\native\corehost\fxr\command_line.cpp.obj
  [1326/2661] Building CXX object Corehost.Static\CMakeFiles\singlefilehost.dir\R_\src\native\corehost\fxr\corehost_init.cpp.obj
  [1327/2661] Building CXX object Corehost.Static\CMakeFiles\singlefilehost.dir\R_\src\native\corehost\fxr\hostfxr.cpp.obj
  [1328/2661] Building CXX object Corehost.Static\CMakeFiles\singlefilehost.dir\R_\src\native\corehost\fxr\fx_resolver.messages.cpp.obj
  [1329/2661] Building CXX object Corehost.Static\CMakeFiles\singlefilehost.dir\R_\src\native\corehost\fxr\fx_resolver.cpp.obj
  [1330/2661] Building CXX object Corehost.Static\CMakeFiles\singlefilehost.dir\R_\src\native\corehost\fxr\fx_muxer.cpp.obj
  [1331/2661] Building CXX object Corehost.Static\CMakeFiles\singlefilehost.dir\R_\src\native\corehost\fxr\framework_info.cpp.obj
  [1332/2661] Building CXX object Corehost.Static\CMakeFiles\singlefilehost.dir\R_\src\native\corehost\fxr\sdk_info.cpp.obj
  [1333/2661] Building CXX object Corehost.Static\CMakeFiles\singlefilehost.dir\R_\src\native\corehost\fxr\install_info.cpp.obj
  [1334/2661] Building CXX object Corehost.Static\CMakeFiles\singlefilehost.dir\R_\src\native\corehost\fxr\host_context.cpp.obj
  [1335/2661] Building CXX object Corehost.Static\CMakeFiles\singlefilehost.dir\R_\src\native\corehost\hostpolicy\coreclr.cpp.obj
  [1336/2661] Building CXX object Corehost.Static\CMakeFiles\singlefilehost.dir\R_\src\native\corehost\hostpolicy\deps_entry.cpp.obj
  [1337/2661] Building CXX object Corehost.Static\CMakeFiles\singlefilehost.dir\R_\src\native\corehost\hostpolicy\breadcrumbs.cpp.obj
  [1338/2661] Building CXX object Corehost.Static\CMakeFiles\singlefilehost.dir\R_\src\native\corehost\fxr\sdk_resolver.cpp.obj
  [1339/2661] Building CXX object Corehost.Static\CMakeFiles\singlefilehost.dir\R_\src\native\corehost\hostpolicy\args.cpp.obj
  [1340/2661] Building CXX object Corehost.Static\CMakeFiles\singlefilehost.dir\R_\src\native\corehost\hostpolicy\shared_store.cpp.obj
  [1341/2661] Building CXX object Corehost.Static\CMakeFiles\singlefilehost.dir\R_\src\native\corehost\hostpolicy\hostpolicy_init.cpp.obj
  [1342/2661] Building CXX object Corehost.Static\CMakeFiles\singlefilehost.dir\R_\src\native\corehost\hostpolicy\deps_resolver.cpp.obj
  [1343/2661] Building CXX object Corehost.Static\CMakeFiles\singlefilehost.dir\R_\src\native\corehost\hostpolicy\version.cpp.obj
  [1344/2661] Building CXX object Corehost.Static\CMakeFiles\singlefilehost.dir\R_\src\native\corehost\hostpolicy\deps_format.cpp.obj
  [1345/2661] Building CXX object Corehost.Static\CMakeFiles\singlefilehost.dir\R_\src\native\corehost\bundle\dir_utils.cpp.obj
  [1346/2661] Building CXX object Corehost.Static\CMakeFiles\singlefilehost.dir\R_\src\native\corehost\hostpolicy\hostpolicy.cpp.obj
  [1347/2661] Building CXX object Corehost.Static\CMakeFiles\singlefilehost.dir\R_\src\native\corehost\hostpolicy\hostpolicy_context.cpp.obj
  [1348/2661] Building C object libs-native\System.Globalization.Native\CMakeFiles\System.Globalization.Native.Aot.dir\pal_idna.c.obj
  [1349/2661] Building CXX object Corehost.Static\CMakeFiles\singlefilehost.dir\R_\src\native\corehost\host_startup_info.cpp.obj
  [1350/2661] Building CXX object Corehost.Static\CMakeFiles\singlefilehost.dir\R_\src\native\corehost\bundle\manifest.cpp.obj
  [1351/2661] Building CXX object Corehost.Static\CMakeFiles\singlefilehost.dir\R_\src\native\corehost\bundle\extractor.cpp.obj
  [1352/2661] Building CXX object Corehost.Static\CMakeFiles\singlefilehost.dir\R_\src\native\corehost\bundle\file_entry.cpp.obj
  [1353/2661] Linking CXX static library Corehost.Static\hostmisc\hostmisc.lib
  [1354/2661] Building CXX object Corehost.Static\CMakeFiles\singlefilehost.dir\R_\src\native\corehost\bundle\runner.cpp.obj
  [1355/2661] Building CXX object Corehost.Static\CMakeFiles\singlefilehost.dir\R_\src\native\corehost\json_parser.cpp.obj
  [1356/2661] Building RC object Corehost.Static\CMakeFiles\singlefilehost.dir\__\dlls\mscoree\coreclr\Debug\dump_helper_resource_embedded_minidump_provider.rc.res
  [1357/2661] Building C object libs-native\System.Globalization.Native\CMakeFiles\System.Globalization.Native.Aot.dir\pal_casing.c.obj
  [1358/2661] Building C object libs-native\System.Globalization.Native\CMakeFiles\System.Globalization.Native.Aot.dir\pal_common.c.obj
  [1359/2661] Building C object libs-native\System.Globalization.Native\CMakeFiles\System.Globalization.Native.Aot.dir\pal_calendarData.c.obj
  [1360/2661] Building C object libs-native\System.Globalization.Native\CMakeFiles\System.Globalization.Native.Aot.dir\pal_localeNumberData.c.obj
  [1361/2661] Building C object Corehost.Static\CMakeFiles\singlefilehost.dir\R_\src\native\corehost\apphost\apphost.windows.c.obj
  [1362/2661] Building C object libs-native\System.Globalization.Native\CMakeFiles\System.Globalization.Native.Aot.dir\pal_locale.c.obj
  [1363/2661] Building C object libs-native\System.Globalization.Native\CMakeFiles\System.Globalization.Native.Aot.dir\pal_normalization.c.obj
  [1364/2661] Building C object libs-native\System.Globalization.Native\CMakeFiles\System.Globalization.Native.Aot.dir\pal_localeStringData.c.obj
  [1365/2661] Building C object libs-native\System.Globalization.Native\CMakeFiles\System.Globalization.Native.Aot.dir\pal_timeZoneInfo.c.obj
  [1366/2661] Linking C static library libs-native\System.IO.Compression.Native\System.IO.Compression.Native-Static.lib
  [1367/2661] Building CXX object Corehost.Static\CMakeFiles\singlefilehost.dir\R_\src\native\corehost\roll_forward_option.cpp.obj
  [1368/2661] Building CXX object Corehost.Static\CMakeFiles\singlefilehost.dir\R_\src\native\corehost\fx_reference.cpp.obj
  [1369/2661] Building C object libs-native\System.Globalization.Native\CMakeFiles\System.Globalization.Native.Aot.dir\entrypoints.c.obj
  [1370/2661] Linking C static library shared_minipal\aotminipal.lib
  [1371/2661] Building CXX object Corehost.Static\CMakeFiles\singlefilehost.dir\R_\src\native\corehost\fx_definition.cpp.obj
  [1372/2661] Building C object libs-native\System.Globalization.Native\CMakeFiles\System.Globalization.Native.Aot.dir\pal_collation.c.obj
  [1373/2661] Building C object libs-native\System.IO.Compression.Native\CMakeFiles\System.IO.Compression.Native.Aot.dir\zlib_allocator_win.c.obj
  [1374/2661] Building C object libs-native\System.IO.Compression.Native\CMakeFiles\System.IO.Compression.Native.Aot.dir\entrypoints.c.obj
  [1375/2661] Building CXX object Corehost.Static\CMakeFiles\singlefilehost.dir\R_\src\native\corehost\version_compatibility_range.cpp.obj
  [1376/2661] Building C object libs-native\System.IO.Compression.Native\CMakeFiles\System.IO.Compression.Native.Aot.dir\pal_zlib.c.obj
  [1377/2661] Building CXX object Corehost.Static\CMakeFiles\singlefilehost.dir\R_\src\native\corehost\bundle\reader.cpp.obj
  [1378/2661] Building CXX object Corehost.Static\CMakeFiles\singlefilehost.dir\R_\src\native\corehost\bundle\info.cpp.obj
  [1379/2661] Building CXX object Corehost.Static\CMakeFiles\singlefilehost.dir\R_\src\native\corehost\bundle\header.cpp.obj
  [1380/2661] Building C object libs-native\System.Globalization.Native\CMakeFiles\System.Globalization.Native.Aot.dir\pal_icushim.c.obj
  [1381/2661] Building CXX object Corehost.Static\CMakeFiles\singlefilehost.dir\R_\src\native\corehost\runtime_config.cpp.obj
  [1382/2661] Building CXX object test-watchdog\CMakeFiles\watchdog.dir\watchdog.cpp.obj
  [1383/2661] Building CXX object gc\sample\CMakeFiles\gcsample.dir\GCSample.cpp.obj
  [1384/2661] Building CXX object gc\sample\CMakeFiles\gcsample.dir\gcenv.ee.cpp.obj
  [1385/2661] Building CXX object gc\sample\CMakeFiles\gcsample.dir\__\gceventstatus.cpp.obj
  [1386/2661] Building CXX object gc\sample\CMakeFiles\gcsample.dir\__\gcconfig.cpp.obj
  [1387/2661] Building CXX object gc\sample\CMakeFiles\gcsample.dir\__\gccommon.cpp.obj
  [1388/2661] Building CXX object gc\sample\CMakeFiles\gcsample.dir\__\gchandletable.cpp.obj
  [1389/2661] Building CXX object gc\sample\CMakeFiles\gcsample.dir\__\gcee.cpp.obj
  [1390/2661] Building CXX object gc\sample\CMakeFiles\gcsample.dir\__\gc.cpp.obj
  [1391/2661] Building CXX object gc\sample\CMakeFiles\gcsample.dir\__\gcscan.cpp.obj
  [1392/2661] Building CXX object gc\sample\CMakeFiles\gcsample.dir\__\region_allocator.cpp.obj
  [1393/2661] Building CXX object gc\sample\CMakeFiles\gcsample.dir\__\region_free_list.cpp.obj
  [1394/2661] Building CXX object gc\sample\CMakeFiles\gcsample.dir\__\dynamic_tuning.cpp.obj
  [1395/2661] Building CXX object gc\sample\CMakeFiles\gcsample.dir\__\init.cpp.obj
  [1396/2661] Building CXX object gc\sample\CMakeFiles\gcsample.dir\__\finalization.cpp.obj
  [1397/2661] Building CXX object gc\sample\CMakeFiles\gcsample.dir\__\no_gc.cpp.obj
  [1398/2661] Building CXX object gc\sample\CMakeFiles\gcsample.dir\__\memory.cpp.obj
  [1399/2661] Building CXX object gc\sample\CMakeFiles\gcsample.dir\__\sweep.cpp.obj
  [1400/2661] Building CXX object gc\sample\CMakeFiles\gcsample.dir\__\collect.cpp.obj
  [1401/2661] Building CXX object gc\sample\CMakeFiles\gcsample.dir\__\diagnostics.cpp.obj
  [1402/2661] Building CXX object gc\sample\CMakeFiles\gcsample.dir\__\card_table.cpp.obj
  [1403/2661] Building CXX object gc\sample\CMakeFiles\gcsample.dir\__\dynamic_heap_count.cpp.obj
  [1404/2661] Building CXX object gc\sample\CMakeFiles\gcsample.dir\__\mark_phase.cpp.obj
  [1405/2661] Building CXX object gc\sample\CMakeFiles\gcsample.dir\__\relocate_compact.cpp.obj
  [1406/2661] Building CXX object gc\sample\CMakeFiles\gcsample.dir\__\gcload.cpp.obj
  [1407/2661] Building CXX object gc\sample\CMakeFiles\gcsample.dir\__\background.cpp.obj
  [1408/2661] Building CXX object gc\sample\CMakeFiles\gcsample.dir\__\handletable.cpp.obj
  [1409/2661] Building CXX object gc\sample\CMakeFiles\gcsample.dir\__\regions_segments.cpp.obj
  [1410/2661] Building CXX object gc\sample\CMakeFiles\gcsample.dir\__\interface.cpp.obj
  [1411/2661] Building CXX object gc\sample\CMakeFiles\gcsample.dir\__\plan_phase.cpp.obj
  [1412/2661] Building CXX object gc\sample\CMakeFiles\gcsample.dir\__\allocation.cpp.obj
  [1413/2661] Building CXX object gc\sample\CMakeFiles\gcsample.dir\__\handletablecache.cpp.obj
  [1414/2661] Building CXX object tools\aot\jitinterface\CMakeFiles\jitinterface_x64.dir\jithost.cpp.obj
  [1415/2661] Building CXX object gc\sample\CMakeFiles\gcsample.dir\__\handletablescan.cpp.obj
  [1416/2661] Building CXX object gc\sample\CMakeFiles\gcsample.dir\__\objecthandle.cpp.obj
  [1417/2661] Building CXX object gc\sample\CMakeFiles\gcsample.dir\__\handletablecore.cpp.obj
  [1418/2661] Building CXX object tools\aot\jitinterface\CMakeFiles\jitinterface_x64.dir\corinfoexception.cpp.obj
  [1419/2661] Building CXX object tools\aot\jitinterface\CMakeFiles\jitinterface_x64.dir\jitinterface.cpp.obj
  [1420/2661] Building CXX object tools\aot\jitinterface\CMakeFiles\jitinterface_x64.dir\jitwrapper.cpp.obj
  [1421/2661] Building CXX object gc\sample\CMakeFiles\gcsample.dir\__\softwarewritewatch.cpp.obj
  [1422/2661] Building RC object tools\aot\jitinterface\CMakeFiles\jitinterface_x64.dir\Native.rc.res
  [1423/2661] Building CXX object gc\sample\CMakeFiles\gcsample.dir\__\vxsort\isa_detection.cpp.obj
  [1424/2661] Building CXX object gc\sample\CMakeFiles\gcsample.dir\__\vxsort\do_vxsort_avx2.cpp.obj
  [1425/2661] Building CXX object gc\sample\CMakeFiles\gcsample.dir\__\vxsort\do_vxsort_avx512.cpp.obj
  [1426/2661] Building CXX object gc\sample\CMakeFiles\gcsample.dir\__\vxsort\machine_traits.avx2.cpp.obj
  [1427/2661] Building CXX object gc\sample\CMakeFiles\gcsample.dir\__\vxsort\smallsort\bitonic_sort.AVX512.int64_t.generated.cpp.obj
  [1428/2661] Building CXX object gc\sample\CMakeFiles\gcsample.dir\__\vxsort\smallsort\bitonic_sort.AVX2.int32_t.generated.cpp.obj
  [1429/2661] Building CXX object gc\sample\CMakeFiles\gcsample.dir\__\vxsort\smallsort\bitonic_sort.AVX2.int64_t.generated.cpp.obj
  [1430/2661] Building CXX object gc\sample\CMakeFiles\gcsample.dir\__\vxsort\smallsort\avx2_load_mask_tables.cpp.obj
  [1431/2661] Building CXX object nativeaot\Bootstrap\dll\CMakeFiles\bootstrapperdll.dir\__\main.cpp.obj
  [1432/2661] Building CXX object nativeaot\Bootstrap\dllmain\CMakeFiles\dllmain.dir\dllmain.cpp.obj
  [1433/2661] Building CXX object gc\sample\CMakeFiles\gcsample.dir\__\vxsort\smallsort\bitonic_sort.AVX512.int32_t.generated.cpp.obj
  [1434/2661] Building CXX object gc\sample\CMakeFiles\gcsample.dir\__\windows\gcenv.windows.cpp.obj
  [1435/2661] Building CXX object nativeaot\Runtime\Full\CMakeFiles\standalonegc-enabled.dir\__\clrgc.enabled.cpp.obj
  [1436/2661] Building CXX object nativeaot\Runtime\Full\CMakeFiles\Runtime.VxsortEnabled.dir\__\__\__\gc\vxsort\isa_detection.cpp.obj
  [1437/2661] Building CXX object nativeaot\Runtime\Full\CMakeFiles\Runtime.VxsortEnabled.dir\__\__\__\gc\vxsort\do_vxsort_avx2.cpp.obj
  [1438/2661] Building CXX object nativeaot\Runtime\Full\CMakeFiles\standalonegc-disabled.dir\__\clrgc.disabled.cpp.obj
  [1439/2661] Building CXX object nativeaot\Runtime\Full\CMakeFiles\Runtime.VxsortEnabled.dir\__\__\__\gc\vxsort\machine_traits.avx2.cpp.obj
  [1440/2661] Building CXX object nativeaot\Runtime\Full\CMakeFiles\Runtime.VxsortEnabled.dir\__\__\__\gc\vxsort\do_vxsort_avx512.cpp.obj
  [1441/2661] Building CXX object nativeaot\Runtime\Full\CMakeFiles\Runtime.VxsortEnabled.dir\__\__\__\gc\vxsort\smallsort\bitonic_sort.AVX2.int64_t.generated.cpp.obj
  [1442/2661] Building CXX object nativeaot\Runtime\Full\CMakeFiles\Runtime.VxsortEnabled.dir\__\__\__\gc\vxsort\smallsort\avx2_load_mask_tables.cpp.obj
  [1443/2661] Building CXX object nativeaot\Runtime\Full\CMakeFiles\Runtime.VxsortEnabled.dir\__\__\__\gc\vxsort\smallsort\bitonic_sort.AVX512.int32_t.generated.cpp.obj
  [1444/2661] Building CXX object nativeaot\Runtime\Full\CMakeFiles\Runtime.VxsortEnabled.dir\__\__\__\gc\vxsort\smallsort\bitonic_sort.AVX512.int64_t.generated.cpp.obj
  [1445/2661] Building CXX object nativeaot\Runtime\Full\CMakeFiles\Runtime.VxsortDisabled.dir\__\__\__\gc\vxsort\dummy.cpp.obj
  [1446/2661] Building CXX object nativeaot\Runtime\Full\CMakeFiles\Runtime.VxsortEnabled.dir\__\__\__\gc\vxsort\smallsort\bitonic_sort.AVX2.int32_t.generated.cpp.obj
  [1447/2661] Building CXX object nativeaot\Runtime\Full\CMakeFiles\Runtime.WorkstationGC.dir\__\rhassert.cpp.obj
  [1448/2661] Building CXX object nativeaot\Runtime\Full\CMakeFiles\Runtime.GC.Workstation.dir\Unity\unity_0_cxx.cxx.obj
  [1449/2661] Building CXX object nativeaot\Runtime\Full\CMakeFiles\Runtime.WorkstationGC.dir\__\Crst.cpp.obj
  [1450/2661] Building CXX object nativeaot\Runtime\Full\CMakeFiles\Runtime.WorkstationGC.dir\__\MethodTable.cpp.obj
  [1451/2661] Building CXX object nativeaot\Runtime\Full\CMakeFiles\Runtime.GC.Server.dir\Unity\unity_0_cxx.cxx.obj
  [1452/2661] Building CXX object nativeaot\Runtime\Full\CMakeFiles\Runtime.WorkstationGC.dir\__\__\__\runtime\MiscNativeHelpers.cpp.obj
  [1453/2661] Building CXX object nativeaot\Runtime\Full\CMakeFiles\Runtime.WorkstationGC.dir\__\EHHelpers.cpp.obj
  [1454/2661] Building CXX object nativeaot\Runtime\Full\CMakeFiles\Runtime.WorkstationGC.dir\__\GcEnum.cpp.obj
  [1455/2661] Building CXX object nativeaot\Runtime\Full\CMakeFiles\Runtime.WorkstationGC.dir\__\event.cpp.obj
  [1456/2661] Building CXX object nativeaot\Runtime\Full\CMakeFiles\Runtime.WorkstationGC.dir\__\FinalizerHelpers.cpp.obj
  [1457/2661] Building CXX object nativeaot\Runtime\Full\CMakeFiles\Runtime.WorkstationGC.dir\__\HandleTableHelpers.cpp.obj
  [1458/2661] Building CXX object nativeaot\Runtime\Full\CMakeFiles\Runtime.WorkstationGC.dir\__\GCMemoryHelpers.cpp.obj
  [1459/2661] Building CXX object nativeaot\Runtime\Full\CMakeFiles\Runtime.WorkstationGC.dir\__\gcheaputilities.cpp.obj
  [1460/2661] Building CXX object nativeaot\Runtime\Full\CMakeFiles\Runtime.WorkstationGC.dir\__\GCHelpers.cpp.obj
  [1461/2661] Building CXX object nativeaot\Runtime\Full\CMakeFiles\Runtime.WorkstationGC.dir\__\gctoclreventsink.cpp.obj
  [1462/2661] Building CXX object nativeaot\Runtime\Full\CMakeFiles\Runtime.WorkstationGC.dir\__\gcenv.ee.cpp.obj
  [1463/2661] Building CXX object nativeaot\Runtime\Full\CMakeFiles\Runtime.WorkstationGC.dir\__\GcStressControl.cpp.obj
  [1464/2661] Building CXX object nativeaot\Runtime\Full\CMakeFiles\Runtime.WorkstationGC.dir\__\interoplibinterface_java.cpp.obj
  [1465/2661] Building CXX object nativeaot\Runtime\Full\CMakeFiles\Runtime.WorkstationGC.dir\__\MathHelpers.cpp.obj
  [1466/2661] Building CXX object nativeaot\Runtime\Full\CMakeFiles\Runtime.WorkstationGC.dir\__\TypeManager.cpp.obj
  [1467/2661] Building CXX object nativeaot\Runtime\Full\CMakeFiles\Runtime.WorkstationGC.dir\__\MiscHelpers.cpp.obj
  [1468/2661] Building CXX object nativeaot\Runtime\Full\CMakeFiles\Runtime.WorkstationGC.dir\__\ObjectLayout.cpp.obj
  [1469/2661] Building CXX object nativeaot\Runtime\Full\CMakeFiles\Runtime.WorkstationGC.dir\__\portable.cpp.obj
  [1470/2661] Building CXX object nativeaot\Runtime\Full\CMakeFiles\Runtime.WorkstationGC.dir\__\RhConfig.cpp.obj
  [1471/2661] Building CXX object nativeaot\Runtime\Full\CMakeFiles\Runtime.WorkstationGC.dir\__\RestrictedCallouts.cpp.obj
  [1472/2661] Building CXX object nativeaot\Runtime\Full\CMakeFiles\Runtime.WorkstationGC.dir\__\RuntimeInstance.cpp.obj
  [1473/2661] Building CXX object nativeaot\Runtime\Full\CMakeFiles\Runtime.WorkstationGC.dir\__\StackFrameIterator.cpp.obj
  [1474/2661] Building CXX object nativeaot\Runtime\Full\CMakeFiles\Runtime.WorkstationGC.dir\__\UniversalTransitionHelpers.cpp.obj
  [1475/2661] Building CXX object nativeaot\Runtime\Full\CMakeFiles\Runtime.WorkstationGC.dir\__\startup.cpp.obj
  [1476/2661] Building CXX object nativeaot\Runtime\Full\CMakeFiles\Runtime.WorkstationGC.dir\__\stressLog.cpp.obj
  [1477/2661] Building CXX object nativeaot\Runtime\Full\CMakeFiles\Runtime.WorkstationGC.dir\__\SyncClean.cpp.obj
  [1478/2661] Building CXX object nativeaot\Runtime\Full\CMakeFiles\Runtime.WorkstationGC.dir\__\threadstore.cpp.obj
  [1479/2661] Building CXX object nativeaot\Runtime\Full\CMakeFiles\Runtime.WorkstationGC.dir\__\yieldprocessornormalized.cpp.obj
  [1480/2661] Building CXX object nativeaot\Runtime\Full\CMakeFiles\Runtime.WorkstationGC.dir\__\thread.cpp.obj
  [1481/2661] Building C object nativeaot\Runtime\Full\CMakeFiles\Runtime.WorkstationGC.dir\R_\src\native\minipal\xoshiro128pp.c.obj
  [1482/2661] Building CXX object nativeaot\Runtime\Full\CMakeFiles\Runtime.WorkstationGC.dir\__\__\__\gc\gcbridge.cpp.obj
  [1483/2661] Building CXX object nativeaot\Runtime\Full\CMakeFiles\Runtime.WorkstationGC.dir\__\__\__\gc\gceventstatus.cpp.obj
  [1484/2661] Building CXX object nativeaot\Runtime\Full\CMakeFiles\Runtime.WorkstationGC.dir\__\__\__\gc\gchandletable.cpp.obj
  [1485/2661] Building CXX object nativeaot\Runtime\Full\CMakeFiles\Runtime.WorkstationGC.dir\__\__\__\gc\gccommon.cpp.obj
  [1486/2661] Building CXX object nativeaot\Runtime\Full\CMakeFiles\Runtime.WorkstationGC.dir\__\__\__\gc\gcload.cpp.obj
  [1487/2661] Building CXX object nativeaot\Runtime\Full\CMakeFiles\Runtime.WorkstationGC.dir\__\__\__\gc\gcconfig.cpp.obj
  [1488/2661] Building CXX object nativeaot\Runtime\Full\CMakeFiles\Runtime.WorkstationGC.dir\__\__\__\gc\gcscan.cpp.obj
  [1489/2661] Building CXX object nativeaot\Runtime\Full\CMakeFiles\Runtime.WorkstationGC.dir\__\__\__\gc\handletablecache.cpp.obj
  [1490/2661] Building CXX object nativeaot\Runtime\Full\CMakeFiles\Runtime.WorkstationGC.dir\__\__\__\gc\handletable.cpp.obj
  [1491/2661] Building CXX object nativeaot\Runtime\Full\CMakeFiles\Runtime.WorkstationGC.dir\__\__\__\gc\handletablecore.cpp.obj
  [1492/2661] Building CXX object nativeaot\Runtime\Full\CMakeFiles\Runtime.WorkstationGC.dir\__\windows\PalCommon.cpp.obj
  [1493/2661] Building CXX object nativeaot\Runtime\Full\CMakeFiles\Runtime.WorkstationGC.dir\__\__\__\gc\handletablescan.cpp.obj
  [1494/2661] Building CXX object nativeaot\Runtime\Full\CMakeFiles\Runtime.WorkstationGC.dir\__\AsmOffsetsVerify.cpp.obj
  [1495/2661] Building CXX object nativeaot\Runtime\Full\CMakeFiles\Runtime.WorkstationGC.dir\__\__\__\gc\softwarewritewatch.cpp.obj
  [1496/2661] Building CXX object nativeaot\Runtime\Full\CMakeFiles\Runtime.WorkstationGC.dir\__\__\__\gc\windows\gcenv.windows.cpp.obj
  [1497/2661] Building CXX object nativeaot\Runtime\Full\CMakeFiles\Runtime.WorkstationGC.dir\__\__\__\gc\objecthandle.cpp.obj
  [1498/2661] Building CXX object nativeaot\Runtime\Full\CMakeFiles\Runtime.WorkstationGC.dir\__\windows\PalMinWin.cpp.obj
  [1499/2661] Building CXX object nativeaot\Runtime\Full\CMakeFiles\Runtime.ServerGC.dir\__\rhassert.cpp.obj
  [1500/2661] Building CXX object nativeaot\Runtime\Full\CMakeFiles\Runtime.WorkstationGC.dir\__\ThunksMapping.cpp.obj
  [1501/2661] Building CXX object nativeaot\Runtime\Full\CMakeFiles\Runtime.ServerGC.dir\__\__\__\runtime\MiscNativeHelpers.cpp.obj
  [1502/2661] Building CXX object nativeaot\Runtime\Full\CMakeFiles\Runtime.WorkstationGC.dir\__\windows\CoffNativeCodeManager.cpp.obj
  [1503/2661] Building CXX object nativeaot\Runtime\Full\CMakeFiles\Runtime.ServerGC.dir\__\Crst.cpp.obj
  [1504/2661] Building CXX object nativeaot\Runtime\Full\CMakeFiles\Runtime.ServerGC.dir\__\MethodTable.cpp.obj
  [1505/2661] Building CXX object nativeaot\Runtime\Full\CMakeFiles\Runtime.ServerGC.dir\__\EHHelpers.cpp.obj
  [1506/2661] Building CXX object nativeaot\Runtime\Full\CMakeFiles\Runtime.ServerGC.dir\__\GcEnum.cpp.obj
  [1507/2661] Building CXX object nativeaot\Runtime\Full\CMakeFiles\Runtime.ServerGC.dir\__\FinalizerHelpers.cpp.obj
  [1508/2661] Building CXX object nativeaot\Runtime\Full\CMakeFiles\Runtime.ServerGC.dir\__\event.cpp.obj
  [1509/2661] Building CXX object nativeaot\Runtime\Full\CMakeFiles\Runtime.ServerGC.dir\__\GCHelpers.cpp.obj
  [1510/2661] Building CXX object nativeaot\Runtime\Full\CMakeFiles\Runtime.ServerGC.dir\__\GCMemoryHelpers.cpp.obj
  [1511/2661] Building CXX object nativeaot\Runtime\Full\CMakeFiles\Runtime.ServerGC.dir\__\gcheaputilities.cpp.obj
  [1512/2661] Building CXX object nativeaot\Runtime\Full\CMakeFiles\Runtime.ServerGC.dir\__\gctoclreventsink.cpp.obj
  [1513/2661] Building CXX object nativeaot\Runtime\Full\CMakeFiles\Runtime.ServerGC.dir\__\gcenv.ee.cpp.obj
  [1514/2661] Building CXX object nativeaot\Runtime\Full\CMakeFiles\Runtime.ServerGC.dir\__\GcStressControl.cpp.obj
  [1515/2661] Building CXX object nativeaot\Runtime\Full\CMakeFiles\Runtime.ServerGC.dir\__\MathHelpers.cpp.obj
  [1516/2661] Building CXX object nativeaot\Runtime\Full\CMakeFiles\Runtime.ServerGC.dir\__\HandleTableHelpers.cpp.obj
  [1517/2661] Building CXX object nativeaot\Runtime\Full\CMakeFiles\Runtime.ServerGC.dir\__\ObjectLayout.cpp.obj
  [1518/2661] Building CXX object nativeaot\Runtime\Full\CMakeFiles\Runtime.ServerGC.dir\__\MiscHelpers.cpp.obj
  [1519/2661] Building CXX object nativeaot\Runtime\Full\CMakeFiles\Runtime.ServerGC.dir\__\interoplibinterface_java.cpp.obj
  [1520/2661] Building CXX object nativeaot\Runtime\Full\CMakeFiles\Runtime.ServerGC.dir\__\TypeManager.cpp.obj
  [1521/2661] Building CXX object nativeaot\Runtime\Full\CMakeFiles\Runtime.ServerGC.dir\__\portable.cpp.obj
  [1522/2661] Building CXX object nativeaot\Runtime\Full\CMakeFiles\Runtime.ServerGC.dir\__\RestrictedCallouts.cpp.obj
  [1523/2661] Building CXX object nativeaot\Runtime\Full\CMakeFiles\Runtime.ServerGC.dir\__\RhConfig.cpp.obj
  [1524/2661] Building CXX object nativeaot\Runtime\Full\CMakeFiles\Runtime.ServerGC.dir\__\RuntimeInstance.cpp.obj
  [1525/2661] Building CXX object nativeaot\Runtime\Full\CMakeFiles\Runtime.ServerGC.dir\__\startup.cpp.obj
  [1526/2661] Building CXX object nativeaot\Runtime\Full\CMakeFiles\Runtime.ServerGC.dir\__\SyncClean.cpp.obj
  [1527/2661] Building CXX object nativeaot\Runtime\Full\CMakeFiles\Runtime.ServerGC.dir\__\StackFrameIterator.cpp.obj
  [1528/2661] Building CXX object nativeaot\Runtime\Full\CMakeFiles\Runtime.ServerGC.dir\__\stressLog.cpp.obj
  [1529/2661] Building CXX object nativeaot\Runtime\Full\CMakeFiles\Runtime.ServerGC.dir\__\UniversalTransitionHelpers.cpp.obj
  [1530/2661] Building CXX object nativeaot\Runtime\Full\CMakeFiles\Runtime.ServerGC.dir\__\yieldprocessornormalized.cpp.obj
  [1531/2661] Building CXX object nativeaot\Runtime\Full\CMakeFiles\Runtime.ServerGC.dir\__\threadstore.cpp.obj
  [1532/2661] Building CXX object nativeaot\Runtime\Full\CMakeFiles\Runtime.ServerGC.dir\__\thread.cpp.obj
  [1533/2661] Building C object nativeaot\Runtime\Full\CMakeFiles\Runtime.ServerGC.dir\R_\src\native\minipal\xoshiro128pp.c.obj
  [1534/2661] Building CXX object nativeaot\Runtime\Full\CMakeFiles\Runtime.ServerGC.dir\__\__\__\gc\gchandletable.cpp.obj
  [1535/2661] Building CXX object nativeaot\Runtime\Full\CMakeFiles\Runtime.ServerGC.dir\__\__\__\gc\gceventstatus.cpp.obj
  [1536/2661] Building CXX object nativeaot\Runtime\Full\CMakeFiles\Runtime.ServerGC.dir\__\__\__\gc\gcbridge.cpp.obj
  [1537/2661] Building CXX object nativeaot\Runtime\Full\CMakeFiles\Runtime.ServerGC.dir\__\__\__\gc\gcload.cpp.obj
  [1538/2661] Building ASM_MASM object nativeaot\Runtime\Full\CMakeFiles\Runtime.AsmHelpers.dir\__\amd64\DispatchResolve.asm.obj
   Assembling: R:\src\coreclr\nativeaot\Runtime\amd64\DispatchResolve.asm
  [1539/2661] Building ASM_MASM object nativeaot\Runtime\Full\CMakeFiles\Runtime.AsmHelpers.dir\__\__\__\runtime\amd64\AllocFast.asm.obj
   Assembling: R:\src\coreclr\runtime\amd64\AllocFast.asm
  [1540/2661] Building ASM_MASM object nativeaot\Runtime\Full\CMakeFiles\Runtime.AsmHelpers.dir\__\amd64\ExceptionHandling.asm.obj
   Assembling: R:\src\coreclr\nativeaot\Runtime\amd64\ExceptionHandling.asm
  [1541/2661] Building ASM_MASM object nativeaot\Runtime\Full\CMakeFiles\Runtime.AsmHelpers.dir\__\amd64\GcProbe.asm.obj
   Assembling: R:\src\coreclr\nativeaot\Runtime\amd64\GcProbe.asm
  [1542/2661] Building ASM_MASM object nativeaot\Runtime\Full\CMakeFiles\Runtime.AsmHelpers.dir\__\amd64\MiscStubs.asm.obj
   Assembling: R:\src\coreclr\nativeaot\Runtime\amd64\MiscStubs.asm
  [1543/2661] Building ASM_MASM object nativeaot\Runtime\Full\CMakeFiles\Runtime.AsmHelpers.dir\__\amd64\PInvoke.asm.obj
   Assembling: R:\src\coreclr\nativeaot\Runtime\amd64\PInvoke.asm
  [1544/2661] Building ASM_MASM object nativeaot\Runtime\Full\CMakeFiles\Runtime.AsmHelpers.dir\__\amd64\InteropThunksHelpers.asm.obj
   Assembling: R:\src\coreclr\nativeaot\Runtime\amd64\InteropThunksHelpers.asm
  [1545/2661] Building ASM_MASM object nativeaot\Runtime\Full\CMakeFiles\Runtime.AsmHelpers.dir\__\__\__\runtime\amd64\StubDispatch.asm.obj
   Assembling: R:\src\coreclr\runtime\amd64\StubDispatch.asm
  [1546/2661] Building ASM_MASM object nativeaot\Runtime\Full\CMakeFiles\Runtime.AsmHelpers.dir\__\amd64\UniversalTransition.asm.obj
   Assembling: R:\src\coreclr\nativeaot\Runtime\amd64\UniversalTransition.asm
  [1547/2661] Building ASM_MASM object nativeaot\Runtime\Full\CMakeFiles\Runtime.AsmHelpers.dir\__\__\__\runtime\amd64\WriteBarriers.asm.obj
   Assembling: R:\src\coreclr\runtime\amd64\WriteBarriers.asm
  [1548/2661] Building CXX object nativeaot\Runtime\Full\CMakeFiles\Runtime.ServerGC.dir\__\__\__\gc\gcconfig.cpp.obj
  [1549/2661] Building CXX object nativeaot\Runtime\Full\CMakeFiles\Runtime.ServerGC.dir\__\__\__\gc\gccommon.cpp.obj
  [1550/2661] Building CXX object nativeaot\Runtime\Full\CMakeFiles\Runtime.ServerGC.dir\__\__\__\gc\handletable.cpp.obj
  [1551/2661] Building CXX object nativeaot\Runtime\Full\CMakeFiles\Runtime.ServerGC.dir\__\__\__\gc\gcscan.cpp.obj
  [1552/2661] Building CXX object nativeaot\Runtime\Full\CMakeFiles\Runtime.ServerGC.dir\__\__\__\gc\handletablecache.cpp.obj
  [1553/2661] Building CXX object nativeaot\Runtime\Full\CMakeFiles\Runtime.ServerGC.dir\__\windows\PalCommon.cpp.obj
  [1554/2661] Building CXX object nativeaot\Runtime\Full\CMakeFiles\Runtime.ServerGC.dir\__\__\__\gc\handletablecore.cpp.obj
  [1555/2661] Building CXX object nativeaot\Runtime\Full\CMakeFiles\Runtime.ServerGC.dir\__\__\__\gc\handletablescan.cpp.obj
  [1556/2661] Building CXX object nativeaot\Runtime\Full\CMakeFiles\Runtime.ServerGC.dir\__\__\__\gc\objecthandle.cpp.obj
  [1557/2661] Building CXX object nativeaot\Runtime\Full\CMakeFiles\Runtime.ServerGC.dir\__\__\__\gc\softwarewritewatch.cpp.obj
  [1558/2661] Building CXX object nativeaot\Runtime\Full\CMakeFiles\Runtime.ServerGC.dir\__\windows\PalMinWin.cpp.obj
  [1559/2661] Building CXX object nativeaot\Runtime\Full\CMakeFiles\Runtime.ServerGC.dir\__\__\__\gc\windows\gcenv.windows.cpp.obj
  [1560/2661] Building CXX object nativeaot\Runtime\Full\CMakeFiles\Runtime.ServerGC.dir\__\AsmOffsetsVerify.cpp.obj
  [1561/2661] Building CXX object nativeaot\Runtime\Full\CMakeFiles\Runtime.ServerGC.dir\__\ThunksMapping.cpp.obj
  [1562/2661] Building CXX object nativeaot\Runtime\Full\CMakeFiles\Runtime.ServerGC.dir\__\windows\CoffNativeCodeManager.cpp.obj
  [1563/2661] Building CXX object nativeaot\Runtime\eventpipe\CMakeFiles\eventpipe-disabled.dir\__\DisabledEventPipeInterface.cpp.obj
  [1564/2661] Building CXX object nativeaot\Runtime\eventpipe\CMakeFiles\eventpipe-enabled.dir\ds-rt-aot.cpp.obj
  [1565/2661] Building CXX object nativeaot\Runtime\eventpipe\CMakeFiles\eventpipe-enabled.dir\__\eventpipeinternal.cpp.obj
  [1566/2661] Building CXX object nativeaot\Runtime\eventpipe\CMakeFiles\eventpipe-enabled.dir\__\EnabledEventPipeInterface.cpp.obj
  [1567/2661] Building CXX object nativeaot\Runtime\eventpipe\CMakeFiles\eventpipe-enabled.dir\__\runtimeeventinternal.cpp.obj
  [1568/2661] Building CXX object nativeaot\Runtime\eventpipe\CMakeFiles\eventpipe-enabled.dir\ep-rt-aot.cpp.obj
  [1569/2661] Building C object nativeaot\Runtime\datadescriptor\CMakeFiles\nativeaot_cdac_contract_descriptor.dir\cdac-nativeaot_cdac_contract_descriptor\contract-descriptor.c.obj
  [1570/2661] Building C object nativeaot\Runtime\datadescriptor\CMakeFiles\nativeaot_gc_wks_descriptor.dir\cdac-nativeaot_gc_wks_descriptor\contract-descriptor.c.obj
  [1571/2661] Building C object nativeaot\Runtime\datadescriptor\CMakeFiles\nativeaot_gc_svr_descriptor.dir\cdac-nativeaot_gc_svr_descriptor\contract-descriptor.c.obj
  [1572/2661] Building CXX object nativeaot\Runtime\eventpipe\CMakeFiles\eventpipe-enabled.dir\__\eventtrace_bulktype.cpp.obj
  [1573/2661] Building CXX object nativeaot\Runtime\eventpipe\CMakeFiles\eventpipe-enabled.dir\__\profheapwalkhelper.cpp.obj
  [1574/2661] Building CXX object nativeaot\Runtime\eventpipe\CMakeFiles\eventpipe-enabled.dir\__\eventtrace_gcheap.cpp.obj
  [1575/2661] Building CXX object nativeaot\Runtime\eventpipe\CMakeFiles\eventpipe-enabled.dir\__\eventtrace.cpp.obj
  [1576/2661] Building CXX object nativeaot\Runtime\eventpipe\CMakeFiles\eventpipe-enabled.dir\eventpipe\dotnetruntime.cpp.obj
  [1577/2661] Building CXX object nativeaot\Runtime\eventpipe\CMakeFiles\eventpipe-enabled.dir\inc\clretwallmain.cpp.obj
  [1578/2661] Building CXX object nativeaot\Runtime\eventpipe\CMakeFiles\eventpipe-enabled.dir\eventpipe\eventpipehelpers.cpp.obj
  [1579/2661] Building CXX object nativeaot\Runtime\eventpipe\CMakeFiles\eventpipe-disabled.dir\__\disabledeventpipeinternal.cpp.obj
  [1580/2661] Building CXX object nativeaot\Runtime\eventpipe\CMakeFiles\eventpipe-enabled.dir\eventpipe\dotnetruntimerundown.cpp.obj
  [1581/2661] Building CXX object nativeaot\Runtime\eventpipe\CMakeFiles\eventpipe-enabled.dir\eventpipe\dotnetruntimeprivate.cpp.obj
  [1582/2661] Building CXX object nativeaot\Runtime\eventpipe\CMakeFiles\eventpipe-disabled.dir\inc\disabledclretwallmain.cpp.obj
  [1583/2661] Building CXX object nativeaot\Runtime\datadescriptor\CMakeFiles\nativeaot_cdac_contract_descriptor.dir\__\__\__\debug\datadescriptor-shared\contractpointerdata.cpp.obj
  [1584/2661] Building CXX object nativeaot\Runtime\eventpipe\CMakeFiles\eventpipe-disabled.dir\__\disabledruntimeeventinternal.cpp.obj
  [1585/2661] Building CXX object nativeaot\Runtime\eventpipe\CMakeFiles\eventpipe-disabled.dir\__\disabledeventtrace.cpp.obj
  [1586/2661] Building CXX object gc\CMakeFiles\clrgcexp.dir\gceventstatus.cpp.obj
  [1587/2661] Building CXX object nativeaot\Runtime\datadescriptor\CMakeFiles\nativeaot_gc_wks_descriptor.dir\__\__\__\debug\datadescriptor-shared\contractpointerdata.cpp.obj
  [1588/2661] Building CXX object nativeaot\Runtime\datadescriptor\CMakeFiles\nativeaot_gc_svr_descriptor.dir\__\__\__\debug\datadescriptor-shared\contractpointerdata.cpp.obj
  [1589/2661] Building CXX object gc\CMakeFiles\clrgcexp.dir\gcscan.cpp.obj
  [1590/2661] Building CXX object gc\CMakeFiles\clrgcexp.dir\gcconfig.cpp.obj
  [1591/2661] Building CXX object gc\CMakeFiles\clrgcexp.dir\gccommon.cpp.obj
  [1592/2661] Building CXX object gc\CMakeFiles\clrgcexp.dir\handletable.cpp.obj
  [1593/2661] Building RC object gc\CMakeFiles\clrgcexp.dir\windows\Native.rc.res
  [1594/2661] Building CXX object gc\CMakeFiles\clrgcexp.dir\handletablecore.cpp.obj
  [1595/2661] Building CXX object gc\CMakeFiles\clrgcexp.dir\handletablescan.cpp.obj
  [1596/2661] Building CXX object gc\CMakeFiles\clrgcexp.dir\softwarewritewatch.cpp.obj
  [1597/2661] Building CXX object gc\CMakeFiles\clrgcexp.dir\objecthandle.cpp.obj
  [1598/2661] Building CXX object gc\CMakeFiles\clrgcexp_gc_wks.dir\Unity\unity_0_cxx.cxx.obj
  [1599/2661] Building CXX object gc\CMakeFiles\clrgcexp.dir\gcload.cpp.obj
  [1600/2661] Building CXX object gc\CMakeFiles\clrgcexp.dir\gchandletable.cpp.obj
  [1601/2661] Building CXX object gc\CMakeFiles\clrgcexp.dir\gcbridge.cpp.obj
  [1602/2661] Building CXX object gc\CMakeFiles\clrgcexp.dir\handletablecache.cpp.obj
  [1603/2661] Building CXX object gc\CMakeFiles\clrgcexp_gc_svr.dir\Unity\unity_0_cxx.cxx.obj
  [1604/2661] Building CXX object gc\CMakeFiles\clrgc_gc_wks.dir\gcee.cpp.obj
  [1605/2661] Building CXX object gc\CMakeFiles\clrgc_gc_wks.dir\init.cpp.obj
  [1606/2661] Building CXX object gc\CMakeFiles\clrgc_gc_wks.dir\gc.cpp.obj
  [1607/2661] Building CXX object gc\CMakeFiles\clrgc_gc_wks.dir\region_allocator.cpp.obj
  [1608/2661] Building CXX object gc\CMakeFiles\clrgc_gc_wks.dir\no_gc.cpp.obj
  [1609/2661] Building CXX object gc\CMakeFiles\clrgc_gc_wks.dir\finalization.cpp.obj
  [1610/2661] Building CXX object gc\CMakeFiles\clrgc_gc_wks.dir\region_free_list.cpp.obj
  [1611/2661] Building CXX object gc\CMakeFiles\clrgc_gc_wks.dir\dynamic_tuning.cpp.obj
  [1612/2661] Building CXX object gc\CMakeFiles\clrgc_gc_wks.dir\dynamic_heap_count.cpp.obj
  [1613/2661] Building CXX object gc\CMakeFiles\clrgc_gc_wks.dir\memory.cpp.obj
  [1614/2661] Building CXX object gc\CMakeFiles\clrgc_gc_wks.dir\sweep.cpp.obj
  [1615/2661] Building CXX object gc\CMakeFiles\clrgc_gc_wks.dir\collect.cpp.obj
  [1616/2661] Building CXX object gc\CMakeFiles\clrgc_gc_wks.dir\diagnostics.cpp.obj
  [1617/2661] Building CXX object gc\CMakeFiles\clrgc_gc_wks.dir\card_table.cpp.obj
  [1618/2661] Building CXX object gc\CMakeFiles\clrgc_gc_wks.dir\relocate_compact.cpp.obj
  [1619/2661] Building CXX object gc\CMakeFiles\clrgc_gc_wks.dir\background.cpp.obj
  [1620/2661] Building CXX object gc\CMakeFiles\clrgc_gc_wks.dir\interface.cpp.obj
  [1621/2661] Building CXX object gc\CMakeFiles\clrgc_gc_wks.dir\mark_phase.cpp.obj
  [1622/2661] Building CXX object gc\CMakeFiles\clrgc_gc_wks.dir\allocation.cpp.obj
  [1623/2661] Building CXX object gc\CMakeFiles\clrgc_gc_wks.dir\regions_segments.cpp.obj
  [1624/2661] Building CXX object gc\CMakeFiles\clrgc_gc_wks.dir\plan_phase.cpp.obj
  [1625/2661] Building CXX object gc\CMakeFiles\clrgc_gc_svr.dir\gcee.cpp.obj
  [1626/2661] Building CXX object gc\CMakeFiles\clrgc_gc_svr.dir\init.cpp.obj
  [1627/2661] Building CXX object gc\CMakeFiles\clrgc_gc_svr.dir\no_gc.cpp.obj
  [1628/2661] Building CXX object gc\CMakeFiles\clrgc_gc_svr.dir\gc.cpp.obj
  [1629/2661] Building CXX object gc\CMakeFiles\clrgc_gc_svr.dir\finalization.cpp.obj
  [1630/2661] Building CXX object gc\CMakeFiles\clrgc_gc_svr.dir\dynamic_tuning.cpp.obj
  [1631/2661] Building CXX object gc\CMakeFiles\clrgc_gc_svr.dir\region_allocator.cpp.obj
  [1632/2661] Building CXX object gc\CMakeFiles\clrgc_gc_svr.dir\region_free_list.cpp.obj
  [1633/2661] Building CXX object gc\CMakeFiles\clrgc_gc_svr.dir\memory.cpp.obj
  [1634/2661] Building CXX object gc\CMakeFiles\clrgc_gc_svr.dir\sweep.cpp.obj
  [1635/2661] Building CXX object gc\CMakeFiles\clrgc_gc_svr.dir\dynamic_heap_count.cpp.obj
  [1636/2661] Building CXX object gc\CMakeFiles\clrgc_gc_svr.dir\collect.cpp.obj
  [1637/2661] Building CXX object gc\CMakeFiles\clrgc_gc_svr.dir\card_table.cpp.obj
  [1638/2661] Building CXX object gc\CMakeFiles\clrgc_gc_svr.dir\diagnostics.cpp.obj
  [1639/2661] Building CXX object gc\CMakeFiles\clrgc_gc_svr.dir\relocate_compact.cpp.obj
  [1640/2661] Building CXX object gc\CMakeFiles\clrgc.dir\gceventstatus.cpp.obj
  [1641/2661] Building CXX object gc\CMakeFiles\clrgc_gc_svr.dir\mark_phase.cpp.obj
  [1642/2661] Building CXX object gc\CMakeFiles\clrgc_gc_svr.dir\background.cpp.obj
  [1643/2661] Building CXX object gc\CMakeFiles\clrgc_gc_svr.dir\interface.cpp.obj
  [1644/2661] Building CXX object gc\CMakeFiles\clrgc_gc_svr.dir\regions_segments.cpp.obj
  [1645/2661] Building CXX object gc\CMakeFiles\clrgc.dir\gcconfig.cpp.obj
  [1646/2661] Building CXX object gc\CMakeFiles\clrgc_gc_svr.dir\allocation.cpp.obj
  [1647/2661] Building CXX object gc\CMakeFiles\clrgc_gc_svr.dir\plan_phase.cpp.obj
  [1648/2661] Building C object gc\datadescriptor\CMakeFiles\gc_dll_wks_descriptor.dir\cdac-gc_dll_wks_descriptor\contract-descriptor.c.obj
  [1649/2661] Building C object gc\datadescriptor\CMakeFiles\gc_dll_svr_descriptor.dir\cdac-gc_dll_svr_descriptor\contract-descriptor.c.obj
  [1650/2661] Building C object gc\datadescriptor\CMakeFiles\gcexp_dll_wks_descriptor.dir\cdac-gcexp_dll_wks_descriptor\contract-descriptor.c.obj
  [1651/2661] Building RC object gc\CMakeFiles\clrgc.dir\windows\Native.rc.res
  [1652/2661] Building CXX object gc\CMakeFiles\clrgc.dir\gccommon.cpp.obj
  [1653/2661] Building C object gc\datadescriptor\CMakeFiles\gcexp_dll_svr_descriptor.dir\cdac-gcexp_dll_svr_descriptor\contract-descriptor.c.obj
  [1654/2661] Building CXX object gc\CMakeFiles\clrgc.dir\gcscan.cpp.obj
  [1655/2661] Building CXX object gc\CMakeFiles\clrgc.dir\handletablecore.cpp.obj
  [1656/2661] Building CXX object gc\CMakeFiles\clrgc.dir\handletable.cpp.obj
  [1657/2661] Building CXX object interpreter\CMakeFiles\clrinterpreter_objects.dir\intops.cpp.obj
  [1658/2661] Building CXX object gc\CMakeFiles\clrgc.dir\objecthandle.cpp.obj
  [1659/2661] Building CXX object gc\CMakeFiles\clrgc.dir\handletablescan.cpp.obj
  [1660/2661] Building CXX object gc\CMakeFiles\clrgc.dir\softwarewritewatch.cpp.obj
  [1661/2661] Building CXX object gc\CMakeFiles\clrgc.dir\gchandletable.cpp.obj
  [1662/2661] Building CXX object gc\CMakeFiles\clrgc.dir\gcload.cpp.obj
  [1663/2661] Building CXX object gc\datadescriptor\CMakeFiles\gc_dll_wks_descriptor.dir\__\__\debug\datadescriptor-shared\contractpointerdata.cpp.obj
  [1664/2661] Building CXX object gc\CMakeFiles\clrgc.dir\handletablecache.cpp.obj
  [1665/2661] Building CXX object interpreter\CMakeFiles\clrinterpreter_objects.dir\__\jitshared\histogram.cpp.obj
  [1666/2661] Building CXX object gc\CMakeFiles\clrgc.dir\gcbridge.cpp.obj
  [1667/2661] Building CXX object gc\datadescriptor\CMakeFiles\gc_dll_svr_descriptor.dir\__\__\debug\datadescriptor-shared\contractpointerdata.cpp.obj
  [1668/2661] Building CXX object gc\datadescriptor\CMakeFiles\gcexp_dll_wks_descriptor.dir\__\__\debug\datadescriptor-shared\contractpointerdata.cpp.obj
  [1669/2661] Building CXX object interpreter\CMakeFiles\clrinterpreter_objects.dir\interpconfig.cpp.obj
  [1670/2661] Building CXX object interpreter\CMakeFiles\clrinterpreter_objects.dir\compileropt.cpp.obj
  [1671/2661] Building RC object interpreter\CMakeFiles\clrinterpreter.dir\Native.rc.res
  [1672/2661] Building CXX object gc\datadescriptor\CMakeFiles\gcexp_dll_svr_descriptor.dir\__\__\debug\datadescriptor-shared\contractpointerdata.cpp.obj
  [1673/2661] Building CXX object interpreter\CMakeFiles\clrinterpreter_objects.dir\eeinterp.cpp.obj
  [1674/2661] Building CXX object interpreter\CMakeFiles\clrinterpreter_objects.dir\interpmethoddata.cpp.obj
  [1675/2661] Building CXX object interpreter\CMakeFiles\clrinterpreter_objects.dir\simdhash.cpp.obj
  [1676/2661] Building RC object ilasm\CMakeFiles\ilasm.dir\Native.rc.res
  [1677/2661] Building CXX object interpreter\CMakeFiles\clrinterpreter_objects.dir\intrinsics.cpp.obj
  [1678/2661] Building CXX object interpreter\CMakeFiles\clrinterpreter_objects.dir\methodset.cpp.obj
  [1679/2661] Building CXX object interpreter\CMakeFiles\clrinterpreter_objects.dir\naming.cpp.obj
  [1680/2661] Building CXX object interpreter\CMakeFiles\clrinterpreter_objects.dir\stackmap.cpp.obj
  [1681/2661] Building CXX object interpreter\CMakeFiles\clrinterpreter_objects.dir\compiler.cpp.obj
  [1682/2661] Building CXX object ilasm\CMakeFiles\ilasm.dir\writer.cpp.obj
  [1683/2661] Building CXX object ilasm\CMakeFiles\ilasm.dir\method.cpp.obj
  [1684/2661] Building CXX object ilasm\CMakeFiles\ilasm.dir\assem.cpp.obj
  [1685/2661] Building CXX object ilasm\CMakeFiles\ilasm.dir\asmman.cpp.obj
  [1686/2661] Building CXX object ilasm\CMakeFiles\ilasm.dir\portable_pdb.cpp.obj
  [1687/2661] Building CXX object ilasm\CMakeFiles\ilasm.dir\main.cpp.obj
  [1688/2661] Building CXX object ilasm\CMakeFiles\ilasm.dir\prebuilt\asmparse.cpp.obj
  [1689/2661] Building CXX object ildasm\exe\CMakeFiles\ildasm.dir\__\dasm_mi.cpp.obj
  [1690/2661] Linking CXX static library gcinfo\gcinfo_universal_arm64.lib
  [1691/2661] Building CXX object ildasm\exe\CMakeFiles\ildasm.dir\__\dasm_formattype.cpp.obj
  [1692/2661] Building CXX object ildasm\exe\CMakeFiles\ildasm.dir\__\dasm_sz.cpp.obj
  [1693/2661] Linking CXX static library gcinfo\gcinfo_unix_x64.lib
  [1694/2661] Building CXX object ilasm\CMakeFiles\ilasm.dir\assembler.cpp.obj
  [1695/2661] Building RC object ildasm\exe\CMakeFiles\ildasm.dir\__\dasm.rc.res
  [1696/2661] Building CXX object ildasm\exe\CMakeFiles\ildasm.dir\__\ceeload.cpp.obj
  [1697/2661] Linking CXX static library gcinfo\gcinfo_universal_wasm.lib
  [1698/2661] Linking CXX static library gcinfo\gcinfo_win_x64.lib
  [1699/2661] Linking CXX static library gcinfo\gcinfo_universal_arm.lib
  [1700/2661] Linking CXX static library gcinfo\gcinfo_win_x86.lib
  [1701/2661] Building CXX object ildasm\exe\CMakeFiles\ildasm.dir\__\dasm.cpp.obj
  [1702/2661] Building CXX object jit\CMakeFiles\clrjit.dir\abi.cpp.obj
  [1703/2661] Building CXX object jit\CMakeFiles\clrjit.dir\alloc.cpp.obj
  [1704/2661] Building CXX object jit\CMakeFiles\clrjit.dir\bitset.cpp.obj
  [1705/2661] Building CXX object jit\CMakeFiles\clrjit.dir\buildstring.cpp.obj
  [1706/2661] Building CXX object jit\CMakeFiles\clrjit.dir\asyncanalysis.cpp.obj
  [1707/2661] Building CXX object jit\CMakeFiles\clrjit.dir\boundscheckcoalesce.cpp.obj
  [1708/2661] Building CXX object jit\CMakeFiles\clrjit.dir\block.cpp.obj
  [1709/2661] Building CXX object jit\CMakeFiles\clrjit.dir\codegenlinear.cpp.obj
  [1710/2661] Building CXX object jit\CMakeFiles\clrjit.dir\assertionprop.cpp.obj
  [1711/2661] Building CXX object jit\CMakeFiles\clrjit.dir\async.cpp.obj
  [1712/2661] Building CXX object ildasm\exe\CMakeFiles\ildasm.dir\__\dres.cpp.obj
  [1713/2661] Building CXX object jit\CMakeFiles\clrjit.dir\debuginfo.cpp.obj
  [1714/2661] Building CXX object jit\CMakeFiles\clrjit.dir\codegencommon.cpp.obj
  [1715/2661] Building CXX object jit\CMakeFiles\clrjit.dir\disasm.cpp.obj
  [1716/2661] Building CXX object jit\CMakeFiles\clrjit.dir\copyprop.cpp.obj
  [1717/2661] Building CXX object jit\CMakeFiles\clrjit.dir\earlyprop.cpp.obj
  [1718/2661] Building CXX object jit\CMakeFiles\clrjit.dir\eeinterface.cpp.obj
  [1719/2661] Building CXX object jit\CMakeFiles\clrjit.dir\ee_il_dll.cpp.obj
  [1720/2661] Building CXX object ildasm\exe\CMakeFiles\ildasm.dir\__\dman.cpp.obj
  [1721/2661] Building CXX object jit\CMakeFiles\clrjit.dir\fgflow.cpp.obj
  [1722/2661] Building CXX object ildasm\exe\CMakeFiles\ildasm.dir\__\dis.cpp.obj
  [1723/2661] Building CXX object jit\CMakeFiles\clrjit.dir\error.cpp.obj
  [1724/2661] Building CXX object jit\CMakeFiles\clrjit.dir\fginline.cpp.obj
  [1725/2661] Building CXX object jit\CMakeFiles\clrjit.dir\fgehopt.cpp.obj
  [1726/2661] Building CXX object jit\CMakeFiles\clrjit.dir\fgbasic.cpp.obj
  [1727/2661] Building CXX object jit\CMakeFiles\clrjit.dir\emit.cpp.obj
  [1728/2661] Building CXX object jit\CMakeFiles\clrjit.dir\fgdiagnostic.cpp.obj
  [1729/2661] Building CXX object jit\CMakeFiles\clrjit.dir\fgstmt.cpp.obj
  [1730/2661] Building CXX object gcinfo\CMakeFiles\gcinfo.dir\arraylist.cpp.obj
  [1731/2661] Building CXX object jit\CMakeFiles\clrjit.dir\compiler.cpp.obj
  [1732/2661] Building CXX object ildasm\exe\CMakeFiles\ildasm.dir\__\ildasmpch.cpp.obj
  [1733/2661] Building CXX object jit\CMakeFiles\clrjit.dir\fgprofilesynthesis.cpp.obj
  [1734/2661] Building CXX object jit\CMakeFiles\clrjit.dir\gcdecode.cpp.obj
  [1735/2661] Building CXX object gcinfo\CMakeFiles\gcinfo.dir\gcinfoencoder.cpp.obj
  [1736/2661] Building CXX object jit\CMakeFiles\clrjit.dir\gcinfo.cpp.obj
  [1737/2661] Building CXX object jit\CMakeFiles\clrjit.dir\fgprofile.cpp.obj
  [1738/2661] Building CXX object gcinfo\CMakeFiles\gcinfo.dir\simplerhash.cpp.obj
  [1739/2661] Building CXX object jit\CMakeFiles\clrjit.dir\gschecks.cpp.obj
  [1740/2661] Building CXX object jit\CMakeFiles\clrjit.dir\forwardsub.cpp.obj
  [1741/2661] Building CXX object jit\CMakeFiles\clrjit.dir\hashbv.cpp.obj
  [1742/2661] Building CXX object jit\CMakeFiles\clrjit.dir\gcencode.cpp.obj
  [1743/2661] Building CXX object jit\CMakeFiles\clrjit.dir\fgopt.cpp.obj
  [1744/2661] Building CXX object jit\CMakeFiles\clrjit.dir\importervectorization.cpp.obj
  [1745/2661] Building CXX object jit\CMakeFiles\clrjit.dir\hostallocator.cpp.obj
  [1746/2661] Building CXX object jit\CMakeFiles\clrjit.dir\ifconversion.cpp.obj
  [1747/2661] Building CXX object jit\CMakeFiles\clrjit.dir\flowgraph.cpp.obj
  [1748/2661] Building CXX object jit\CMakeFiles\clrjit.dir\helperexpansion.cpp.obj
  [1749/2661] Building CXX object jit\CMakeFiles\clrjit.dir\indirectcalltransformer.cpp.obj
  [1750/2661] Building CXX object jit\CMakeFiles\clrjit.dir\inductionvariableopts.cpp.obj
  [1751/2661] Building CXX object jit\CMakeFiles\clrjit.dir\hwintrinsic.cpp.obj
  [1752/2661] Building CXX object jit\CMakeFiles\clrjit.dir\jithashtable.cpp.obj
  [1753/2661] Building CXX object jit\CMakeFiles\clrjit.dir\jitmetadata.cpp.obj
  [1754/2661] Building CXX object jit\CMakeFiles\clrjit.dir\inline.cpp.obj
  [1755/2661] Building CXX object jit\CMakeFiles\clrjit.dir\jitconfig.cpp.obj
  [1756/2661] Building CXX object jit\CMakeFiles\clrjit.dir\importercalls.cpp.obj
  [1757/2661] Building CXX object jit\CMakeFiles\clrjit.dir\inlinepolicy.cpp.obj
  [1758/2661] Building CXX object jit\CMakeFiles\clrjit.dir\jiteh.cpp.obj
  [1759/2661] Building CXX object jit\CMakeFiles\clrjit.dir\instr.cpp.obj
  [1760/2661] Building CXX object jit\CMakeFiles\clrjit.dir\layout.cpp.obj
  [1761/2661] Building CXX object jit\CMakeFiles\clrjit.dir\importer.cpp.obj
  [1762/2661] Building CXX object jit\CMakeFiles\clrjit.dir\likelyclass.cpp.obj
  [1763/2661] Building CXX object ildasm\exe\CMakeFiles\ildasm.dir\__\windasm.cpp.obj
  [1764/2661] Building CXX object jit\CMakeFiles\clrjit.dir\lir.cpp.obj
  [1765/2661] Building CXX object jit\CMakeFiles\clrjit.dir\lclvars.cpp.obj
  [1766/2661] Building CXX object jit\CMakeFiles\clrjit.dir\loopcloning.cpp.obj
  [1767/2661] Building CXX object jit\CMakeFiles\clrjit.dir\optimizebools.cpp.obj
  [1768/2661] Building CXX object jit\CMakeFiles\clrjit.dir\lclmorph.cpp.obj
  [1769/2661] Building CXX object jit\CMakeFiles\clrjit.dir\optimizemaskconversions.cpp.obj
  [1770/2661] Building CXX object jit\CMakeFiles\clrjit.dir\morphblock.cpp.obj
  [1771/2661] Building CXX object jit\CMakeFiles\clrjit.dir\gentree.cpp.obj
  [1772/2661] Building CXX object jit\CMakeFiles\clrjit.dir\optcse.cpp.obj
  [1773/2661] Building CXX object jit\CMakeFiles\clrjit.dir\phase.cpp.obj
  [1774/2661] Building CXX object jit\CMakeFiles\clrjit.dir\optimizer.cpp.obj
  [1775/2661] Building CXX object jit\CMakeFiles\clrjit.dir\patchpoint.cpp.obj
  [1776/2661] Building CXX object jit\CMakeFiles\clrjit.dir\lower.cpp.obj
  [1777/2661] Building CXX object jit\CMakeFiles\clrjit.dir\objectalloc.cpp.obj
  [1778/2661] Building CXX object jit\CMakeFiles\clrjit.dir\liveness.cpp.obj
  [1779/2661] Building CXX object jit\CMakeFiles\clrjit.dir\promotionliveness.cpp.obj
  [1780/2661] Building CXX object jit\CMakeFiles\clrjit.dir\promotiondecomposition.cpp.obj
  [1781/2661] Building CXX object jit\CMakeFiles\clrjit.dir\morph.cpp.obj
  [1782/2661] Building CXX object jit\CMakeFiles\clrjit.dir\promotion.cpp.obj
  [1783/2661] Building CXX object jit\CMakeFiles\clrjit.dir\rangecheckcloning.cpp.obj
  [1784/2661] Building CXX object jit\CMakeFiles\clrjit.dir\segmentlist.cpp.obj
  [1785/2661] Building CXX object jit\CMakeFiles\clrjit.dir\rationalize.cpp.obj
  [1786/2661] Building CXX object jit\CMakeFiles\clrjit.dir\smdata.cpp.obj
  [1787/2661] Building CXX object jit\CMakeFiles\clrjit.dir\smweights.cpp.obj
  [1788/2661] Building CXX object jit\CMakeFiles\clrjit.dir\scev.cpp.obj
  [1789/2661] Building CXX object jit\CMakeFiles\clrjit.dir\regset.cpp.obj
  [1790/2661] Building CXX object jit\CMakeFiles\clrjit.dir\sm.cpp.obj
  [1791/2661] Building CXX object jit\CMakeFiles\clrjit.dir\regalloc.cpp.obj
  [1792/2661] Building CXX object jit\CMakeFiles\clrjit.dir\redundantbranchopts.cpp.obj
  [1793/2661] Building CXX object jit\CMakeFiles\clrjit.dir\ssarenamestate.cpp.obj
  [1794/2661] Building CXX object jit\CMakeFiles\clrjit.dir\sideeffects.cpp.obj
  [1795/2661] Building CXX object jit\CMakeFiles\clrjit.dir\__\jitshared\histogram.cpp.obj
  [1796/2661] Building CXX object jit\CMakeFiles\clrjit.dir\rangecheck.cpp.obj
  [1797/2661] Building CXX object jit\CMakeFiles\clrjit.dir\scopeinfo.cpp.obj
  [1798/2661] Building CXX object jit\CMakeFiles\clrjit.dir\regMaskTPOps.cpp.obj
  [1799/2661] Building CXX object jit\CMakeFiles\clrjit.dir\unwind.cpp.obj
  [1800/2661] Building CXX object jit\CMakeFiles\clrjit.dir\switchrecognition.cpp.obj
  [1801/2661] Building CXX object jit\CMakeFiles\clrjit.dir\stacklevelsetter.cpp.obj
  [1802/2661] Building CXX object jit\CMakeFiles\clrjit.dir\treelifeupdater.cpp.obj
  [1803/2661] Building CXX object jit\CMakeFiles\clrjit.dir\simd.cpp.obj
  [1804/2661] Building CXX object jit\CMakeFiles\clrjit.dir\targetamd64.cpp.obj
  [1805/2661] Building CXX object jit\CMakeFiles\clrjit.dir\utils.cpp.obj
  [1806/2661] Building CXX object jit\CMakeFiles\clrjit.dir\ssabuilder.cpp.obj
  [1807/2661] Building CXX object jit\CMakeFiles\clrjit.dir\lsrabuild.cpp.obj
  [1808/2661] Building CXX object jit\CMakeFiles\clrjit.dir\dllmain.cpp.obj
  [1809/2661] Building CXX object jit\CMakeFiles\clrjit.dir\lowerxarch.cpp.obj
  [1810/2661] Building CXX object jit\CMakeFiles\clrjit.dir\simdcodegenxarch.cpp.obj
  [1811/2661] Building CXX object jit\CMakeFiles\clrjit.dir\unwindamd64.cpp.obj
  [1812/2661] Building CXX object jit\CMakeFiles\clrjit.dir\codegenxarch.cpp.obj
  [1813/2661] Building CXX object jit\CMakeFiles\clrjit.dir\hwintrinsicxarch.cpp.obj
  [1814/2661] Building CXX object jit\CMakeFiles\clrjit_universal_arm64_x64.dir\abi.cpp.obj
  [1815/2661] Building CXX object jit\CMakeFiles\clrjit.dir\lsraxarch.cpp.obj
  [1816/2661] Building CXX object jit\CMakeFiles\clrjit.dir\lsra.cpp.obj
  [1817/2661] Building CXX object jit\CMakeFiles\clrjit_universal_arm64_x64.dir\alloc.cpp.obj
  [1818/2661] Building RC object jit\CMakeFiles\clrjit.dir\Native.rc.res
  [1819/2661] Building CXX object jit\CMakeFiles\clrjit_universal_arm64_x64.dir\bitset.cpp.obj
  [1820/2661] Building CXX object jit\CMakeFiles\clrjit.dir\hwintrinsiccodegenxarch.cpp.obj
  [1821/2661] Building CXX object jit\CMakeFiles\clrjit_universal_arm64_x64.dir\asyncanalysis.cpp.obj
  [1822/2661] Building CXX object jit\CMakeFiles\clrjit_universal_arm64_x64.dir\block.cpp.obj
  [1823/2661] Building CXX object jit\CMakeFiles\clrjit_universal_arm64_x64.dir\buildstring.cpp.obj
  [1824/2661] Building CXX object jit\CMakeFiles\clrjit_universal_arm64_x64.dir\boundscheckcoalesce.cpp.obj
  [1825/2661] Building CXX object jit\CMakeFiles\clrjit_universal_arm64_x64.dir\copyprop.cpp.obj
  [1826/2661] Building CXX object jit\CMakeFiles\clrjit_universal_arm64_x64.dir\debuginfo.cpp.obj
  [1827/2661] Building CXX object jit\CMakeFiles\clrjit_universal_arm64_x64.dir\disasm.cpp.obj
  [1828/2661] Building CXX object jit\CMakeFiles\clrjit_universal_arm64_x64.dir\ee_il_dll.cpp.obj
  [1829/2661] Building CXX object jit\CMakeFiles\clrjit_universal_arm64_x64.dir\codegenlinear.cpp.obj
  [1830/2661] Building CXX object jit\CMakeFiles\clrjit_universal_arm64_x64.dir\earlyprop.cpp.obj
  [1831/2661] Building CXX object jit\CMakeFiles\clrjit_universal_arm64_x64.dir\assertionprop.cpp.obj
  [1832/2661] Building CXX object jit\CMakeFiles\clrjit_universal_arm64_x64.dir\eeinterface.cpp.obj
  [1833/2661] Building CXX object jit\CMakeFiles\clrjit_universal_arm64_x64.dir\error.cpp.obj
  [1834/2661] Building CXX object jit\CMakeFiles\clrjit.dir\emitxarch.cpp.obj
  [1835/2661] Building CXX object jit\CMakeFiles\clrjit_universal_arm64_x64.dir\async.cpp.obj
  [1836/2661] Building CXX object jit\CMakeFiles\clrjit_universal_arm64_x64.dir\codegencommon.cpp.obj
  [1837/2661] Building CXX object jit\CMakeFiles\clrjit_universal_arm64_x64.dir\fgflow.cpp.obj
  [1838/2661] Building CXX object jit\CMakeFiles\clrjit_universal_arm64_x64.dir\fgehopt.cpp.obj
  [1839/2661] Building CXX object jit\CMakeFiles\clrjit_universal_arm64_x64.dir\fgstmt.cpp.obj
  [1840/2661] Building CXX object jit\CMakeFiles\clrjit_universal_arm64_x64.dir\fgbasic.cpp.obj
  [1841/2661] Building CXX object jit\CMakeFiles\clrjit.dir\valuenum.cpp.obj
  [1842/2661] Building CXX object jit\CMakeFiles\clrjit_universal_arm64_x64.dir\forwardsub.cpp.obj
  [1843/2661] Building CXX object jit\CMakeFiles\clrjit_universal_arm64_x64.dir\gcdecode.cpp.obj
  [1844/2661] Building CXX object jit\CMakeFiles\clrjit_universal_arm64_x64.dir\fgprofilesynthesis.cpp.obj
  [1845/2661] Building CXX object jit\CMakeFiles\clrjit_universal_arm64_x64.dir\emit.cpp.obj
  [1846/2661] Building CXX object jit\CMakeFiles\clrjit_universal_arm64_x64.dir\gcinfo.cpp.obj
  [1847/2661] Building CXX object jit\CMakeFiles\clrjit_universal_arm64_x64.dir\fginline.cpp.obj
  [1848/2661] Building CXX object jit\CMakeFiles\clrjit_universal_arm64_x64.dir\compiler.cpp.obj
  [1849/2661] Building CXX object jit\CMakeFiles\clrjit_universal_arm64_x64.dir\fgprofile.cpp.obj
  [1850/2661] Building CXX object jit\CMakeFiles\clrjit_universal_arm64_x64.dir\fgdiagnostic.cpp.obj
  [1851/2661] Building CXX object jit\CMakeFiles\clrjit_universal_arm64_x64.dir\fgopt.cpp.obj
  [1852/2661] Building CXX object jit\CMakeFiles\clrjit_universal_arm64_x64.dir\hostallocator.cpp.obj
  [1853/2661] Building CXX object jit\CMakeFiles\clrjit_universal_arm64_x64.dir\hashbv.cpp.obj
  [1854/2661] Building CXX object jit\CMakeFiles\clrjit_universal_arm64_x64.dir\ifconversion.cpp.obj
  [1855/2661] Building CXX object jit\CMakeFiles\clrjit_universal_arm64_x64.dir\gschecks.cpp.obj
  [1856/2661] Building CXX object jit\CMakeFiles\clrjit_universal_arm64_x64.dir\gcencode.cpp.obj
  [1857/2661] Building CXX object jit\CMakeFiles\clrjit_universal_arm64_x64.dir\helperexpansion.cpp.obj
  [1858/2661] Building CXX object jit\CMakeFiles\clrjit_universal_arm64_x64.dir\importervectorization.cpp.obj
  [1859/2661] Building CXX object jit\CMakeFiles\clrjit_universal_arm64_x64.dir\indirectcalltransformer.cpp.obj
  [1860/2661] Building CXX object jit\CMakeFiles\clrjit_universal_arm64_x64.dir\flowgraph.cpp.obj
  [1861/2661] Building CXX object jit\CMakeFiles\clrjit_universal_arm64_x64.dir\hwintrinsic.cpp.obj
  [1862/2661] Building CXX object jit\CMakeFiles\clrjit_universal_arm64_x64.dir\jitconfig.cpp.obj
  [1863/2661] Building CXX object jit\CMakeFiles\clrjit_universal_arm64_x64.dir\inline.cpp.obj
  [1864/2661] Building CXX object jit\CMakeFiles\clrjit_universal_arm64_x64.dir\inlinepolicy.cpp.obj
  [1865/2661] Building CXX object jit\CMakeFiles\clrjit_universal_arm64_x64.dir\jithashtable.cpp.obj
  [1866/2661] Building CXX object jit\CMakeFiles\clrjit_universal_arm64_x64.dir\importer.cpp.obj
  [1867/2661] Building CXX object jit\CMakeFiles\clrjit_universal_arm64_x64.dir\inductionvariableopts.cpp.obj
  [1868/2661] Building CXX object jit\CMakeFiles\clrjit_universal_arm64_x64.dir\importercalls.cpp.obj
  [1869/2661] Building CXX object jit\CMakeFiles\clrjit_universal_arm64_x64.dir\instr.cpp.obj
  [1870/2661] Building CXX object jit\CMakeFiles\clrjit_universal_arm64_x64.dir\jiteh.cpp.obj
  [1871/2661] Building CXX object jit\CMakeFiles\clrjit_universal_arm64_x64.dir\jitmetadata.cpp.obj
  [1872/2661] Building CXX object jit\CMakeFiles\clrjit_universal_arm64_x64.dir\morphblock.cpp.obj
  [1873/2661] Building CXX object jit\CMakeFiles\clrjit_universal_arm64_x64.dir\layout.cpp.obj
  [1874/2661] Building CXX object jit\CMakeFiles\clrjit_universal_arm64_x64.dir\lclvars.cpp.obj
  [1875/2661] Building CXX object jit\CMakeFiles\clrjit_universal_arm64_x64.dir\likelyclass.cpp.obj
  [1876/2661] Building CXX object jit\CMakeFiles\clrjit_universal_arm64_x64.dir\lir.cpp.obj
  [1877/2661] Building CXX object jit\CMakeFiles\clrjit_universal_arm64_x64.dir\optimizebools.cpp.obj
  [1878/2661] Building CXX object jit\CMakeFiles\clrjit_universal_arm64_x64.dir\loopcloning.cpp.obj
  [1879/2661] Building CXX object jit\CMakeFiles\clrjit_universal_arm64_x64.dir\lclmorph.cpp.obj
  [1880/2661] Building CXX object jit\CMakeFiles\clrjit_universal_arm64_x64.dir\phase.cpp.obj
  [1881/2661] Building CXX object jit\CMakeFiles\clrjit_universal_arm64_x64.dir\gentree.cpp.obj
  [1882/2661] Building CXX object jit\CMakeFiles\clrjit_universal_arm64_x64.dir\optimizemaskconversions.cpp.obj
  [1883/2661] Building CXX object jit\CMakeFiles\clrjit_universal_arm64_x64.dir\patchpoint.cpp.obj
  [1884/2661] Building CXX object jit\CMakeFiles\clrjit_universal_arm64_x64.dir\objectalloc.cpp.obj
  [1885/2661] Building CXX object jit\CMakeFiles\clrjit_universal_arm64_x64.dir\liveness.cpp.obj
  [1886/2661] Building CXX object jit\CMakeFiles\clrjit_universal_arm64_x64.dir\morph.cpp.obj
  [1887/2661] Building CXX object jit\CMakeFiles\clrjit_universal_arm64_x64.dir\promotionliveness.cpp.obj
  [1888/2661] Building CXX object jit\CMakeFiles\clrjit_universal_arm64_x64.dir\promotiondecomposition.cpp.obj
  [1889/2661] Building CXX object jit\CMakeFiles\clrjit_universal_arm64_x64.dir\promotion.cpp.obj
  [1890/2661] Building CXX object jit\CMakeFiles\clrjit_universal_arm64_x64.dir\lower.cpp.obj
  [1891/2661] Building CXX object jit\CMakeFiles\clrjit_universal_arm64_x64.dir\optcse.cpp.obj
  [1892/2661] Building CXX object jit\CMakeFiles\clrjit_universal_arm64_x64.dir\rangecheck.cpp.obj
  [1893/2661] Building CXX object jit\CMakeFiles\clrjit_universal_arm64_x64.dir\rangecheckcloning.cpp.obj
  [1894/2661] Building CXX object jit\CMakeFiles\clrjit_universal_arm64_x64.dir\scev.cpp.obj
  [1895/2661] Building CXX object jit\CMakeFiles\clrjit_universal_arm64_x64.dir\optimizer.cpp.obj
  [1896/2661] Building CXX object jit\CMakeFiles\clrjit_universal_arm64_x64.dir\rationalize.cpp.obj
  [1897/2661] Building CXX object jit\CMakeFiles\clrjit_universal_arm64_x64.dir\regset.cpp.obj
  [1898/2661] Building CXX object jit\CMakeFiles\clrjit_universal_arm64_x64.dir\redundantbranchopts.cpp.obj
  [1899/2661] Building CXX object jit\CMakeFiles\clrjit_universal_arm64_x64.dir\smdata.cpp.obj
  [1900/2661] Building CXX object jit\CMakeFiles\clrjit_universal_arm64_x64.dir\sm.cpp.obj
  [1901/2661] Building CXX object jit\CMakeFiles\clrjit_universal_arm64_x64.dir\regalloc.cpp.obj
  [1902/2661] Building CXX object jit\CMakeFiles\clrjit_universal_arm64_x64.dir\scopeinfo.cpp.obj
  [1903/2661] Building CXX object jit\CMakeFiles\clrjit_universal_arm64_x64.dir\smweights.cpp.obj
  [1904/2661] Building CXX object jit\CMakeFiles\clrjit_universal_arm64_x64.dir\sideeffects.cpp.obj
  [1905/2661] Building CXX object jit\CMakeFiles\clrjit_universal_arm64_x64.dir\ssarenamestate.cpp.obj
  [1906/2661] Building CXX object jit\CMakeFiles\clrjit_universal_arm64_x64.dir\__\jitshared\histogram.cpp.obj
  [1907/2661] Building CXX object jit\CMakeFiles\clrjit_universal_arm64_x64.dir\ssabuilder.cpp.obj
  [1908/2661] Building CXX object jit\CMakeFiles\clrjit_universal_arm64_x64.dir\regMaskTPOps.cpp.obj
  [1909/2661] Building CXX object jit\CMakeFiles\clrjit_universal_arm64_x64.dir\segmentlist.cpp.obj
  [1910/2661] Building CXX object jit\CMakeFiles\clrjit_universal_arm64_x64.dir\switchrecognition.cpp.obj
  [1911/2661] Building CXX object jit\CMakeFiles\clrjit_universal_arm64_x64.dir\stacklevelsetter.cpp.obj
  [1912/2661] Building CXX object jit\CMakeFiles\clrjit_universal_arm64_x64.dir\unwind.cpp.obj
  [1913/2661] Building CXX object jit\CMakeFiles\clrjit_universal_arm64_x64.dir\treelifeupdater.cpp.obj
  [1914/2661] Building CXX object jit\CMakeFiles\clrjit_universal_arm64_x64.dir\utils.cpp.obj
  [1915/2661] Building CXX object jit\CMakeFiles\clrjit_universal_arm64_x64.dir\simd.cpp.obj
  [1916/2661] Building CXX object jit\CMakeFiles\clrjit_universal_arm64_x64.dir\codegenarm64test.cpp.obj
  [1917/2661] Building CXX object jit\CMakeFiles\clrjit_universal_arm64_x64.dir\lsrabuild.cpp.obj
  [1918/2661] Building CXX object jit\CMakeFiles\clrjit_universal_arm64_x64.dir\codegenarmarch.cpp.obj
  [1919/2661] Building CXX object jit\CMakeFiles\clrjit_universal_arm64_x64.dir\codegenarm64.cpp.obj
  [1920/2661] Building CXX object jit\CMakeFiles\clrjit_universal_arm64_x64.dir\emitarm64.cpp.obj
  [1921/2661] Building CXX object jit\CMakeFiles\clrjit_universal_arm64_x64.dir\lsraarmarch.cpp.obj
  [1922/2661] Building CXX object jit\CMakeFiles\clrjit_universal_arm64_x64.dir\lsraarm64.cpp.obj
  [1923/2661] Building CXX object jit\CMakeFiles\clrjit_universal_arm64_x64.dir\unwindarmarch.cpp.obj
  [1924/2661] Building CXX object jit\CMakeFiles\clrjit_universal_arm64_x64.dir\unwindarm64.cpp.obj
  [1925/2661] Building CXX object jit\CMakeFiles\clrjit_universal_arm64_x64.dir\lowerarmarch.cpp.obj
  [1926/2661] Building CXX object jit\CMakeFiles\clrjit_universal_arm64_x64.dir\emitarm64sve.cpp.obj
  [1927/2661] Building RC object jit\CMakeFiles\clrjit_universal_arm64_x64.dir\Native.rc.res
  [1928/2661] Building CXX object jit\CMakeFiles\clrjit_universal_arm64_x64.dir\lsra.cpp.obj
  [1929/2661] Building CXX object jit\CMakeFiles\clrjit_universal_arm64_x64.dir\hwintrinsiccodegenarm64.cpp.obj
  [1930/2661] Building CXX object jit\CMakeFiles\clrjit_universal_wasm_x64.dir\buildstring.cpp.obj
  [1931/2661] Building CXX object jit\CMakeFiles\clrjit_universal_arm64_x64.dir\dllmain.cpp.obj
  [1932/2661] Building CXX object jit\CMakeFiles\clrjit_universal_wasm_x64.dir\abi.cpp.obj
  [1933/2661] Building CXX object jit\CMakeFiles\clrjit_universal_arm64_x64.dir\targetarm64.cpp.obj
  [1934/2661] Building CXX object jit\CMakeFiles\clrjit_universal_wasm_x64.dir\alloc.cpp.obj
  [1935/2661] Building CXX object jit\CMakeFiles\clrjit_universal_wasm_x64.dir\boundscheckcoalesce.cpp.obj
  [1936/2661] Building CXX object jit\CMakeFiles\clrjit_universal_arm64_x64.dir\hwintrinsicarm64.cpp.obj
  [1937/2661] Building CXX object jit\CMakeFiles\clrjit_universal_wasm_x64.dir\bitset.cpp.obj
  [1938/2661] Building CXX object jit\CMakeFiles\clrjit_universal_wasm_x64.dir\asyncanalysis.cpp.obj
  [1939/2661] Building CXX object jit\CMakeFiles\clrjit_universal_wasm_x64.dir\block.cpp.obj
  [1940/2661] Building CXX object jit\CMakeFiles\clrjit_universal_wasm_x64.dir\debuginfo.cpp.obj
  [1941/2661] Building CXX object jit\CMakeFiles\clrjit_universal_wasm_x64.dir\disasm.cpp.obj
  [1942/2661] Building CXX object jit\CMakeFiles\clrjit_universal_wasm_x64.dir\earlyprop.cpp.obj
  [1943/2661] Building CXX object jit\CMakeFiles\clrjit_universal_wasm_x64.dir\assertionprop.cpp.obj
  [1944/2661] Building CXX object jit\CMakeFiles\clrjit_universal_wasm_x64.dir\copyprop.cpp.obj
  [1945/2661] Building CXX object jit\CMakeFiles\clrjit_universal_wasm_x64.dir\ee_il_dll.cpp.obj
  [1946/2661] Building CXX object jit\CMakeFiles\clrjit_universal_wasm_x64.dir\codegenlinear.cpp.obj
  [1947/2661] Building CXX object jit\CMakeFiles\clrjit_universal_wasm_x64.dir\error.cpp.obj
  [1948/2661] Building CXX object jit\CMakeFiles\clrjit_universal_wasm_x64.dir\async.cpp.obj
  [1949/2661] Building CXX object jit\CMakeFiles\clrjit_universal_wasm_x64.dir\eeinterface.cpp.obj
  [1950/2661] Building CXX object jit\CMakeFiles\clrjit_universal_wasm_x64.dir\emit.cpp.obj
  [1951/2661] Building CXX object jit\CMakeFiles\clrjit_universal_wasm_x64.dir\codegencommon.cpp.obj
  [1952/2661] Building CXX object jit\CMakeFiles\clrjit_universal_wasm_x64.dir\fgstmt.cpp.obj
  [1953/2661] Building CXX object jit\CMakeFiles\clrjit_universal_wasm_x64.dir\fgflow.cpp.obj
  [1954/2661] Building CXX object jit\CMakeFiles\clrjit_universal_wasm_x64.dir\gcdecode.cpp.obj
  [1955/2661] Building CXX object jit\CMakeFiles\clrjit_universal_wasm_x64.dir\fgprofilesynthesis.cpp.obj
  [1956/2661] Building CXX object jit\CMakeFiles\clrjit_universal_wasm_x64.dir\forwardsub.cpp.obj
  [1957/2661] Building CXX object jit\CMakeFiles\clrjit_universal_wasm_x64.dir\fginline.cpp.obj
  [1958/2661] Building CXX object jit\CMakeFiles\clrjit_universal_wasm_x64.dir\fgbasic.cpp.obj
  [1959/2661] Building CXX object jit\CMakeFiles\clrjit_universal_wasm_x64.dir\fgehopt.cpp.obj
  [1960/2661] Building CXX object jit\CMakeFiles\clrjit_universal_wasm_x64.dir\fgdiagnostic.cpp.obj
  [1961/2661] Building CXX object jit\CMakeFiles\clrjit_universal_wasm_x64.dir\gcinfo.cpp.obj
  [1962/2661] Building CXX object jit\CMakeFiles\clrjit_universal_wasm_x64.dir\fgprofile.cpp.obj
  [1963/2661] Building CXX object jit\CMakeFiles\clrjit_universal_wasm_x64.dir\gcencode.cpp.obj
  [1964/2661] Building CXX object jit\CMakeFiles\clrjit_universal_wasm_x64.dir\compiler.cpp.obj
  [1965/2661] Building CXX object jit\CMakeFiles\clrjit_universal_wasm_x64.dir\fgopt.cpp.obj
  [1966/2661] Building CXX object jit\CMakeFiles\clrjit_universal_wasm_x64.dir\hostallocator.cpp.obj
  [1967/2661] Building CXX object jit\CMakeFiles\clrjit_universal_wasm_x64.dir\ifconversion.cpp.obj
  [1968/2661] Building CXX object jit\CMakeFiles\clrjit_universal_wasm_x64.dir\importervectorization.cpp.obj
  [1969/2661] Building CXX object jit\CMakeFiles\clrjit_universal_wasm_x64.dir\hashbv.cpp.obj
  [1970/2661] Building CXX object jit\CMakeFiles\clrjit_universal_wasm_x64.dir\indirectcalltransformer.cpp.obj
  [1971/2661] Building CXX object jit\CMakeFiles\clrjit_universal_wasm_x64.dir\flowgraph.cpp.obj
  [1972/2661] Building CXX object jit\CMakeFiles\clrjit_universal_arm64_x64.dir\valuenum.cpp.obj
  [1973/2661] Building CXX object jit\CMakeFiles\clrjit_universal_wasm_x64.dir\helperexpansion.cpp.obj
  [1974/2661] Building CXX object jit\CMakeFiles\clrjit_universal_wasm_x64.dir\gschecks.cpp.obj
  [1975/2661] Building CXX object jit\CMakeFiles\clrjit_universal_wasm_x64.dir\hwintrinsic.cpp.obj
  [1976/2661] Building CXX object jit\CMakeFiles\clrjit_universal_wasm_x64.dir\importercalls.cpp.obj
  [1977/2661] Building CXX object jit\CMakeFiles\clrjit_universal_wasm_x64.dir\jitconfig.cpp.obj
  [1978/2661] Building CXX object jit\CMakeFiles\clrjit_universal_wasm_x64.dir\jithashtable.cpp.obj
  [1979/2661] Building CXX object jit\CMakeFiles\clrjit_universal_wasm_x64.dir\instr.cpp.obj
  [1980/2661] Building CXX object jit\CMakeFiles\clrjit_universal_wasm_x64.dir\inlinepolicy.cpp.obj
  [1981/2661] Building CXX object jit\CMakeFiles\clrjit_universal_wasm_x64.dir\inline.cpp.obj
  [1982/2661] Building CXX object jit\CMakeFiles\clrjit_universal_wasm_x64.dir\layout.cpp.obj
  [1983/2661] Building CXX object jit\CMakeFiles\clrjit_universal_wasm_x64.dir\jitmetadata.cpp.obj
  [1984/2661] Building CXX object jit\CMakeFiles\clrjit_universal_wasm_x64.dir\inductionvariableopts.cpp.obj
  [1985/2661] Building CXX object jit\CMakeFiles\clrjit_universal_wasm_x64.dir\jiteh.cpp.obj
  [1986/2661] Building CXX object jit\CMakeFiles\clrjit_universal_wasm_x64.dir\likelyclass.cpp.obj
  [1987/2661] Building CXX object jit\CMakeFiles\clrjit_universal_wasm_x64.dir\importer.cpp.obj
  [1988/2661] Building CXX object jit\CMakeFiles\clrjit_universal_wasm_x64.dir\lclmorph.cpp.obj
  [1989/2661] Building CXX object jit\CMakeFiles\clrjit_universal_wasm_x64.dir\optimizemaskconversions.cpp.obj
  [1990/2661] Building CXX object jit\CMakeFiles\clrjit_universal_wasm_x64.dir\optimizebools.cpp.obj
  [1991/2661] Building CXX object jit\CMakeFiles\clrjit_universal_wasm_x64.dir\morphblock.cpp.obj
  [1992/2661] Building CXX object jit\CMakeFiles\clrjit_universal_wasm_x64.dir\lir.cpp.obj
  [1993/2661] Building CXX object jit\CMakeFiles\clrjit_universal_wasm_x64.dir\lclvars.cpp.obj
  [1994/2661] Building CXX object jit\CMakeFiles\clrjit_universal_wasm_x64.dir\loopcloning.cpp.obj
  [1995/2661] Building CXX object jit\CMakeFiles\clrjit_universal_wasm_x64.dir\optcse.cpp.obj
  [1996/2661] Building CXX object jit\CMakeFiles\clrjit_universal_wasm_x64.dir\gentree.cpp.obj
  [1997/2661] Building CXX object jit\CMakeFiles\clrjit_universal_wasm_x64.dir\objectalloc.cpp.obj
  [1998/2661] Building CXX object jit\CMakeFiles\clrjit_universal_wasm_x64.dir\patchpoint.cpp.obj
  [1999/2661] Building CXX object jit\CMakeFiles\clrjit_universal_wasm_x64.dir\lower.cpp.obj
  [2000/2661] Building CXX object jit\CMakeFiles\clrjit_universal_wasm_x64.dir\phase.cpp.obj
  [2001/2661] Building CXX object jit\CMakeFiles\clrjit_universal_wasm_x64.dir\morph.cpp.obj
  [2002/2661] Building CXX object jit\CMakeFiles\clrjit_universal_wasm_x64.dir\liveness.cpp.obj
  [2003/2661] Building CXX object jit\CMakeFiles\clrjit_universal_wasm_x64.dir\regset.cpp.obj
  [2004/2661] Building CXX object jit\CMakeFiles\clrjit_universal_wasm_x64.dir\promotionliveness.cpp.obj
  [2005/2661] Building CXX object jit\CMakeFiles\clrjit_universal_wasm_x64.dir\regalloc.cpp.obj
  [2006/2661] Building CXX object jit\CMakeFiles\clrjit_universal_wasm_x64.dir\promotiondecomposition.cpp.obj
  [2007/2661] Building CXX object jit\CMakeFiles\clrjit_universal_wasm_x64.dir\rationalize.cpp.obj
  [2008/2661] Building CXX object jit\CMakeFiles\clrjit_universal_wasm_x64.dir\promotion.cpp.obj
  [2009/2661] Building CXX object jit\CMakeFiles\clrjit_universal_wasm_x64.dir\scopeinfo.cpp.obj
  [2010/2661] Building CXX object jit\CMakeFiles\clrjit_universal_wasm_x64.dir\scev.cpp.obj
  [2011/2661] Building CXX object jit\CMakeFiles\clrjit_universal_wasm_x64.dir\rangecheckcloning.cpp.obj
  [2012/2661] Building CXX object jit\CMakeFiles\clrjit_universal_wasm_x64.dir\smdata.cpp.obj
  [2013/2661] Building CXX object jit\CMakeFiles\clrjit_universal_wasm_x64.dir\rangecheck.cpp.obj
  [2014/2661] Building CXX object jit\CMakeFiles\clrjit_universal_wasm_x64.dir\optimizer.cpp.obj
  [2015/2661] Building CXX object jit\CMakeFiles\clrjit_universal_wasm_x64.dir\redundantbranchopts.cpp.obj
  [2016/2661] Building CXX object jit\CMakeFiles\clrjit_universal_wasm_x64.dir\segmentlist.cpp.obj
  [2017/2661] Building CXX object jit\CMakeFiles\clrjit_universal_wasm_x64.dir\smweights.cpp.obj
  [2018/2661] Building CXX object jit\CMakeFiles\clrjit_universal_wasm_x64.dir\treelifeupdater.cpp.obj
  [2019/2661] Building CXX object jit\CMakeFiles\clrjit_universal_wasm_x64.dir\sm.cpp.obj
  [2020/2661] Building CXX object jit\CMakeFiles\clrjit_universal_wasm_x64.dir\stacklevelsetter.cpp.obj
  [2021/2661] Building CXX object jit\CMakeFiles\clrjit_universal_wasm_x64.dir\switchrecognition.cpp.obj
  [2022/2661] Building CXX object jit\CMakeFiles\clrjit_universal_wasm_x64.dir\sideeffects.cpp.obj
  [2023/2661] Building CXX object jit\CMakeFiles\clrjit_universal_wasm_x64.dir\ssarenamestate.cpp.obj
  [2024/2661] Building CXX object jit\CMakeFiles\clrjit_universal_wasm_x64.dir\__\jitshared\histogram.cpp.obj
  [2025/2661] Building CXX object jit\CMakeFiles\clrjit_universal_wasm_x64.dir\hwintrinsicwasm.cpp.obj
  [2026/2661] Building CXX object jit\CMakeFiles\clrjit_universal_wasm_x64.dir\utils.cpp.obj
  [2027/2661] Building CXX object jit\CMakeFiles\clrjit_universal_wasm_x64.dir\ssabuilder.cpp.obj
  [2028/2661] Building CXX object jit\CMakeFiles\clrjit_universal_wasm_x64.dir\codegenwasm.cpp.obj
  [2029/2661] Building CXX object jit\CMakeFiles\clrjit_universal_wasm_x64.dir\targetwasm.cpp.obj
  [2030/2661] Building CXX object jit\CMakeFiles\clrjit_universal_wasm_x64.dir\dllmain.cpp.obj
  [2031/2661] Building CXX object jit\CMakeFiles\clrjit_universal_wasm_x64.dir\unwindwasm.cpp.obj
  [2032/2661] Building CXX object jit\CMakeFiles\clrjit_universal_wasm_x64.dir\simd.cpp.obj
  [2033/2661] Building CXX object jit\CMakeFiles\clrjit_universal_wasm_x64.dir\emitwasm.cpp.obj
  [2034/2661] Building CXX object jit\CMakeFiles\clrjit_universal_wasm_x64.dir\registeropswasm.cpp.obj
  [2035/2661] Building CXX object jit\CMakeFiles\clrjit_unix_x64_x64.dir\abi.cpp.obj
  [2036/2661] Building CXX object jit\CMakeFiles\clrjit_universal_wasm_x64.dir\hwintrinsiccodegenwasm.cpp.obj
  [2037/2661] Building CXX object jit\CMakeFiles\clrjit_universal_wasm_x64.dir\regallocwasm.cpp.obj
  [2038/2661] Building CXX object jit\CMakeFiles\clrjit_universal_wasm_x64.dir\lowerwasm.cpp.obj
  [2039/2661] Building RC object jit\CMakeFiles\clrjit_universal_wasm_x64.dir\Native.rc.res
  [2040/2661] Building CXX object jit\CMakeFiles\clrjit_unix_x64_x64.dir\buildstring.cpp.obj
  [2041/2661] Building CXX object jit\CMakeFiles\clrjit_unix_x64_x64.dir\boundscheckcoalesce.cpp.obj
  [2042/2661] Building CXX object jit\CMakeFiles\clrjit_unix_x64_x64.dir\alloc.cpp.obj
  [2043/2661] Building CXX object jit\CMakeFiles\clrjit_unix_x64_x64.dir\bitset.cpp.obj
  [2044/2661] Building CXX object jit\CMakeFiles\clrjit_unix_x64_x64.dir\asyncanalysis.cpp.obj
  [2045/2661] Building CXX object jit\CMakeFiles\clrjit_unix_x64_x64.dir\block.cpp.obj
  [2046/2661] Building CXX object jit\CMakeFiles\clrjit_universal_wasm_x64.dir\fgwasm.cpp.obj
  [2047/2661] Building CXX object jit\CMakeFiles\clrjit_unix_x64_x64.dir\disasm.cpp.obj
  [2048/2661] Building CXX object jit\CMakeFiles\clrjit_unix_x64_x64.dir\copyprop.cpp.obj
  [2049/2661] Building CXX object jit\CMakeFiles\clrjit_unix_x64_x64.dir\codegencommon.cpp.obj
  [2050/2661] Building CXX object jit\CMakeFiles\clrjit_unix_x64_x64.dir\earlyprop.cpp.obj
  [2051/2661] Building CXX object jit\CMakeFiles\clrjit_unix_x64_x64.dir\assertionprop.cpp.obj
  [2052/2661] Building CXX object jit\CMakeFiles\clrjit_unix_x64_x64.dir\eeinterface.cpp.obj
  [2053/2661] Building CXX object jit\CMakeFiles\clrjit_unix_x64_x64.dir\ee_il_dll.cpp.obj
  [2054/2661] Building CXX object jit\CMakeFiles\clrjit_unix_x64_x64.dir\debuginfo.cpp.obj
  [2055/2661] Building CXX object jit\CMakeFiles\clrjit_unix_x64_x64.dir\codegenlinear.cpp.obj
  [2056/2661] Building CXX object jit\CMakeFiles\clrjit_unix_x64_x64.dir\error.cpp.obj
  [2057/2661] Building CXX object jit\CMakeFiles\clrjit_unix_x64_x64.dir\async.cpp.obj
  [2058/2661] Building CXX object jit\CMakeFiles\clrjit_unix_x64_x64.dir\emit.cpp.obj
  [2059/2661] Building CXX object jit\CMakeFiles\clrjit_universal_wasm_x64.dir\valuenum.cpp.obj
  [2060/2661] Building CXX object jit\CMakeFiles\clrjit_unix_x64_x64.dir\fgflow.cpp.obj
  [2061/2661] Building CXX object jit\CMakeFiles\clrjit_unix_x64_x64.dir\fgstmt.cpp.obj
  [2062/2661] Building CXX object jit\CMakeFiles\clrjit_unix_x64_x64.dir\fgprofilesynthesis.cpp.obj
  [2063/2661] Building CXX object jit\CMakeFiles\clrjit_unix_x64_x64.dir\fgehopt.cpp.obj
  [2064/2661] Building CXX object jit\CMakeFiles\clrjit_unix_x64_x64.dir\fginline.cpp.obj
  [2065/2661] Building CXX object jit\CMakeFiles\clrjit_unix_x64_x64.dir\fgprofile.cpp.obj
  [2066/2661] Building CXX object jit\CMakeFiles\clrjit_unix_x64_x64.dir\forwardsub.cpp.obj
  [2067/2661] Building CXX object jit\CMakeFiles\clrjit_unix_x64_x64.dir\fgbasic.cpp.obj
  [2068/2661] Building CXX object jit\CMakeFiles\clrjit_unix_x64_x64.dir\compiler.cpp.obj
  [2069/2661] Building CXX object jit\CMakeFiles\clrjit_unix_x64_x64.dir\fgdiagnostic.cpp.obj
  [2070/2661] Building CXX object jit\CMakeFiles\clrjit_unix_x64_x64.dir\fgopt.cpp.obj
  [2071/2661] Building CXX object jit\CMakeFiles\clrjit_unix_x64_x64.dir\gcdecode.cpp.obj
  [2072/2661] Building CXX object jit\CMakeFiles\clrjit_unix_x64_x64.dir\gcinfo.cpp.obj
  [2073/2661] Building CXX object jit\CMakeFiles\clrjit_unix_x64_x64.dir\ifconversion.cpp.obj
  [2074/2661] Building CXX object jit\CMakeFiles\clrjit_unix_x64_x64.dir\hostallocator.cpp.obj
  [2075/2661] Building CXX object jit\CMakeFiles\clrjit_unix_x64_x64.dir\hashbv.cpp.obj
  [2076/2661] Building CXX object jit\CMakeFiles\clrjit_unix_x64_x64.dir\gschecks.cpp.obj
  [2077/2661] Building CXX object jit\CMakeFiles\clrjit_unix_x64_x64.dir\gcencode.cpp.obj
  [2078/2661] Building CXX object jit\CMakeFiles\clrjit_unix_x64_x64.dir\helperexpansion.cpp.obj
  [2079/2661] Building CXX object jit\CMakeFiles\clrjit_unix_x64_x64.dir\inline.cpp.obj
  [2080/2661] Building CXX object jit\CMakeFiles\clrjit_unix_x64_x64.dir\hwintrinsic.cpp.obj
  [2081/2661] Building CXX object jit\CMakeFiles\clrjit_unix_x64_x64.dir\jitconfig.cpp.obj
  [2082/2661] Building CXX object jit\CMakeFiles\clrjit_unix_x64_x64.dir\jithashtable.cpp.obj
  [2083/2661] Building CXX object jit\CMakeFiles\clrjit_unix_x64_x64.dir\inlinepolicy.cpp.obj
  [2084/2661] Building CXX object jit\CMakeFiles\clrjit_unix_x64_x64.dir\importervectorization.cpp.obj
  [2085/2661] Building CXX object jit\CMakeFiles\clrjit_unix_x64_x64.dir\instr.cpp.obj
  [2086/2661] Building CXX object jit\CMakeFiles\clrjit_unix_x64_x64.dir\layout.cpp.obj
  [2087/2661] Building CXX object jit\CMakeFiles\clrjit_unix_x64_x64.dir\indirectcalltransformer.cpp.obj
  [2088/2661] Building CXX object jit\CMakeFiles\clrjit_unix_x64_x64.dir\inductionvariableopts.cpp.obj
  [2089/2661] Building CXX object jit\CMakeFiles\clrjit_unix_x64_x64.dir\importer.cpp.obj
  [2090/2661] Building CXX object jit\CMakeFiles\clrjit_unix_x64_x64.dir\flowgraph.cpp.obj
  [2091/2661] Building CXX object jit\CMakeFiles\clrjit_unix_x64_x64.dir\jitmetadata.cpp.obj
  [2092/2661] Building CXX object jit\CMakeFiles\clrjit_unix_x64_x64.dir\importercalls.cpp.obj
  [2093/2661] Building CXX object jit\CMakeFiles\clrjit_unix_x64_x64.dir\lclmorph.cpp.obj
  [2094/2661] Building CXX object jit\CMakeFiles\clrjit_unix_x64_x64.dir\jiteh.cpp.obj
  [2095/2661] Building CXX object jit\CMakeFiles\clrjit_unix_x64_x64.dir\likelyclass.cpp.obj
  [2096/2661] Building CXX object jit\CMakeFiles\clrjit_unix_x64_x64.dir\lclvars.cpp.obj
  [2097/2661] Building CXX object jit\CMakeFiles\clrjit_unix_x64_x64.dir\lir.cpp.obj
  [2098/2661] Building CXX object jit\CMakeFiles\clrjit_unix_x64_x64.dir\optimizebools.cpp.obj
  [2099/2661] Building CXX object jit\CMakeFiles\clrjit_unix_x64_x64.dir\loopcloning.cpp.obj
  [2100/2661] Building CXX object jit\CMakeFiles\clrjit_unix_x64_x64.dir\optimizemaskconversions.cpp.obj
  [2101/2661] Building CXX object jit\CMakeFiles\clrjit_unix_x64_x64.dir\morphblock.cpp.obj
  [2102/2661] Building CXX object jit\CMakeFiles\clrjit_unix_x64_x64.dir\phase.cpp.obj
  [2103/2661] Building CXX object jit\CMakeFiles\clrjit_unix_x64_x64.dir\patchpoint.cpp.obj
  [2104/2661] Building CXX object jit\CMakeFiles\clrjit_unix_x64_x64.dir\objectalloc.cpp.obj
  [2105/2661] Building CXX object jit\CMakeFiles\clrjit_unix_x64_x64.dir\promotionliveness.cpp.obj
  [2106/2661] Building CXX object jit\CMakeFiles\clrjit_unix_x64_x64.dir\rangecheckcloning.cpp.obj
  [2107/2661] Building CXX object jit\CMakeFiles\clrjit_unix_x64_x64.dir\optcse.cpp.obj
  [2108/2661] Building CXX object jit\CMakeFiles\clrjit_unix_x64_x64.dir\lower.cpp.obj
  [2109/2661] Building CXX object jit\CMakeFiles\clrjit_unix_x64_x64.dir\promotiondecomposition.cpp.obj
  [2110/2661] Building CXX object jit\CMakeFiles\clrjit_unix_x64_x64.dir\promotion.cpp.obj
  [2111/2661] Building CXX object jit\CMakeFiles\clrjit_unix_x64_x64.dir\gentree.cpp.obj
  [2112/2661] Building CXX object jit\CMakeFiles\clrjit_unix_x64_x64.dir\liveness.cpp.obj
  [2113/2661] Building CXX object jit\CMakeFiles\clrjit_unix_x64_x64.dir\optimizer.cpp.obj
  [2114/2661] Building CXX object jit\CMakeFiles\clrjit_unix_x64_x64.dir\rangecheck.cpp.obj
  [2115/2661] Building CXX object jit\CMakeFiles\clrjit_unix_x64_x64.dir\morph.cpp.obj
  [2116/2661] Building CXX object jit\CMakeFiles\clrjit_unix_x64_x64.dir\smdata.cpp.obj
  [2117/2661] Building CXX object jit\CMakeFiles\clrjit_unix_x64_x64.dir\rationalize.cpp.obj
  [2118/2661] Building CXX object jit\CMakeFiles\clrjit_unix_x64_x64.dir\regset.cpp.obj
  [2119/2661] Building CXX object jit\CMakeFiles\clrjit_unix_x64_x64.dir\sideeffects.cpp.obj
  [2120/2661] Building CXX object jit\CMakeFiles\clrjit_unix_x64_x64.dir\sm.cpp.obj
  [2121/2661] Building CXX object jit\CMakeFiles\clrjit_unix_x64_x64.dir\segmentlist.cpp.obj
  [2122/2661] Building CXX object jit\CMakeFiles\clrjit_unix_x64_x64.dir\scev.cpp.obj
  [2123/2661] Building CXX object jit\CMakeFiles\clrjit_unix_x64_x64.dir\ssarenamestate.cpp.obj
  [2124/2661] Building CXX object jit\CMakeFiles\clrjit_unix_x64_x64.dir\regalloc.cpp.obj
  [2125/2661] Building CXX object jit\CMakeFiles\clrjit_unix_x64_x64.dir\redundantbranchopts.cpp.obj
  [2126/2661] Building CXX object jit\CMakeFiles\clrjit_unix_x64_x64.dir\scopeinfo.cpp.obj
  [2127/2661] Building CXX object jit\CMakeFiles\clrjit_unix_x64_x64.dir\ssabuilder.cpp.obj
  [2128/2661] Building CXX object jit\CMakeFiles\clrjit_unix_x64_x64.dir\regMaskTPOps.cpp.obj
  [2129/2661] Building CXX object jit\CMakeFiles\clrjit_unix_x64_x64.dir\__\jitshared\histogram.cpp.obj
  [2130/2661] Building CXX object jit\CMakeFiles\clrjit_unix_x64_x64.dir\smweights.cpp.obj
  [2131/2661] Building CXX object jit\CMakeFiles\clrjit_unix_x64_x64.dir\switchrecognition.cpp.obj
  [2132/2661] Building CXX object jit\CMakeFiles\clrjit_unix_x64_x64.dir\stacklevelsetter.cpp.obj
  [2133/2661] Building CXX object jit\CMakeFiles\clrjit_unix_x64_x64.dir\treelifeupdater.cpp.obj
  [2134/2661] Building CXX object jit\CMakeFiles\clrjit_unix_x64_x64.dir\unwind.cpp.obj
  [2135/2661] Building CXX object jit\CMakeFiles\clrjit_unix_x64_x64.dir\utils.cpp.obj
  [2136/2661] Building CXX object jit\CMakeFiles\clrjit_unix_x64_x64.dir\lsraxarch.cpp.obj
  [2137/2661] Building CXX object jit\CMakeFiles\clrjit_unix_x64_x64.dir\simd.cpp.obj
  [2138/2661] Building CXX object jit\CMakeFiles\clrjit_unix_x64_x64.dir\targetamd64.cpp.obj
  [2139/2661] Building CXX object jit\CMakeFiles\clrjit_unix_x64_x64.dir\lsrabuild.cpp.obj
  [2140/2661] Building CXX object jit\CMakeFiles\clrjit_unix_x64_x64.dir\unwindamd64.cpp.obj
  [2141/2661] Building CXX object jit\CMakeFiles\clrjit_unix_x64_x64.dir\hwintrinsicxarch.cpp.obj
  [2142/2661] Building CXX object jit\CMakeFiles\clrjit_unix_x64_x64.dir\simdcodegenxarch.cpp.obj
  [2143/2661] Building CXX object jit\CMakeFiles\clrjit_unix_x64_x64.dir\dllmain.cpp.obj
  [2144/2661] Building CXX object jit\CMakeFiles\clrjit_unix_x64_x64.dir\codegenxarch.cpp.obj
  [2145/2661] Building CXX object jit\CMakeFiles\clrjit_unix_x64_x64.dir\lowerxarch.cpp.obj
  [2146/2661] Building CXX object jit\CMakeFiles\clrjit_unix_x64_x64.dir\hwintrinsiccodegenxarch.cpp.obj
  [2147/2661] Building CXX object jit\CMakeFiles\clrjit_unix_x64_x64.dir\lsra.cpp.obj
  [2148/2661] Building CXX object jit\CMakeFiles\clrjit_win_x64_x64.dir\abi.cpp.obj
  [2149/2661] Building CXX object jit\CMakeFiles\clrjit_win_x64_x64.dir\alloc.cpp.obj
  [2150/2661] Building CXX object jit\CMakeFiles\clrjit_win_x64_x64.dir\asyncanalysis.cpp.obj
  [2151/2661] Building CXX object jit\CMakeFiles\clrjit_win_x64_x64.dir\bitset.cpp.obj
  [2152/2661] Building CXX object jit\CMakeFiles\clrjit_unix_x64_x64.dir\emitxarch.cpp.obj
  [2153/2661] Building CXX object jit\CMakeFiles\clrjit_win_x64_x64.dir\boundscheckcoalesce.cpp.obj
  [2154/2661] Building CXX object jit\CMakeFiles\clrjit_win_x64_x64.dir\buildstring.cpp.obj
  [2155/2661] Building CXX object jit\CMakeFiles\clrjit_win_x64_x64.dir\block.cpp.obj
  [2156/2661] Building CXX object jit\CMakeFiles\clrjit_win_x64_x64.dir\debuginfo.cpp.obj
  [2157/2661] Building CXX object jit\CMakeFiles\clrjit_win_x64_x64.dir\async.cpp.obj
  [2158/2661] Building RC object jit\CMakeFiles\clrjit_unix_x64_x64.dir\Native.rc.res
  [2159/2661] Building CXX object jit\CMakeFiles\clrjit_win_x64_x64.dir\codegenlinear.cpp.obj
  [2160/2661] Building CXX object jit\CMakeFiles\clrjit_win_x64_x64.dir\assertionprop.cpp.obj
  [2161/2661] Building CXX object jit\CMakeFiles\clrjit_win_x64_x64.dir\disasm.cpp.obj
  [2162/2661] Building CXX object jit\CMakeFiles\clrjit_win_x64_x64.dir\earlyprop.cpp.obj
  [2163/2661] Building CXX object jit\CMakeFiles\clrjit_win_x64_x64.dir\ee_il_dll.cpp.obj
  [2164/2661] Building CXX object jit\CMakeFiles\clrjit_win_x64_x64.dir\copyprop.cpp.obj
  [2165/2661] Building CXX object jit\CMakeFiles\clrjit_win_x64_x64.dir\eeinterface.cpp.obj
  [2166/2661] Building CXX object jit\CMakeFiles\clrjit_win_x64_x64.dir\codegencommon.cpp.obj
  [2167/2661] Building CXX object jit\CMakeFiles\clrjit_unix_x64_x64.dir\valuenum.cpp.obj
  [2168/2661] Building CXX object jit\CMakeFiles\clrjit_win_x64_x64.dir\error.cpp.obj
  [2169/2661] Building CXX object jit\CMakeFiles\clrjit_win_x64_x64.dir\fgflow.cpp.obj
  [2170/2661] Building CXX object jit\CMakeFiles\clrjit_win_x64_x64.dir\gcdecode.cpp.obj
  [2171/2661] Building CXX object jit\CMakeFiles\clrjit_win_x64_x64.dir\emit.cpp.obj
  [2172/2661] Building CXX object jit\CMakeFiles\clrjit_win_x64_x64.dir\fgehopt.cpp.obj
  [2173/2661] Building CXX object jit\CMakeFiles\clrjit_win_x64_x64.dir\fgprofilesynthesis.cpp.obj
  [2174/2661] Building CXX object jit\CMakeFiles\clrjit_win_x64_x64.dir\fginline.cpp.obj
  [2175/2661] Building CXX object jit\CMakeFiles\clrjit_win_x64_x64.dir\fgbasic.cpp.obj
  [2176/2661] Building CXX object jit\CMakeFiles\clrjit_win_x64_x64.dir\fgprofile.cpp.obj
  [2177/2661] Building CXX object jit\CMakeFiles\clrjit_win_x64_x64.dir\fgstmt.cpp.obj
  [2178/2661] Building CXX object jit\CMakeFiles\clrjit_win_x64_x64.dir\compiler.cpp.obj
  [2179/2661] Building CXX object jit\CMakeFiles\clrjit_win_x64_x64.dir\gcinfo.cpp.obj
  [2180/2661] Building CXX object jit\CMakeFiles\clrjit_win_x64_x64.dir\fgopt.cpp.obj
  [2181/2661] Building CXX object jit\CMakeFiles\clrjit_win_x64_x64.dir\forwardsub.cpp.obj
  [2182/2661] Building CXX object jit\CMakeFiles\clrjit_win_x64_x64.dir\fgdiagnostic.cpp.obj
  [2183/2661] Building CXX object jit\CMakeFiles\clrjit_win_x64_x64.dir\gcencode.cpp.obj
  [2184/2661] Building CXX object jit\CMakeFiles\clrjit_win_x64_x64.dir\ifconversion.cpp.obj
  [2185/2661] Building CXX object jit\CMakeFiles\clrjit_win_x64_x64.dir\gschecks.cpp.obj
  [2186/2661] Building CXX object jit\CMakeFiles\clrjit_win_x64_x64.dir\importervectorization.cpp.obj
  [2187/2661] Building CXX object jit\CMakeFiles\clrjit_win_x64_x64.dir\hostallocator.cpp.obj
  [2188/2661] Building CXX object jit\CMakeFiles\clrjit_win_x64_x64.dir\hashbv.cpp.obj
  [2189/2661] Building CXX object jit\CMakeFiles\clrjit_win_x64_x64.dir\flowgraph.cpp.obj
  [2190/2661] Building CXX object jit\CMakeFiles\clrjit_win_x64_x64.dir\inline.cpp.obj
  [2191/2661] Building CXX object jit\CMakeFiles\clrjit_win_x64_x64.dir\inlinepolicy.cpp.obj
  [2192/2661] Building CXX object jit\CMakeFiles\clrjit_win_x64_x64.dir\helperexpansion.cpp.obj
  [2193/2661] Building CXX object jit\CMakeFiles\clrjit_win_x64_x64.dir\hwintrinsic.cpp.obj
  [2194/2661] Building CXX object jit\CMakeFiles\clrjit_win_x64_x64.dir\indirectcalltransformer.cpp.obj
  [2195/2661] Building CXX object jit\CMakeFiles\clrjit_win_x64_x64.dir\inductionvariableopts.cpp.obj
  [2196/2661] Building CXX object jit\CMakeFiles\clrjit_win_x64_x64.dir\jithashtable.cpp.obj
  [2197/2661] Building CXX object jit\CMakeFiles\clrjit_win_x64_x64.dir\jitmetadata.cpp.obj
  [2198/2661] Building CXX object jit\CMakeFiles\clrjit_win_x64_x64.dir\jitconfig.cpp.obj
  [2199/2661] Building CXX object jit\CMakeFiles\clrjit_win_x64_x64.dir\layout.cpp.obj
  [2200/2661] Building CXX object jit\CMakeFiles\clrjit_win_x64_x64.dir\importercalls.cpp.obj
  [2201/2661] Building CXX object jit\CMakeFiles\clrjit_win_x64_x64.dir\importer.cpp.obj
  [2202/2661] Building CXX object jit\CMakeFiles\clrjit_win_x64_x64.dir\jiteh.cpp.obj
  [2203/2661] Building CXX object jit\CMakeFiles\clrjit_win_x64_x64.dir\likelyclass.cpp.obj
  [2204/2661] Building CXX object jit\CMakeFiles\clrjit_win_x64_x64.dir\instr.cpp.obj
  [2205/2661] Building CXX object jit\CMakeFiles\clrjit_win_x64_x64.dir\lclmorph.cpp.obj
  [2206/2661] Building CXX object jit\CMakeFiles\clrjit_win_x64_x64.dir\lclvars.cpp.obj
  [2207/2661] Building CXX object jit\CMakeFiles\clrjit_win_x64_x64.dir\lir.cpp.obj
  [2208/2661] Building CXX object jit\CMakeFiles\clrjit_win_x64_x64.dir\gentree.cpp.obj
  [2209/2661] Building CXX object jit\CMakeFiles\clrjit_win_x64_x64.dir\morphblock.cpp.obj
  [2210/2661] Building CXX object jit\CMakeFiles\clrjit_win_x64_x64.dir\patchpoint.cpp.obj
  [2211/2661] Building CXX object jit\CMakeFiles\clrjit_win_x64_x64.dir\optimizemaskconversions.cpp.obj
  [2212/2661] Building CXX object jit\CMakeFiles\clrjit_win_x64_x64.dir\loopcloning.cpp.obj
  [2213/2661] Building CXX object jit\CMakeFiles\clrjit_win_x64_x64.dir\optimizebools.cpp.obj
  [2214/2661] Building CXX object jit\CMakeFiles\clrjit_win_x64_x64.dir\phase.cpp.obj
  [2215/2661] Building CXX object jit\CMakeFiles\clrjit_win_x64_x64.dir\objectalloc.cpp.obj
  [2216/2661] Building CXX object jit\CMakeFiles\clrjit_win_x64_x64.dir\liveness.cpp.obj
  [2217/2661] Building CXX object jit\CMakeFiles\clrjit_win_x64_x64.dir\rangecheckcloning.cpp.obj
  [2218/2661] Building CXX object jit\CMakeFiles\clrjit_win_x64_x64.dir\promotionliveness.cpp.obj
  [2219/2661] Building CXX object jit\CMakeFiles\clrjit_win_x64_x64.dir\optcse.cpp.obj
  [2220/2661] Building CXX object jit\CMakeFiles\clrjit_win_x64_x64.dir\regalloc.cpp.obj
  [2221/2661] Building CXX object jit\CMakeFiles\clrjit_win_x64_x64.dir\rangecheck.cpp.obj
  [2222/2661] Building CXX object jit\CMakeFiles\clrjit_win_x64_x64.dir\promotiondecomposition.cpp.obj
  [2223/2661] Building CXX object jit\CMakeFiles\clrjit_win_x64_x64.dir\morph.cpp.obj
  [2224/2661] Building CXX object jit\CMakeFiles\clrjit_win_x64_x64.dir\regset.cpp.obj
  [2225/2661] Building CXX object jit\CMakeFiles\clrjit_win_x64_x64.dir\promotion.cpp.obj
  [2226/2661] Building CXX object jit\CMakeFiles\clrjit_win_x64_x64.dir\rationalize.cpp.obj
  [2227/2661] Building CXX object jit\CMakeFiles\clrjit_win_x64_x64.dir\redundantbranchopts.cpp.obj
  [2228/2661] Building CXX object jit\CMakeFiles\clrjit_win_x64_x64.dir\lower.cpp.obj
  [2229/2661] Building CXX object jit\CMakeFiles\clrjit_win_x64_x64.dir\optimizer.cpp.obj
  [2230/2661] Building CXX object jit\CMakeFiles\clrjit_win_x64_x64.dir\smweights.cpp.obj
  [2231/2661] Building CXX object jit\CMakeFiles\clrjit_win_x64_x64.dir\smdata.cpp.obj
  [2232/2661] Building CXX object jit\CMakeFiles\clrjit_win_x64_x64.dir\sm.cpp.obj
  [2233/2661] Building CXX object jit\CMakeFiles\clrjit_win_x64_x64.dir\ssarenamestate.cpp.obj
  [2234/2661] Building CXX object jit\CMakeFiles\clrjit_win_x64_x64.dir\sideeffects.cpp.obj
  [2235/2661] Building CXX object jit\CMakeFiles\clrjit_win_x64_x64.dir\segmentlist.cpp.obj
  [2236/2661] Building CXX object jit\CMakeFiles\clrjit_win_x64_x64.dir\__\jitshared\histogram.cpp.obj
  [2237/2661] Building CXX object jit\CMakeFiles\clrjit_win_x64_x64.dir\scev.cpp.obj
  [2238/2661] Building CXX object jit\CMakeFiles\clrjit_win_x64_x64.dir\scopeinfo.cpp.obj
  [2239/2661] Building CXX object jit\CMakeFiles\clrjit_win_x64_x64.dir\regMaskTPOps.cpp.obj
  [2240/2661] Building CXX object jit\CMakeFiles\clrjit_win_x64_x64.dir\switchrecognition.cpp.obj
  [2241/2661] Building CXX object jit\CMakeFiles\clrjit_win_x64_x64.dir\treelifeupdater.cpp.obj
  [2242/2661] Building CXX object jit\CMakeFiles\clrjit_win_x64_x64.dir\stacklevelsetter.cpp.obj
  [2243/2661] Building CXX object jit\CMakeFiles\clrjit_win_x64_x64.dir\simd.cpp.obj
  [2244/2661] Building CXX object jit\CMakeFiles\clrjit_win_x64_x64.dir\unwind.cpp.obj
  [2245/2661] Building CXX object jit\CMakeFiles\clrjit_win_x64_x64.dir\targetamd64.cpp.obj
  [2246/2661] Building CXX object jit\CMakeFiles\clrjit_win_x64_x64.dir\unwindamd64.cpp.obj
  [2247/2661] Building CXX object jit\CMakeFiles\clrjit_win_x64_x64.dir\utils.cpp.obj
  [2248/2661] Building CXX object jit\CMakeFiles\clrjit_win_x64_x64.dir\ssabuilder.cpp.obj
  [2249/2661] Building CXX object jit\CMakeFiles\clrjit_win_x64_x64.dir\hwintrinsicxarch.cpp.obj
  [2250/2661] Building CXX object jit\CMakeFiles\clrjit_win_x64_x64.dir\lsraxarch.cpp.obj
  [2251/2661] Building CXX object jit\CMakeFiles\clrjit_win_x64_x64.dir\lsrabuild.cpp.obj
  [2252/2661] Building CXX object jit\CMakeFiles\clrjit_win_x64_x64.dir\lowerxarch.cpp.obj
  [2253/2661] Building CXX object jit\CMakeFiles\clrjit_win_x64_x64.dir\simdcodegenxarch.cpp.obj
  [2254/2661] Building CXX object jit\CMakeFiles\clrjit_win_x64_x64.dir\codegenxarch.cpp.obj
  [2255/2661] Building CXX object jit\CMakeFiles\clrjit_win_x64_x64.dir\dllmain.cpp.obj
  [2256/2661] Building CXX object jit\CMakeFiles\clrjit_universal_arm_x64.dir\buildstring.cpp.obj
  [2257/2661] Building CXX object jit\CMakeFiles\clrjit_universal_arm_x64.dir\alloc.cpp.obj
  [2258/2661] Building CXX object jit\CMakeFiles\clrjit_win_x64_x64.dir\lsra.cpp.obj
  [2259/2661] Building RC object jit\CMakeFiles\clrjit_win_x64_x64.dir\Native.rc.res
  [2260/2661] Building CXX object jit\CMakeFiles\clrjit_win_x64_x64.dir\hwintrinsiccodegenxarch.cpp.obj
  [2261/2661] Building CXX object jit\CMakeFiles\clrjit_universal_arm_x64.dir\abi.cpp.obj
  [2262/2661] Building CXX object jit\CMakeFiles\clrjit_universal_arm_x64.dir\boundscheckcoalesce.cpp.obj
  [2263/2661] Building CXX object jit\CMakeFiles\clrjit_universal_arm_x64.dir\block.cpp.obj
  [2264/2661] Building CXX object jit\CMakeFiles\clrjit_universal_arm_x64.dir\asyncanalysis.cpp.obj
  [2265/2661] Building CXX object jit\CMakeFiles\clrjit_universal_arm_x64.dir\debuginfo.cpp.obj
  [2266/2661] Building CXX object jit\CMakeFiles\clrjit_universal_arm_x64.dir\disasm.cpp.obj
  [2267/2661] Building CXX object jit\CMakeFiles\clrjit_universal_arm_x64.dir\bitset.cpp.obj
  [2268/2661] Building CXX object jit\CMakeFiles\clrjit_universal_arm_x64.dir\earlyprop.cpp.obj
  [2269/2661] Building CXX object jit\CMakeFiles\clrjit_universal_arm_x64.dir\copyprop.cpp.obj
  [2270/2661] Building CXX object jit\CMakeFiles\clrjit_universal_arm_x64.dir\async.cpp.obj
  [2271/2661] Building CXX object jit\CMakeFiles\clrjit_universal_arm_x64.dir\assertionprop.cpp.obj
  [2272/2661] Building CXX object jit\CMakeFiles\clrjit_universal_arm_x64.dir\codegenlinear.cpp.obj
  [2273/2661] Building CXX object jit\CMakeFiles\clrjit_win_x64_x64.dir\emitxarch.cpp.obj
  [2274/2661] Building CXX object jit\CMakeFiles\clrjit_universal_arm_x64.dir\error.cpp.obj
  [2275/2661] Building CXX object jit\CMakeFiles\clrjit_universal_arm_x64.dir\codegencommon.cpp.obj
  [2276/2661] Building CXX object jit\CMakeFiles\clrjit_universal_arm_x64.dir\ee_il_dll.cpp.obj
  [2277/2661] Building CXX object jit\CMakeFiles\clrjit_universal_arm_x64.dir\eeinterface.cpp.obj
  [2278/2661] Building CXX object jit\CMakeFiles\clrjit_universal_arm_x64.dir\fgflow.cpp.obj
  [2279/2661] Building CXX object jit\CMakeFiles\clrjit_universal_arm_x64.dir\compiler.cpp.obj
  [2280/2661] Building CXX object jit\CMakeFiles\clrjit_universal_arm_x64.dir\fgbasic.cpp.obj
  [2281/2661] Building CXX object jit\CMakeFiles\clrjit_universal_arm_x64.dir\fginline.cpp.obj
  [2282/2661] Building CXX object jit\CMakeFiles\clrjit_universal_arm_x64.dir\fgehopt.cpp.obj
  [2283/2661] Building CXX object jit\CMakeFiles\clrjit_universal_arm_x64.dir\fgstmt.cpp.obj
  [2284/2661] Building CXX object jit\CMakeFiles\clrjit_universal_arm_x64.dir\emit.cpp.obj
  [2285/2661] Building CXX object jit\CMakeFiles\clrjit_win_x64_x64.dir\valuenum.cpp.obj
  [2286/2661] Building CXX object jit\CMakeFiles\clrjit_universal_arm_x64.dir\fgdiagnostic.cpp.obj
  [2287/2661] Building CXX object jit\CMakeFiles\clrjit_universal_arm_x64.dir\gcdecode.cpp.obj
  [2288/2661] Building CXX object jit\CMakeFiles\clrjit_universal_arm_x64.dir\fgprofile.cpp.obj
  [2289/2661] Building CXX object jit\CMakeFiles\clrjit_universal_arm_x64.dir\gschecks.cpp.obj
  [2290/2661] Building CXX object jit\CMakeFiles\clrjit_universal_arm_x64.dir\forwardsub.cpp.obj
  [2291/2661] Building CXX object jit\CMakeFiles\clrjit_universal_arm_x64.dir\gcencode.cpp.obj
  [2292/2661] Building CXX object jit\CMakeFiles\clrjit_universal_arm_x64.dir\fgprofilesynthesis.cpp.obj
  [2293/2661] Building CXX object jit\CMakeFiles\clrjit_universal_arm_x64.dir\gcinfo.cpp.obj
  [2294/2661] Building CXX object jit\CMakeFiles\clrjit_universal_arm_x64.dir\helperexpansion.cpp.obj
  [2295/2661] Building CXX object jit\CMakeFiles\clrjit_universal_arm_x64.dir\fgopt.cpp.obj
  [2296/2661] Building CXX object jit\CMakeFiles\clrjit_universal_arm_x64.dir\hwintrinsic.cpp.obj
  [2297/2661] Building CXX object jit\CMakeFiles\clrjit_universal_arm_x64.dir\hostallocator.cpp.obj
  [2298/2661] Building CXX object jit\CMakeFiles\clrjit_universal_arm_x64.dir\importervectorization.cpp.obj
  [2299/2661] Building CXX object jit\CMakeFiles\clrjit_universal_arm_x64.dir\inline.cpp.obj
  [2300/2661] Building CXX object jit\CMakeFiles\clrjit_universal_arm_x64.dir\indirectcalltransformer.cpp.obj
  [2301/2661] Building CXX object jit\CMakeFiles\clrjit_universal_arm_x64.dir\hashbv.cpp.obj
  [2302/2661] Building CXX object jit\CMakeFiles\clrjit_universal_arm_x64.dir\ifconversion.cpp.obj
  [2303/2661] Building CXX object jit\CMakeFiles\clrjit_universal_arm_x64.dir\instr.cpp.obj
  [2304/2661] Building CXX object jit\CMakeFiles\clrjit_universal_arm_x64.dir\inlinepolicy.cpp.obj
  [2305/2661] Building CXX object jit\CMakeFiles\clrjit_universal_arm_x64.dir\jitconfig.cpp.obj
  [2306/2661] Building CXX object jit\CMakeFiles\clrjit_universal_arm_x64.dir\inductionvariableopts.cpp.obj
  [2307/2661] Building CXX object jit\CMakeFiles\clrjit_universal_arm_x64.dir\jithashtable.cpp.obj
  [2308/2661] Building CXX object jit\CMakeFiles\clrjit_universal_arm_x64.dir\importercalls.cpp.obj
  [2309/2661] Building CXX object jit\CMakeFiles\clrjit_universal_arm_x64.dir\jitmetadata.cpp.obj
  [2310/2661] Building CXX object jit\CMakeFiles\clrjit_universal_arm_x64.dir\layout.cpp.obj
  [2311/2661] Building CXX object jit\CMakeFiles\clrjit_universal_arm_x64.dir\flowgraph.cpp.obj
  [2312/2661] Building CXX object jit\CMakeFiles\clrjit_universal_arm_x64.dir\jiteh.cpp.obj
  [2313/2661] Building CXX object jit\CMakeFiles\clrjit_universal_arm_x64.dir\likelyclass.cpp.obj
  [2314/2661] Building CXX object jit\CMakeFiles\clrjit_universal_arm_x64.dir\importer.cpp.obj
  [2315/2661] Building CXX object jit\CMakeFiles\clrjit_universal_arm_x64.dir\lclmorph.cpp.obj
  [2316/2661] Building CXX object jit\CMakeFiles\clrjit_universal_arm_x64.dir\gentree.cpp.obj
  [2317/2661] Building CXX object jit\CMakeFiles\clrjit_universal_arm_x64.dir\morphblock.cpp.obj
  [2318/2661] Building CXX object jit\CMakeFiles\clrjit_universal_arm_x64.dir\lir.cpp.obj
  [2319/2661] Building CXX object jit\CMakeFiles\clrjit_universal_arm_x64.dir\lclvars.cpp.obj
  [2320/2661] Building CXX object jit\CMakeFiles\clrjit_universal_arm_x64.dir\loopcloning.cpp.obj
  [2321/2661] Building CXX object jit\CMakeFiles\clrjit_universal_arm_x64.dir\optimizemaskconversions.cpp.obj
  [2322/2661] Building CXX object jit\CMakeFiles\clrjit_universal_arm_x64.dir\optimizebools.cpp.obj
  [2323/2661] Building CXX object jit\CMakeFiles\clrjit_universal_arm_x64.dir\objectalloc.cpp.obj
  [2324/2661] Building CXX object jit\CMakeFiles\clrjit_universal_arm_x64.dir\optcse.cpp.obj
  [2325/2661] Building CXX object jit\CMakeFiles\clrjit_universal_arm_x64.dir\morph.cpp.obj
  [2326/2661] Building CXX object jit\CMakeFiles\clrjit_universal_arm_x64.dir\phase.cpp.obj
  [2327/2661] Building CXX object jit\CMakeFiles\clrjit_universal_arm_x64.dir\lower.cpp.obj
  [2328/2661] Building CXX object jit\CMakeFiles\clrjit_universal_arm_x64.dir\promotiondecomposition.cpp.obj
  [2329/2661] Building CXX object jit\CMakeFiles\clrjit_universal_arm_x64.dir\patchpoint.cpp.obj
  [2330/2661] Building CXX object jit\CMakeFiles\clrjit_universal_arm_x64.dir\rangecheckcloning.cpp.obj
  [2331/2661] Building CXX object jit\CMakeFiles\clrjit_universal_arm_x64.dir\optimizer.cpp.obj
  [2332/2661] Building CXX object jit\CMakeFiles\clrjit_universal_arm_x64.dir\promotionliveness.cpp.obj
  [2333/2661] Building CXX object jit\CMakeFiles\clrjit_universal_arm_x64.dir\scev.cpp.obj
  [2334/2661] Building CXX object jit\CMakeFiles\clrjit_universal_arm_x64.dir\rationalize.cpp.obj
  [2335/2661] Building CXX object jit\CMakeFiles\clrjit_universal_arm_x64.dir\liveness.cpp.obj
  [2336/2661] Building CXX object jit\CMakeFiles\clrjit_universal_arm_x64.dir\regalloc.cpp.obj
  [2337/2661] Building CXX object jit\CMakeFiles\clrjit_universal_arm_x64.dir\regset.cpp.obj
  [2338/2661] Building CXX object jit\CMakeFiles\clrjit_universal_arm_x64.dir\rangecheck.cpp.obj
  [2339/2661] Building CXX object jit\CMakeFiles\clrjit_universal_arm_x64.dir\promotion.cpp.obj
  [2340/2661] Building CXX object jit\CMakeFiles\clrjit_universal_arm_x64.dir\redundantbranchopts.cpp.obj
  [2341/2661] Building CXX object jit\CMakeFiles\clrjit_universal_arm_x64.dir\smweights.cpp.obj
  [2342/2661] Building CXX object jit\CMakeFiles\clrjit_universal_arm_x64.dir\smdata.cpp.obj
  [2343/2661] Building CXX object jit\CMakeFiles\clrjit_universal_arm_x64.dir\sm.cpp.obj
  [2344/2661] Building CXX object jit\CMakeFiles\clrjit_universal_arm_x64.dir\sideeffects.cpp.obj
  [2345/2661] Building CXX object jit\CMakeFiles\clrjit_universal_arm_x64.dir\segmentlist.cpp.obj
  [2346/2661] Building CXX object jit\CMakeFiles\clrjit_universal_arm_x64.dir\regMaskTPOps.cpp.obj
  [2347/2661] Building CXX object jit\CMakeFiles\clrjit_universal_arm_x64.dir\__\jitshared\histogram.cpp.obj
  [2348/2661] Building CXX object jit\CMakeFiles\clrjit_universal_arm_x64.dir\scopeinfo.cpp.obj
  [2349/2661] Building CXX object jit\CMakeFiles\clrjit_universal_arm_x64.dir\switchrecognition.cpp.obj
  [2350/2661] Building CXX object jit\CMakeFiles\clrjit_universal_arm_x64.dir\ssarenamestate.cpp.obj
  [2351/2661] Building CXX object jit\CMakeFiles\clrjit_universal_arm_x64.dir\unwind.cpp.obj
  [2352/2661] Building CXX object jit\CMakeFiles\clrjit_universal_arm_x64.dir\stacklevelsetter.cpp.obj
  [2353/2661] Building CXX object jit\CMakeFiles\clrjit_universal_arm_x64.dir\treelifeupdater.cpp.obj
  [2354/2661] Building CXX object jit\CMakeFiles\clrjit_universal_arm_x64.dir\utils.cpp.obj
  [2355/2661] Building CXX object jit\CMakeFiles\clrjit_universal_arm_x64.dir\ssabuilder.cpp.obj
  [2356/2661] Building CXX object jit\CMakeFiles\clrjit_universal_arm_x64.dir\decomposelongs.cpp.obj
  [2357/2661] Building CXX object jit\CMakeFiles\clrjit_universal_arm_x64.dir\codegenarm.cpp.obj
  [2358/2661] Building CXX object jit\CMakeFiles\clrjit_universal_arm_x64.dir\emitarm.cpp.obj
  [2359/2661] Building CXX object jit\CMakeFiles\clrjit_universal_arm_x64.dir\codegenarmarch.cpp.obj
  [2360/2661] Building CXX object jit\CMakeFiles\clrjit_universal_arm_x64.dir\lsrabuild.cpp.obj
  [2361/2661] Building CXX object jit\CMakeFiles\clrjit_universal_arm_x64.dir\targetarm.cpp.obj
  [2362/2661] Building CXX object jit\CMakeFiles\clrjit_universal_arm_x64.dir\dllmain.cpp.obj
  [2363/2661] Building RC object jit\CMakeFiles\clrjit_universal_arm_x64.dir\Native.rc.res
  [2364/2661] Building CXX object jit\CMakeFiles\clrjit_win_x86_x64.dir\alloc.cpp.obj
  [2365/2661] Building CXX object jit\CMakeFiles\clrjit_win_x86_x64.dir\abi.cpp.obj
  [2366/2661] Building CXX object jit\CMakeFiles\clrjit_universal_arm_x64.dir\unwindarmarch.cpp.obj
  [2367/2661] Building CXX object jit\CMakeFiles\clrjit_win_x86_x64.dir\buildstring.cpp.obj
  [2368/2661] Building CXX object jit\CMakeFiles\clrjit_win_x86_x64.dir\bitset.cpp.obj
  [2369/2661] Building CXX object jit\CMakeFiles\clrjit_universal_arm_x64.dir\lsraarm.cpp.obj
  [2370/2661] Building CXX object jit\CMakeFiles\clrjit_win_x86_x64.dir\asyncanalysis.cpp.obj
  [2371/2661] Building CXX object jit\CMakeFiles\clrjit_universal_arm_x64.dir\lowerarmarch.cpp.obj
  [2372/2661] Building CXX object jit\CMakeFiles\clrjit_universal_arm_x64.dir\lsraarmarch.cpp.obj
  [2373/2661] Building CXX object jit\CMakeFiles\clrjit_win_x86_x64.dir\boundscheckcoalesce.cpp.obj
  [2374/2661] Building CXX object jit\CMakeFiles\clrjit_universal_arm_x64.dir\lsra.cpp.obj
  [2375/2661] Building CXX object jit\CMakeFiles\clrjit_win_x86_x64.dir\async.cpp.obj
  [2376/2661] Building CXX object jit\CMakeFiles\clrjit_win_x86_x64.dir\block.cpp.obj
  [2377/2661] Building CXX object jit\CMakeFiles\clrjit_universal_arm_x64.dir\valuenum.cpp.obj
  [2378/2661] Building CXX object jit\CMakeFiles\clrjit_win_x86_x64.dir\copyprop.cpp.obj
  [2379/2661] Building CXX object jit\CMakeFiles\clrjit_win_x86_x64.dir\assertionprop.cpp.obj
  [2380/2661] Building CXX object jit\CMakeFiles\clrjit_win_x86_x64.dir\error.cpp.obj
  [2381/2661] Building CXX object jit\CMakeFiles\clrjit_win_x86_x64.dir\debuginfo.cpp.obj
  [2382/2661] Building CXX object jit\CMakeFiles\clrjit_win_x86_x64.dir\disasm.cpp.obj
  [2383/2661] Building CXX object jit\CMakeFiles\clrjit_win_x86_x64.dir\fgflow.cpp.obj
  [2384/2661] Building CXX object jit\CMakeFiles\clrjit_win_x86_x64.dir\eeinterface.cpp.obj
  [2385/2661] Building CXX object jit\CMakeFiles\clrjit_win_x86_x64.dir\codegenlinear.cpp.obj
  [2386/2661] Building CXX object jit\CMakeFiles\clrjit_win_x86_x64.dir\ee_il_dll.cpp.obj
  [2387/2661] Building CXX object jit\CMakeFiles\clrjit_win_x86_x64.dir\earlyprop.cpp.obj
  [2388/2661] Building CXX object jit\CMakeFiles\clrjit_win_x86_x64.dir\fgehopt.cpp.obj
  [2389/2661] Building CXX object jit\CMakeFiles\clrjit_win_x86_x64.dir\fgbasic.cpp.obj
  [2390/2661] Building CXX object jit\CMakeFiles\clrjit_win_x86_x64.dir\codegencommon.cpp.obj
  [2391/2661] Building CXX object jit\CMakeFiles\clrjit_win_x86_x64.dir\emit.cpp.obj
  [2392/2661] Building CXX object jit\CMakeFiles\clrjit_win_x86_x64.dir\fgdiagnostic.cpp.obj
  [2393/2661] Building CXX object jit\CMakeFiles\clrjit_win_x86_x64.dir\fginline.cpp.obj
  [2394/2661] Building CXX object jit\CMakeFiles\clrjit_win_x86_x64.dir\fgprofile.cpp.obj
  [2395/2661] Building CXX object jit\CMakeFiles\clrjit_win_x86_x64.dir\fgstmt.cpp.obj
  [2396/2661] Building CXX object jit\CMakeFiles\clrjit_win_x86_x64.dir\gcdecode.cpp.obj
  [2397/2661] Building CXX object jit\CMakeFiles\clrjit_win_x86_x64.dir\gcinfo.cpp.obj
  [2398/2661] Building CXX object jit\CMakeFiles\clrjit_win_x86_x64.dir\gschecks.cpp.obj
  [2399/2661] Building CXX object jit\CMakeFiles\clrjit_win_x86_x64.dir\gcencode.cpp.obj
  [2400/2661] Building CXX object jit\CMakeFiles\clrjit_win_x86_x64.dir\hashbv.cpp.obj
  [2401/2661] Building CXX object jit\CMakeFiles\clrjit_win_x86_x64.dir\fgprofilesynthesis.cpp.obj
  [2402/2661] Building CXX object jit\CMakeFiles\clrjit_win_x86_x64.dir\forwardsub.cpp.obj
  [2403/2661] Building CXX object jit\CMakeFiles\clrjit_win_x86_x64.dir\hostallocator.cpp.obj
  [2404/2661] Building CXX object jit\CMakeFiles\clrjit_win_x86_x64.dir\helperexpansion.cpp.obj
  [2405/2661] Building CXX object jit\CMakeFiles\clrjit_win_x86_x64.dir\ifconversion.cpp.obj
  [2406/2661] Building CXX object jit\CMakeFiles\clrjit_win_x86_x64.dir\fgopt.cpp.obj
  [2407/2661] Building CXX object jit\CMakeFiles\clrjit_win_x86_x64.dir\compiler.cpp.obj
  [2408/2661] Building CXX object jit\CMakeFiles\clrjit_win_x86_x64.dir\importervectorization.cpp.obj
  [2409/2661] Building CXX object jit\CMakeFiles\clrjit_win_x86_x64.dir\jithashtable.cpp.obj
  [2410/2661] Building CXX object jit\CMakeFiles\clrjit_win_x86_x64.dir\hwintrinsic.cpp.obj
  [2411/2661] Building CXX object jit\CMakeFiles\clrjit_win_x86_x64.dir\inline.cpp.obj
  [2412/2661] Building CXX object jit\CMakeFiles\clrjit_win_x86_x64.dir\jitconfig.cpp.obj
  [2413/2661] Building CXX object jit\CMakeFiles\clrjit_win_x86_x64.dir\inlinepolicy.cpp.obj
  [2414/2661] Building CXX object jit\CMakeFiles\clrjit_win_x86_x64.dir\flowgraph.cpp.obj
  [2415/2661] Building CXX object jit\CMakeFiles\clrjit_win_x86_x64.dir\indirectcalltransformer.cpp.obj
  [2416/2661] Building CXX object jit\CMakeFiles\clrjit_win_x86_x64.dir\jitmetadata.cpp.obj
  [2417/2661] Building CXX object jit\CMakeFiles\clrjit_win_x86_x64.dir\instr.cpp.obj
  [2418/2661] Building CXX object jit\CMakeFiles\clrjit_win_x86_x64.dir\jiteh.cpp.obj
  [2419/2661] Building CXX object jit\CMakeFiles\clrjit_win_x86_x64.dir\importercalls.cpp.obj
  [2420/2661] Building CXX object jit\CMakeFiles\clrjit_win_x86_x64.dir\importer.cpp.obj
  [2421/2661] Building CXX object jit\CMakeFiles\clrjit_win_x86_x64.dir\likelyclass.cpp.obj
  [2422/2661] Building CXX object jit\CMakeFiles\clrjit_win_x86_x64.dir\layout.cpp.obj
  [2423/2661] Building CXX object jit\CMakeFiles\clrjit_win_x86_x64.dir\inductionvariableopts.cpp.obj
  [2424/2661] Building CXX object jit\CMakeFiles\clrjit_win_x86_x64.dir\lclmorph.cpp.obj
  [2425/2661] Building CXX object jit\CMakeFiles\clrjit_win_x86_x64.dir\lclvars.cpp.obj
  [2426/2661] Building CXX object jit\CMakeFiles\clrjit_win_x86_x64.dir\morphblock.cpp.obj
  [2427/2661] Building CXX object jit\CMakeFiles\clrjit_win_x86_x64.dir\patchpoint.cpp.obj
  [2428/2661] Building CXX object jit\CMakeFiles\clrjit_win_x86_x64.dir\optimizebools.cpp.obj
  [2429/2661] Building CXX object jit\CMakeFiles\clrjit_win_x86_x64.dir\loopcloning.cpp.obj
  [2430/2661] Building CXX object jit\CMakeFiles\clrjit_win_x86_x64.dir\lir.cpp.obj
  [2431/2661] Building CXX object jit\CMakeFiles\clrjit_win_x86_x64.dir\optimizemaskconversions.cpp.obj
  [2432/2661] Building CXX object jit\CMakeFiles\clrjit_win_x86_x64.dir\gentree.cpp.obj
  [2433/2661] Building CXX object jit\CMakeFiles\clrjit_win_x86_x64.dir\objectalloc.cpp.obj
  [2434/2661] Building CXX object jit\CMakeFiles\clrjit_win_x86_x64.dir\phase.cpp.obj
  [2435/2661] Building CXX object jit\CMakeFiles\clrjit_win_x86_x64.dir\optcse.cpp.obj
  [2436/2661] Building CXX object jit\CMakeFiles\clrjit_win_x86_x64.dir\optimizer.cpp.obj
  [2437/2661] Building CXX object jit\CMakeFiles\clrjit_win_x86_x64.dir\promotiondecomposition.cpp.obj
  [2438/2661] Building CXX object jit\CMakeFiles\clrjit_win_x86_x64.dir\promotionliveness.cpp.obj
  [2439/2661] Building CXX object jit\CMakeFiles\clrjit_win_x86_x64.dir\liveness.cpp.obj
  [2440/2661] Building CXX object jit\CMakeFiles\clrjit_win_x86_x64.dir\rangecheck.cpp.obj
  [2441/2661] Building CXX object jit\CMakeFiles\clrjit_win_x86_x64.dir\morph.cpp.obj
  [2442/2661] Building CXX object jit\CMakeFiles\clrjit_win_x86_x64.dir\regalloc.cpp.obj
  [2443/2661] Building CXX object jit\CMakeFiles\clrjit_win_x86_x64.dir\rangecheckcloning.cpp.obj
  [2444/2661] Building CXX object jit\CMakeFiles\clrjit_win_x86_x64.dir\promotion.cpp.obj
  [2445/2661] Building CXX object jit\CMakeFiles\clrjit_win_x86_x64.dir\lower.cpp.obj
  [2446/2661] Building CXX object jit\CMakeFiles\clrjit_win_x86_x64.dir\rationalize.cpp.obj
  [2447/2661] Building CXX object jit\CMakeFiles\clrjit_win_x86_x64.dir\regset.cpp.obj
  [2448/2661] Building CXX object jit\CMakeFiles\clrjit_win_x86_x64.dir\segmentlist.cpp.obj
  [2449/2661] Building CXX object jit\CMakeFiles\clrjit_win_x86_x64.dir\redundantbranchopts.cpp.obj
  [2450/2661] Building CXX object jit\CMakeFiles\clrjit_win_x86_x64.dir\smweights.cpp.obj
  [2451/2661] Building CXX object jit\CMakeFiles\clrjit_win_x86_x64.dir\smdata.cpp.obj
  [2452/2661] Building CXX object jit\CMakeFiles\clrjit_win_x86_x64.dir\sm.cpp.obj
  [2453/2661] Building CXX object jit\CMakeFiles\clrjit_win_x86_x64.dir\ssarenamestate.cpp.obj
  [2454/2661] Building CXX object jit\CMakeFiles\clrjit_win_x86_x64.dir\stacklevelsetter.cpp.obj
  [2455/2661] Building CXX object jit\CMakeFiles\clrjit_win_x86_x64.dir\sideeffects.cpp.obj
  [2456/2661] Building CXX object jit\CMakeFiles\clrjit_win_x86_x64.dir\treelifeupdater.cpp.obj
  [2457/2661] Building CXX object jit\CMakeFiles\clrjit_win_x86_x64.dir\scopeinfo.cpp.obj
  [2458/2661] Building CXX object jit\CMakeFiles\clrjit_win_x86_x64.dir\scev.cpp.obj
  [2459/2661] Building CXX object jit\CMakeFiles\clrjit_win_x86_x64.dir\switchrecognition.cpp.obj
  [2460/2661] Building CXX object jit\CMakeFiles\clrjit_win_x86_x64.dir\__\jitshared\histogram.cpp.obj
  [2461/2661] Building CXX object jit\CMakeFiles\clrjit_win_x86_x64.dir\regMaskTPOps.cpp.obj
  [2462/2661] Building CXX object jit\CMakeFiles\clrjit_win_x86_x64.dir\ssabuilder.cpp.obj
  [2463/2661] Building CXX object jit\CMakeFiles\clrjit_win_x86_x64.dir\simd.cpp.obj
  [2464/2661] Building CXX object jit\CMakeFiles\clrjit_win_x86_x64.dir\unwind.cpp.obj
  [2465/2661] Building CXX object jit\CMakeFiles\clrjit_win_x86_x64.dir\simdcodegenxarch.cpp.obj
  [2466/2661] Building CXX object jit\CMakeFiles\clrjit_win_x86_x64.dir\utils.cpp.obj
  [2467/2661] Building CXX object jit\CMakeFiles\clrjit_win_x86_x64.dir\targetx86.cpp.obj
  [2468/2661] Building CXX object jit\CMakeFiles\clrjit_win_x86_x64.dir\decomposelongs.cpp.obj
  [2469/2661] Building CXX object jit\CMakeFiles\clrjit_win_x86_x64.dir\lsraxarch.cpp.obj
  [2470/2661] Building CXX object jit\CMakeFiles\clrjit_win_x86_x64.dir\unwindx86.cpp.obj
  [2471/2661] Building CXX object jit\CMakeFiles\clrjit_win_x86_x64.dir\dllmain.cpp.obj
  [2472/2661] Building CXX object jit\CMakeFiles\clrjit_win_x86_x64.dir\lsrabuild.cpp.obj
  [2473/2661] Building CXX object jit\CMakeFiles\clrjit_win_x86_x64.dir\hwintrinsicxarch.cpp.obj
  [2474/2661] Building CXX object jit\CMakeFiles\clrjit_win_x86_x64.dir\lowerxarch.cpp.obj
  [2475/2661] Building CXX object jit\CMakeFiles\clrjit_win_x86_x64.dir\codegenxarch.cpp.obj
  [2476/2661] Building RC object jit\CMakeFiles\clrjit_win_x86_x64.dir\Native.rc.res
  [2477/2661] Linking CXX static library md\compiler\mdcompiler_ppdb.lib
  [2478/2661] Linking CXX static library md\runtime\mdruntime_ppdb.lib
  [2479/2661] Building CXX object jit\CMakeFiles\clrjit_win_x86_x64.dir\lsra.cpp.obj
  [2480/2661] Linking CXX static library md\enc\mdruntimerw_ppdb.lib
  [2481/2661] Building CXX object dlls\mscordbi_universal\CMakeFiles\mscordbi_universal.dir\__\mscordbi\mscordbi.cpp.obj
  [2482/2661] Linking CXX static library debug\runtimeinfo\runtimeinfo.lib
  [2483/2661] Building CXX object jit\CMakeFiles\clrjit_win_x86_x64.dir\hwintrinsiccodegenxarch.cpp.obj
  [2484/2661] Building RC object debug\createdump\CMakeFiles\createdump.dir\createdump.rc.res
  [2485/2661] Building RC object dlls\mscordbi_universal\CMakeFiles\mscordbi_universal.dir\__\mscordbi\Native.rc.res
  [2486/2661] Building RC object dlls\clretwrc\CMakeFiles\clretwrc.dir\clretwrc.rc.res
  [2487/2661] Linking CXX static library dlls\mscorpe\mscorpe.lib
  [2488/2661] Building CXX object jit\CMakeFiles\clrjit_win_x86_x64.dir\emitxarch.cpp.obj
  [2489/2661] Building CXX object tools\superpmi\superpmi\CMakeFiles\superpmi.dir\cycletimer.cpp.obj
  [2490/2661] Building CXX object tools\superpmi\superpmi\CMakeFiles\superpmi.dir\parallelsuperpmi.cpp.obj
  [2491/2661] Building CXX object jit\CMakeFiles\clrjit_win_x86_x64.dir\valuenum.cpp.obj
  [2492/2661] Building CXX object tools\superpmi\superpmi\CMakeFiles\superpmi.dir\jitdebugger.cpp.obj
  [2493/2661] Building CXX object tools\superpmi\superpmi\CMakeFiles\superpmi.dir\commandline.cpp.obj
  [2494/2661] Building CXX object tools\superpmi\superpmi\CMakeFiles\superpmi.dir\neardiffer.cpp.obj
  [2495/2661] Building CXX object tools\superpmi\superpmi\CMakeFiles\superpmi.dir\jitinstance.cpp.obj
  [2496/2661] Building CXX object tools\superpmi\superpmi\CMakeFiles\superpmi.dir\methodstatsemitter.cpp.obj
  [2497/2661] Building CXX object tools\superpmi\superpmi\CMakeFiles\superpmi.dir\fileio.cpp.obj
  [2498/2661] Building CXX object tools\superpmi\superpmi\CMakeFiles\superpmi.dir\icorjitinfo.cpp.obj
  [2499/2661] Building CXX object tools\superpmi\superpmi\CMakeFiles\superpmi.dir\streamingsuperpmi.cpp.obj
  [2500/2661] Building CXX object tools\superpmi\superpmi\CMakeFiles\superpmi.dir\superpmi.cpp.obj
  [2501/2661] Building CXX object tools\superpmi\superpmi\CMakeFiles\superpmi.dir\__\superpmi-shared\simpletimer.cpp.obj
  [2502/2661] Building CXX object tools\superpmi\superpmi\CMakeFiles\superpmi.dir\__\superpmi-shared\mclist.cpp.obj
  [2503/2661] Building CXX object tools\superpmi\superpmi\CMakeFiles\superpmi.dir\jithost.cpp.obj
  [2504/2661] Building CXX object tools\superpmi\superpmi\CMakeFiles\superpmi.dir\__\superpmi-shared\hash.cpp.obj
  [2505/2661] Building CXX object tools\superpmi\superpmi\CMakeFiles\superpmi.dir\__\superpmi-shared\logging.cpp.obj
  [2506/2661] Building CXX object debug\createdump\CMakeFiles\createdump.dir\createdumpmain.cpp.obj
  [2507/2661] Building CXX object debug\createdump\CMakeFiles\createdump.dir\createdumpwindows.cpp.obj
  [2508/2661] Building CXX object debug\createdump\CMakeFiles\createdump.dir\main.cpp.obj
  [2509/2661] Building CXX object tools\superpmi\superpmi\CMakeFiles\superpmi.dir\__\superpmi-shared\errorhandling.cpp.obj
  [2510/2661] Building CXX object tools\superpmi\mcs\CMakeFiles\mcs.dir\commandline.cpp.obj
  [2511/2661] Building CXX object tools\superpmi\superpmi\CMakeFiles\superpmi.dir\__\superpmi-shared\callutils.cpp.obj
  [2512/2661] Building CXX object debug\createdump\CMakeFiles\createdump.dir\dumpname.cpp.obj
  [2513/2661] Building CXX object tools\superpmi\superpmi\CMakeFiles\superpmi.dir\__\superpmi-shared\compileresult.cpp.obj
  [2514/2661] Building CXX object tools\superpmi\mcs\CMakeFiles\mcs.dir\verbconcat.cpp.obj
  [2515/2661] Building CXX object tools\superpmi\superpmi\CMakeFiles\superpmi.dir\__\superpmi-shared\methodcontextreader.cpp.obj
  [2516/2661] Building CXX object tools\superpmi\superpmi\CMakeFiles\superpmi.dir\__\superpmi-shared\typeutils.cpp.obj
  [2517/2661] Building CXX object tools\superpmi\superpmi\CMakeFiles\superpmi.dir\__\superpmi-shared\tocfile.cpp.obj
  [2518/2661] Building CXX object tools\superpmi\mcs\CMakeFiles\mcs.dir\mcs.cpp.obj
  [2519/2661] Building CXX object tools\superpmi\superpmi\CMakeFiles\superpmi.dir\__\superpmi-shared\spmidumphelper.cpp.obj
  [2520/2661] Building CXX object tools\superpmi\superpmi\CMakeFiles\superpmi.dir\__\superpmi-shared\spmiutil.cpp.obj
  [2521/2661] Building CXX object tools\superpmi\mcs\CMakeFiles\mcs.dir\verbasmdump.cpp.obj
  [2522/2661] Building CXX object tools\superpmi\mcs\CMakeFiles\mcs.dir\verbdumptoc.cpp.obj
  [2523/2661] Building CXX object tools\superpmi\mcs\CMakeFiles\mcs.dir\verbdump.cpp.obj
  [2524/2661] Building CXX object tools\superpmi\mcs\CMakeFiles\mcs.dir\removedup.cpp.obj
  [2525/2661] Building CXX object tools\superpmi\mcs\CMakeFiles\mcs.dir\verbdumpmap.cpp.obj
  [2526/2661] Building CXX object tools\superpmi\mcs\CMakeFiles\mcs.dir\verbfracture.cpp.obj
  [2527/2661] Linking CXX static library dlls\mscoree\coreclr\coreclr_static.lib
  [2528/2661] Building CXX object tools\superpmi\mcs\CMakeFiles\mcs.dir\__\superpmi-shared\logging.cpp.obj
  [2529/2661] Building CXX object tools\superpmi\mcs\CMakeFiles\mcs.dir\verbjitflags.cpp.obj
  [2530/2661] Building CXX object tools\superpmi\mcs\CMakeFiles\mcs.dir\__\superpmi-shared\mclist.cpp.obj
  [2531/2661] Building CXX object tools\superpmi\mcs\CMakeFiles\mcs.dir\verbildump.cpp.obj
  [2532/2661] Building CXX object tools\superpmi\mcs\CMakeFiles\mcs.dir\verbinteg.cpp.obj
  [2533/2661] Building CXX object tools\superpmi\mcs\CMakeFiles\mcs.dir\verbmerge.cpp.obj
  [2534/2661] Building CXX object tools\superpmi\mcs\CMakeFiles\mcs.dir\verbprintjiteeversion.cpp.obj
  [2535/2661] Building CXX object tools\superpmi\mcs\CMakeFiles\mcs.dir\verbstat.cpp.obj
  [2536/2661] Building CXX object tools\superpmi\mcs\CMakeFiles\mcs.dir\verbremovedup.cpp.obj
  [2537/2661] Building CXX object tools\superpmi\mcs\CMakeFiles\mcs.dir\verbtoc.cpp.obj
  [2538/2661] Building CXX object tools\superpmi\mcs\CMakeFiles\mcs.dir\__\superpmi-shared\callutils.cpp.obj
  [2539/2661] Building CXX object tools\superpmi\mcs\CMakeFiles\mcs.dir\verbstrip.cpp.obj
  [2540/2661] Building CXX object tools\superpmi\mcs\CMakeFiles\mcs.dir\__\superpmi-shared\asmdumper.cpp.obj
  [2541/2661] Building CXX object tools\superpmi\mcs\CMakeFiles\mcs.dir\__\superpmi-shared\simpletimer.cpp.obj
  [2542/2661] Building CXX object tools\superpmi\superpmi\CMakeFiles\superpmi.dir\__\superpmi-shared\methodcontext.cpp.obj
  [2543/2661] Building CXX object tools\superpmi\mcs\CMakeFiles\mcs.dir\__\superpmi-shared\hash.cpp.obj
  [2544/2661] Building CXX object tools\superpmi\mcs\CMakeFiles\mcs.dir\__\superpmi-shared\errorhandling.cpp.obj
  [2545/2661] Building CXX object tools\superpmi\mcs\CMakeFiles\mcs.dir\__\superpmi-shared\compileresult.cpp.obj
  [2546/2661] Building CXX object tools\superpmi\mcs\CMakeFiles\mcs.dir\__\superpmi-shared\methodcontextiterator.cpp.obj
  [2547/2661] Building CXX object tools\superpmi\mcs\CMakeFiles\mcs.dir\__\superpmi-shared\methodcontextreader.cpp.obj
  [2548/2661] Building CXX object tools\superpmi\superpmi-shim-collector\CMakeFiles\superpmi-shim-collector.dir\__\superpmi-shared\mclist.cpp.obj
  [2549/2661] Building CXX object tools\superpmi\superpmi-shim-collector\CMakeFiles\superpmi-shim-collector.dir\__\superpmi-shared\logging.cpp.obj
  [2550/2661] Building CXX object tools\superpmi\mcs\CMakeFiles\mcs.dir\__\superpmi-shared\typeutils.cpp.obj
  [2551/2661] Building CXX object tools\superpmi\superpmi-shim-collector\CMakeFiles\superpmi-shim-collector.dir\icorjitcompiler.cpp.obj
  [2552/2661] Building CXX object tools\superpmi\superpmi-shim-collector\CMakeFiles\superpmi-shim-collector.dir\icorjitinfo.cpp.obj
  [2553/2661] Building CXX object tools\superpmi\superpmi-shim-collector\CMakeFiles\superpmi-shim-collector.dir\__\superpmi-shared\simpletimer.cpp.obj
  [2554/2661] Building CXX object tools\superpmi\superpmi-shim-collector\CMakeFiles\superpmi-shim-collector.dir\jithost.cpp.obj
  [2555/2661] Building CXX object tools\superpmi\mcs\CMakeFiles\mcs.dir\__\superpmi-shared\tocfile.cpp.obj
  [2556/2661] Building CXX object tools\superpmi\superpmi-shim-collector\CMakeFiles\superpmi-shim-collector.dir\__\superpmi-shared\errorhandling.cpp.obj
  [2557/2661] Building CXX object tools\superpmi\superpmi-shim-collector\CMakeFiles\superpmi-shim-collector.dir\__\superpmi-shared\callutils.cpp.obj
  [2558/2661] Building CXX object tools\superpmi\superpmi-shim-collector\CMakeFiles\superpmi-shim-collector.dir\superpmi-shim-collector.cpp.obj
  [2559/2661] Building CXX object tools\superpmi\mcs\CMakeFiles\mcs.dir\__\superpmi-shared\spmidumphelper.cpp.obj
  [2560/2661] Building CXX object tools\superpmi\superpmi-shim-collector\CMakeFiles\superpmi-shim-collector.dir\__\superpmi-shared\compileresult.cpp.obj
  [2561/2661] Building CXX object tools\superpmi\mcs\CMakeFiles\mcs.dir\__\superpmi-shared\spmiutil.cpp.obj
  [2562/2661] Building CXX object tools\superpmi\superpmi-shim-collector\CMakeFiles\superpmi-shim-collector.dir\__\superpmi-shared\hash.cpp.obj
  [2563/2661] Building CXX object tools\superpmi\superpmi-shim-counter\CMakeFiles\superpmi-shim-counter.dir\icorjitcompiler.cpp.obj
  [2564/2661] Building CXX object tools\superpmi\superpmi-shim-collector\CMakeFiles\superpmi-shim-collector.dir\__\superpmi-shared\tocfile.cpp.obj
  [2565/2661] Building CXX object tools\superpmi\superpmi-shim-collector\CMakeFiles\superpmi-shim-collector.dir\__\superpmi-shared\methodcontextreader.cpp.obj
  [2566/2661] Building CXX object tools\superpmi\superpmi-shim-collector\CMakeFiles\superpmi-shim-collector.dir\__\superpmi-shared\typeutils.cpp.obj
  [2567/2661] Building CXX object tools\superpmi\superpmi-shim-counter\CMakeFiles\superpmi-shim-counter.dir\jithost.cpp.obj
  [2568/2661] Building CXX object tools\superpmi\superpmi-shim-counter\CMakeFiles\superpmi-shim-counter.dir\__\superpmi-shared\callutils.cpp.obj
  [2569/2661] Building CXX object tools\superpmi\superpmi-shim-counter\CMakeFiles\superpmi-shim-counter.dir\superpmi-shim-counter.cpp.obj
  [2570/2661] Building CXX object tools\superpmi\superpmi-shim-counter\CMakeFiles\superpmi-shim-counter.dir\icorjitinfo_generated.cpp.obj
  [2571/2661] Building CXX object tools\superpmi\superpmi-shim-counter\CMakeFiles\superpmi-shim-counter.dir\methodcallsummarizer.cpp.obj
  [2572/2661] Building CXX object tools\superpmi\superpmi-shim-collector\CMakeFiles\superpmi-shim-collector.dir\__\superpmi-shared\spmidumphelper.cpp.obj
  [2573/2661] Building CXX object tools\superpmi\superpmi-shim-collector\CMakeFiles\superpmi-shim-collector.dir\__\superpmi-shared\spmiutil.cpp.obj
  [2574/2661] Building CXX object tools\superpmi\superpmi-shim-counter\CMakeFiles\superpmi-shim-counter.dir\__\superpmi-shared\simpletimer.cpp.obj
  [2575/2661] Building CXX object tools\superpmi\superpmi-shim-counter\CMakeFiles\superpmi-shim-counter.dir\__\superpmi-shared\mclist.cpp.obj
  [2576/2661] Building CXX object tools\superpmi\superpmi-shim-counter\CMakeFiles\superpmi-shim-counter.dir\__\superpmi-shared\logging.cpp.obj
  [2577/2661] Building CXX object tools\superpmi\mcs\CMakeFiles\mcs.dir\__\superpmi-shared\methodcontext.cpp.obj
  [2578/2661] Building CXX object tools\superpmi\superpmi-shim-counter\CMakeFiles\superpmi-shim-counter.dir\__\superpmi-shared\errorhandling.cpp.obj
  [2579/2661] Building CXX object tools\superpmi\superpmi-shim-counter\CMakeFiles\superpmi-shim-counter.dir\__\superpmi-shared\compileresult.cpp.obj
  [2580/2661] Building CXX object tools\superpmi\superpmi-shim-counter\CMakeFiles\superpmi-shim-counter.dir\__\superpmi-shared\hash.cpp.obj
  [2581/2661] Building CXX object tools\superpmi\superpmi-shim-simple\CMakeFiles\superpmi-shim-simple.dir\__\superpmi-shared\mclist.cpp.obj
  [2582/2661] Building CXX object tools\superpmi\superpmi-shim-simple\CMakeFiles\superpmi-shim-simple.dir\__\superpmi-shared\logging.cpp.obj
  [2583/2661] Building CXX object tools\superpmi\superpmi-shim-counter\CMakeFiles\superpmi-shim-counter.dir\__\superpmi-shared\typeutils.cpp.obj
  [2584/2661] Building CXX object tools\superpmi\superpmi-shim-counter\CMakeFiles\superpmi-shim-counter.dir\__\superpmi-shared\methodcontextreader.cpp.obj
  [2585/2661] Building CXX object tools\superpmi\superpmi-shim-simple\CMakeFiles\superpmi-shim-simple.dir\jithost.cpp.obj
  [2586/2661] Building CXX object tools\superpmi\superpmi-shim-simple\CMakeFiles\superpmi-shim-simple.dir\icorjitcompiler.cpp.obj
  [2587/2661] Building CXX object tools\superpmi\superpmi-shim-counter\CMakeFiles\superpmi-shim-counter.dir\__\superpmi-shared\tocfile.cpp.obj
  [2588/2661] Building CXX object tools\superpmi\superpmi-shim-simple\CMakeFiles\superpmi-shim-simple.dir\superpmi-shim-simple.cpp.obj
  [2589/2661] Building CXX object tools\superpmi\superpmi-shim-simple\CMakeFiles\superpmi-shim-simple.dir\icorjitinfo_generated.cpp.obj
  [2590/2661] Building CXX object tools\superpmi\superpmi-shim-collector\CMakeFiles\superpmi-shim-collector.dir\__\superpmi-shared\methodcontext.cpp.obj
  [2591/2661] Building CXX object tools\superpmi\superpmi-shim-counter\CMakeFiles\superpmi-shim-counter.dir\__\superpmi-shared\spmidumphelper.cpp.obj
  [2592/2661] Building CXX object tools\superpmi\superpmi-shim-simple\CMakeFiles\superpmi-shim-simple.dir\__\superpmi-shared\simpletimer.cpp.obj
  [2593/2661] Building CXX object tools\superpmi\superpmi-shim-simple\CMakeFiles\superpmi-shim-simple.dir\__\superpmi-shared\errorhandling.cpp.obj
  [2594/2661] Building CXX object tools\superpmi\superpmi-shim-simple\CMakeFiles\superpmi-shim-simple.dir\__\superpmi-shared\callutils.cpp.obj
  [2595/2661] Building CXX object tools\superpmi\superpmi-shim-counter\CMakeFiles\superpmi-shim-counter.dir\__\superpmi-shared\spmiutil.cpp.obj
  [2596/2661] Building CXX object tools\superpmi\superpmi-shim-simple\CMakeFiles\superpmi-shim-simple.dir\__\superpmi-shared\hash.cpp.obj
  [2597/2661] Building CXX object tools\superpmi\superpmi-shim-simple\CMakeFiles\superpmi-shim-simple.dir\__\superpmi-shared\typeutils.cpp.obj
  [2598/2661] Building CXX object tools\superpmi\superpmi-shim-simple\CMakeFiles\superpmi-shim-simple.dir\__\superpmi-shared\compileresult.cpp.obj
  [2599/2661] Building CXX object tools\superpmi\superpmi-shim-simple\CMakeFiles\superpmi-shim-simple.dir\__\superpmi-shared\tocfile.cpp.obj
  [2600/2661] Building RC object hosts\corerun\CMakeFiles\corerun.dir\native.rc.res
  [2601/2661] Building CXX object tools\superpmi\superpmi-shim-simple\CMakeFiles\superpmi-shim-simple.dir\__\superpmi-shared\methodcontextreader.cpp.obj
  [2602/2661] Building CXX object tools\superpmi\superpmi-shim-simple\CMakeFiles\superpmi-shim-simple.dir\__\superpmi-shared\spmidumphelper.cpp.obj
  [2603/2661] Building C object Corehost.Static\hostmisc\CMakeFiles\hostmisc_public.dir\fx_ver.c.obj
  [2604/2661] Building C object Corehost.Static\hostmisc\CMakeFiles\hostmisc_public.dir\trace.c.obj
  [2605/2661] Building CXX object tools\superpmi\superpmi-shim-simple\CMakeFiles\superpmi-shim-simple.dir\__\superpmi-shared\spmiutil.cpp.obj
  [2606/2661] Building CXX object tools\superpmi\superpmi-shim-counter\CMakeFiles\superpmi-shim-counter.dir\__\superpmi-shared\methodcontext.cpp.obj
  [2607/2661] Building C object Corehost.Static\hostmisc\CMakeFiles\hostmisc_public.dir\utils.c.obj
  [2608/2661] Linking C static library libs-native\System.IO.Compression.Native\System.IO.Compression.Native.Aot.lib
  [2609/2661] Linking C static library libs-native\System.Globalization.Native\System.Globalization.Native.Aot.lib
  [2610/2661] Building CXX object hosts\coreshim\CMakeFiles\CoreShim.dir\ComActivation.cpp.obj
  [2611/2661] Building C object Corehost.Static\hostmisc\CMakeFiles\hostmisc_public.dir\pal.windows.c.obj
  [2612/2661] Building C object Corehost.Static\hostmisc\CMakeFiles\hostmisc_c.dir\fx_ver.c.obj
  [2613/2661] Building C object Corehost.Static\hostmisc\CMakeFiles\hostmisc_c.dir\trace.c.obj
  [2614/2661] Building C object Corehost.Static\hostmisc\CMakeFiles\hostmisc_c.dir\utils.c.obj
  [2615/2661] Linking CXX static library nativeaot\Bootstrap\dll\bootstrapperdll.lib
  [2616/2661] Building CXX object hosts\coreshim\CMakeFiles\CoreShim.dir\CoreShim.cpp.obj
  [2617/2661] Building CXX object hosts\corerun\CMakeFiles\corerun.dir\dotenv.cpp.obj
  [2618/2661] Building CXX object hosts\corerun\CMakeFiles\corerun.dir\corerun.cpp.obj
  [2619/2661] Linking CXX static library nativeaot\Bootstrap\dllmain\dllmain.lib
  [2620/2661] Linking CXX static library nativeaot\Runtime\Full\standalonegc-disabled.lib
  [2621/2661] Building CXX object tools\superpmi\superpmi-shim-simple\CMakeFiles\superpmi-shim-simple.dir\__\superpmi-shared\methodcontext.cpp.obj
  [2622/2661] Linking CXX static library nativeaot\Runtime\Full\standalonegc-enabled.lib
  [2623/2661] Linking CXX static library nativeaot\Runtime\Full\Runtime.VxsortEnabled.lib
  [2624/2661] Linking CXX static library nativeaot\Runtime\Full\Runtime.VxsortDisabled.lib
  [2625/2661] Linking CXX static library nativeaot\Runtime\eventpipe\eventpipe-disabled.lib
  [2626/2661] Linking CXX executable test-watchdog\watchdog.exe
  [2627/2661] Linking CXX static library nativeaot\Runtime\eventpipe\eventpipe-enabled.lib
  [2628/2661] Linking CXX shared library tools\aot\jitinterface\jitinterface_x64.dll
  [2629/2661] Linking CXX static library nativeaot\Runtime\Full\Runtime.ServerGC.lib
  [2630/2661] Building C object Corehost.Static\hostmisc\CMakeFiles\hostmisc_c.dir\pal.windows.c.obj
  [2631/2661] Linking CXX executable gc\sample\gcsample.exe
  [2632/2661] Linking CXX static library nativeaot\Runtime\Full\Runtime.WorkstationGC.lib
  AsmOffsets.cspp
  [2633/2661] Building CXX object Corehost.Static\hostmisc\CMakeFiles\hostmisc_public.dir\R_\src\native\corehost\fxr\fx_ver.cpp.obj
  [2634/2661] Building CXX object nativeaot\Bootstrap\base\CMakeFiles\bootstrapper.dir\__\main.cpp.obj
  [2635/2661] Building CXX object Corehost.Static\hostmisc\CMakeFiles\hostmisc_public.dir\longfile.windows.cpp.obj
  [2636/2661] Linking CXX shared library gc\clrgcexp.dll
  [2637/2661] Linking CXX shared library interpreter\clrinterpreter.dll
  [2638/2661] Building CXX object Corehost.Static\hostmisc\CMakeFiles\hostmisc_public.dir\utils.cpp.obj
  [2639/2661] Linking CXX shared library gc\clrgc.dll
  [2640/2661] Building CXX object Corehost.Static\hostmisc\CMakeFiles\hostmisc_public.dir\pal.windows.cpp.obj
  [2641/2661] Linking CXX shared library jit\clrjit.dll
  [2642/2661] Linking CXX executable ilasm\ilasm.exe
  [2643/2661] Linking CXX executable ildasm\exe\ildasm.exe
  [2644/2661] Linking CXX shared library jit\clrjit_universal_arm64_x64.dll
  [2645/2661] Linking RC shared library dlls\clretwrc\clretwrc.dll
  [2646/2661] Linking CXX executable debug\createdump\createdump.exe
  [2647/2661] Linking CXX executable tools\superpmi\mcs\mcs.exe
  [2648/2661] Linking CXX shared library jit\clrjit_universal_wasm_x64.dll
  [2649/2661] Linking CXX shared library tools\superpmi\superpmi-shim-counter\superpmi-shim-counter.dll
  [2650/2661] Linking CXX shared library jit\clrjit_win_x64_x64.dll
  [2651/2661] Linking CXX shared library tools\superpmi\superpmi-shim-collector\superpmi-shim-collector.dll
  [2652/2661] Linking CXX shared library jit\clrjit_unix_x64_x64.dll
  [2653/2661] Linking CXX shared library dlls\mscordbi_universal\mscordbi_universal.dll
  [2654/2661] Linking CXX shared library jit\clrjit_win_x86_x64.dll
  [2655/2661] Linking CXX shared library tools\superpmi\superpmi-shim-simple\superpmi-shim-simple.dll
  [2656/2661] Linking CXX shared library jit\clrjit_universal_arm_x64.dll
  [2657/2661] Linking CXX executable tools\superpmi\superpmi\superpmi.exe
  [2658/2661] Linking CXX shared library hosts\coreshim\CoreShim.dll
  [2659/2661] Linking CXX executable hosts\corerun\corerun.exe
  [2660/2661] Linking CXX executable Corehost.Static\singlefilehost.exe
  [2660/2661] Install the project...
  -- Install configuration: "Debug"
  -- Installing: R:/artifacts/bin/coreclr/windows.x64.Debug/corehost/PDB/singlefilehost.pdb
  -- Installing: R:/artifacts/bin/coreclr/windows.x64.Debug/corehost/singlefilehost.exe
  -- Installing: R:/artifacts/bin/coreclr/windows.x64.Debug/lib/System.Globalization.Native-Static.lib
  -- Installing: R:/artifacts/bin/coreclr/windows.x64.Debug/aotsdk/System.Globalization.Native.Aot.lib
  -- Installing: R:/artifacts/bin/coreclr/windows.x64.Debug/aotsdk/System.Globalization.Native.Aot.pdb
  -- Installing: R:/artifacts/bin/coreclr/windows.x64.Debug/aotsdk/System.IO.Compression.Native.Aot.lib
  -- Installing: R:/artifacts/bin/coreclr/windows.x64.Debug/aotsdk/System.IO.Compression.Native.Aot.pdb
  -- Installing: R:/artifacts/bin/coreclr/windows.x64.Debug/aotsdk/brotlienc.lib
  -- Installing: R:/artifacts/bin/coreclr/windows.x64.Debug/aotsdk/brotlienc.pdb
  -- Installing: R:/artifacts/bin/coreclr/windows.x64.Debug/aotsdk/brotlidec.lib
  -- Installing: R:/artifacts/bin/coreclr/windows.x64.Debug/aotsdk/brotlidec.pdb
  -- Installing: R:/artifacts/bin/coreclr/windows.x64.Debug/aotsdk/brotlicommon.lib
  -- Installing: R:/artifacts/bin/coreclr/windows.x64.Debug/aotsdk/brotlicommon.pdb
  -- Installing: R:/artifacts/bin/coreclr/windows.x64.Debug/aotsdk/zlibstatic.lib
  -- Installing: R:/artifacts/bin/coreclr/windows.x64.Debug/aotsdk/zlib.pdb
  -- Installing: R:/artifacts/bin/coreclr/windows.x64.Debug/aotsdk/zstd_static.lib
  -- Installing: R:/artifacts/bin/coreclr/windows.x64.Debug/aotsdk/libzstd_static.pdb
  -- Installing: R:/artifacts/bin/coreclr/windows.x64.Debug/lib/System.IO.Compression.Native-Static.lib
  -- Installing: R:/artifacts/bin/coreclr/windows.x64.Debug/./watchdog.exe
  -- Installing: R:/artifacts/bin/coreclr/windows.x64.Debug/PDB/watchdog.pdb
  -- Installing: R:/artifacts/bin/coreclr/windows.x64.Debug/inc/corerror.h
  -- Installing: R:/artifacts/bin/coreclr/windows.x64.Debug/inc/corprof.h
  -- Installing: R:/artifacts/bin/coreclr/windows.x64.Debug/./jitinterface_x64.dll
  -- Installing: R:/artifacts/bin/coreclr/windows.x64.Debug/PDB/jitinterface_x64.pdb
  -- Installing: R:/artifacts/bin/coreclr/windows.x64.Debug/aotsdk/bootstrapper.obj
  -- Installing: R:/artifacts/bin/coreclr/windows.x64.Debug/aotsdk/bootstrapper.pdb
  -- Installing: R:/artifacts/bin/coreclr/windows.x64.Debug/aotsdk/bootstrapperdll.obj
  -- Installing: R:/artifacts/bin/coreclr/windows.x64.Debug/aotsdk/bootstrapperdll.pdb
  -- Installing: R:/artifacts/bin/coreclr/windows.x64.Debug/aotsdk/dllmain.obj
  -- Installing: R:/artifacts/bin/coreclr/windows.x64.Debug/aotsdk/dllmain.pdb
  -- Installing: R:/artifacts/bin/coreclr/windows.x64.Debug/aotsdk/Runtime.WorkstationGC.lib
  -- Installing: R:/artifacts/bin/coreclr/windows.x64.Debug/aotsdk/Runtime.WorkstationGC.pdb
  -- Installing: R:/artifacts/bin/coreclr/windows.x64.Debug/aotsdk/Runtime.ServerGC.lib
  -- Installing: R:/artifacts/bin/coreclr/windows.x64.Debug/aotsdk/Runtime.ServerGC.pdb
  -- Installing: R:/artifacts/bin/coreclr/windows.x64.Debug/aotsdk/standalonegc-disabled.lib
  -- Installing: R:/artifacts/bin/coreclr/windows.x64.Debug/aotsdk/standalonegc-disabled.pdb
  -- Installing: R:/artifacts/bin/coreclr/windows.x64.Debug/aotsdk/standalonegc-enabled.lib
  -- Installing: R:/artifacts/bin/coreclr/windows.x64.Debug/aotsdk/standalonegc-enabled.pdb
  -- Installing: R:/artifacts/bin/coreclr/windows.x64.Debug/aotsdk/aotminipal.lib
  -- Installing: R:/artifacts/bin/coreclr/windows.x64.Debug/aotsdk/aotminipal.pdb
  -- Installing: R:/artifacts/bin/coreclr/windows.x64.Debug/aotsdk/Runtime.VxsortEnabled.lib
  -- Installing: R:/artifacts/bin/coreclr/windows.x64.Debug/aotsdk/Runtime.VxsortEnabled.pdb
  -- Installing: R:/artifacts/bin/coreclr/windows.x64.Debug/aotsdk/Runtime.VxsortDisabled.lib
  -- Installing: R:/artifacts/bin/coreclr/windows.x64.Debug/aotsdk/Runtime.VxsortDisabled.pdb
  -- Installing: R:/artifacts/bin/coreclr/windows.x64.Debug/aotsdk/eventpipe-shared-objects.pdb
  -- Installing: R:/artifacts/bin/coreclr/windows.x64.Debug/aotsdk/dn-containers.pdb
  -- Installing: R:/artifacts/bin/coreclr/windows.x64.Debug/aotsdk/eventpipe-enabled.lib
  -- Installing: R:/artifacts/bin/coreclr/windows.x64.Debug/aotsdk/eventpipe-enabled.pdb
  -- Installing: R:/artifacts/bin/coreclr/windows.x64.Debug/aotsdk/eventpipe-disabled.lib
  -- Installing: R:/artifacts/bin/coreclr/windows.x64.Debug/aotsdk/eventpipe-disabled.pdb
  -- Installing: R:/artifacts/bin/coreclr/windows.x64.Debug/./clrgcexp.dll
  -- Installing: R:/artifacts/bin/coreclr/windows.x64.Debug/PDB/clrgcexp.pdb
  -- Installing: R:/artifacts/bin/coreclr/windows.x64.Debug/./clrgc.dll
  -- Installing: R:/artifacts/bin/coreclr/windows.x64.Debug/PDB/clrgc.pdb
  -- Installing: R:/artifacts/bin/coreclr/windows.x64.Debug/sharedFramework/clrgc.dll
  -- Installing: R:/artifacts/bin/coreclr/windows.x64.Debug/sharedFramework/PDB/clrgc.pdb
  -- Installing: R:/artifacts/bin/coreclr/windows.x64.Debug/sharedFramework/clrgcexp.dll
  -- Installing: R:/artifacts/bin/coreclr/windows.x64.Debug/sharedFramework/PDB/clrgcexp.pdb
  -- Installing: R:/artifacts/bin/coreclr/windows.x64.Debug/./clrinterpreter.dll
  -- Installing: R:/artifacts/bin/coreclr/windows.x64.Debug/PDB/clrinterpreter.pdb
  -- Installing: R:/artifacts/bin/coreclr/windows.x64.Debug/sharedFramework/clrinterpreter.dll
  -- Installing: R:/artifacts/bin/coreclr/windows.x64.Debug/sharedFramework/PDB/clrinterpreter.pdb
  -- Installing: R:/artifacts/bin/coreclr/windows.x64.Debug/inc/cfi.h
  -- Installing: R:/artifacts/bin/coreclr/windows.x64.Debug/inc/cor.h
  -- Installing: R:/artifacts/bin/coreclr/windows.x64.Debug/inc/cordebuginfo.h
  -- Installing: R:/artifacts/bin/coreclr/windows.x64.Debug/inc/coredistools.h
  -- Installing: R:/artifacts/bin/coreclr/windows.x64.Debug/inc/corhdr.h
  -- Installing: R:/artifacts/bin/coreclr/windows.x64.Debug/inc/corinfo.h
  -- Installing: R:/artifacts/bin/coreclr/windows.x64.Debug/inc/corjit.h
  -- Installing: R:/artifacts/bin/coreclr/windows.x64.Debug/inc/corjithost.h
  -- Installing: R:/artifacts/bin/coreclr/windows.x64.Debug/inc/opcode.def
  -- Installing: R:/artifacts/bin/coreclr/windows.x64.Debug/inc/openum.h
  -- Installing: R:/artifacts/bin/coreclr/windows.x64.Debug/inc/gcinfoencoder.h
  -- Installing: R:/artifacts/bin/coreclr/windows.x64.Debug/inc/gcinfotypes.h
  -- Installing: R:/artifacts/bin/coreclr/windows.x64.Debug/./ilasm.exe
  -- Installing: R:/artifacts/bin/coreclr/windows.x64.Debug/PDB/ilasm.pdb
  -- Installing: R:/artifacts/bin/coreclr/windows.x64.Debug/./ildasm.exe
  -- Installing: R:/artifacts/bin/coreclr/windows.x64.Debug/PDB/ildasm.pdb
  -- Installing: R:/artifacts/bin/coreclr/windows.x64.Debug/gcinfo/gcinfoencoder.cpp
  -- Installing: R:/artifacts/bin/coreclr/windows.x64.Debug/./clrjit.dll
  -- Installing: R:/artifacts/bin/coreclr/windows.x64.Debug/PDB/clrjit.pdb
  -- Installing: R:/artifacts/bin/coreclr/windows.x64.Debug/sharedFramework/clrjit.dll
  -- Installing: R:/artifacts/bin/coreclr/windows.x64.Debug/sharedFramework/PDB/clrjit.pdb
  -- Installing: R:/artifacts/bin/coreclr/windows.x64.Debug/./clrjit_universal_arm64_x64.dll
  -- Installing: R:/artifacts/bin/coreclr/windows.x64.Debug/PDB/clrjit_universal_arm64_x64.pdb
  -- Installing: R:/artifacts/bin/coreclr/windows.x64.Debug/./clrjit_universal_wasm_x64.dll
  -- Installing: R:/artifacts/bin/coreclr/windows.x64.Debug/PDB/clrjit_universal_wasm_x64.pdb
  -- Installing: R:/artifacts/bin/coreclr/windows.x64.Debug/./clrjit_unix_x64_x64.dll
  -- Installing: R:/artifacts/bin/coreclr/windows.x64.Debug/PDB/clrjit_unix_x64_x64.pdb
  -- Installing: R:/artifacts/bin/coreclr/windows.x64.Debug/./clrjit_win_x64_x64.dll
  -- Installing: R:/artifacts/bin/coreclr/windows.x64.Debug/PDB/clrjit_win_x64_x64.pdb
  -- Installing: R:/artifacts/bin/coreclr/windows.x64.Debug/./clrjit_universal_arm_x64.dll
  -- Installing: R:/artifacts/bin/coreclr/windows.x64.Debug/PDB/clrjit_universal_arm_x64.pdb
  -- Installing: R:/artifacts/bin/coreclr/windows.x64.Debug/./clrjit_win_x86_x64.dll
  -- Installing: R:/artifacts/bin/coreclr/windows.x64.Debug/PDB/clrjit_win_x86_x64.pdb
  -- Installing: R:/artifacts/bin/coreclr/windows.x64.Debug/./createdump.exe
  -- Installing: R:/artifacts/bin/coreclr/windows.x64.Debug/PDB/createdump.pdb
  -- Installing: R:/artifacts/bin/coreclr/windows.x64.Debug/sharedFramework/createdump.exe
  -- Installing: R:/artifacts/bin/coreclr/windows.x64.Debug/sharedFramework/PDB/createdump.pdb
  -- Installing: R:/artifacts/bin/coreclr/windows.x64.Debug/lib/runtimeinfo.lib
  -- Installing: R:/artifacts/bin/coreclr/windows.x64.Debug/./clretwrc.dll
  -- Installing: R:/artifacts/bin/coreclr/windows.x64.Debug/PDB/clretwrc.pdb
  -- Installing: R:/artifacts/bin/coreclr/windows.x64.Debug/sharedFramework/clretwrc.dll
  -- Installing: R:/artifacts/bin/coreclr/windows.x64.Debug/sharedFramework/PDB/clretwrc.pdb
  -- Installing: R:/artifacts/bin/coreclr/windows.x64.Debug/./mscordbi.dll
  -- Installing: R:/artifacts/bin/coreclr/windows.x64.Debug/PDB/mscordbi.pdb
  -- Installing: R:/artifacts/bin/coreclr/windows.x64.Debug/sharedFramework/mscordbi.dll
  -- Installing: R:/artifacts/bin/coreclr/windows.x64.Debug/sharedFramework/PDB/mscordbi.pdb
  -- Installing: R:/artifacts/bin/coreclr/windows.x64.Debug/./mscordbi_universal.dll
  -- Installing: R:/artifacts/bin/coreclr/windows.x64.Debug/PDB/mscordbi_universal.pdb
  -- Installing: R:/artifacts/bin/coreclr/windows.x64.Debug/./mscordaccore.dll
  -- Installing: R:/artifacts/bin/coreclr/windows.x64.Debug/PDB/mscordaccore.pdb
  -- Installing: R:/artifacts/bin/coreclr/windows.x64.Debug/sharedFramework/mscordaccore.dll
  -- Installing: R:/artifacts/bin/coreclr/windows.x64.Debug/sharedFramework/PDB/mscordaccore.pdb
  -- Installing: R:/artifacts/bin/coreclr/windows.x64.Debug/sharedFramework/mscordaccore_amd64_amd64_42.42.42.42424.dll
  -- Installing: R:/artifacts/bin/coreclr/windows.x64.Debug/sharedFramework/PDB/mscordaccore_amd64_amd64_42.42.42.42424.pdb
  -- Installing: R:/artifacts/bin/coreclr/windows.x64.Debug/./coreclr.dll
  -- Installing: R:/artifacts/bin/coreclr/windows.x64.Debug/PDB/coreclr.pdb
  -- Installing: R:/artifacts/bin/coreclr/windows.x64.Debug/sharedFramework/coreclr.dll
  -- Installing: R:/artifacts/bin/coreclr/windows.x64.Debug/sharedFramework/PDB/coreclr.pdb
  -- Installing: R:/artifacts/bin/coreclr/windows.x64.Debug/./superpmi.exe
  -- Installing: R:/artifacts/bin/coreclr/windows.x64.Debug/PDB/superpmi.pdb
  -- Installing: R:/artifacts/bin/coreclr/windows.x64.Debug/./mcs.exe
  -- Installing: R:/artifacts/bin/coreclr/windows.x64.Debug/PDB/mcs.pdb
  -- Installing: R:/artifacts/bin/coreclr/windows.x64.Debug/./superpmi-shim-collector.dll
  -- Installing: R:/artifacts/bin/coreclr/windows.x64.Debug/PDB/superpmi-shim-collector.pdb
  -- Installing: R:/artifacts/bin/coreclr/windows.x64.Debug/./superpmi-shim-counter.dll
  -- Installing: R:/artifacts/bin/coreclr/windows.x64.Debug/PDB/superpmi-shim-counter.pdb
  -- Installing: R:/artifacts/bin/coreclr/windows.x64.Debug/./superpmi-shim-simple.dll
  -- Installing: R:/artifacts/bin/coreclr/windows.x64.Debug/PDB/superpmi-shim-simple.pdb
  -- Installing: R:/artifacts/bin/coreclr/windows.x64.Debug/./CoreShim.dll
  -- Installing: R:/artifacts/bin/coreclr/windows.x64.Debug/PDB/CoreShim.pdb
  -- Installing: R:/artifacts/bin/coreclr/windows.x64.Debug/./corerun.exe
  BUILD: Build succeeded.  Finished at 13:34:35.36
  BUILD: Product binaries are available at R:\\artifacts\bin\coreclr\windows.x64.Debug
  runincontext -> R:\artifacts\bin\coreclr\windows.x64.Debug\runincontext.dll
  tieringtest -> R:\artifacts\bin\coreclr\windows.x64.Debug\tieringtest.dll
  ILCompiler.Reflection.ReadyToRun -> R:\artifacts\bin\coreclr\windows.x64.Debug\ILCompiler.Reflection.ReadyToRun.dll
  ILCompiler.TypeSystem -> R:\artifacts\bin\ILCompiler.TypeSystem\x64\Debug\ILCompiler.TypeSystem.dll
  ILCompiler.Diagnostics -> R:\artifacts\bin\ILCompiler.Diagnostics\x64\Debug\ILCompiler.Diagnostics.dll
  R2RDump -> R:\artifacts\bin\coreclr\windows.x64.Debug\R2RDump\R2RDump.dll
  dotnet-pgo -> R:\artifacts\bin\coreclr\windows.x64.Debug\dotnet-pgo\dotnet-pgo.dll
  repro -> R:\artifacts\bin\repro\x64\Debug\repro.dll
  R2RTest -> R:\artifacts\bin\coreclr\windows.x64.Debug\R2RTest\R2RTest.dll
  PdbChecker -> R:\artifacts\bin\coreclr\windows.x64.Debug\PdbChecker\PdbChecker.dll
  AssemblyChecker -> R:\artifacts\bin\coreclr\windows.x64.Debug\AssemblyChecker\AssemblyChecker.dll
  ILVerify -> R:\artifacts\bin\ILVerify\x64\Debug\ILVerify.dll
  ILVerification -> R:\artifacts\bin\ILVerification\x64\Debug\ILVerification.dll
  ILCompiler.DependencyAnalysisFramework -> R:\artifacts\bin\ILCompiler.DependencyAnalysisFramework\x64\Debug\ILCompiler.DependencyAnalysisFramework.dll
  ILTrim.Core -> R:\artifacts\bin\ILTrim.Core\x64\Debug\ILTrim.Core.dll
  ILTrim -> R:\artifacts\bin\ILTrim\x64\Debug\ILTrim.dll
  Microsoft.Diagnostics.DataContractReader.DataGenerator -> R:\artifacts\bin\Microsoft.Diagnostics.DataContractReader.DataGenerator\Debug\Microsoft.Diagnostics.DataContractReader.DataGenerator.dll
  Microsoft.Diagnostics.DataContractReader.Abstractions -> R:\artifacts\bin\Microsoft.Diagnostics.DataContractReader.Abstractions\Debug\Microsoft.Diagnostics.DataContractReader.Abstractions.dll
  Microsoft.Diagnostics.DataContractReader.Contracts -> R:\artifacts\bin\Microsoft.Diagnostics.DataContractReader.Contracts\Debug\Microsoft.Diagnostics.DataContractReader.Contracts.dll
  Microsoft.Diagnostics.DataContractReader -> R:\artifacts\bin\Microsoft.Diagnostics.DataContractReader\Debug\Microsoft.Diagnostics.DataContractReader.dll
  StressLogAnalyzer -> R:\artifacts\bin\StressLogAnalyzer\Debug\net11.0\StressLogAnalyzer.dll
  ILCompiler.MetadataTransform -> R:\artifacts\bin\ILCompiler.MetadataTransform\x64\Debug\ILCompiler.MetadataTransform.dll
  ILCompiler.Compiler -> R:\artifacts\bin\ILCompiler.Compiler\x64\Debug\ILCompiler.Compiler.dll
  ILCompiler.RyuJit -> R:\artifacts\bin\ILCompiler.RyuJit\x64\Debug\ILCompiler.RyuJit.dll
  ILCompiler_inbuild -> R:\artifacts\bin\ILCompiler_inbuild\x64\Debug\ilc.dll
  Optimizing assemblies for size. This process might take a while.
  ILCompiler_inbuild -> R:\artifacts\bin\coreclr\windows.x64.Debug\x64\ilc\
  ILCompiler.ReadyToRun -> R:\artifacts\bin\ILCompiler.ReadyToRun\x64\Debug\ILCompiler.ReadyToRun.dll
  crossgen2_inbuild -> R:\artifacts\bin\crossgen2_inbuild\x64\Debug\crossgen2.dll
  Optimizing assemblies for size. This process might take a while.
  crossgen2_inbuild -> R:\artifacts\bin\coreclr\windows.x64.Debug\x64\crossgen2\
  DownlevelLibraryImportGenerator -> R:\artifacts\bin\DownlevelLibraryImportGenerator\Debug\netstandard2.0\Microsoft.Interop.LibraryImportGenerator.Downlevel.dll
  ILCompiler.Build.Tasks -> R:\artifacts\bin\coreclr\windows.x64.Debug\ilc-published\netstandard\ILCompiler.Build.Tasks.dll
  ILCompiler_publish -> R:\artifacts\bin\ILCompiler_publish\x64\Debug\ilc.dll
  Generating native code
  ILCompiler_publish -> R:\artifacts\bin\coreclr\windows.x64.Debug\ilc-published\
  crossgen2_publish -> R:\artifacts\bin\crossgen2_publish\x64\Debug\crossgen2.dll
  Generating native code
  crossgen2_publish -> R:\artifacts\bin\coreclr\windows.x64.Debug\crossgen2-published\
  ILAssembler -> R:\artifacts\bin\ILAssembler\Debug\net11.0\ILAssembler.dll
  ilasm -> R:\artifacts\bin\ilasm\Debug\ilasm.dll
  Generating native code
  ilasm -> R:\artifacts\bin\coreclr\windows.x64.Debug\managed-ilasm\
  ILCompiler -> R:\artifacts\bin\coreclr\windows.x64.Debug\ilc\ilc.dll
  crossgen2 -> R:\artifacts\bin\coreclr\windows.x64.Debug\crossgen2\crossgen2.dll
  SuperFileCheck -> R:\artifacts\bin\coreclr\windows.x64.Debug\SuperFileCheck\SuperFileCheck.dll
  R:\dotnet.cmd R:\artifacts\bin\coreclr\windows.x64.Debug\dotnet-pgo\dotnet-pgo.dll merge -o:R:\artifacts\bin\coreclr\windows.x64.Debug\StandardOptimizationData.mibc -i:R:\artifacts\mibc\windows\x64\data\DotNet_Adhoc.mibc -i:R:\artifacts\mibc\windows\x64\data\DotNet_FirstTimeXP.mibc -i:R:\artifacts\mibc\windows\x64\data\DotNet_FSharp.mibc -i:R:\artifacts\mibc\windows\x64\data\DotNet_HelloWorld.mibc -i:R:\artifacts\mibc\windows\x64\data\DotNet_OrchardCore.mibc -i:R:\artifacts\mibc\windows\x64\data\DotNet_TechEmpower.mibc -i:R:\artifacts\mibc\windows\x64\data\per-pid\DotNet_Adhoc\IBCTrace4612.mibc -i:R:\artifacts\mibc\windows\x64\data\per-pid\DotNet_FirstTimeXP\IBCTrace9408.mibc -i:R:\artifacts\mibc\windows\x64\data\per-pid\DotNet_FSharp\IBCTrace10224.mibc -i:R:\artifacts\mibc\windows\x64\data\per-pid\DotNet_FSharp\IBCTrace5812.mibc -i:R:\artifacts\mibc\windows\x64\data\per-pid\DotNet_HelloWorld\IBCTrace1992.mibc -i:R:\artifacts\mibc\windows\x64\data\per-pid\DotNet_HelloWorld\IBCTrace5976.mibc -i:R:\artifacts\mibc\windows\x64\data\per-pid\DotNet_HelloWorld\IBCTrace7888.mibc -i:R:\artifacts\mibc\windows\x64\data\per-pid\DotNet_HelloWorld\IBCTrace8464.mibc -i:R:\artifacts\mibc\windows\x64\data\per-pid\DotNet_HelloWorld\IBCTrace8580.mibc -i:R:\artifacts\mibc\windows\x64\data\per-pid\DotNet_HelloWorld\IBCTrace8612.mibc -i:R:\artifacts\mibc\windows\x64\data\per-pid\DotNet_HelloWorld\IBCTrace972.mibc -i:R:\artifacts\mibc\windows\x64\data\per-pid\DotNet_OrchardCore\IBCTrace9568.mibc -i:R:\artifacts\mibc\windows\x64\data\per-pid\DotNet_TechEmpower\IBCTrace5332.mibc --compressed false
  R:\.dotnet
  Opening R:\artifacts\mibc\windows\x64\data\DotNet_Adhoc.mibc
  Opening R:\artifacts\mibc\windows\x64\data\DotNet_FirstTimeXP.mibc
  Opening R:\artifacts\mibc\windows\x64\data\DotNet_FSharp.mibc
  Opening R:\artifacts\mibc\windows\x64\data\DotNet_HelloWorld.mibc
  Opening R:\artifacts\mibc\windows\x64\data\DotNet_OrchardCore.mibc
  Opening R:\artifacts\mibc\windows\x64\data\DotNet_TechEmpower.mibc
  Opening R:\artifacts\mibc\windows\x64\data\per-pid\DotNet_Adhoc\IBCTrace4612.mibc
  Opening R:\artifacts\mibc\windows\x64\data\per-pid\DotNet_FirstTimeXP\IBCTrace9408.mibc
  Opening R:\artifacts\mibc\windows\x64\data\per-pid\DotNet_FSharp\IBCTrace10224.mibc
  Opening R:\artifacts\mibc\windows\x64\data\per-pid\DotNet_FSharp\IBCTrace5812.mibc
  Opening R:\artifacts\mibc\windows\x64\data\per-pid\DotNet_HelloWorld\IBCTrace1992.mibc
  Opening R:\artifacts\mibc\windows\x64\data\per-pid\DotNet_HelloWorld\IBCTrace5976.mibc
  Opening R:\artifacts\mibc\windows\x64\data\per-pid\DotNet_HelloWorld\IBCTrace7888.mibc
  Opening R:\artifacts\mibc\windows\x64\data\per-pid\DotNet_HelloWorld\IBCTrace8464.mibc
  Opening R:\artifacts\mibc\windows\x64\data\per-pid\DotNet_HelloWorld\IBCTrace8580.mibc
  Opening R:\artifacts\mibc\windows\x64\data\per-pid\DotNet_HelloWorld\IBCTrace8612.mibc
  Opening R:\artifacts\mibc\windows\x64\data\per-pid\DotNet_HelloWorld\IBCTrace972.mibc
  Opening R:\artifacts\mibc\windows\x64\data\per-pid\DotNet_OrchardCore\IBCTrace9568.mibc
  Opening R:\artifacts\mibc\windows\x64\data\per-pid\DotNet_TechEmpower\IBCTrace5332.mibc
  Generated R:\artifacts\bin\coreclr\windows.x64.Debug\StandardOptimizationData.mibc
  Validated R:\artifacts\bin\coreclr\windows.x64.Debug\StandardOptimizationData.mibc
  Generating native image of System.Private.CoreLib for windows.x64.Debug. Logging to 
  R:\artifacts\bin\coreclr\windows.x64.Debug\x64/crossgen2/crossgen2.exe -o:R:\artifacts\bin\coreclr\windows.x64.Debug\System.Private.CoreLib.dll -r:R:\artifacts\bin\coreclr\windows.x64.Debug\IL\*.dll --targetarch:x64 --obj-format:pe --targetos:windows -O --verify-type-and-field-layout --enable-cached-interface-dispatch-support R:\artifacts\bin\coreclr\windows.x64.Debug\IL\System.Private.CoreLib.dll --pdb --pdb-path:R:\artifacts\bin\coreclr\windows.x64.Debug\PDB
  Emitting R2R PE file: R:\artifacts\bin\coreclr\windows.x64.Debug\System.Private.CoreLib.dll
  Emitting PDB file: R:\artifacts\bin\coreclr\windows.x64.Debug\PDB\System.Private.CoreLib.ni.pdb
  Crossgenning of System.Private.CoreLib succeeded.
  Product binaries are available at R:\artifacts\bin\coreclr\windows.x64.Debug\
  Microsoft.NETCore.TestHost -> R:\artifacts\packages\Debug\NonShipping\runtime.win-x64.Microsoft.NETCore.TestHost.11.0.0-dev.nupkg
  Successfully created package 'R:\artifacts\packages\Debug\Shipping\Microsoft.NET.Sdk.IL.11.0.0-dev.nupkg'.
  Successfully created package 'R:\artifacts\packages\Debug\Shipping\Microsoft.NET.Sdk.IL.11.0.0-dev.symbols.nupkg'.
  Microsoft.NETCore.ILAsm -> R:\artifacts\packages\Debug\Shipping\runtime.win-x64.Microsoft.NETCore.ILAsm.11.0.0-dev.nupkg
  Microsoft.NETCore.ILDAsm -> R:\artifacts\packages\Debug\Shipping\runtime.win-x64.Microsoft.NETCore.ILDAsm.11.0.0-dev.nupkg
  Microsoft.NETCore.ILDAsm -> R:\artifacts\packages\Debug\Shipping\Microsoft.NETCore.ILDAsm.11.0.0-dev.nupkg
  Microsoft.NETCore.TestHost -> R:\artifacts\packages\Debug\NonShipping\Microsoft.NETCore.TestHost.11.0.0-dev.nupkg
  Microsoft.NETCore.ILAsm -> R:\artifacts\packages\Debug\Shipping\Microsoft.NETCore.ILAsm.11.0.0-dev.nupkg
  System.Private.CoreLib -> R:\artifacts\bin\coreclr\windows.x64.Debug\aotsdk\System.Private.CoreLib.dll
  System.Private.TypeLoader -> R:\artifacts\bin\coreclr\windows.x64.Debug\aotsdk\System.Private.TypeLoader.dll
  System.Private.Reflection.Execution -> R:\artifacts\bin\coreclr\windows.x64.Debug\aotsdk\System.Private.Reflection.Execution.dll
  System.Private.StackTraceMetadata -> R:\artifacts\bin\coreclr\windows.x64.Debug\aotsdk\System.Private.StackTraceMetadata.dll
  Test.CoreLib -> R:\artifacts\bin\Test.CoreLib\x64\Debug\Test.CoreLib.dll
  "R:\src\native\libs\build-native.cmd" x64 Debug outconfig net11.0-windows-Debug-x64 -os windows 
  'vswhere.exe' is not recognized as an internal or external command,
  operable program or batch file.
  'vswhere.exe' is not recognized as an internal or external command,
  operable program or batch file.
  **********************************************************************
  ** Visual Studio 2026 Developer Command Prompt v18.0
  ** Copyright (c) 2026 Microsoft Corporation
  **********************************************************************
  [vcvarsall.bat] Environment initialized for: 'x64'
  Commencing build of native components
  
   "C:\Program Files\Microsoft Visual Studio\18\IntPreview\Common7\IDE\CommonExtensions\Microsoft\CMake\CMake\bin\cmake.exe "-DCMAKE_INSTALL_PREFIX=R://artifacts/bin/native/net11.0-windows-Debug-x64" "-DCLR_CMAKE_HOST_ARCH=x64"   "-DCMAKE_SYSTEM_VERSION=10.0" "-DCMAKE_BUILD_TYPE=Debug" --no-warn-unused-cli -G Ninja -B "R://artifacts/obj/native/net11.0-windows-Debug-x64" -S "R:\src\native\libs""
  Not searching for unused variables given on the command line.
  -- The C compiler identification is MSVC 19.51.36252.0
  -- Detecting C compiler ABI info
  -- Detecting C compiler ABI info - done
  -- Check for working C compiler: C:/Program Files/Microsoft Visual Studio/18/IntPreview/VC/Tools/MSVC/14.51.36231/bin/Hostx64/x64/cl.exe - skipped
  -- Detecting C compile features
  -- Detecting C compile features - done
  -- The ASM_MASM compiler identification is MSVC
  -- Found assembler: C:/Program Files/Microsoft Visual Studio/18/IntPreview/VC/Tools/MSVC/14.51.36231/bin/Hostx64/x64/ml64.exe
  -- Looking for include files windows.h, bcrypt.h
  -- Looking for include files windows.h, bcrypt.h - found
  -- Looking for include files sys/auxv.h, asm/hwcap.h
  -- Looking for include files sys/auxv.h, asm/hwcap.h - not found
  -- Looking for include file asm/hwprobe.h
  -- Looking for include file asm/hwprobe.h - not found
  -- Looking for include file sys/resource.h
  -- Looking for include file sys/resource.h - not found
  -- Looking for sysctlbyname
  -- Looking for sysctlbyname - not found
  -- Looking for fsync
  -- Looking for fsync - not found
  -- Looking for elf_aux_info
  -- Looking for elf_aux_info - not found
  -- Looking for arc4random_buf
  -- Looking for arc4random_buf - not found
  -- Looking for getrandom
  -- Looking for getrandom - not found
  -- Looking for getentropy
  -- Looking for getentropy - not found
  -- Looking for O_CLOEXEC
  -- Looking for O_CLOEXEC - not found
  -- Looking for CLOCK_MONOTONIC_COARSE
  -- Looking for CLOCK_MONOTONIC_COARSE - not found
  -- Looking for clock_gettime_nsec_np
  -- Looking for clock_gettime_nsec_np - not found
  -- Performing Test COMPILER_HAS_DEPRECATED_ATTR
  -- Performing Test COMPILER_HAS_DEPRECATED_ATTR - Failed
  -- Performing Test COMPILER_HAS_DEPRECATED
  -- Performing Test COMPILER_HAS_DEPRECATED - Success
  -- Using CMake version 4.3.1-msvc1
  -- ZLIB_HEADER_VERSION: 1.3.1
  -- ZLIBNG_HEADER_VERSION: 2.2.5
  -- The CXX compiler identification is MSVC 19.51.36252.0
  -- Detecting CXX compiler ABI info
  -- Detecting CXX compiler ABI info - done
  -- Check for working CXX compiler: C:/Program Files/Microsoft Visual Studio/18/IntPreview/VC/Tools/MSVC/14.51.36231/bin/Hostx64/x64/cl.exe - skipped
  -- Detecting CXX compile features
  -- Detecting CXX compile features - done
  -- Arch detected: 'x86_64'
  -- Basearch of 'x86_64' has been detected as: 'x86'
  -- Looking for arm_acle.h
  -- Looking for arm_acle.h - not found
  -- Looking for sys/auxv.h
  -- Looking for sys/auxv.h - not found
  -- Looking for sys/sdt.h
  -- Looking for sys/sdt.h - not found
  -- Looking for unistd.h
  -- Looking for unistd.h - not found
  -- Looking for linux/auxvec.h
  -- Looking for linux/auxvec.h - not found
  -- Looking for sys/types.h
  -- Looking for sys/types.h - found
  -- Looking for stdint.h
  -- Looking for stdint.h - found
  -- Looking for stddef.h
  -- Looking for stddef.h - found
  -- Check size of off64_t
  -- Check size of off64_t - failed
  -- Check size of _off64_t
  -- Check size of _off64_t - failed
  -- Check size of __off64_t
  -- Check size of __off64_t - failed
  -- Looking for fseeko
  -- Looking for fseeko - not found
  -- Looking for strerror
  -- Looking for strerror - found
  -- Looking for posix_memalign
  -- Looking for posix_memalign - not found
  -- Looking for aligned_alloc
  -- Looking for aligned_alloc - not found
  -- Performing Test HAVE_NO_INTERPOSITION
  -- Performing Test HAVE_NO_INTERPOSITION - Failed
  -- Performing Test HAVE_ATTRIBUTE_VISIBILITY_HIDDEN
  -- Performing Test HAVE_ATTRIBUTE_VISIBILITY_HIDDEN - Failed
  -- Performing Test HAVE_ATTRIBUTE_VISIBILITY_INTERNAL
  -- Performing Test HAVE_ATTRIBUTE_VISIBILITY_INTERNAL - Failed
  -- Performing Test HAVE_ATTRIBUTE_ALIGNED
  -- Performing Test HAVE_ATTRIBUTE_ALIGNED - Failed
  -- Performing Test HAVE_BUILTIN_ASSUME_ALIGNED
  -- Performing Test HAVE_BUILTIN_ASSUME_ALIGNED - Success
  -- Performing Test HAVE_BUILTIN_CTZ
  -- Performing Test HAVE_BUILTIN_CTZ - Failed
  -- Performing Test HAVE_BUILTIN_CTZLL
  -- Performing Test HAVE_BUILTIN_CTZLL - Failed
  -- Performing Test HAVE_PTRDIFF_T
  -- Performing Test HAVE_PTRDIFF_T - Success
  -- Performing Test HAVE_XSAVE_INTRIN
  -- Performing Test HAVE_XSAVE_INTRIN - Success
  -- Performing Test HAVE_SSE2_INTRIN
  -- Performing Test HAVE_SSE2_INTRIN - Success
  -- Performing Test HAVE_SSSE3_INTRIN
  -- Performing Test HAVE_SSSE3_INTRIN - Success
  -- Performing Test HAVE_SSE42_INTRIN
  -- Performing Test HAVE_SSE42_INTRIN - Success
  -- Performing Test HAVE_PCLMULQDQ_INTRIN
  -- Performing Test HAVE_PCLMULQDQ_INTRIN - Success
  -- Performing Test HAVE_AVX2_INTRIN
  -- Performing Test HAVE_AVX2_INTRIN - Success
  -- Performing Test HAVE_AVX512_INTRIN
  -- Performing Test HAVE_AVX512_INTRIN - Success
  -- Performing Test HAVE_AVX512VNNI_INTRIN
  -- Performing Test HAVE_AVX512VNNI_INTRIN - Success
  -- Performing Test HAVE_VPCLMULQDQ_INTRIN
  -- Performing Test HAVE_VPCLMULQDQ_INTRIN - Success
  -- Architecture-specific source files: arch/x86/x86_features.c;arch/x86/chunkset_sse2.c;arch/x86/compare256_sse2.c;arch/x86/slide_hash_sse2.c;arch/x86/adler32_ssse3.c;arch/x86/chunkset_ssse3.c;arch/x86/adler32_sse42.c;arch/x86/crc32_pclmulqdq.c;arch/x86/slide_hash_avx2.c;arch/x86/chunkset_avx2.c;arch/x86/compare256_avx2.c;arch/x86/adler32_avx2.c;arch/x86/adler32_avx512.c;arch/x86/chunkset_avx512.c;arch/x86/adler32_avx512_vnni.c;arch/x86/crc32_vpclmulqdq.c
  -- The following features have been enabled:
  
   * CMAKE_BUILD_TYPE, Build type: Debug (selected)
   * XSAVE, Support XSAVE intrinsics using ""
   * SSSE3_ADLER32, Support SSSE3-accelerated adler32, using ""
   * SSE42_CRC, Support SSE4.2 optimized adler32 hash generation, using ""
   * PCLMUL_CRC, Support CRC hash generation using PCLMULQDQ, using " "
   * AVX2_SLIDEHASH, Support AVX2 optimized slide_hash, using "/arch:AVX2"
   * AVX2_CHUNKSET, Support AVX2 optimized chunkset, using "/arch:AVX2"
   * AVX2_COMPARE256, Support AVX2 optimized compare256, using "/arch:AVX2"
   * AVX2_ADLER32, Support AVX2-accelerated adler32, using "/arch:AVX2"
   * AVX512_ADLER32, Support AVX512-accelerated adler32, using "/arch:AVX512"
   * AVX512_CHUNKSET, Support AVX512 optimized chunkset, using "/arch:AVX512"
   * AVX512VNNI_ADLER32, Support AVX512VNNI adler32, using "/arch:AVX512"
   * VPCLMUL_CRC, Support CRC hash generation using VPCLMULQDQ, using "  /arch:AVX512"
   * WITH_GZFILEOP, Compile with support for gzFile related functions
   * ZLIB_COMPAT, Compile with zlib compatible API
   * WITH_SANITIZER, Enable sanitizer support
   * WITH_GTEST, Build gtest_zlib
   * WITH_OPTIM, Build with optimisation
   * WITH_NEW_STRATEGIES, Use new strategies
   * WITH_RUNTIME_CPU_DETECTION, Build with runtime CPU detection
   * WITH_AVX2, Build with AVX2
   * WITH_AVX512, Build with AVX512
   * WITH_AVX512VNNI, Build with AVX512 VNNI
   * WITH_SSE2, Build with SSE2
   * WITH_SSSE3, Build with SSSE3
   * WITH_SSE42, Build with SSE42
   * WITH_PCLMULQDQ, Build with PCLMULQDQ
   * WITH_VPCLMULQDQ, Build with VPCLMULQDQ
  
  -- The following features have been disabled:
  
   * ZLIB_SYMBOL_PREFIX, Publicly exported symbols DO NOT have a custom prefix
   * ZLIB_ENABLE_TESTS, Build test binaries
   * ZLIBNG_ENABLE_TESTS, Test zlib-ng specific API
   * WITH_FUZZERS, Build test/fuzz
   * WITH_BENCHMARKS, Build test/benchmarks
   * WITH_BENCHMARK_APPS, Build application benchmarks
   * WITH_NATIVE_INSTRUCTIONS, Instruct the compiler to use the full instruction set on this host (gcc/clang -march=native)
   * WITH_MAINTAINER_WARNINGS, Build with project maintainer warnings
   * WITH_CODE_COVERAGE, Enable code coverage reporting
   * WITH_INFLATE_STRICT, Build with strict inflate distance checking
   * WITH_INFLATE_ALLOW_INVALID_DIST, Build with zero fill for inflate invalid distances
   * INSTALL_UTILS, Copy minigzip and minideflate during install
  
  -- Build type is 'Debug'
  -- Performing Test BROTLI_EMSCRIPTEN
  -- Performing Test BROTLI_EMSCRIPTEN - Failed
  -- Compiler is not EMSCRIPTEN
  -- Looking for log2
  -- Looking for log2 - not found
  -- Looking for log2
  -- Looking for log2 - not found
  -- ZSTD VERSION: 1.5.7
  -- Performing Test C_FLAG_D_UNICODE
  -- Performing Test C_FLAG_D_UNICODE - Success
  -- Performing Test CXX_FLAG_D_UNICODE
  -- Performing Test CXX_FLAG_D_UNICODE - Success
  -- Performing Test C_FLAG_DUNICODE
  -- Performing Test C_FLAG_DUNICODE - Success
  -- Performing Test CXX_FLAG_DUNICODE
  -- Performing Test CXX_FLAG_DUNICODE - Success
  -- Performing Test C_FLAG_DDEBUGLEVEL_1
  -- Performing Test C_FLAG_DDEBUGLEVEL_1 - Success
  -- Performing Test CXX_FLAG_DDEBUGLEVEL_1
  -- Performing Test CXX_FLAG_DDEBUGLEVEL_1 - Success
  -- CMAKE_INSTALL_PREFIX: R:/artifacts/bin/native/net11.0-windows-Debug-x64
  -- CMAKE_INSTALL_LIBDIR: lib
  -- ZSTD_LEGACY_SUPPORT not defined!
  -- ZSTD_MULTITHREAD_SUPPORT is disabled
  -- Configuring done (30.5s)
  -- Generating done (0.2s)
  -- Build files have been written to: R:/artifacts/obj/native/net11.0-windows-Debug-x64
  [1/178] Building C object _deps\brotli-build\CMakeFiles\brotlicommon.dir\c\common\context.c.obj
  [2/178] Building C object _deps\brotli-build\CMakeFiles\brotlicommon.dir\c\common\constants.c.obj
  [3/178] Building C object _deps\brotli-build\CMakeFiles\brotlicommon.dir\c\common\transform.c.obj
  [4/178] Building C object _deps\fetchzlibng-build\CMakeFiles\zlib.dir\arch\generic\crc32_fold_c.c.obj
  [5/178] Building C object _deps\fetchzlibng-build\CMakeFiles\zlib.dir\arch\generic\slide_hash_c.c.obj
  [6/178] Building C object _deps\fetchzlibng-build\CMakeFiles\zlib.dir\arch\generic\adler32_fold_c.c.obj
  [7/178] Building C object _deps\fetchzlibng-build\CMakeFiles\zlib.dir\arch\generic\crc32_braid_c.c.obj
  [8/178] Building C object _deps\fetchzlibng-build\CMakeFiles\zlib.dir\arch\generic\adler32_c.c.obj
  [9/178] Building C object _deps\fetchzlibng-build\CMakeFiles\zlib.dir\arch\generic\chunkset_c.c.obj
  [10/178] Building C object _deps\fetchzlibng-build\CMakeFiles\zlib.dir\deflate.c.obj
  [11/178] Building C object _deps\brotli-build\CMakeFiles\brotlicommon.dir\c\common\platform.c.obj
  [12/178] Building C object _deps\brotli-build\CMakeFiles\brotlicommon.dir\c\common\shared_dictionary.c.obj
  [13/178] Building C object _deps\fetchzlibng-build\CMakeFiles\zlib.dir\crc32_braid_comb.c.obj
  [14/178] Building C object _deps\fetchzlibng-build\CMakeFiles\zlib.dir\adler32.c.obj
  [15/178] Building C object _deps\fetchzlibng-build\CMakeFiles\zlib.dir\compress.c.obj
  [16/178] Building C object _deps\fetchzlibng-build\CMakeFiles\zlib.dir\crc32.c.obj
  [17/178] Building C object _deps\brotli-build\CMakeFiles\brotlicommon.dir\c\common\dictionary.c.obj
  [18/178] Building C object _deps\fetchzlibng-build\CMakeFiles\zlib.dir\arch\generic\compare256_c.c.obj
  [19/178] Building C object _deps\fetchzlibng-build\CMakeFiles\zlib.dir\deflate_slow.c.obj
  [20/178] Building C object _deps\fetchzlibng-build\CMakeFiles\zlib.dir\deflate_medium.c.obj
  [21/178] Building C object _deps\fetchzlibng-build\CMakeFiles\zlib.dir\deflate_fast.c.obj
  [22/178] Building C object _deps\fetchzlibng-build\CMakeFiles\zlib.dir\deflate_huff.c.obj
  [23/178] Building C object _deps\fetchzlibng-build\CMakeFiles\zlib.dir\deflate_stored.c.obj
  [24/178] Building C object _deps\fetchzlibng-build\CMakeFiles\zlib.dir\insert_string.c.obj
  [25/178] Building C object _deps\fetchzlibng-build\CMakeFiles\zlib.dir\cpu_features.c.obj
  [26/178] Building C object _deps\fetchzlibng-build\CMakeFiles\zlib.dir\deflate_quick.c.obj
  [27/178] Building C object _deps\fetchzlibng-build\CMakeFiles\zlib.dir\insert_string_roll.c.obj
  [28/178] Building C object _deps\fetchzlibng-build\CMakeFiles\zlib.dir\uncompr.c.obj
  [29/178] Building C object _deps\fetchzlibng-build\CMakeFiles\zlib.dir\deflate_rle.c.obj
  [30/178] Building C object _deps\fetchzlibng-build\CMakeFiles\zlib.dir\infback.c.obj
  [31/178] Building C object _deps\fetchzlibng-build\CMakeFiles\zlib.dir\zutil.c.obj
  [32/178] Building C object _deps\fetchzlibng-build\CMakeFiles\zlib.dir\functable.c.obj
  [33/178] Building C object _deps\fetchzlibng-build\CMakeFiles\zlib.dir\inftrees.c.obj
  [34/178] Building C object _deps\fetchzlibng-build\CMakeFiles\zlib.dir\trees.c.obj
  [35/178] Building C object _deps\fetchzlibng-build\CMakeFiles\zlib.dir\inflate.c.obj
  [36/178] Building C object _deps\fetchzlibng-build\CMakeFiles\zlib.dir\arch\x86\x86_features.c.obj
  [37/178] Building C object _deps\fetchzlibng-build\CMakeFiles\zlib.dir\arch\x86\chunkset_sse2.c.obj
  [38/178] Building C object _deps\fetchzlibng-build\CMakeFiles\zlib.dir\arch\x86\adler32_ssse3.c.obj
  [39/178] Building C object _deps\fetchzlibng-build\CMakeFiles\zlib.dir\arch\x86\slide_hash_sse2.c.obj
  [40/178] Building C object _deps\fetchzlibng-build\CMakeFiles\zlib.dir\gzlib.c.obj
  [41/178] Building C object _deps\fetchzlibng-build\CMakeFiles\zlib.dir\arch\x86\compare256_sse2.c.obj
  [42/178] Building C object _deps\fetchzlibng-build\CMakeFiles\zlib.dir\arch\x86\adler32_avx2.c.obj
  [43/178] Building C object _deps\fetchzlibng-build\CMakeFiles\zlib.dir\arch\x86\slide_hash_avx2.c.obj
  [44/178] Building C object _deps\fetchzlibng-build\CMakeFiles\zlib.dir\arch\x86\crc32_pclmulqdq.c.obj
  [45/178] Building C object _deps\fetchzlibng-build\CMakeFiles\zlib.dir\arch\x86\adler32_sse42.c.obj
  [46/178] Building C object _deps\fetchzlibng-build\CMakeFiles\zlib.dir\arch\x86\chunkset_ssse3.c.obj
  [47/178] Linking C static library _deps\brotli-build\brotlicommon.lib
  [48/178] Building C object _deps\fetchzlibng-build\CMakeFiles\zlib.dir\arch\x86\adler32_avx512.c.obj
  [49/178] Building C object _deps\fetchzlibng-build\CMakeFiles\zlib.dir\arch\x86\crc32_vpclmulqdq.c.obj
  [50/178] Building C object _deps\fetchzlibng-build\CMakeFiles\zlib.dir\arch\x86\adler32_avx512_vnni.c.obj
  [51/178] Building C object _deps\fetchzlibng-build\CMakeFiles\zlib.dir\arch\x86\chunkset_avx512.c.obj
  [52/178] Building C object _deps\fetchzlibng-build\CMakeFiles\zlib.dir\arch\x86\chunkset_avx2.c.obj
  [53/178] Building C object _deps\fetchzlibng-build\CMakeFiles\zlib.dir\gzread.c.obj
  [54/178] Building C object _deps\fetchzlibng-build\CMakeFiles\zlib.dir\gzwrite.c.obj
  [55/178] Building C object _deps\fetchzlibng-build\CMakeFiles\zlib.dir\arch\x86\compare256_avx2.c.obj
  [56/178] Building C object _deps\brotli-build\CMakeFiles\brotlidec.dir\c\dec\bit_reader.c.obj
  [57/178] Building C object _deps\brotli-build\CMakeFiles\brotlidec.dir\c\dec\huffman.c.obj
  [58/178] Building C object _deps\brotli-build\CMakeFiles\brotlidec.dir\c\dec\state.c.obj
  [59/178] Building C object _deps\brotli-build\CMakeFiles\brotlidec.dir\c\dec\decode.c.obj
  [60/178] Building C object _deps\brotli-build\CMakeFiles\brotlienc.dir\c\enc\dictionary_hash.c.obj
  [61/178] Building C object _deps\brotli-build\CMakeFiles\brotlienc.dir\c\enc\entropy_encode.c.obj
  [62/178] Building C object _deps\brotli-build\CMakeFiles\brotlienc.dir\c\enc\command.c.obj
  [63/178] Building C object _deps\brotli-build\CMakeFiles\brotlienc.dir\c\enc\compound_dictionary.c.obj
  [64/178] Building C object _deps\brotli-build\CMakeFiles\brotlienc.dir\c\enc\bit_cost.c.obj
  [65/178] Building C object _deps\brotli-build\CMakeFiles\brotlienc.dir\c\enc\block_splitter.c.obj
  [66/178] Building C object _deps\brotli-build\CMakeFiles\brotlienc.dir\c\enc\cluster.c.obj
  [67/178] Building C object _deps\brotli-build\CMakeFiles\brotlienc.dir\c\enc\fast_log.c.obj
  [68/178] Building C object _deps\zstd-build\lib\CMakeFiles\libzstd_static.dir\R_\src\native\external\zstd\lib\common\debug.c.obj
  [69/178] Building C object _deps\brotli-build\CMakeFiles\brotlienc.dir\c\enc\brotli_bit_stream.c.obj
  [70/178] Building C object _deps\brotli-build\CMakeFiles\brotlienc.dir\c\enc\compress_fragment.c.obj
  [71/178] Building C object _deps\brotli-build\CMakeFiles\brotlienc.dir\c\enc\backward_references_hq.c.obj
  [72/178] Building C object _deps\brotli-build\CMakeFiles\brotlienc.dir\c\enc\compress_fragment_two_pass.c.obj
  [73/178] Building C object _deps\brotli-build\CMakeFiles\brotlienc.dir\c\enc\encoder_dict.c.obj
  [74/178] Building C object _deps\brotli-build\CMakeFiles\brotlienc.dir\c\enc\utf8_util.c.obj
  [75/178] Building C object _deps\brotli-build\CMakeFiles\brotlienc.dir\c\enc\backward_references.c.obj
  [76/178] Building C object _deps\brotli-build\CMakeFiles\brotlienc.dir\c\enc\encode.c.obj
  [77/178] Building C object _deps\zstd-build\lib\CMakeFiles\libzstd_static.dir\R_\src\native\external\zstd\lib\common\threading.c.obj
  [78/178] Building C object _deps\brotli-build\CMakeFiles\brotlienc.dir\c\enc\literal_cost.c.obj
  [79/178] Building C object _deps\zstd-build\lib\CMakeFiles\libzstd_static.dir\R_\src\native\external\zstd\lib\common\xxhash.c.obj
  [80/178] Building C object _deps\brotli-build\CMakeFiles\brotlienc.dir\c\enc\histogram.c.obj
  [81/178] Building C object _deps\brotli-build\CMakeFiles\brotlienc.dir\c\enc\memory.c.obj
  [82/178] Building C object _deps\zstd-build\lib\CMakeFiles\libzstd_static.dir\R_\src\native\external\zstd\lib\common\pool.c.obj
  [83/178] Building C object _deps\zstd-build\lib\CMakeFiles\libzstd_static.dir\R_\src\native\external\zstd\lib\common\error_private.c.obj
  [84/178] Building C object _deps\zstd-build\lib\CMakeFiles\libzstd_static.dir\R_\src\native\external\zstd\lib\common\entropy_common.c.obj
  [85/178] Building C object _deps\zstd-build\lib\CMakeFiles\libzstd_static.dir\R_\src\native\external\zstd\lib\common\zstd_common.c.obj
  [86/178] Building C object _deps\zstd-build\lib\CMakeFiles\libzstd_static.dir\R_\src\native\external\zstd\lib\common\fse_decompress.c.obj
  [87/178] Building C object _deps\zstd-build\lib\CMakeFiles\libzstd_static.dir\R_\src\native\external\zstd\lib\compress\fse_compress.c.obj
  [88/178] Building C object _deps\brotli-build\CMakeFiles\brotlienc.dir\c\enc\metablock.c.obj
  [89/178] Building C object _deps\brotli-build\CMakeFiles\brotlienc.dir\c\enc\static_dict.c.obj
  [90/178] Building C object _deps\zstd-build\lib\CMakeFiles\libzstd_static.dir\R_\src\native\external\zstd\lib\compress\hist.c.obj
  [91/178] Building C object _deps\zstd-build\lib\CMakeFiles\libzstd_static.dir\R_\src\native\external\zstd\lib\compress\huf_compress.c.obj
  [92/178] Building C object _deps\zstd-build\lib\CMakeFiles\libzstd_static.dir\R_\src\native\external\zstd\lib\compress\zstd_compress_literals.c.obj
  [93/178] Building C object _deps\zstd-build\lib\CMakeFiles\libzstd_static.dir\R_\src\native\external\zstd\lib\compress\zstd_compress_sequences.c.obj
  [94/178] Building C object _deps\zstd-build\lib\CMakeFiles\libzstd_static.dir\R_\src\native\external\zstd\lib\compress\zstd_compress_superblock.c.obj
  [95/178] Building C object _deps\zstd-build\lib\CMakeFiles\libzstd_static.dir\R_\src\native\external\zstd\lib\dictBuilder\divsufsort.c.obj
  [96/178] Building C object _deps\zstd-build\lib\CMakeFiles\libzstd_static.dir\R_\src\native\external\zstd\lib\compress\zstd_compress.c.obj
  [97/178] Building C object _deps\zstd-build\lib\CMakeFiles\libzstd_static.dir\R_\src\native\external\zstd\lib\compress\zstd_preSplit.c.obj
  [98/178] Building C object _deps\zstd-build\lib\CMakeFiles\libzstd_static.dir\R_\src\native\external\zstd\lib\compress\zstd_double_fast.c.obj
  [99/178] Building C object _deps\zstd-build\lib\CMakeFiles\libzstd_static.dir\R_\src\native\external\zstd\lib\compress\zstd_fast.c.obj
  [100/178] Building C object _deps\zstd-build\lib\CMakeFiles\libzstd_static.dir\R_\src\native\external\zstd\lib\decompress\zstd_ddict.c.obj
  [101/178] Building C object _deps\zstd-build\lib\CMakeFiles\libzstd_static.dir\R_\src\native\external\zstd\lib\compress\zstd_ldm.c.obj
  [102/178] Building C object _deps\zstd-build\lib\CMakeFiles\libzstd_static.dir\R_\src\native\external\zstd\lib\compress\zstd_lazy.c.obj
  [103/178] Building C object _deps\zstd-build\lib\CMakeFiles\libzstd_static.dir\R_\src\native\external\zstd\lib\compress\zstd_opt.c.obj
  [104/178] Building C object _deps\zstd-build\lib\CMakeFiles\libzstd_static.dir\R_\src\native\external\zstd\lib\decompress\huf_decompress.c.obj
  [105/178] Building C object _deps\zstd-build\lib\CMakeFiles\libzstd_static.dir\R_\src\native\external\zstd\lib\decompress\zstd_decompress_block.c.obj
  [106/178] Building C object minipal\CMakeFiles\minipal_objects.dir\descriptorlimit.c.obj
  [107/178] Building C object _deps\zstd-build\lib\CMakeFiles\libzstd_static.dir\R_\src\native\external\zstd\lib\dictBuilder\cover.c.obj
  [108/178] Building C object _deps\zstd-build\lib\CMakeFiles\libzstd_static.dir\R_\src\native\external\zstd\lib\compress\zstdmt_compress.c.obj
  [109/178] Building C object _deps\zstd-build\lib\CMakeFiles\libzstd_static.dir\R_\src\native\external\zstd\lib\decompress\zstd_decompress.c.obj
  [110/178] Building C object minipal\CMakeFiles\minipal_objects.dir\unicodedata.c.obj
  [111/178] Building C object minipal\CMakeFiles\minipal_objects.dir\utf8.c.obj
  [112/178] Building C object minipal\CMakeFiles\minipal_objects.dir\xoshiro128pp.c.obj
  [113/178] Building C object _deps\zstd-build\lib\CMakeFiles\libzstd_static.dir\R_\src\native\external\zstd\lib\dictBuilder\fastcover.c.obj
  [114/178] Building C object _deps\zstd-build\lib\CMakeFiles\libzstd_static.dir\R_\src\native\external\zstd\lib\dictBuilder\zdict.c.obj
  [115/178] Building C object minipal\CMakeFiles\minipal_objects.dir\strings.c.obj
  [116/178] Building C object minipal\CMakeFiles\aotminipal.dir\descriptorlimit.c.obj
  [117/178] Building C object minipal\CMakeFiles\aotminipal.dir\strings.c.obj
  [118/178] Building C object minipal\CMakeFiles\aotminipal.dir\utf8.c.obj
  [119/178] Building C object minipal\CMakeFiles\aotminipal.dir\unicodedata.c.obj
  [120/178] Building C object minipal\CMakeFiles\minipal_objects.dir\mutex.c.obj
  [121/178] Building C object minipal\CMakeFiles\minipal_objects.dir\memorybarrierprocesswide.c.obj
  [122/178] Building C object minipal\CMakeFiles\minipal_objects.dir\guid.c.obj
  [123/178] Building C object minipal\CMakeFiles\minipal_objects.dir\random.c.obj
  [124/178] Building C object minipal\CMakeFiles\minipal_objects.dir\debugger.c.obj
  [125/178] Building C object minipal\CMakeFiles\aotminipal.dir\xoshiro128pp.c.obj
  [126/178] Building C object minipal\CMakeFiles\minipal_objects.dir\time.c.obj
  [127/178] Building C object minipal\CMakeFiles\minipal_objects.dir\cpufeatures.c.obj
  [128/178] Building C object minipal\CMakeFiles\minipal_objects.dir\log.c.obj
  [129/178] Building C object System.Globalization.Native\CMakeFiles\System.Globalization.Native.dir\pal_common.c.obj
  [130/178] Building C object System.Globalization.Native\CMakeFiles\System.Globalization.Native.dir\pal_casing.c.obj
  [131/178] Building C object System.Globalization.Native\CMakeFiles\System.Globalization.Native.dir\pal_idna.c.obj
  [132/178] Building C object minipal\CMakeFiles\aotminipal.dir\memorybarrierprocesswide.c.obj
  [133/178] Building C object minipal\CMakeFiles\aotminipal.dir\mutex.c.obj
  [134/178] Building C object System.Globalization.Native\CMakeFiles\System.Globalization.Native.dir\pal_locale.c.obj
  [135/178] Building C object System.Globalization.Native\CMakeFiles\System.Globalization.Native.dir\pal_calendarData.c.obj
  [136/178] Building C object minipal\CMakeFiles\aotminipal.dir\random.c.obj
  [137/178] Building C object minipal\CMakeFiles\aotminipal.dir\guid.c.obj
  [138/178] Building C object minipal\CMakeFiles\aotminipal.dir\cpufeatures.c.obj
  [139/178] Building C object minipal\CMakeFiles\aotminipal.dir\debugger.c.obj
  [140/178] Building C object System.Globalization.Native\CMakeFiles\System.Globalization.Native.dir\pal_localeNumberData.c.obj
  [141/178] Building C object System.Globalization.Native\CMakeFiles\System.Globalization.Native.dir\pal_normalization.c.obj
  [142/178] Building RC object System.Globalization.Native\CMakeFiles\System.Globalization.Native.dir\R_\artifacts\obj\NativeVersion.rc.res
  [143/178] Building C object System.Globalization.Native\CMakeFiles\System.Globalization.Native.dir\pal_timeZoneInfo.c.obj
  [144/178] Building C object System.Globalization.Native\CMakeFiles\System.Globalization.Native.dir\pal_localeStringData.c.obj
  [145/178] Building C object System.Globalization.Native\CMakeFiles\System.Globalization.Native-Static.dir\pal_common.c.obj
  [146/178] Building C object System.Globalization.Native\CMakeFiles\System.Globalization.Native-Static.dir\pal_casing.c.obj
  [147/178] Building C object System.Globalization.Native\CMakeFiles\System.Globalization.Native-Static.dir\pal_idna.c.obj
  [148/178] Building C object System.Globalization.Native\CMakeFiles\System.Globalization.Native-Static.dir\pal_calendarData.c.obj
  [149/178] Building C object System.Globalization.Native\CMakeFiles\System.Globalization.Native-Static.dir\pal_localeNumberData.c.obj
  [150/178] Building C object System.Globalization.Native\CMakeFiles\System.Globalization.Native-Static.dir\pal_localeStringData.c.obj
  [151/178] Building C object System.Globalization.Native\CMakeFiles\System.Globalization.Native-Static.dir\pal_locale.c.obj
  [152/178] Building C object minipal\CMakeFiles\aotminipal.dir\time.c.obj
  [153/178] Building C object System.Globalization.Native\CMakeFiles\System.Globalization.Native-Static.dir\entrypoints.c.obj
  [154/178] Linking C static library _deps\brotli-build\brotlidec.lib
  [155/178] Building C object System.Globalization.Native\CMakeFiles\System.Globalization.Native-Static.dir\pal_normalization.c.obj
  [156/178] Linking C static library _deps\fetchzlibng-build\zlibstatic.lib
  [157/178] Building C object System.Globalization.Native\CMakeFiles\System.Globalization.Native-Static.dir\pal_timeZoneInfo.c.obj
  [158/178] Building RC object System.IO.Compression.Native\CMakeFiles\System.IO.Compression.Native.dir\R_\artifacts\obj\NativeVersion.rc.res
  [159/178] Linking C static library _deps\brotli-build\brotlienc.lib
  [160/178] Linking C static library _deps\zstd-build\lib\zstd_static.lib
  [161/178] Linking C static library minipal\minipal.lib
  [162/178] Building C object minipal\CMakeFiles\aotminipal.dir\log.c.obj
  [163/178] Linking C static library minipal\aotminipal.lib
  [164/178] Building C object System.Globalization.Native\CMakeFiles\System.Globalization.Native.dir\pal_collation.c.obj
  [165/178] Building C object System.IO.Compression.Native\CMakeFiles\System.IO.Compression.Native.dir\zlib_allocator_win.c.obj
  [166/178] Building C object System.Globalization.Native\CMakeFiles\System.Globalization.Native.dir\pal_icushim.c.obj
  [167/178] Building C object System.IO.Compression.Native\CMakeFiles\System.IO.Compression.Native.dir\pal_zlib.c.obj
  [168/178] Building C object System.Globalization.Native\CMakeFiles\System.Globalization.Native-Static.dir\pal_collation.c.obj
  [169/178] Building C object System.IO.Compression.Native\CMakeFiles\System.IO.Compression.Native.dir\entrypoints.c.obj
  [170/178] Building C object System.IO.Compression.Native\CMakeFiles\System.IO.Compression.Native-Static.dir\entrypoints.c.obj
  [171/178] Building C object System.IO.Compression.Native\CMakeFiles\System.IO.Compression.Native-Static.dir\pal_zlib.c.obj
  [172/178] Building C object System.IO.Compression.Native\CMakeFiles\System.IO.Compression.Native-Static.dir\zlib_allocator_win.c.obj
  [173/178] Linking C static library System.IO.Compression.Native\System.IO.Compression.Native-Static.lib
  [174/178] Building C object System.Globalization.Native\CMakeFiles\System.Globalization.Native-Static.dir\pal_icushim.c.obj
  [175/178] Linking C shared library System.Globalization.Native\System.Globalization.Native.dll
  [176/178] Linking C static library System.Globalization.Native\System.Globalization.Native-Static.lib
  [177/178] Linking C shared library System.IO.Compression.Native\System.IO.Compression.Native.dll
  [177/178] Install the project...
  -- Install configuration: "Debug"
  -- Installing: R:/artifacts/bin/native/net11.0-windows-Debug-x64/./System.Globalization.Native.lib
  -- Installing: R:/artifacts/bin/native/net11.0-windows-Debug-x64/./System.Globalization.Native.dll
  -- Installing: R:/artifacts/bin/native/net11.0-windows-Debug-x64/./System.Globalization.Native.pdb
  -- Installing: R:/artifacts/bin/native/net11.0-windows-Debug-x64/./System.Globalization.Native-Static.lib
  -- Installing: R:/artifacts/bin/native/net11.0-windows-Debug-x64/./System.IO.Compression.Native.lib
  -- Installing: R:/artifacts/bin/native/net11.0-windows-Debug-x64/./System.IO.Compression.Native.dll
  -- Installing: R:/artifacts/bin/native/net11.0-windows-Debug-x64/./System.IO.Compression.Native.pdb
  -- Installing: R:/artifacts/bin/native/net11.0-windows-Debug-x64/./System.IO.Compression.Native-Static.lib
  Done building Native components
  JSImportGenerator -> R:\artifacts\bin\JSImportGenerator\Debug\netstandard2.0\Microsoft.Interop.JavaScript.JSImportGenerator.dll
  Microsoft.Extensions.Logging.Generators.Roslyn4.4 -> R:\artifacts\bin\Microsoft.Extensions.Logging.Generators.Roslyn4.4\Debug\netstandard2.0\Microsoft.Extensions.Logging.Generators.dll
  ComInterfaceGenerator -> R:\artifacts\bin\ComInterfaceGenerator\Debug\netstandard2.0\Microsoft.Interop.ComInterfaceGenerator.dll
  Microsoft.Extensions.Options.SourceGeneration -> R:\artifacts\bin\Microsoft.Extensions.Options.SourceGeneration\Debug\netstandard2.0\Microsoft.Extensions.Options.SourceGeneration.dll
  System.Text.Json.SourceGeneration.Roslyn4.4 -> R:\artifacts\bin\System.Text.Json.SourceGeneration.Roslyn4.4\Debug\netstandard2.0\System.Text.Json.SourceGeneration.dll
  System.Text.RegularExpressions.Generator -> R:\artifacts\bin\System.Text.RegularExpressions.Generator\Debug\netstandard2.0\System.Text.RegularExpressions.Generator.dll
  PlatformDocAnalyzer -> R:\artifacts\bin\PlatformDocAnalyzer\Debug\netstandard2.0\PlatformDocAnalyzer.dll
  System.Runtime -> R:\artifacts\bin\System.Runtime\ref\Debug\net11.0\System.Runtime.dll
  System.Reflection.Primitives -> R:\artifacts\bin\System.Reflection.Primitives\ref\Debug\net11.0\System.Reflection.Primitives.dll
  System.Numerics.Vectors -> R:\artifacts\bin\System.Numerics.Vectors\ref\Debug\net11.0\System.Numerics.Vectors.dll
  System.Memory -> R:\artifacts\bin\System.Memory\ref\Debug\net11.0\System.Memory.dll
  Microsoft.Win32.Primitives -> R:\artifacts\bin\Microsoft.Win32.Primitives\ref\Debug\net11.0\Microsoft.Win32.Primitives.dll
  System.Collections -> R:\artifacts\bin\System.Collections\ref\Debug\net11.0\System.Collections.dll
  System.Threading -> R:\artifacts\bin\System.Threading\ref\Debug\net11.0\System.Threading.dll
  System.Threading.Overlapped -> R:\artifacts\bin\System.Threading.Overlapped\ref\Debug\net11.0\System.Threading.Overlapped.dll
  System.Runtime.Intrinsics -> R:\artifacts\bin\System.Runtime.Intrinsics\ref\Debug\net11.0\System.Runtime.Intrinsics.dll
  System.Private.Uri -> R:\artifacts\bin\System.Private.Uri\Debug\net11.0\System.Private.Uri.dll
  System.Memory -> R:\artifacts\bin\System.Memory\Debug\net11.0\System.Memory.dll
  System.Runtime.Loader -> R:\artifacts\bin\System.Runtime.Loader\ref\Debug\net11.0\System.Runtime.Loader.dll
  System.Text.Encoding.Extensions -> R:\artifacts\bin\System.Text.Encoding.Extensions\ref\Debug\net11.0\System.Text.Encoding.Extensions.dll
  System.Diagnostics.Tracing -> R:\artifacts\bin\System.Diagnostics.Tracing\ref\Debug\net11.0\System.Diagnostics.Tracing.dll
  System.Threading.Thread -> R:\artifacts\bin\System.Threading.Thread\ref\Debug\net11.0\System.Threading.Thread.dll
  System.Diagnostics.StackTrace -> R:\artifacts\bin\System.Diagnostics.StackTrace\ref\Debug\net11.0\System.Diagnostics.StackTrace.dll
  System.Threading.ThreadPool -> R:\artifacts\bin\System.Threading.ThreadPool\ref\Debug\net11.0\System.Threading.ThreadPool.dll
  System.Runtime.InteropServices -> R:\artifacts\bin\System.Runtime.InteropServices\ref\Debug\net11.0\System.Runtime.InteropServices.dll
  System.Reflection.Emit.ILGeneration -> R:\artifacts\bin\System.Reflection.Emit.ILGeneration\ref\Debug\net11.0\System.Reflection.Emit.ILGeneration.dll
  System.Reflection.Emit.Lightweight -> R:\artifacts\bin\System.Reflection.Emit.Lightweight\ref\Debug\net11.0\System.Reflection.Emit.Lightweight.dll
  System.Reflection.Primitives -> R:\artifacts\bin\System.Reflection.Primitives\Debug\net11.0\System.Reflection.Primitives.dll
  System.Collections -> R:\artifacts\bin\System.Collections\Debug\net11.0\System.Collections.dll
  System.Runtime -> R:\artifacts\bin\System.Runtime\Debug\net11.0\System.Runtime.dll
  System.Threading.Overlapped -> R:\artifacts\bin\System.Threading.Overlapped\Debug\net11.0\System.Threading.Overlapped.dll
  Microsoft.Win32.Primitives -> R:\artifacts\bin\Microsoft.Win32.Primitives\Debug\net11.0\Microsoft.Win32.Primitives.dll
  System.Reflection.Emit.Lightweight -> R:\artifacts\bin\System.Reflection.Emit.Lightweight\Debug\net11.0\System.Reflection.Emit.Lightweight.dll
  System.Text.Encoding.Extensions -> R:\artifacts\bin\System.Text.Encoding.Extensions\Debug\net11.0\System.Text.Encoding.Extensions.dll
  System.ComponentModel -> R:\artifacts\bin\System.ComponentModel\ref\Debug\net11.0\System.ComponentModel.dll
  System.Threading.ThreadPool -> R:\artifacts\bin\System.Threading.ThreadPool\Debug\net11.0\System.Threading.ThreadPool.dll
  System.Numerics.Vectors -> R:\artifacts\bin\System.Numerics.Vectors\Debug\net11.0\System.Numerics.Vectors.dll
  System.Threading -> R:\artifacts\bin\System.Threading\Debug\net11.0\System.Threading.dll
  System.ObjectModel -> R:\artifacts\bin\System.ObjectModel\ref\Debug\net11.0\System.ObjectModel.dll
  System.Collections.NonGeneric -> R:\artifacts\bin\System.Collections.NonGeneric\ref\Debug\net11.0\System.Collections.NonGeneric.dll
  System.Runtime.Loader -> R:\artifacts\bin\System.Runtime.Loader\Debug\net11.0\System.Runtime.Loader.dll
  System.Runtime.Intrinsics -> R:\artifacts\bin\System.Runtime.Intrinsics\Debug\net11.0\System.Runtime.Intrinsics.dll
  System.Runtime.Numerics -> R:\artifacts\bin\System.Runtime.Numerics\ref\Debug\net11.0\System.Runtime.Numerics.dll
  System.Threading.Thread -> R:\artifacts\bin\System.Threading.Thread\Debug\net11.0\System.Threading.Thread.dll
  System.Security.Claims -> R:\artifacts\bin\System.Security.Claims\ref\Debug\net11.0\System.Security.Claims.dll
  System.Diagnostics.Tracing -> R:\artifacts\bin\System.Diagnostics.Tracing\Debug\net11.0\System.Diagnostics.Tracing.dll
  System.Collections.Concurrent -> R:\artifacts\bin\System.Collections.Concurrent\ref\Debug\net11.0\System.Collections.Concurrent.dll
  System.Reflection.Emit.ILGeneration -> R:\artifacts\bin\System.Reflection.Emit.ILGeneration\Debug\net11.0\System.Reflection.Emit.ILGeneration.dll
  System.ComponentModel -> R:\artifacts\bin\System.ComponentModel\Debug\net11.0\System.ComponentModel.dll
  System.Collections.NonGeneric -> R:\artifacts\bin\System.Collections.NonGeneric\Debug\net11.0\System.Collections.NonGeneric.dll
  System.ObjectModel -> R:\artifacts\bin\System.ObjectModel\Debug\net11.0\System.ObjectModel.dll
  System.Security.Claims -> R:\artifacts\bin\System.Security.Claims\Debug\net11.0\System.Security.Claims.dll
  System.Runtime.Numerics -> R:\artifacts\bin\System.Runtime.Numerics\Debug\net11.0\System.Runtime.Numerics.dll
  System.Collections.Concurrent -> R:\artifacts\bin\System.Collections.Concurrent\Debug\net11.0\System.Collections.Concurrent.dll
  System.ComponentModel.Primitives -> R:\artifacts\bin\System.ComponentModel.Primitives\ref\Debug\net11.0\System.ComponentModel.Primitives.dll
  System.Runtime.InteropServices -> R:\artifacts\bin\System.Runtime.InteropServices\Debug\net11.0\System.Runtime.InteropServices.dll
  System.ComponentModel.Primitives -> R:\artifacts\bin\System.ComponentModel.Primitives\Debug\net11.0\System.ComponentModel.Primitives.dll
  System.IO.FileSystem.DriveInfo -> R:\artifacts\bin\System.IO.FileSystem.DriveInfo\ref\Debug\net11.0\System.IO.FileSystem.DriveInfo.dll
  System.Formats.Tar -> R:\artifacts\bin\System.Formats.Tar\ref\Debug\net11.0\System.Formats.Tar.dll
  System.Console -> R:\artifacts\bin\System.Console\ref\Debug\net11.0\System.Console.dll
  System.IO.FileSystem.Watcher -> R:\artifacts\bin\System.IO.FileSystem.Watcher\ref\Debug\net11.0\System.IO.FileSystem.Watcher.dll
  System.IO.MemoryMappedFiles -> R:\artifacts\bin\System.IO.MemoryMappedFiles\ref\Debug\net11.0\System.IO.MemoryMappedFiles.dll
  System.Net.Primitives -> R:\artifacts\bin\System.Net.Primitives\ref\Debug\net11.0\System.Net.Primitives.dll
  System.Collections.Specialized -> R:\artifacts\bin\System.Collections.Specialized\ref\Debug\net11.0\System.Collections.Specialized.dll
  System.Diagnostics.FileVersionInfo -> R:\artifacts\bin\System.Diagnostics.FileVersionInfo\ref\Debug\net11.0\System.Diagnostics.FileVersionInfo.dll
  System.Text.Encoding.CodePages -> R:\artifacts\bin\System.Text.Encoding.CodePages\ref\Debug\net11.0\System.Text.Encoding.CodePages.dll
  System.ComponentModel.EventBasedAsync -> R:\artifacts\bin\System.ComponentModel.EventBasedAsync\ref\Debug\net11.0\System.ComponentModel.EventBasedAsync.dll
  System.Formats.Asn1 -> R:\artifacts\bin\System.Formats.Asn1\ref\Debug\net11.0\System.Formats.Asn1.dll
  System.Security.Principal.Windows -> R:\artifacts\bin\System.Security.Principal.Windows\ref\Debug\net11.0\System.Security.Principal.Windows.dll
  System.Linq -> R:\artifacts\bin\System.Linq\ref\Debug\net11.0\System.Linq.dll
  System.IO.FileSystem.DriveInfo -> R:\artifacts\bin\System.IO.FileSystem.DriveInfo\Debug\net11.0-windows\System.IO.FileSystem.DriveInfo.dll
  System.Drawing.Primitives -> R:\artifacts\bin\System.Drawing.Primitives\ref\Debug\net11.0\System.Drawing.Primitives.dll
  System.IO.MemoryMappedFiles -> R:\artifacts\bin\System.IO.MemoryMappedFiles\Debug\net11.0\System.IO.MemoryMappedFiles.dll
  System.Net.Primitives -> R:\artifacts\bin\System.Net.Primitives\Debug\net11.0\System.Net.Primitives.dll
  System.IO.MemoryMappedFiles -> R:\artifacts\bin\System.IO.MemoryMappedFiles\Debug\net11.0-windows\System.IO.MemoryMappedFiles.dll
  System.Formats.Tar -> R:\artifacts\bin\System.Formats.Tar\Debug\net11.0-windows\System.Formats.Tar.dll
  System.Collections.Specialized -> R:\artifacts\bin\System.Collections.Specialized\Debug\net11.0\System.Collections.Specialized.dll
  System.Net.Primitives -> R:\artifacts\bin\System.Net.Primitives\Debug\net11.0-windows\System.Net.Primitives.dll
  System.Console -> R:\artifacts\bin\System.Console\Debug\net11.0-windows\System.Console.dll
  System.Linq -> R:\artifacts\bin\System.Linq\Debug\net11.0\System.Linq.dll
  System.Diagnostics.TraceSource -> R:\artifacts\bin\System.Diagnostics.TraceSource\ref\Debug\net11.0\System.Diagnostics.TraceSource.dll
  System.Diagnostics.FileVersionInfo -> R:\artifacts\bin\System.Diagnostics.FileVersionInfo\Debug\net11.0-windows\System.Diagnostics.FileVersionInfo.dll
  System.IO.FileSystem.Watcher -> R:\artifacts\bin\System.IO.FileSystem.Watcher\Debug\net11.0-windows\System.IO.FileSystem.Watcher.dll
  System.Security.Principal.Windows -> R:\artifacts\bin\System.Security.Principal.Windows\Debug\net11.0-windows\System.Security.Principal.Windows.dll
  System.Diagnostics.DiagnosticSource -> R:\artifacts\bin\System.Diagnostics.DiagnosticSource\ref\Debug\net11.0\System.Diagnostics.DiagnosticSource.dll
  System.Net.WebHeaderCollection -> R:\artifacts\bin\System.Net.WebHeaderCollection\ref\Debug\net11.0\System.Net.WebHeaderCollection.dll
  System.ComponentModel.EventBasedAsync -> R:\artifacts\bin\System.ComponentModel.EventBasedAsync\Debug\net11.0\System.ComponentModel.EventBasedAsync.dll
  System.Security.AccessControl -> R:\artifacts\bin\System.Security.AccessControl\ref\Debug\net11.0\System.Security.AccessControl.dll
  System.Collections.Immutable -> R:\artifacts\bin\System.Collections.Immutable\ref\Debug\net11.0\System.Collections.Immutable.dll
  System.Formats.Asn1 -> R:\artifacts\bin\System.Formats.Asn1\Debug\net11.0\System.Formats.Asn1.dll
  System.Security.Cryptography -> R:\artifacts\bin\System.Security.Cryptography\ref\Debug\net11.0\System.Security.Cryptography.dll
  System.Text.Encoding.CodePages -> R:\artifacts\bin\System.Text.Encoding.CodePages\Debug\net11.0-windows\System.Text.Encoding.CodePages.dll
  System.Drawing.Primitives -> R:\artifacts\bin\System.Drawing.Primitives\Debug\net11.0-windows\System.Drawing.Primitives.dll
  System.Net.WebHeaderCollection -> R:\artifacts\bin\System.Net.WebHeaderCollection\Debug\net11.0\System.Net.WebHeaderCollection.dll
  System.Diagnostics.TraceSource -> R:\artifacts\bin\System.Diagnostics.TraceSource\Debug\net11.0\System.Diagnostics.TraceSource.dll
  System.Diagnostics.DiagnosticSource -> R:\artifacts\bin\System.Diagnostics.DiagnosticSource\Debug\net11.0\System.Diagnostics.DiagnosticSource.dll
  System.Collections.Immutable -> R:\artifacts\bin\System.Collections.Immutable\Debug\net11.0\System.Collections.Immutable.dll
  System.Security.Cryptography -> R:\artifacts\bin\System.Security.Cryptography\Debug\net11.0\System.Security.Cryptography.dll
  System.Security.AccessControl -> R:\artifacts\bin\System.Security.AccessControl\Debug\net11.0-windows\System.Security.AccessControl.dll
  System.Security.Cryptography -> R:\artifacts\bin\System.Security.Cryptography\Debug\net11.0-windows\System.Security.Cryptography.dll
  System.IO.Pipes -> R:\artifacts\bin\System.IO.Pipes\ref\Debug\net11.0\System.IO.Pipes.dll
  System.Net.NameResolution -> R:\artifacts\bin\System.Net.NameResolution\ref\Debug\net11.0\System.Net.NameResolution.dll
  System.IO.Compression -> R:\artifacts\bin\System.IO.Compression\ref\Debug\net11.0\System.IO.Compression.dll
  Microsoft.Win32.Registry -> R:\artifacts\bin\Microsoft.Win32.Registry\ref\Debug\net11.0\Microsoft.Win32.Registry.dll
  System.Threading.AccessControl -> R:\artifacts\bin\System.Threading.AccessControl\ref\Debug\net11.0\System.Threading.AccessControl.dll
  System.IO.FileSystem.AccessControl -> R:\artifacts\bin\System.IO.FileSystem.AccessControl\ref\Debug\net11.0\System.IO.FileSystem.AccessControl.dll
  System.IO.Pipes -> R:\artifacts\bin\System.IO.Pipes\Debug\net11.0-windows\System.IO.Pipes.dll
  System.IO.Compression -> R:\artifacts\bin\System.IO.Compression\Debug\net11.0\System.IO.Compression.dll
  System.Threading.AccessControl -> R:\artifacts\bin\System.Threading.AccessControl\Debug\net11.0-windows\System.Threading.AccessControl.dll
  Microsoft.Win32.Registry -> R:\artifacts\bin\Microsoft.Win32.Registry\Debug\net11.0-windows\Microsoft.Win32.Registry.dll
  System.IO.FileSystem.AccessControl -> R:\artifacts\bin\System.IO.FileSystem.AccessControl\Debug\net11.0-windows\System.IO.FileSystem.AccessControl.dll
  System.IO.Compression -> R:\artifacts\bin\System.IO.Compression\Debug\net11.0-windows\System.IO.Compression.dll
  System.Net.NameResolution -> R:\artifacts\bin\System.Net.NameResolution\Debug\net11.0-windows\System.Net.NameResolution.dll
  System.IO.IsolatedStorage -> R:\artifacts\bin\System.IO.IsolatedStorage\ref\Debug\net11.0\System.IO.IsolatedStorage.dll
  System.IO.Compression.Brotli -> R:\artifacts\bin\System.IO.Compression.Brotli\ref\Debug\net11.0\System.IO.Compression.Brotli.dll
  System.IO.Pipes.AccessControl -> R:\artifacts\bin\System.IO.Pipes.AccessControl\ref\Debug\net11.0\System.IO.Pipes.AccessControl.dll
  System.Reflection.Metadata -> R:\artifacts\bin\System.Reflection.Metadata\ref\Debug\net11.0\System.Reflection.Metadata.dll
  System.IO.Compression.ZipFile -> R:\artifacts\bin\System.IO.Compression.ZipFile\ref\Debug\net11.0\System.IO.Compression.ZipFile.dll
  System.Net.WebSockets -> R:\artifacts\bin\System.Net.WebSockets\ref\Debug\net11.0\System.Net.WebSockets.dll
  System.Net.Sockets -> R:\artifacts\bin\System.Net.Sockets\ref\Debug\net11.0\System.Net.Sockets.dll
  System.Threading.Channels -> R:\artifacts\bin\System.Threading.Channels\ref\Debug\net11.0\System.Threading.Channels.dll
  System.IO.Pipes.AccessControl -> R:\artifacts\bin\System.IO.Pipes.AccessControl\Debug\net11.0-windows\System.IO.Pipes.AccessControl.dll
  System.IO.IsolatedStorage -> R:\artifacts\bin\System.IO.IsolatedStorage\Debug\net11.0-windows\System.IO.IsolatedStorage.dll
  System.IO.Compression.Brotli -> R:\artifacts\bin\System.IO.Compression.Brotli\Debug\net11.0-windows\System.IO.Compression.Brotli.dll
  System.Threading.Channels -> R:\artifacts\bin\System.Threading.Channels\Debug\net11.0\System.Threading.Channels.dll
  System.IO.Compression.ZipFile -> R:\artifacts\bin\System.IO.Compression.ZipFile\Debug\net11.0-windows\System.IO.Compression.ZipFile.dll
  System.Diagnostics.Process -> R:\artifacts\bin\System.Diagnostics.Process\ref\Debug\net11.0\System.Diagnostics.Process.dll
  System.Reflection.Metadata -> R:\artifacts\bin\System.Reflection.Metadata\Debug\net11.0\System.Reflection.Metadata.dll
  System.Reflection.Emit -> R:\artifacts\bin\System.Reflection.Emit\ref\Debug\net11.0\System.Reflection.Emit.dll
  System.Net.WebSockets -> R:\artifacts\bin\System.Net.WebSockets\Debug\net11.0-windows\System.Net.WebSockets.dll
  System.Net.Sockets -> R:\artifacts\bin\System.Net.Sockets\Debug\net11.0-windows\System.Net.Sockets.dll
  System.Net.NetworkInformation -> R:\artifacts\bin\System.Net.NetworkInformation\ref\Debug\net11.0\System.Net.NetworkInformation.dll
  System.Net.Security -> R:\artifacts\bin\System.Net.Security\ref\Debug\net11.0\System.Net.Security.dll
  System.Net.Ping -> R:\artifacts\bin\System.Net.Ping\ref\Debug\net11.0\System.Net.Ping.dll
  System.Diagnostics.Process -> R:\artifacts\bin\System.Diagnostics.Process\Debug\net11.0-windows\System.Diagnostics.Process.dll
  System.Reflection.Emit -> R:\artifacts\bin\System.Reflection.Emit\Debug\net11.0\System.Reflection.Emit.dll
  System.Linq.Expressions -> R:\artifacts\bin\System.Linq.Expressions\ref\Debug\net11.0\System.Linq.Expressions.dll
  System.Net.Ping -> R:\artifacts\bin\System.Net.Ping\Debug\net11.0-windows\System.Net.Ping.dll
  System.Net.NetworkInformation -> R:\artifacts\bin\System.Net.NetworkInformation\Debug\net11.0-windows\System.Net.NetworkInformation.dll
  System.Text.RegularExpressions -> R:\artifacts\bin\System.Text.RegularExpressions\ref\Debug\net11.0\System.Text.RegularExpressions.dll
  System.Net.Security -> R:\artifacts\bin\System.Net.Security\Debug\net11.0-windows\System.Net.Security.dll
  System.Net.Quic -> R:\artifacts\bin\System.Net.Quic\ref\Debug\net11.0\System.Net.Quic.dll
  System.Linq.Expressions -> R:\artifacts\bin\System.Linq.Expressions\Debug\net11.0\System.Linq.Expressions.dll
  Microsoft.CSharp -> R:\artifacts\bin\Microsoft.CSharp\ref\Debug\net11.0\Microsoft.CSharp.dll
  System.Net.Quic -> R:\artifacts\bin\System.Net.Quic\Debug\net11.0-windows\System.Net.Quic.dll
  System.Net.Http -> R:\artifacts\bin\System.Net.Http\ref\Debug\net11.0\System.Net.Http.dll
  System.Text.RegularExpressions -> R:\artifacts\bin\System.Text.RegularExpressions\Debug\net11.0\System.Text.RegularExpressions.dll
  Microsoft.VisualBasic.Core -> R:\artifacts\bin\Microsoft.VisualBasic.Core\ref\Debug\net11.0\Microsoft.VisualBasic.Core.dll
  System.IO.Compression.Brotli -> R:\artifacts\bin\System.IO.Compression.Brotli\Debug\net11.0\System.IO.Compression.Brotli.dll
  Microsoft.CSharp -> R:\artifacts\bin\Microsoft.CSharp\Debug\net11.0-windows\Microsoft.CSharp.dll
  System.Net.Http -> R:\artifacts\bin\System.Net.Http\Debug\net11.0-windows\System.Net.Http.dll
  System.Net.Requests -> R:\artifacts\bin\System.Net.Requests\ref\Debug\net11.0\System.Net.Requests.dll
  Microsoft.VisualBasic.Core -> R:\artifacts\bin\Microsoft.VisualBasic.Core\Debug\net11.0-windows\Microsoft.VisualBasic.Core.dll
  System.Console -> R:\artifacts\bin\System.Console\Debug\net11.0\System.Console.dll
  System.Net.Requests -> R:\artifacts\bin\System.Net.Requests\Debug\net11.0-windows\System.Net.Requests.dll
  System.Net.Mail -> R:\artifacts\bin\System.Net.Mail\ref\Debug\net11.0\System.Net.Mail.dll
  System.Private.Xml -> R:\artifacts\bin\System.Private.Xml\Debug\net11.0-windows\System.Private.Xml.dll
  System.Security.Principal.Windows -> R:\artifacts\bin\System.Security.Principal.Windows\Debug\net11.0\System.Security.Principal.Windows.dll
  System.Net.NameResolution -> R:\artifacts\bin\System.Net.NameResolution\Debug\net11.0\System.Net.NameResolution.dll
  System.Net.Sockets -> R:\artifacts\bin\System.Net.Sockets\Debug\net11.0\System.Net.Sockets.dll
  System.Net.NetworkInformation -> R:\artifacts\bin\System.Net.NetworkInformation\Debug\net11.0\System.Net.NetworkInformation.dll
  System.Net.Mail -> R:\artifacts\bin\System.Net.Mail\Debug\net11.0-windows\System.Net.Mail.dll
  System.Net.Security -> R:\artifacts\bin\System.Net.Security\Debug\net11.0\System.Net.Security.dll
  System.Net.WebSockets -> R:\artifacts\bin\System.Net.WebSockets\Debug\net11.0\System.Net.WebSockets.dll
  System.Net.Quic -> R:\artifacts\bin\System.Net.Quic\Debug\net11.0\System.Net.Quic.dll
  System.Net.Http -> R:\artifacts\bin\System.Net.Http\Debug\net11.0\System.Net.Http.dll
  System.Private.Xml -> R:\artifacts\bin\System.Private.Xml\Debug\net11.0\System.Private.Xml.dll
  System.Net.WebSockets.Client -> R:\artifacts\bin\System.Net.WebSockets.Client\ref\Debug\net11.0\System.Net.WebSockets.Client.dll
  System.Xml.ReaderWriter -> R:\artifacts\bin\System.Xml.ReaderWriter\ref\Debug\net11.0\System.Xml.ReaderWriter.dll
  System.Net.WebSockets.Client -> R:\artifacts\bin\System.Net.WebSockets.Client\Debug\net11.0\System.Net.WebSockets.Client.dll
  System.Net.HttpListener -> R:\artifacts\bin\System.Net.HttpListener\ref\Debug\net11.0\System.Net.HttpListener.dll
  System.Xml.ReaderWriter -> R:\artifacts\bin\System.Xml.ReaderWriter\Debug\net11.0\System.Xml.ReaderWriter.dll
  System.Net.HttpListener -> R:\artifacts\bin\System.Net.HttpListener\Debug\net11.0-windows\System.Net.HttpListener.dll
  System.Transactions.Local -> R:\artifacts\bin\System.Transactions.Local\ref\Debug\net11.0\System.Transactions.Local.dll
  System.Transactions.Local -> R:\artifacts\bin\System.Transactions.Local\Debug\net11.0-windows\System.Transactions.Local.dll
  System.IO.Pipelines -> R:\artifacts\bin\System.IO.Pipelines\ref\Debug\net11.0\System.IO.Pipelines.dll
  System.Runtime.InteropServices.JavaScript -> R:\artifacts\bin\System.Runtime.InteropServices.JavaScript\ref\Debug\net11.0\System.Runtime.InteropServices.JavaScript.dll
  Microsoft.Extensions.Primitives -> R:\artifacts\bin\Microsoft.Extensions.Primitives\ref\Debug\net11.0\Microsoft.Extensions.Primitives.dll
  System.Web.HttpUtility -> R:\artifacts\bin\System.Web.HttpUtility\ref\Debug\net11.0\System.Web.HttpUtility.dll
  System.Linq.AsyncEnumerable -> R:\artifacts\bin\System.Linq.AsyncEnumerable\ref\Debug\net11.0\System.Linq.AsyncEnumerable.dll
  System.Runtime.Serialization.Formatters -> R:\artifacts\bin\System.Runtime.Serialization.Formatters\ref\Debug\net11.0\System.Runtime.Serialization.Formatters.dll
  System.Threading.Tasks.Dataflow -> R:\artifacts\bin\System.Threading.Tasks.Dataflow\ref\Debug\net11.0\System.Threading.Tasks.Dataflow.dll
  System.Net.ServerSentEvents -> R:\artifacts\bin\System.Net.ServerSentEvents\ref\Debug\net11.0\System.Net.ServerSentEvents.dll
  System.Net.WebProxy -> R:\artifacts\bin\System.Net.WebProxy\ref\Debug\net11.0\System.Net.WebProxy.dll
  System.Text.Encodings.Web -> R:\artifacts\bin\System.Text.Encodings.Web\ref\Debug\net11.0\System.Text.Encodings.Web.dll
  System.Runtime.InteropServices.JavaScript -> R:\artifacts\bin\System.Runtime.InteropServices.JavaScript\Debug\net11.0\System.Runtime.InteropServices.JavaScript.dll
  System.IO.Pipelines -> R:\artifacts\bin\System.IO.Pipelines\Debug\net11.0\System.IO.Pipelines.dll
  System.Web.HttpUtility -> R:\artifacts\bin\System.Web.HttpUtility\Debug\net11.0\System.Web.HttpUtility.dll
  Microsoft.Extensions.Primitives -> R:\artifacts\bin\Microsoft.Extensions.Primitives\Debug\net11.0\Microsoft.Extensions.Primitives.dll
  System.Diagnostics.StackTrace -> R:\artifacts\bin\System.Diagnostics.StackTrace\Debug\net11.0\System.Diagnostics.StackTrace.dll
  Microsoft.Extensions.DependencyInjection.Abstractions -> R:\artifacts\bin\Microsoft.Extensions.DependencyInjection.Abstractions\ref\Debug\net11.0\Microsoft.Extensions.DependencyInjection.Abstractions.dll
  Microsoft.Extensions.FileProviders.Abstractions -> R:\artifacts\bin\Microsoft.Extensions.FileProviders.Abstractions\ref\Debug\net11.0\Microsoft.Extensions.FileProviders.Abstractions.dll
  Microsoft.Extensions.Caching.Abstractions -> R:\artifacts\bin\Microsoft.Extensions.Caching.Abstractions\ref\Debug\net11.0\Microsoft.Extensions.Caching.Abstractions.dll
  System.Linq.AsyncEnumerable -> R:\artifacts\bin\System.Linq.AsyncEnumerable\Debug\net11.0\System.Linq.AsyncEnumerable.dll
  System.Runtime.Serialization.Formatters -> R:\artifacts\bin\System.Runtime.Serialization.Formatters\Debug\net11.0\System.Runtime.Serialization.Formatters.dll
  Microsoft.Extensions.FileProviders.Abstractions -> R:\artifacts\bin\Microsoft.Extensions.FileProviders.Abstractions\Debug\net11.0\Microsoft.Extensions.FileProviders.Abstractions.dll
  Microsoft.Extensions.Caching.Abstractions -> R:\artifacts\bin\Microsoft.Extensions.Caching.Abstractions\Debug\net11.0\Microsoft.Extensions.Caching.Abstractions.dll
  Microsoft.Extensions.Configuration.Abstractions -> R:\artifacts\bin\Microsoft.Extensions.Configuration.Abstractions\ref\Debug\net11.0\Microsoft.Extensions.Configuration.Abstractions.dll
  Microsoft.Extensions.DependencyInjection.Abstractions -> R:\artifacts\bin\Microsoft.Extensions.DependencyInjection.Abstractions\Debug\net11.0\Microsoft.Extensions.DependencyInjection.Abstractions.dll
  System.Net.WebProxy -> R:\artifacts\bin\System.Net.WebProxy\Debug\net11.0\System.Net.WebProxy.dll
  Microsoft.Extensions.Logging.Generators.Roslyn4.0 -> R:\artifacts\bin\Microsoft.Extensions.Logging.Generators.Roslyn4.0\Debug\netstandard2.0\Microsoft.Extensions.Logging.Generators.dll
  Microsoft.Extensions.Logging.Generators.Roslyn3.11 -> R:\artifacts\bin\Microsoft.Extensions.Logging.Generators.Roslyn3.11\Debug\netstandard2.0\Microsoft.Extensions.Logging.Generators.dll
  System.Net.ServerSentEvents -> R:\artifacts\bin\System.Net.ServerSentEvents\Debug\net11.0\System.Net.ServerSentEvents.dll
  System.Net.Requests -> R:\artifacts\bin\System.Net.Requests\Debug\net11.0\System.Net.Requests.dll
  System.Threading.Tasks.Dataflow -> R:\artifacts\bin\System.Threading.Tasks.Dataflow\Debug\net11.0\System.Threading.Tasks.Dataflow.dll
  Microsoft.Extensions.Configuration.Abstractions -> R:\artifacts\bin\Microsoft.Extensions.Configuration.Abstractions\Debug\net11.0\Microsoft.Extensions.Configuration.Abstractions.dll
  System.Text.Encodings.Web -> R:\artifacts\bin\System.Text.Encodings.Web\Debug\net11.0\System.Text.Encodings.Web.dll
  System.Net.WebClient -> R:\artifacts\bin\System.Net.WebClient\ref\Debug\net11.0\System.Net.WebClient.dll
  System.Text.Json.SourceGeneration.Roslyn3.11 -> R:\artifacts\bin\System.Text.Json.SourceGeneration.Roslyn3.11\Debug\netstandard2.0\System.Text.Json.SourceGeneration.dll
  System.Text.Json.SourceGeneration.Roslyn4.0 -> R:\artifacts\bin\System.Text.Json.SourceGeneration.Roslyn4.0\Debug\netstandard2.0\System.Text.Json.SourceGeneration.dll
  Microsoft.Extensions.Logging.Abstractions -> R:\artifacts\bin\Microsoft.Extensions.Logging.Abstractions\ref\Debug\net11.0\Microsoft.Extensions.Logging.Abstractions.dll
  System.Text.Json.SourceGeneration.Roslyn4.4 -> R:\artifacts\bin\System.Text.Json.SourceGeneration.Roslyn4.4\Debug\net11.0\System.Text.Json.SourceGeneration.dll
  System.Text.Json -> R:\artifacts\bin\System.Text.Json\ref\Debug\net11.0\System.Text.Json.dll
  System.Net.WebClient -> R:\artifacts\bin\System.Net.WebClient\Debug\net11.0\System.Net.WebClient.dll
  System.Resources.Writer -> R:\artifacts\bin\System.Resources.Writer\ref\Debug\net11.0\System.Resources.Writer.dll
  Microsoft.Extensions.Logging.Abstractions -> R:\artifacts\bin\Microsoft.Extensions.Logging.Abstractions\Debug\net11.0\Microsoft.Extensions.Logging.Abstractions.dll
  System.Private.Xml.Linq -> R:\artifacts\bin\System.Private.Xml.Linq\Debug\net11.0\System.Private.Xml.Linq.dll
  System.Xml.XDocument -> R:\artifacts\bin\System.Xml.XDocument\ref\Debug\net11.0\System.Xml.XDocument.dll
  System.Resources.Writer -> R:\artifacts\bin\System.Resources.Writer\Debug\net11.0\System.Resources.Writer.dll
  System.Text.Json -> R:\artifacts\bin\System.Text.Json\Debug\net11.0\System.Text.Json.dll
  System.Xml.XDocument -> R:\artifacts\bin\System.Xml.XDocument\Debug\net11.0\System.Xml.XDocument.dll
  System.Net.Http.Json -> R:\artifacts\bin\System.Net.Http.Json\ref\Debug\net11.0\System.Net.Http.Json.dll
  System.Drawing.Primitives -> R:\artifacts\bin\System.Drawing.Primitives\Debug\net11.0\System.Drawing.Primitives.dll
  System.Net.Http.Json -> R:\artifacts\bin\System.Net.Http.Json\Debug\net11.0\System.Net.Http.Json.dll
  System.ComponentModel.TypeConverter -> R:\artifacts\bin\System.ComponentModel.TypeConverter\ref\Debug\net11.0\System.ComponentModel.TypeConverter.dll
  System.ComponentModel.TypeConverter -> R:\artifacts\bin\System.ComponentModel.TypeConverter\Debug\net11.0\System.ComponentModel.TypeConverter.dll
  System.ComponentModel.Annotations -> R:\artifacts\bin\System.ComponentModel.Annotations\ref\Debug\net11.0\System.ComponentModel.Annotations.dll
  System.ComponentModel.Annotations -> R:\artifacts\bin\System.ComponentModel.Annotations\Debug\net11.0\System.ComponentModel.Annotations.dll
  Microsoft.Extensions.Options -> R:\artifacts\bin\Microsoft.Extensions.Options\ref\Debug\net11.0\Microsoft.Extensions.Options.dll
  Microsoft.Extensions.Options -> R:\artifacts\bin\Microsoft.Extensions.Options\Debug\net11.0\Microsoft.Extensions.Options.dll
  Microsoft.Extensions.Diagnostics.Abstractions -> R:\artifacts\bin\Microsoft.Extensions.Diagnostics.Abstractions\ref\Debug\net11.0\Microsoft.Extensions.Diagnostics.Abstractions.dll
  Microsoft.Extensions.Diagnostics.Abstractions -> R:\artifacts\bin\Microsoft.Extensions.Diagnostics.Abstractions\Debug\net11.0\Microsoft.Extensions.Diagnostics.Abstractions.dll
  Microsoft.Extensions.Hosting.Abstractions -> R:\artifacts\bin\Microsoft.Extensions.Hosting.Abstractions\ref\Debug\net11.0\Microsoft.Extensions.Hosting.Abstractions.dll
  Microsoft.Extensions.Hosting.Abstractions -> R:\artifacts\bin\Microsoft.Extensions.Hosting.Abstractions\Debug\net11.0\Microsoft.Extensions.Hosting.Abstractions.dll
  System.Buffers -> R:\artifacts\bin\System.Buffers\Debug\net11.0-windows\System.Buffers.dll
  System.AppContext -> R:\artifacts\bin\System.AppContext\Debug\net11.0-windows\System.AppContext.dll
  System.IO.FileSystem -> R:\artifacts\bin\System.IO.FileSystem\Debug\net11.0-windows\System.IO.FileSystem.dll
  System.IO.UnmanagedMemoryStream -> R:\artifacts\bin\System.IO.UnmanagedMemoryStream\Debug\net11.0-windows\System.IO.UnmanagedMemoryStream.dll
  System.Threading.Tasks -> R:\artifacts\bin\System.Threading.Tasks\Debug\net11.0-windows\System.Threading.Tasks.dll
  System.Runtime.CompilerServices.VisualC -> R:\artifacts\bin\System.Runtime.CompilerServices.VisualC\ref\Debug\net11.0\System.Runtime.CompilerServices.VisualC.dll
  System.Diagnostics.Tools -> R:\artifacts\bin\System.Diagnostics.Tools\Debug\net11.0-windows\System.Diagnostics.Tools.dll
  System.Diagnostics.Debug -> R:\artifacts\bin\System.Diagnostics.Debug\Debug\net11.0-windows\System.Diagnostics.Debug.dll
  System.Xml.XPath.XDocument -> R:\artifacts\bin\System.Xml.XPath.XDocument\ref\Debug\net11.0\System.Xml.XPath.XDocument.dll
  System.Reflection.TypeExtensions -> R:\artifacts\bin\System.Reflection.TypeExtensions\ref\Debug\net11.0\System.Reflection.TypeExtensions.dll
  System.Diagnostics.Contracts -> R:\artifacts\bin\System.Diagnostics.Contracts\ref\Debug\net11.0\System.Diagnostics.Contracts.dll
  System.Reflection.DispatchProxy -> R:\artifacts\bin\System.Reflection.DispatchProxy\ref\Debug\net11.0\System.Reflection.DispatchProxy.dll
  System.Linq.Queryable -> R:\artifacts\bin\System.Linq.Queryable\ref\Debug\net11.0\System.Linq.Queryable.dll
  System.Globalization -> R:\artifacts\bin\System.Globalization\Debug\net11.0-windows\System.Globalization.dll
  System.Threading.Tasks.Parallel -> R:\artifacts\bin\System.Threading.Tasks.Parallel\ref\Debug\net11.0\System.Threading.Tasks.Parallel.dll
  System.Xml.XPath -> R:\artifacts\bin\System.Xml.XPath\ref\Debug\net11.0\System.Xml.XPath.dll
  System.Linq.Parallel -> R:\artifacts\bin\System.Linq.Parallel\ref\Debug\net11.0\System.Linq.Parallel.dll
  System.IO -> R:\artifacts\bin\System.IO\Debug\net11.0-windows\System.IO.dll
  System.Runtime.Extensions -> R:\artifacts\bin\System.Runtime.Extensions\Debug\net11.0-windows\System.Runtime.Extensions.dll
  System.Dynamic.Runtime -> R:\artifacts\bin\System.Dynamic.Runtime\Debug\net11.0-windows\System.Dynamic.Runtime.dll
  System.Runtime.Handles -> R:\artifacts\bin\System.Runtime.Handles\Debug\net11.0-windows\System.Runtime.Handles.dll
  System.Runtime.InteropServices.RuntimeInformation -> R:\artifacts\bin\System.Runtime.InteropServices.RuntimeInformation\Debug\net11.0-windows\System.Runtime.InteropServices.RuntimeInformation.dll
  System.Resources.Reader -> R:\artifacts\bin\System.Resources.Reader\Debug\net11.0-windows\System.Resources.Reader.dll
  System.Runtime.CompilerServices.Unsafe -> R:\artifacts\bin\System.Runtime.CompilerServices.Unsafe\Debug\net11.0-windows\System.Runtime.CompilerServices.Unsafe.dll
  System.Numerics -> R:\artifacts\bin\System.Numerics\Debug\net11.0-windows\System.Numerics.dll
  System.IO.FileSystem.Primitives -> R:\artifacts\bin\System.IO.FileSystem.Primitives\Debug\net11.0-windows\System.IO.FileSystem.Primitives.dll
  System.ValueTuple -> R:\artifacts\bin\System.ValueTuple\Debug\net11.0-windows\System.ValueTuple.dll
  System.Reflection -> R:\artifacts\bin\System.Reflection\Debug\net11.0-windows\System.Reflection.dll
  System.Security.Principal -> R:\artifacts\bin\System.Security.Principal\Debug\net11.0-windows\System.Security.Principal.dll
  System.Windows -> R:\artifacts\bin\System.Windows\Debug\net11.0-windows\System.Windows.dll
  System.IO.Compression.FileSystem -> R:\artifacts\bin\System.IO.Compression.FileSystem\Debug\net11.0-windows\System.IO.Compression.FileSystem.dll
  System.ComponentModel.DataAnnotations -> R:\artifacts\bin\System.ComponentModel.DataAnnotations\Debug\net11.0-windows\System.ComponentModel.DataAnnotations.dll
  System.Web -> R:\artifacts\bin\System.Web\Debug\net11.0-windows\System.Web.dll
  System.Reflection.Extensions -> R:\artifacts\bin\System.Reflection.Extensions\Debug\net11.0-windows\System.Reflection.Extensions.dll
  System.Xml.XPath -> R:\artifacts\bin\System.Xml.XPath\Debug\net11.0\System.Xml.XPath.dll
  System.Linq.Queryable -> R:\artifacts\bin\System.Linq.Queryable\Debug\net11.0\System.Linq.Queryable.dll
  System.Runtime.Serialization.Primitives -> R:\artifacts\bin\System.Runtime.Serialization.Primitives\ref\Debug\net11.0\System.Runtime.Serialization.Primitives.dll
  System.Globalization.Extensions -> R:\artifacts\bin\System.Globalization.Extensions\Debug\net11.0-windows\System.Globalization.Extensions.dll
  System.Runtime.Serialization.Schema -> R:\artifacts\bin\System.Runtime.Serialization.Schema\stub\Debug\net11.0\System.Runtime.Serialization.Schema.dll
  System.Data.OleDb -> R:\artifacts\bin\System.Data.OleDb\stub\Debug\net11.0\System.Data.OleDb.dll
  System.Data.SqlClient -> R:\artifacts\bin\System.Data.SqlClient\stub\Debug\net11.0\System.Data.SqlClient.dll
  System.Diagnostics.PerformanceCounter -> R:\artifacts\bin\System.Diagnostics.PerformanceCounter\stub\Debug\net11.0\System.Diagnostics.PerformanceCounter.dll
  System.ServiceProcess.ServiceController -> R:\artifacts\bin\System.ServiceProcess.ServiceController\stub\Debug\net11.0\System.ServiceProcess.ServiceController.dll
  System.Security.Cryptography.ProtectedData -> R:\artifacts\bin\System.Security.Cryptography.ProtectedData\stub\Debug\net11.0\System.Security.Cryptography.ProtectedData.dll
  System.Linq.Parallel -> R:\artifacts\bin\System.Linq.Parallel\Debug\net11.0\System.Linq.Parallel.dll
  System.Xml.XmlDocument -> R:\artifacts\bin\System.Xml.XmlDocument\Debug\net11.0-windows\System.Xml.XmlDocument.dll
  System.Text.Encoding -> R:\artifacts\bin\System.Text.Encoding\Debug\net11.0-windows\System.Text.Encoding.dll
  Microsoft.VisualBasic -> R:\artifacts\bin\Microsoft.VisualBasic\Debug\net11.0-windows\Microsoft.VisualBasic.dll
  System.Globalization.Calendars -> R:\artifacts\bin\System.Globalization.Calendars\Debug\net11.0-windows\System.Globalization.Calendars.dll
  System.Threading.Tasks.Extensions -> R:\artifacts\bin\System.Threading.Tasks.Extensions\Debug\net11.0-windows\System.Threading.Tasks.Extensions.dll
  System.Security.Cryptography.Pkcs -> R:\artifacts\bin\System.Security.Cryptography.Pkcs\stub\Debug\net11.0\System.Security.Cryptography.Pkcs.dll
  System.Security.Cryptography.Cng -> R:\artifacts\bin\System.Security.Cryptography.Cng\Debug\net11.0-windows\System.Security.Cryptography.Cng.dll
  System.Diagnostics.EventLog -> R:\artifacts\bin\System.Diagnostics.EventLog\stub\Debug\net11.0\System.Diagnostics.EventLog.dll
  System.Security.Cryptography.Algorithms -> R:\artifacts\bin\System.Security.Cryptography.Algorithms\Debug\net11.0-windows\System.Security.Cryptography.Algorithms.dll
  System.Threading.Timer -> R:\artifacts\bin\System.Threading.Timer\Debug\net11.0-windows\System.Threading.Timer.dll
  System.Security.Permissions -> R:\artifacts\bin\System.Security.Permissions\stub\Debug\net11.0\System.Security.Permissions.dll
  System.Data.Odbc -> R:\artifacts\bin\System.Data.Odbc\stub\Debug\net11.0\System.Data.Odbc.dll
  System.Security.Cryptography.OpenSsl -> R:\artifacts\bin\System.Security.Cryptography.OpenSsl\Debug\net11.0-windows\System.Security.Cryptography.OpenSsl.dll
  System.Xml.XmlSerializer -> R:\artifacts\bin\System.Xml.XmlSerializer\ref\Debug\net11.0\System.Xml.XmlSerializer.dll
  System.Reflection.DispatchProxy -> R:\artifacts\bin\System.Reflection.DispatchProxy\Debug\net11.0\System.Reflection.DispatchProxy.dll
  System.Xml.XPath.XDocument -> R:\artifacts\bin\System.Xml.XPath.XDocument\Debug\net11.0\System.Xml.XPath.XDocument.dll
  System.Resources.ResourceManager -> R:\artifacts\bin\System.Resources.ResourceManager\Debug\net11.0-windows\System.Resources.ResourceManager.dll
  System.Configuration.ConfigurationManager -> R:\artifacts\bin\System.Configuration.ConfigurationManager\stub\Debug\net11.0\System.Configuration.ConfigurationManager.dll
  System.Runtime.CompilerServices.VisualC -> R:\artifacts\bin\System.Runtime.CompilerServices.VisualC\Debug\net11.0\System.Runtime.CompilerServices.VisualC.dll
  System.Security.Cryptography.Encoding -> R:\artifacts\bin\System.Security.Cryptography.Encoding\Debug\net11.0-windows\System.Security.Cryptography.Encoding.dll
  System.Threading.Tasks.Parallel -> R:\artifacts\bin\System.Threading.Tasks.Parallel\Debug\net11.0\System.Threading.Tasks.Parallel.dll
  System.Security.Cryptography.Primitives -> R:\artifacts\bin\System.Security.Cryptography.Primitives\Debug\net11.0-windows\System.Security.Cryptography.Primitives.dll
  System.Windows.Extensions -> R:\artifacts\bin\System.Windows.Extensions\stub\Debug\net11.0\System.Windows.Extensions.dll
  System.Security.SecureString -> R:\artifacts\bin\System.Security.SecureString\Debug\net11.0-windows\System.Security.SecureString.dll
  System.Security.Cryptography.Xml -> R:\artifacts\bin\System.Security.Cryptography.Xml\stub\Debug\net11.0\System.Security.Cryptography.Xml.dll
  System.Net.ServicePoint -> R:\artifacts\bin\System.Net.ServicePoint\Debug\net11.0-windows\System.Net.ServicePoint.dll
  System.Xml.Linq -> R:\artifacts\bin\System.Xml.Linq\Debug\net11.0-windows\System.Xml.Linq.dll
  System.Configuration -> R:\artifacts\bin\System.Configuration\Debug\net11.0-windows\System.Configuration.dll
  System.Security.Cryptography.X509Certificates -> R:\artifacts\bin\System.Security.Cryptography.X509Certificates\Debug\net11.0-windows\System.Security.Cryptography.X509Certificates.dll
  System.Reflection.TypeExtensions -> R:\artifacts\bin\System.Reflection.TypeExtensions\Debug\net11.0\System.Reflection.TypeExtensions.dll
  System.Xml.XmlSerializer -> R:\artifacts\bin\System.Xml.XmlSerializer\Debug\net11.0\System.Xml.XmlSerializer.dll
  System.Security.Cryptography.Csp -> R:\artifacts\bin\System.Security.Cryptography.Csp\Debug\net11.0-windows\System.Security.Cryptography.Csp.dll
  Microsoft.Win32.SystemEvents -> R:\artifacts\bin\Microsoft.Win32.SystemEvents\stub\Debug\net11.0\Microsoft.Win32.SystemEvents.dll
  System.ServiceModel.Syndication -> R:\artifacts\bin\System.ServiceModel.Syndication\stub\Debug\net11.0\System.ServiceModel.Syndication.dll
  System.CodeDom -> R:\artifacts\bin\System.CodeDom\stub\Debug\net11.0\System.CodeDom.dll
  System.IO.Ports -> R:\artifacts\bin\System.IO.Ports\stub\Debug\net11.0\System.IO.Ports.dll
  System.IO.Packaging -> R:\artifacts\bin\System.IO.Packaging\stub\Debug\net11.0\System.IO.Packaging.dll
  System.ServiceProcess -> R:\artifacts\bin\System.ServiceProcess\Debug\net11.0-windows\System.ServiceProcess.dll
  System.Diagnostics.Contracts -> R:\artifacts\bin\System.Diagnostics.Contracts\Debug\net11.0\System.Diagnostics.Contracts.dll
  System.Security -> R:\artifacts\bin\System.Security\Debug\net11.0-windows\System.Security.dll
  System.Transactions -> R:\artifacts\bin\System.Transactions\Debug\net11.0-windows\System.Transactions.dll
  WindowsBase -> R:\artifacts\bin\WindowsBase\Debug\net11.0-windows\WindowsBase.dll
  System.Xml -> R:\artifacts\bin\System.Xml\Debug\net11.0-windows\System.Xml.dll
  mscorlib -> R:\artifacts\bin\mscorlib\ref\Debug\net11.0-windows\mscorlib.dll
  System.Core -> R:\artifacts\bin\System.Core\Debug\net11.0-windows\System.Core.dll
  System.Drawing.Common -> R:\artifacts\bin\System.Drawing.Common\stub\Debug\net11.0\System.Drawing.Common.dll
  System.Xml.Serialization -> R:\artifacts\bin\System.Xml.Serialization\Debug\net11.0-windows\System.Xml.Serialization.dll
  System.Diagnostics.FileVersionInfo -> R:\artifacts\bin\System.Diagnostics.FileVersionInfo\Debug\net11.0\System.Diagnostics.FileVersionInfo.dll
  System.Drawing -> R:\artifacts\bin\System.Drawing\Debug\net11.0-windows\System.Drawing.dll
  System.Runtime.Serialization.Primitives -> R:\artifacts\bin\System.Runtime.Serialization.Primitives\Debug\net11.0\System.Runtime.Serialization.Primitives.dll
  System.IO.FileSystem.DriveInfo -> R:\artifacts\bin\System.IO.FileSystem.DriveInfo\Debug\net11.0\System.IO.FileSystem.DriveInfo.dll
  System.Net -> R:\artifacts\bin\System.Net\Debug\net11.0-windows\System.Net.dll
  mscorlib -> R:\artifacts\bin\mscorlib\Debug\net11.0-windows\mscorlib.dll
  System.Security.AccessControl -> R:\artifacts\bin\System.Security.AccessControl\Debug\net11.0\System.Security.AccessControl.dll
  System.Private.DataContractSerialization -> R:\artifacts\bin\System.Private.DataContractSerialization\Debug\net11.0\System.Private.DataContractSerialization.dll
  Microsoft.Win32.Registry -> R:\artifacts\bin\Microsoft.Win32.Registry\Debug\net11.0\Microsoft.Win32.Registry.dll
  System.IO.Pipes -> R:\artifacts\bin\System.IO.Pipes\Debug\net11.0\System.IO.Pipes.dll
  System.Runtime.Serialization.Xml -> R:\artifacts\bin\System.Runtime.Serialization.Xml\ref\Debug\net11.0\System.Runtime.Serialization.Xml.dll
  System.Runtime.Serialization.Json -> R:\artifacts\bin\System.Runtime.Serialization.Json\ref\Debug\net11.0\System.Runtime.Serialization.Json.dll
  System.Diagnostics.Process -> R:\artifacts\bin\System.Diagnostics.Process\Debug\net11.0\System.Diagnostics.Process.dll
  System.Runtime.Serialization.Json -> R:\artifacts\bin\System.Runtime.Serialization.Json\Debug\net11.0\System.Runtime.Serialization.Json.dll
  System.Diagnostics.TextWriterTraceListener -> R:\artifacts\bin\System.Diagnostics.TextWriterTraceListener\ref\Debug\net11.0\System.Diagnostics.TextWriterTraceListener.dll
  System.ServiceModel.Web -> R:\artifacts\bin\System.ServiceModel.Web\Debug\net11.0-windows\System.ServiceModel.Web.dll
  System.Runtime.Serialization.Xml -> R:\artifacts\bin\System.Runtime.Serialization.Xml\Debug\net11.0\System.Runtime.Serialization.Xml.dll
  System.Runtime.Serialization -> R:\artifacts\bin\System.Runtime.Serialization\Debug\net11.0-windows\System.Runtime.Serialization.dll
  System.Diagnostics.TextWriterTraceListener -> R:\artifacts\bin\System.Diagnostics.TextWriterTraceListener\Debug\net11.0\System.Diagnostics.TextWriterTraceListener.dll
  System.Transactions.Local -> R:\artifacts\bin\System.Transactions.Local\Debug\net11.0\System.Transactions.Local.dll
  System.Data.Common -> R:\artifacts\bin\System.Data.Common\ref\Debug\net11.0\System.Data.Common.dll
  System -> R:\artifacts\bin\System\ref\Debug\net11.0-windows\System.dll
  System.Data.Common -> R:\artifacts\bin\System.Data.Common\Debug\net11.0\System.Data.Common.dll
  System.Data.DataSetExtensions -> R:\artifacts\bin\System.Data.DataSetExtensions\Debug\net11.0-windows\System.Data.DataSetExtensions.dll
  System -> R:\artifacts\bin\System\Debug\net11.0-windows\System.dll
  System.Data -> R:\artifacts\bin\System.Data\ref\Debug\net11.0-windows\System.Data.dll
  System.Data -> R:\artifacts\bin\System.Data\Debug\net11.0-windows\System.Data.dll
  netstandard -> R:\artifacts\bin\netstandard\Debug\net11.0-windows\netstandard.dll
  sfx-finish -> Trimming win-x64 shared framework assemblies with ILLinker...
  Microsoft.Bcl.AsyncInterfaces -> R:\artifacts\bin\Microsoft.Bcl.AsyncInterfaces\Debug\netstandard2.1\Microsoft.Bcl.AsyncInterfaces.dll
  Microsoft.Bcl.Numerics -> R:\artifacts\bin\Microsoft.Bcl.Numerics\Debug\netstandard2.1\Microsoft.Bcl.Numerics.dll
  Microsoft.Extensions.Configuration.Binder.SourceGeneration -> R:\artifacts\bin\Microsoft.Extensions.Configuration.Binder.SourceGeneration\Debug\netstandard2.0\Microsoft.Extensions.Configuration.Binder.SourceGeneration.dll
  System.Security.Cryptography.Pkcs -> R:\artifacts\bin\System.Security.Cryptography.Pkcs\ref\Debug\net11.0\System.Security.Cryptography.Pkcs.dll
  System.Composition.AttributedModel -> R:\artifacts\bin\System.Composition.AttributedModel\Debug\net11.0\System.Composition.AttributedModel.dll
  Microsoft.Extensions.DependencyInjection.Specification.Tests -> R:\artifacts\bin\Microsoft.Extensions.DependencyInjection.Specification.Tests\Debug\net11.0\Microsoft.Extensions.DependencyInjection.Specification.Tests.dll
  System.Memory.Data -> R:\artifacts\bin\System.Memory.Data\ref\Debug\net11.0\System.Memory.Data.dll
  Microsoft.Extensions.Configuration -> R:\artifacts\bin\Microsoft.Extensions.Configuration\ref\Debug\net11.0\Microsoft.Extensions.Configuration.dll
  Microsoft.Bcl.Memory -> R:\artifacts\bin\Microsoft.Bcl.Memory\Debug\net11.0\Microsoft.Bcl.Memory.dll
  Microsoft.Bcl.Cryptography -> R:\artifacts\bin\Microsoft.Bcl.Cryptography\Debug\net11.0\Microsoft.Bcl.Cryptography.dll
  System.Composition.Runtime -> R:\artifacts\bin\System.Composition.Runtime\Debug\net11.0\System.Composition.Runtime.dll
  System.Security.Cryptography.Pkcs -> R:\artifacts\bin\System.Security.Cryptography.Pkcs\Debug\net11.0\System.Security.Cryptography.Pkcs.dll
  Microsoft.Extensions.FileProviders.Composite -> R:\artifacts\bin\Microsoft.Extensions.FileProviders.Composite\ref\Debug\net11.0\Microsoft.Extensions.FileProviders.Composite.dll
  System.Threading.RateLimiting -> R:\artifacts\bin\System.Threading.RateLimiting\ref\Debug\net11.0\System.Threading.RateLimiting.dll
  System.Reflection.Context -> R:\artifacts\bin\System.Reflection.Context\ref\Debug\net11.0\System.Reflection.Context.dll
  Microsoft.Extensions.DependencyInjection -> R:\artifacts\bin\Microsoft.Extensions.DependencyInjection\ref\Debug\net11.0\Microsoft.Extensions.DependencyInjection.dll
  System.Formats.Nrbf -> R:\artifacts\bin\System.Formats.Nrbf\ref\Debug\net11.0\System.Formats.Nrbf.dll
  System.Memory.Data -> R:\artifacts\bin\System.Memory.Data\Debug\net11.0\System.Memory.Data.dll
  Microsoft.Extensions.FileSystemGlobbing -> R:\artifacts\bin\Microsoft.Extensions.FileSystemGlobbing\ref\Debug\net11.0\Microsoft.Extensions.FileSystemGlobbing.dll
  Microsoft.Extensions.Configuration -> R:\artifacts\bin\Microsoft.Extensions.Configuration\Debug\net11.0\Microsoft.Extensions.Configuration.dll
  Microsoft.Extensions.DependencyModel -> R:\artifacts\bin\Microsoft.Extensions.DependencyModel\ref\Debug\net11.0\Microsoft.Extensions.DependencyModel.dll
  Microsoft.Extensions.Caching.Memory -> R:\artifacts\bin\Microsoft.Extensions.Caching.Memory\ref\Debug\net11.0\Microsoft.Extensions.Caching.Memory.dll
  System.ServiceModel.Syndication -> R:\artifacts\bin\System.ServiceModel.Syndication\ref\Debug\net11.0\System.ServiceModel.Syndication.dll
  System.Composition.Convention -> R:\artifacts\bin\System.Composition.Convention\Debug\net11.0\System.Composition.Convention.dll
  System.Reflection.Context -> R:\artifacts\bin\System.Reflection.Context\Debug\net11.0\System.Reflection.Context.dll
  System.Composition.Hosting -> R:\artifacts\bin\System.Composition.Hosting\Debug\net11.0\System.Composition.Hosting.dll
  Microsoft.Extensions.DependencyInjection -> R:\artifacts\bin\Microsoft.Extensions.DependencyInjection\Debug\net11.0\Microsoft.Extensions.DependencyInjection.dll
  Microsoft.Extensions.Options.DataAnnotations -> R:\artifacts\bin\Microsoft.Extensions.Options.DataAnnotations\ref\Debug\net11.0\Microsoft.Extensions.Options.DataAnnotations.dll
  Microsoft.Extensions.FileProviders.Composite -> R:\artifacts\bin\Microsoft.Extensions.FileProviders.Composite\Debug\net11.0\Microsoft.Extensions.FileProviders.Composite.dll
  System.IO.Hashing -> R:\artifacts\bin\System.IO.Hashing\ref\Debug\net11.0\System.IO.Hashing.dll
  System.Threading.RateLimiting -> R:\artifacts\bin\System.Threading.RateLimiting\Debug\net11.0\System.Threading.RateLimiting.dll
  System.Numerics.Tensors -> R:\artifacts\bin\System.Numerics.Tensors\ref\Debug\net11.0\System.Numerics.Tensors.dll
  System.Diagnostics.EventLog -> R:\artifacts\bin\System.Diagnostics.EventLog\ref\Debug\net11.0\System.Diagnostics.EventLog.dll
  System.Security.Cryptography.Xml -> R:\artifacts\bin\System.Security.Cryptography.Xml\ref\Debug\net11.0\System.Security.Cryptography.Xml.dll
  System.CodeDom -> R:\artifacts\bin\System.CodeDom\ref\Debug\net11.0\System.CodeDom.dll
  System.Formats.Cbor -> R:\artifacts\bin\System.Formats.Cbor\ref\Debug\net11.0\System.Formats.Cbor.dll
  Microsoft.Extensions.Logging -> R:\artifacts\bin\Microsoft.Extensions.Logging\ref\Debug\net11.0\Microsoft.Extensions.Logging.dll
  System.Windows.Extensions -> R:\artifacts\bin\System.Windows.Extensions\ref\Debug\net11.0\System.Windows.Extensions.dll
  System.ComponentModel.Composition -> R:\artifacts\bin\System.ComponentModel.Composition\ref\Debug\net11.0\System.ComponentModel.Composition.dll
  System.Security.Cryptography.ProtectedData -> R:\artifacts\bin\System.Security.Cryptography.ProtectedData\ref\Debug\net11.0\System.Security.Cryptography.ProtectedData.dll
  Microsoft.Extensions.Caching.Memory -> R:\artifacts\bin\Microsoft.Extensions.Caching.Memory\Debug\net11.0\Microsoft.Extensions.Caching.Memory.dll
  Microsoft.Extensions.DependencyModel -> R:\artifacts\bin\Microsoft.Extensions.DependencyModel\Debug\net11.0\Microsoft.Extensions.DependencyModel.dll
  Microsoft.Extensions.Configuration.EnvironmentVariables -> R:\artifacts\bin\Microsoft.Extensions.Configuration.EnvironmentVariables\ref\Debug\net11.0\Microsoft.Extensions.Configuration.EnvironmentVariables.dll
  System.Formats.Nrbf -> R:\artifacts\bin\System.Formats.Nrbf\Debug\net11.0\System.Formats.Nrbf.dll
  System.Security.Cryptography.ProtectedData -> R:\artifacts\bin\System.Security.Cryptography.ProtectedData\Debug\net11.0\System.Security.Cryptography.ProtectedData.dll
  System.Composition.TypedParts -> R:\artifacts\bin\System.Composition.TypedParts\Debug\net11.0\System.Composition.TypedParts.dll
  System.IO.Hashing -> R:\artifacts\bin\System.IO.Hashing\Debug\net11.0\System.IO.Hashing.dll
  System.ServiceModel.Syndication -> R:\artifacts\bin\System.ServiceModel.Syndication\Debug\net11.0\System.ServiceModel.Syndication.dll
  System.Security.Cryptography.Xml -> R:\artifacts\bin\System.Security.Cryptography.Xml\Debug\net11.0\System.Security.Cryptography.Xml.dll
  Microsoft.Extensions.Configuration.Binder -> R:\artifacts\bin\Microsoft.Extensions.Configuration.Binder\ref\Debug\net11.0\Microsoft.Extensions.Configuration.Binder.dll
  System.Reflection.MetadataLoadContext -> R:\artifacts\bin\System.Reflection.MetadataLoadContext\ref\Debug\net11.0\System.Reflection.MetadataLoadContext.dll
  System.Resources.Extensions -> R:\artifacts\bin\System.Resources.Extensions\ref\Debug\net11.0\System.Resources.Extensions.dll
  Microsoft.Extensions.Configuration.CommandLine -> R:\artifacts\bin\Microsoft.Extensions.Configuration.CommandLine\ref\Debug\net11.0\Microsoft.Extensions.Configuration.CommandLine.dll
  System.Diagnostics.EventLog -> R:\artifacts\bin\System.Diagnostics.EventLog\Debug\net11.0\System.Diagnostics.EventLog.dll
  System.Formats.Cbor -> R:\artifacts\bin\System.Formats.Cbor\Debug\net11.0\System.Formats.Cbor.dll
  System.Configuration.ConfigurationManager -> R:\artifacts\bin\System.Configuration.ConfigurationManager\ref\Debug\net11.0\System.Configuration.ConfigurationManager.dll
  System.Numerics.Tensors -> R:\artifacts\bin\System.Numerics.Tensors\Debug\net11.0\System.Numerics.Tensors.dll
  System.CodeDom -> R:\artifacts\bin\System.CodeDom\Debug\net11.0\System.CodeDom.dll
  System.Reflection.MetadataLoadContext -> R:\artifacts\bin\System.Reflection.MetadataLoadContext\Debug\net11.0\System.Reflection.MetadataLoadContext.dll
  System.ComponentModel.Composition -> R:\artifacts\bin\System.ComponentModel.Composition\Debug\net11.0\System.ComponentModel.Composition.dll
  Microsoft.Extensions.Options.DataAnnotations -> R:\artifacts\bin\Microsoft.Extensions.Options.DataAnnotations\Debug\net11.0\Microsoft.Extensions.Options.DataAnnotations.dll
  Microsoft.Extensions.FileSystemGlobbing -> R:\artifacts\bin\Microsoft.Extensions.FileSystemGlobbing\Debug\net11.0\Microsoft.Extensions.FileSystemGlobbing.dll
  System.Resources.Extensions -> R:\artifacts\bin\System.Resources.Extensions\Debug\net11.0\System.Resources.Extensions.dll
  System.Security.Cryptography.Cose -> R:\artifacts\bin\System.Security.Cryptography.Cose\ref\Debug\net11.0\System.Security.Cryptography.Cose.dll
  System.IO.Packaging -> R:\artifacts\bin\System.IO.Packaging\ref\Debug\net11.0\System.IO.Packaging.dll
  System.ComponentModel.Composition.Registration -> R:\artifacts\bin\System.ComponentModel.Composition.Registration\ref\Debug\net11.0\System.ComponentModel.Composition.Registration.dll
  Microsoft.Extensions.Configuration.EnvironmentVariables -> R:\artifacts\bin\Microsoft.Extensions.Configuration.EnvironmentVariables\Debug\net11.0\Microsoft.Extensions.Configuration.EnvironmentVariables.dll
  Microsoft.Extensions.Configuration.CommandLine -> R:\artifacts\bin\Microsoft.Extensions.Configuration.CommandLine\Debug\net11.0\Microsoft.Extensions.Configuration.CommandLine.dll
  Microsoft.Extensions.Configuration.Binder -> R:\artifacts\bin\Microsoft.Extensions.Configuration.Binder\Debug\net11.0\Microsoft.Extensions.Configuration.Binder.dll
  Microsoft.Extensions.Logging -> R:\artifacts\bin\Microsoft.Extensions.Logging\Debug\net11.0\Microsoft.Extensions.Logging.dll
  System.Runtime.Serialization.Schema -> R:\artifacts\bin\System.Runtime.Serialization.Schema\ref\Debug\net11.0\System.Runtime.Serialization.Schema.dll
  System.Windows.Extensions -> R:\artifacts\bin\System.Windows.Extensions\Debug\net11.0\System.Windows.Extensions.dll
  Microsoft.Extensions.Logging.Debug -> R:\artifacts\bin\Microsoft.Extensions.Logging.Debug\ref\Debug\net11.0\Microsoft.Extensions.Logging.Debug.dll
  Microsoft.Extensions.Logging.TraceSource -> R:\artifacts\bin\Microsoft.Extensions.Logging.TraceSource\ref\Debug\net11.0\Microsoft.Extensions.Logging.TraceSource.dll
  System.Runtime.Serialization.Schema -> R:\artifacts\bin\System.Runtime.Serialization.Schema\Debug\net11.0\System.Runtime.Serialization.Schema.dll
  System.IO.Packaging -> R:\artifacts\bin\System.IO.Packaging\Debug\net11.0\System.IO.Packaging.dll
  Microsoft.Extensions.FileProviders.Physical -> R:\artifacts\bin\Microsoft.Extensions.FileProviders.Physical\ref\Debug\net11.0\Microsoft.Extensions.FileProviders.Physical.dll
  System.Configuration.ConfigurationManager -> R:\artifacts\bin\System.Configuration.ConfigurationManager\Debug\net11.0\System.Configuration.ConfigurationManager.dll
  System.ComponentModel.Composition.Registration -> R:\artifacts\bin\System.ComponentModel.Composition.Registration\Debug\net11.0\System.ComponentModel.Composition.Registration.dll
  Microsoft.Extensions.Logging.Debug -> R:\artifacts\bin\Microsoft.Extensions.Logging.Debug\Debug\net11.0\Microsoft.Extensions.Logging.Debug.dll
  Microsoft.Extensions.Logging.TraceSource -> R:\artifacts\bin\Microsoft.Extensions.Logging.TraceSource\Debug\net11.0\Microsoft.Extensions.Logging.TraceSource.dll
  Microsoft.Extensions.Logging.EventSource -> R:\artifacts\bin\Microsoft.Extensions.Logging.EventSource\ref\Debug\net11.0\Microsoft.Extensions.Logging.EventSource.dll
  System.ServiceProcess.ServiceController -> R:\artifacts\bin\System.ServiceProcess.ServiceController\ref\Debug\net11.0\System.ServiceProcess.ServiceController.dll
  System.Security.Permissions -> R:\artifacts\bin\System.Security.Permissions\ref\Debug\net11.0\System.Security.Permissions.dll
  Microsoft.Extensions.Options.ConfigurationExtensions -> R:\artifacts\bin\Microsoft.Extensions.Options.ConfigurationExtensions\ref\Debug\net11.0\Microsoft.Extensions.Options.ConfigurationExtensions.dll
  Microsoft.Extensions.FileProviders.Physical -> R:\artifacts\bin\Microsoft.Extensions.FileProviders.Physical\Debug\net11.0\Microsoft.Extensions.FileProviders.Physical.dll
  System.Security.Cryptography.Cose -> R:\artifacts\bin\System.Security.Cryptography.Cose\Debug\net11.0\System.Security.Cryptography.Cose.dll
  Microsoft.Extensions.Logging.EventSource -> R:\artifacts\bin\Microsoft.Extensions.Logging.EventSource\Debug\net11.0\Microsoft.Extensions.Logging.EventSource.dll
  Microsoft.Extensions.Options.ConfigurationExtensions -> R:\artifacts\bin\Microsoft.Extensions.Options.ConfigurationExtensions\Debug\net11.0\Microsoft.Extensions.Options.ConfigurationExtensions.dll
  Microsoft.Extensions.Configuration.FileExtensions -> R:\artifacts\bin\Microsoft.Extensions.Configuration.FileExtensions\ref\Debug\net11.0\Microsoft.Extensions.Configuration.FileExtensions.dll
  System.ServiceProcess.ServiceController -> R:\artifacts\bin\System.ServiceProcess.ServiceController\Debug\net11.0\System.ServiceProcess.ServiceController.dll
  Microsoft.Extensions.Diagnostics -> R:\artifacts\bin\Microsoft.Extensions.Diagnostics\ref\Debug\net11.0\Microsoft.Extensions.Diagnostics.dll
  Microsoft.Extensions.Logging.Configuration -> R:\artifacts\bin\Microsoft.Extensions.Logging.Configuration\ref\Debug\net11.0\Microsoft.Extensions.Logging.Configuration.dll
  Microsoft.Extensions.Configuration.FileExtensions -> R:\artifacts\bin\Microsoft.Extensions.Configuration.FileExtensions\Debug\net11.0\Microsoft.Extensions.Configuration.FileExtensions.dll
  Microsoft.Extensions.Diagnostics -> R:\artifacts\bin\Microsoft.Extensions.Diagnostics\Debug\net11.0\Microsoft.Extensions.Diagnostics.dll
  Microsoft.Extensions.Configuration.Xml -> R:\artifacts\bin\Microsoft.Extensions.Configuration.Xml\ref\Debug\net11.0\Microsoft.Extensions.Configuration.Xml.dll
  Microsoft.Extensions.Configuration.Ini -> R:\artifacts\bin\Microsoft.Extensions.Configuration.Ini\ref\Debug\net11.0\Microsoft.Extensions.Configuration.Ini.dll
  Microsoft.Extensions.Configuration.Json -> R:\artifacts\bin\Microsoft.Extensions.Configuration.Json\ref\Debug\net11.0\Microsoft.Extensions.Configuration.Json.dll
  Microsoft.Extensions.Configuration.Xml -> R:\artifacts\bin\Microsoft.Extensions.Configuration.Xml\Debug\net11.0\Microsoft.Extensions.Configuration.Xml.dll
  Microsoft.Extensions.Logging.Configuration -> R:\artifacts\bin\Microsoft.Extensions.Logging.Configuration\Debug\net11.0\Microsoft.Extensions.Logging.Configuration.dll
  Microsoft.Extensions.Configuration.Json -> R:\artifacts\bin\Microsoft.Extensions.Configuration.Json\Debug\net11.0\Microsoft.Extensions.Configuration.Json.dll
  Microsoft.Extensions.Configuration.Ini -> R:\artifacts\bin\Microsoft.Extensions.Configuration.Ini\Debug\net11.0\Microsoft.Extensions.Configuration.Ini.dll
  System.Security.Permissions -> R:\artifacts\bin\System.Security.Permissions\Debug\net11.0\System.Security.Permissions.dll
  Microsoft.Extensions.Logging.Console -> R:\artifacts\bin\Microsoft.Extensions.Logging.Console\ref\Debug\net11.0\Microsoft.Extensions.Logging.Console.dll
  Microsoft.Extensions.Http -> R:\artifacts\bin\Microsoft.Extensions.Http\ref\Debug\net11.0\Microsoft.Extensions.Http.dll
  Microsoft.Extensions.Logging.EventLog -> R:\artifacts\bin\Microsoft.Extensions.Logging.EventLog\ref\Debug\net11.0\Microsoft.Extensions.Logging.EventLog.dll
  Microsoft.Extensions.Configuration.UserSecrets -> R:\artifacts\bin\Microsoft.Extensions.Configuration.UserSecrets\ref\Debug\net11.0\Microsoft.Extensions.Configuration.UserSecrets.dll
  Microsoft.Extensions.Logging.EventLog -> R:\artifacts\bin\Microsoft.Extensions.Logging.EventLog\Debug\net11.0\Microsoft.Extensions.Logging.EventLog.dll
  Microsoft.Extensions.Logging.Console -> R:\artifacts\bin\Microsoft.Extensions.Logging.Console\Debug\net11.0\Microsoft.Extensions.Logging.Console.dll
  Microsoft.Extensions.Http -> R:\artifacts\bin\Microsoft.Extensions.Http\Debug\net11.0\Microsoft.Extensions.Http.dll
  Microsoft.Extensions.Configuration.UserSecrets -> R:\artifacts\bin\Microsoft.Extensions.Configuration.UserSecrets\Debug\net11.0\Microsoft.Extensions.Configuration.UserSecrets.dll
  Microsoft.Extensions.Hosting -> R:\artifacts\bin\Microsoft.Extensions.Hosting\ref\Debug\net11.0\Microsoft.Extensions.Hosting.dll
  Microsoft.Extensions.Hosting -> R:\artifacts\bin\Microsoft.Extensions.Hosting\Debug\net11.0\Microsoft.Extensions.Hosting.dll
  Microsoft.Extensions.Hosting.WindowsServices -> R:\artifacts\bin\Microsoft.Extensions.Hosting.WindowsServices\ref\Debug\net11.0\Microsoft.Extensions.Hosting.WindowsServices.dll
  Microsoft.Extensions.Hosting.Systemd -> R:\artifacts\bin\Microsoft.Extensions.Hosting.Systemd\ref\Debug\net11.0\Microsoft.Extensions.Hosting.Systemd.dll
  Microsoft.Extensions.Hosting.WindowsServices -> R:\artifacts\bin\Microsoft.Extensions.Hosting.WindowsServices\Debug\net11.0\Microsoft.Extensions.Hosting.WindowsServices.dll
  Microsoft.Extensions.Hosting.Systemd -> R:\artifacts\bin\Microsoft.Extensions.Hosting.Systemd\Debug\net11.0\Microsoft.Extensions.Hosting.Systemd.dll
  Microsoft.Bcl.TimeProvider -> R:\artifacts\bin\Microsoft.Bcl.TimeProvider\Debug\net10.0\Microsoft.Bcl.TimeProvider.dll
  System.Threading.ThreadPool.WebAssembly.Threading -> R:\artifacts\bin\System.Threading.ThreadPool.WebAssembly.Threading\ref\Debug\net11.0\System.Threading.ThreadPool.dll
  System.Threading.Thread.WebAssembly.Threading -> R:\artifacts\bin\System.Threading.Thread.WebAssembly.Threading\ref\Debug\net11.0\System.Threading.Thread.dll
  System.Threading.WebAssembly.Threading -> R:\artifacts\bin\System.Threading.WebAssembly.Threading\ref\Debug\net11.0\System.Threading.dll
  Microsoft.NETCore.Platforms -> R:\artifacts\bin\Microsoft.NETCore.Platforms\Debug\net11.0\Microsoft.NETCore.Platforms.dll
  System.Diagnostics.EventLog.Messages -> R:\artifacts\bin\System.Diagnostics.EventLog.Messages\Debug\netstandard2.0\System.Diagnostics.EventLog.Messages.dll
  System.Runtime.Caching -> R:\artifacts\bin\System.Runtime.Caching\ref\Debug\net11.0\System.Runtime.Caching.dll
  System.Net.Http.WinHttpHandler -> R:\artifacts\bin\System.Net.Http.WinHttpHandler\ref\Debug\net11.0\System.Net.Http.WinHttpHandler.dll
  System.Diagnostics.PerformanceCounter -> R:\artifacts\bin\System.Diagnostics.PerformanceCounter\ref\Debug\net11.0\System.Diagnostics.PerformanceCounter.dll
  Microsoft.Win32.Registry.AccessControl -> R:\artifacts\bin\Microsoft.Win32.Registry.AccessControl\ref\Debug\net11.0\Microsoft.Win32.Registry.AccessControl.dll
  System.DirectoryServices.Protocols -> R:\artifacts\bin\System.DirectoryServices.Protocols\ref\Debug\net11.0\System.DirectoryServices.Protocols.dll
  System.Data.Odbc -> R:\artifacts\bin\System.Data.Odbc\ref\Debug\net11.0\System.Data.Odbc.dll
  Microsoft.Win32.SystemEvents -> R:\artifacts\bin\Microsoft.Win32.SystemEvents\ref\Debug\net11.0\Microsoft.Win32.SystemEvents.dll
  System.Management -> R:\artifacts\bin\System.Management\ref\Debug\net11.0\System.Management.dll
  Microsoft.Win32.SystemEvents -> R:\artifacts\bin\Microsoft.Win32.SystemEvents\Debug\net11.0-windows\Microsoft.Win32.SystemEvents.dll
  System.Security.Cryptography.Pkcs -> R:\artifacts\bin\System.Security.Cryptography.Pkcs\Debug\net11.0-windows\System.Security.Cryptography.Pkcs.dll
  System.DirectoryServices.Protocols -> R:\artifacts\bin\System.DirectoryServices.Protocols\Debug\net11.0-windows\System.DirectoryServices.Protocols.dll
  System.Net.Http.WinHttpHandler -> R:\artifacts\bin\System.Net.Http.WinHttpHandler\Debug\net11.0-windows\System.Net.Http.WinHttpHandler.dll
  System.Diagnostics.EventLog -> R:\artifacts\bin\System.Diagnostics.EventLog\Debug\net11.0-windows\System.Diagnostics.EventLog.dll
  System.IO.Ports -> R:\artifacts\bin\System.IO.Ports\ref\Debug\net11.0\System.IO.Ports.dll
  System.Speech -> R:\artifacts\bin\System.Speech\ref\Debug\net11.0\System.Speech.dll
  System.DirectoryServices -> R:\artifacts\bin\System.DirectoryServices\ref\Debug\net11.0\System.DirectoryServices.dll
  System.Windows.Extensions -> R:\artifacts\bin\System.Windows.Extensions\Debug\net11.0-windows\System.Windows.Extensions.dll
  System.Management -> R:\artifacts\bin\System.Management\Debug\net11.0-windows\System.Management.dll
  System.IO.Ports -> R:\artifacts\bin\System.IO.Ports\Debug\net11.0-windows\System.IO.Ports.dll
  System.ServiceProcess.ServiceController -> R:\artifacts\bin\System.ServiceProcess.ServiceController\Debug\net11.0-windows\System.ServiceProcess.ServiceController.dll
  System.Runtime.Caching -> R:\artifacts\bin\System.Runtime.Caching\Debug\net11.0-windows\System.Runtime.Caching.dll
  System.Data.Odbc -> R:\artifacts\bin\System.Data.Odbc\Debug\net11.0-windows\System.Data.Odbc.dll
  System.Speech -> R:\artifacts\bin\System.Speech\Debug\net11.0-windows\System.Speech.dll
  System.DirectoryServices -> R:\artifacts\bin\System.DirectoryServices\Debug\net11.0-windows\System.DirectoryServices.dll
  Microsoft.Win32.Registry.AccessControl -> R:\artifacts\bin\Microsoft.Win32.Registry.AccessControl\Debug\net11.0-windows\Microsoft.Win32.Registry.AccessControl.dll
  System.Diagnostics.PerformanceCounter -> R:\artifacts\bin\System.Diagnostics.PerformanceCounter\Debug\net11.0-windows\System.Diagnostics.PerformanceCounter.dll
  System.DirectoryServices.AccountManagement -> R:\artifacts\bin\System.DirectoryServices.AccountManagement\ref\Debug\net11.0\System.DirectoryServices.AccountManagement.dll
  System.Data.OleDb -> R:\artifacts\bin\System.Data.OleDb\ref\Debug\net11.0\System.Data.OleDb.dll
  System.DirectoryServices.AccountManagement -> R:\artifacts\bin\System.DirectoryServices.AccountManagement\Debug\net11.0-windows\System.DirectoryServices.AccountManagement.dll
  System.Data.OleDb -> R:\artifacts\bin\System.Data.OleDb\Debug\net11.0-windows\System.Data.OleDb.dll
  oob-trim -> Trimming win-x64 out-of-band assemblies with ILLinker...
  ApiCompat -> Comparing net11.0 reference assemblies against .NETStandard 2.x and .NETCoreApp 10.0.0...
  "R:\src\native\corehost\build.cmd" Debug x64 -os windows commit 2f49bf4340822439a031d91786398a379668b25e targetrid win-x64 portable incremental-native-build rootdir R:\ runtimeflavor CoreCLR runtimeconfiguration Debug -cmakeargs "-DCLR_CMAKE_BUILD_HOST_TESTS=FALSE" -cmakeargs "-DCLR_CMAKE_BUILD_HOST_PRODUCT=TRUE" 
  'vswhere.exe' is not recognized as an internal or external command,
  operable program or batch file.
  'vswhere.exe' is not recognized as an internal or external command,
  operable program or batch file.
  **********************************************************************
  ** Visual Studio 2026 Developer Command Prompt v18.0
  ** Copyright (c) 2026 Microsoft Corporation
  **********************************************************************
  [vcvarsall.bat] Environment initialized for: 'x64'
  Configuring corehost native components
  
  Calling "R:\\eng\native\gen-buildsys.cmd "R:\src\native\corehost" "R://artifacts/obj/win-x64.Debug/corehost" 18.0 x64 windows  "-DCLR_CMAKE_BUILD_HOST_TESTS=FALSE" "-DCLR_CMAKE_BUILD_HOST_PRODUCT=TRUE" "-DCLI_CMAKE_FALLBACK_OS=win10" "-DCLI_CMAKE_COMMIT_HASH=2f49bf4340822439a031d91786398a379668b25e" "-DCLR_CMAKE_TARGET_ARCH=x64" "-DCLR_CMAKE_TARGET_OS=windows" "-DCLI_CMAKE_RESOURCE_DIR=R:\\artifacts\obj\win-x64.Debug\hostResourceFiles" "-DCMAKE_BUILD_TYPE=Debug""
   "C:\Program Files\Microsoft Visual Studio\18\IntPreview\Common7\IDE\CommonExtensions\Microsoft\CMake\CMake\bin\cmake.exe "-DCMAKE_INSTALL_PREFIX=R://artifacts/bin/win-x64.Debug" "-DCLR_CMAKE_HOST_ARCH=x64"   "-DCMAKE_SYSTEM_VERSION=10.0" "-DCLR_CMAKE_BUILD_HOST_TESTS=FALSE" "-DCLR_CMAKE_BUILD_HOST_PRODUCT=TRUE" "-DCLI_CMAKE_FALLBACK_OS=win10" "-DCLI_CMAKE_COMMIT_HASH=2f49bf4340822439a031d91786398a379668b25e" "-DCLR_CMAKE_TARGET_ARCH=x64" "-DCLR_CMAKE_TARGET_OS=windows" "-DCLI_CMAKE_RESOURCE_DIR=R:\\artifacts\obj\win-x64.Debug\hostResourceFiles" "-DCMAKE_BUILD_TYPE=Debug" --no-warn-unused-cli -G Ninja -B "R://artifacts/obj/win-x64.Debug/corehost" -S "R:\src\native\corehost""
  Not searching for unused variables given on the command line.
  -- The C compiler identification is MSVC 19.51.36252.0
  -- The CXX compiler identification is MSVC 19.51.36252.0
  -- Detecting C compiler ABI info
  -- Detecting C compiler ABI info - done
  -- Check for working C compiler: C:/Program Files/Microsoft Visual Studio/18/IntPreview/VC/Tools/MSVC/14.51.36231/bin/Hostx64/x64/cl.exe - skipped
  -- Detecting C compile features
  -- Detecting C compile features - done
  -- Detecting CXX compiler ABI info
  -- Detecting CXX compiler ABI info - done
  -- Check for working CXX compiler: C:/Program Files/Microsoft Visual Studio/18/IntPreview/VC/Tools/MSVC/14.51.36231/bin/Hostx64/x64/cl.exe - skipped
  -- Detecting CXX compile features
  -- Detecting CXX compile features - done
  -- The ASM_MASM compiler identification is MSVC
  -- Found assembler: C:/Program Files/Microsoft Visual Studio/18/IntPreview/VC/Tools/MSVC/14.51.36231/bin/Hostx64/x64/ml64.exe
  -- Looking for include files windows.h, bcrypt.h
  -- Looking for include files windows.h, bcrypt.h - found
  -- Looking for include files sys/auxv.h, asm/hwcap.h
  -- Looking for include files sys/auxv.h, asm/hwcap.h - not found
  -- Looking for include file asm/hwprobe.h
  -- Looking for include file asm/hwprobe.h - not found
  -- Looking for include file sys/resource.h
  -- Looking for include file sys/resource.h - not found
  -- Looking for sysctlbyname
  -- Looking for sysctlbyname - not found
  -- Looking for fsync
  -- Looking for fsync - not found
  -- Looking for elf_aux_info
  -- Looking for elf_aux_info - not found
  -- Looking for arc4random_buf
  -- Looking for arc4random_buf - not found
  -- Looking for getrandom
  -- Looking for getrandom - not found
  -- Looking for getentropy
  -- Looking for getentropy - not found
  -- Looking for O_CLOEXEC
  -- Looking for O_CLOEXEC - not found
  -- Looking for CLOCK_MONOTONIC_COARSE
  -- Looking for CLOCK_MONOTONIC_COARSE - not found
  -- Looking for clock_gettime_nsec_np
  -- Looking for clock_gettime_nsec_np - not found
  -- Performing Test HAVE_DIRENT_D_TYPE
  -- Performing Test HAVE_DIRENT_D_TYPE - Failed
  -- Looking for getauxval
  -- Looking for getauxval - not found
  -- Configuring done (9.5s)
  -- Generating done (0.3s)
  -- Build files have been written to: R:/artifacts/obj/win-x64.Debug/corehost
  Commencing build of corehost native components
  [1/153] Building C object minipal\CMakeFiles\minipal_objects.dir\descriptorlimit.c.obj
  [2/153] Building C object minipal\CMakeFiles\minipal_objects.dir\xoshiro128pp.c.obj
  [3/153] Building C object minipal\CMakeFiles\minipal_objects.dir\unicodedata.c.obj
  [4/153] Building C object minipal\CMakeFiles\minipal_objects.dir\utf8.c.obj
  [5/153] Building C object minipal\CMakeFiles\minipal_objects.dir\strings.c.obj
  [6/153] Building C object minipal\CMakeFiles\minipal_objects.dir\mutex.c.obj
  [7/153] Building C object minipal\CMakeFiles\minipal_objects.dir\memorybarrierprocesswide.c.obj
  [8/153] Building C object minipal\CMakeFiles\minipal_objects.dir\random.c.obj
  [9/153] Building C object minipal\CMakeFiles\minipal_objects.dir\time.c.obj
  [10/153] Building C object minipal\CMakeFiles\minipal_objects.dir\guid.c.obj
  [11/153] Building C object minipal\CMakeFiles\minipal_objects.dir\log.c.obj
  [12/153] Building C object minipal\CMakeFiles\minipal_objects.dir\debugger.c.obj
  [13/153] Building C object minipal\CMakeFiles\minipal_objects.dir\cpufeatures.c.obj
  [14/153] Building C object hostmisc\CMakeFiles\hostmisc.dir\trace.c.obj
  [15/153] Building C object hostmisc\CMakeFiles\hostmisc.dir\fx_ver.c.obj
  [16/153] Building C object hostmisc\CMakeFiles\hostmisc.dir\utils.c.obj
  [17/153] Building C object hostmisc\CMakeFiles\hostmisc.dir\pal.windows.c.obj
  [18/153] Linking C static library minipal\minipal.lib
  [19/153] Building C object minipal\CMakeFiles\aotminipal.dir\descriptorlimit.c.obj
  [20/153] Building C object minipal\CMakeFiles\aotminipal.dir\cpufeatures.c.obj
  [21/153] Building CXX object hostmisc\CMakeFiles\hostmisc.dir\__\fxr\fx_ver.cpp.obj
  [22/153] Building C object minipal\CMakeFiles\aotminipal.dir\memorybarrierprocesswide.c.obj
  [23/153] Building C object minipal\CMakeFiles\aotminipal.dir\mutex.c.obj
  [24/153] Building CXX object hostmisc\CMakeFiles\hostmisc.dir\utils.cpp.obj
  [25/153] Building CXX object hostcommon\CMakeFiles\libhostcommon.dir\__\json_parser.cpp.obj
  [26/153] Building CXX object hostmisc\CMakeFiles\hostmisc.dir\longfile.windows.cpp.obj
  [27/153] Building CXX object hostmisc\CMakeFiles\hostmisc.dir\pal.windows.cpp.obj
  [28/153] Building C object minipal\CMakeFiles\aotminipal.dir\unicodedata.c.obj
  [29/153] Building C object minipal\CMakeFiles\aotminipal.dir\xoshiro128pp.c.obj
  [30/153] Building C object minipal\CMakeFiles\aotminipal.dir\strings.c.obj
  [31/153] Building C object minipal\CMakeFiles\aotminipal.dir\utf8.c.obj
  [32/153] Building C object minipal\CMakeFiles\aotminipal.dir\guid.c.obj
  [33/153] Building CXX object hostcommon\CMakeFiles\libhostcommon.dir\__\host_startup_info.cpp.obj
  [34/153] Building CXX object hostcommon\CMakeFiles\libhostcommon.dir\__\bundle\reader.cpp.obj
  [35/153] Building CXX object hostcommon\CMakeFiles\libhostcommon.dir\__\roll_forward_option.cpp.obj
  [36/153] Building CXX object hostcommon\CMakeFiles\libhostcommon.dir\__\version_compatibility_range.cpp.obj
  [37/153] Building CXX object hostcommon\CMakeFiles\libhostcommon.dir\__\bundle\info.cpp.obj
  [38/153] Building CXX object hostcommon\CMakeFiles\libhostcommon.dir\__\fx_reference.cpp.obj
  [39/153] Linking CXX static library hostmisc\hostmisc.lib
  [40/153] Building CXX object hostcommon\CMakeFiles\libhostcommon.dir\__\bundle\header.cpp.obj
  [41/153] Building C object minipal\CMakeFiles\aotminipal.dir\random.c.obj
  [42/153] Building C object minipal\CMakeFiles\aotminipal.dir\time.c.obj
  [43/153] Building C object minipal\CMakeFiles\aotminipal.dir\debugger.c.obj
  [44/153] Building CXX object hostcommon\CMakeFiles\libhostcommon.dir\__\runtime_config.cpp.obj
  [45/153] Building CXX object hostcommon\CMakeFiles\libhostcommon.dir\__\fx_definition.cpp.obj
  [46/153] Building C object hostmisc\CMakeFiles\hostmisc_public.dir\utils.c.obj
  [47/153] Building C object hostmisc\CMakeFiles\hostmisc_public.dir\trace.c.obj
  [48/153] Building C object hostmisc\CMakeFiles\hostmisc_public.dir\fx_ver.c.obj
  [49/153] Building C object minipal\CMakeFiles\aotminipal.dir\log.c.obj
  [50/153] Building RC object nethost\CMakeFiles\nethost.dir\__\native.rc.res
  [51/153] Linking CXX static library hostcommon\libhostcommon.lib
  [52/153] Building C object hostmisc\CMakeFiles\hostmisc_public.dir\pal.windows.c.obj
  [53/153] Building C object hostmisc\CMakeFiles\hostmisc_c.dir\fx_ver.c.obj
  [54/153] Building C object hostmisc\CMakeFiles\hostmisc_c.dir\trace.c.obj
  [55/153] Building C object hostmisc\CMakeFiles\hostmisc_c.dir\utils.c.obj
  [56/153] Building RC object nethost\CMakeFiles\libnethost.dir\__\native.rc.res
  [57/153] Building C object nethost\CMakeFiles\nethost.dir\nethost.c.obj
  [58/153] Building C object nethost\CMakeFiles\nethost.dir\__\fxr_resolver.c.obj
  [59/153] Building C object hostmisc\CMakeFiles\hostmisc_c.dir\pal.windows.c.obj
  [60/153] Building C object nethost\CMakeFiles\libnethost.dir\nethost.c.obj
  [61/153] Building C object nethost\CMakeFiles\libnethost.dir\__\fxr_resolver.c.obj
  [62/153] Building CXX object hostmisc\CMakeFiles\hostmisc_public.dir\longfile.windows.cpp.obj
  [63/153] Building CXX object hostmisc\CMakeFiles\hostmisc_public.dir\__\fxr\fx_ver.cpp.obj
  [64/153] Building CXX object hostmisc\CMakeFiles\hostmisc_public.dir\utils.cpp.obj
  [65/153] Building RC object fxr\standalone\CMakeFiles\hostfxr.dir\__\__\native.rc.res
  [66/153] Building CXX object hostmisc\CMakeFiles\hostmisc_public.dir\pal.windows.cpp.obj
  [67/153] Building CXX object fxr\standalone\CMakeFiles\hostfxr.dir\hostpolicy_resolver.cpp.obj
  [68/153] Building CXX object fxr\standalone\CMakeFiles\hostfxr.dir\__\command_line.cpp.obj
  [69/153] Building CXX object fxr\standalone\CMakeFiles\hostfxr.dir\__\corehost_init.cpp.obj
  [70/153] Building CXX object fxr\standalone\CMakeFiles\hostfxr.dir\__\framework_info.cpp.obj
  [71/153] Building CXX object fxr\standalone\CMakeFiles\hostfxr.dir\__\hostfxr.cpp.obj
  [72/153] Building CXX object fxr\standalone\CMakeFiles\hostfxr.dir\__\fx_resolver.messages.cpp.obj
  [73/153] Building CXX object fxr\standalone\CMakeFiles\hostfxr.dir\__\host_context.cpp.obj
  [74/153] Building CXX object fxr\standalone\CMakeFiles\hostfxr.dir\__\fx_muxer.cpp.obj
  [75/153] Building CXX object fxr\standalone\CMakeFiles\hostfxr.dir\__\sdk_info.cpp.obj
  [76/153] Building CXX object fxr\standalone\CMakeFiles\hostfxr.dir\__\fx_resolver.cpp.obj
  [77/153] Building CXX object fxr\standalone\CMakeFiles\hostfxr.dir\__\sdk_resolver.cpp.obj
  [78/153] Building CXX object fxr\standalone\CMakeFiles\hostfxr.dir\__\install_info.cpp.obj
  [79/153] Building CXX object fxr\staticlib\CMakeFiles\libhostfxr.dir\__\__\host_startup_info.cpp.obj
  [80/153] Building CXX object fxr\staticlib\CMakeFiles\libhostfxr.dir\__\standalone\hostpolicy_resolver.cpp.obj
  [81/153] Building CXX object fxr\staticlib\CMakeFiles\libhostfxr.dir\__\__\roll_forward_option.cpp.obj
  [82/153] Building CXX object fxr\staticlib\CMakeFiles\libhostfxr.dir\__\__\json_parser.cpp.obj
  [83/153] Building CXX object fxr\staticlib\CMakeFiles\libhostfxr.dir\__\__\fx_definition.cpp.obj
  [84/153] Building CXX object fxr\staticlib\CMakeFiles\libhostfxr.dir\__\__\fx_reference.cpp.obj
  [85/153] Building CXX object fxr\staticlib\CMakeFiles\libhostfxr.dir\__\__\version_compatibility_range.cpp.obj
  [86/153] Building CXX object fxr\staticlib\CMakeFiles\libhostfxr.dir\__\__\bundle\info.cpp.obj
  [87/153] Building CXX object fxr\staticlib\CMakeFiles\libhostfxr.dir\__\__\bundle\reader.cpp.obj
  [88/153] Building CXX object fxr\staticlib\CMakeFiles\libhostfxr.dir\__\__\bundle\header.cpp.obj
  [89/153] Building CXX object fxr\staticlib\CMakeFiles\libhostfxr.dir\__\__\runtime_config.cpp.obj
  [90/153] Building RC object fxr\staticlib\CMakeFiles\libhostfxr.dir\__\__\native.rc.res
  [91/153] Building CXX object fxr\staticlib\CMakeFiles\libhostfxr.dir\__\command_line.cpp.obj
  [92/153] Building CXX object fxr\staticlib\CMakeFiles\libhostfxr.dir\__\corehost_init.cpp.obj
  [93/153] Building CXX object fxr\staticlib\CMakeFiles\libhostfxr.dir\__\hostfxr.cpp.obj
  [94/153] Building CXX object fxr\staticlib\CMakeFiles\libhostfxr.dir\__\fx_resolver.messages.cpp.obj
  [95/153] Building CXX object fxr\staticlib\CMakeFiles\libhostfxr.dir\__\framework_info.cpp.obj
  [96/153] Building CXX object fxr\staticlib\CMakeFiles\libhostfxr.dir\__\fx_resolver.cpp.obj
  [97/153] Building CXX object fxr\staticlib\CMakeFiles\libhostfxr.dir\__\fx_muxer.cpp.obj
  [98/153] Building CXX object fxr\staticlib\CMakeFiles\libhostfxr.dir\__\install_info.cpp.obj
  [99/153] Building CXX object fxr\staticlib\CMakeFiles\libhostfxr.dir\__\host_context.cpp.obj
  [100/153] Building CXX object fxr\staticlib\CMakeFiles\libhostfxr.dir\__\sdk_info.cpp.obj
  [101/153] Building CXX object fxr\staticlib\CMakeFiles\libhostfxr.dir\__\sdk_resolver.cpp.obj
  [102/153] Building CXX object hostpolicy\standalone\CMakeFiles\hostpolicy.dir\__\deps_entry.cpp.obj
  [103/153] Building CXX object hostpolicy\standalone\CMakeFiles\hostpolicy.dir\__\args.cpp.obj
  [104/153] Building CXX object hostpolicy\standalone\CMakeFiles\hostpolicy.dir\coreclr_resolver.cpp.obj
  [105/153] Building CXX object hostpolicy\standalone\CMakeFiles\hostpolicy.dir\__\breadcrumbs.cpp.obj
  [106/153] Building CXX object hostpolicy\standalone\CMakeFiles\hostpolicy.dir\__\coreclr.cpp.obj
  [107/153] Building C object apphost\standalone\CMakeFiles\apphost.dir\__\bundle_marker.c.obj
  [108/153] Building CXX object hostpolicy\standalone\CMakeFiles\hostpolicy.dir\__\hostpolicy_context.cpp.obj
  [109/153] Building C object apphost\standalone\CMakeFiles\apphost.dir\__\apphost.c.obj
  [110/153] Building CXX object hostpolicy\standalone\CMakeFiles\hostpolicy.dir\__\shared_store.cpp.obj
  [111/153] Building RC object hostpolicy\standalone\CMakeFiles\hostpolicy.dir\__\__\native.rc.res
  [112/153] Building CXX object hostpolicy\standalone\CMakeFiles\hostpolicy.dir\__\version.cpp.obj
  [113/153] Building CXX object hostpolicy\standalone\CMakeFiles\hostpolicy.dir\__\__\bundle\dir_utils.cpp.obj
  [114/153] Building CXX object hostpolicy\standalone\CMakeFiles\hostpolicy.dir\__\__\bundle\extractor.cpp.obj
  [115/153] Building CXX object hostpolicy\standalone\CMakeFiles\hostpolicy.dir\__\deps_format.cpp.obj
  [116/153] Building CXX object hostpolicy\standalone\CMakeFiles\hostpolicy.dir\__\__\bundle\file_entry.cpp.obj
  [117/153] Building CXX object hostpolicy\standalone\CMakeFiles\hostpolicy.dir\__\hostpolicy_init.cpp.obj
  [118/153] Building RC object dotnet\CMakeFiles\dotnet.dir\dotnet.rc.res
  [119/153] Building CXX object hostpolicy\standalone\CMakeFiles\hostpolicy.dir\__\hostpolicy.cpp.obj
  [120/153] Building CXX object hostpolicy\standalone\CMakeFiles\hostpolicy.dir\__\deps_resolver.cpp.obj
  [121/153] Building ASM_MASM object ijwhost\CMakeFiles\ijwhost.dir\amd64\asmhelpers.asm.obj
   Assembling: R:\src\native\corehost\ijwhost\amd64\asmhelpers.asm
  [122/153] Building C object apphost\standalone\CMakeFiles\apphost.dir\apphost_hostfxr_resolver.c.obj
  [123/153] Building C object apphost\standalone\CMakeFiles\apphost.dir\__\apphost.windows.c.obj
  [124/153] Building RC object dotnet\CMakeFiles\dotnet.dir\__\native.rc.res
  [125/153] Building CXX object hostpolicy\standalone\CMakeFiles\hostpolicy.dir\__\__\bundle\manifest.cpp.obj
  [126/153] Building C object apphost\standalone\CMakeFiles\apphost.dir\__\__\fxr_resolver.c.obj
  [127/153] Building RC object ijwhost\CMakeFiles\ijwhost.dir\__\native.rc.res
  [128/153] Building C object dotnet\CMakeFiles\dotnet.dir\__\fxr_resolver.c.obj
  [129/153] Linking C static library minipal\aotminipal.lib
  [130/153] Building RC object comhost\CMakeFiles\comhost.dir\__\native.rc.res
  [131/153] Building CXX object hostpolicy\standalone\CMakeFiles\hostpolicy.dir\__\__\bundle\runner.cpp.obj
  [132/153] Building C object ijwhost\CMakeFiles\ijwhost.dir\__\fxr_resolver.c.obj
  [133/153] Linking C static library nethost\libnethost.lib
  [134/153] Building C object comhost\CMakeFiles\comhost.dir\__\fxr_resolver.c.obj
  [135/153] Linking CXX static library fxr\staticlib\libhostfxr.lib
  [136/153] Linking C shared library nethost\nethost.dll
  [137/153] Building CXX object dotnet\CMakeFiles\dotnet.dir\hostfxr_resolver.cpp.obj
  [138/153] Linking C executable apphost\standalone\apphost.exe
  [139/153] Building CXX object ijwhost\CMakeFiles\ijwhost.dir\amd64\bootstrap_thunk.cpp.obj
  [140/153] Building CXX object dotnet\CMakeFiles\dotnet.dir\dotnet.cpp.obj
  [141/153] Building CXX object ijwhost\CMakeFiles\ijwhost.dir\bootstrap_thunk_chunk.cpp.obj
  [142/153] Building CXX object ijwhost\CMakeFiles\ijwhost.dir\pedecoder.cpp.obj
  [143/153] Building CXX object ijwhost\CMakeFiles\ijwhost.dir\ijwthunk.cpp.obj
  [144/153] Building CXX object ijwhost\CMakeFiles\ijwhost.dir\ijwhost.cpp.obj
  [145/153] Linking CXX shared library fxr\standalone\hostfxr.dll
  [146/153] Linking CXX shared library hostpolicy\standalone\hostpolicy.dll
  [147/153] Building CXX object comhost\CMakeFiles\comhost.dir\comhost.cpp.obj
  [148/153] Linking CXX shared library ijwhost\ijwhost.dll
  [149/153] Building CXX object comhost\CMakeFiles\comhost.dir\__\redirected_error_writer.cpp.obj
  [150/153] Linking CXX executable dotnet\dotnet.exe
  [151/153] Building CXX object comhost\CMakeFiles\comhost.dir\clsidmap.cpp.obj
  [152/153] Linking CXX shared library comhost\comhost.dll
  [152/153] Install the project...
  -- Install configuration: "Debug"
  -- Installing: R:/artifacts/bin/win-x64.Debug/corehost/coreclr_delegates.h
  -- Installing: R:/artifacts/bin/win-x64.Debug/corehost/hostfxr.h
  -- Installing: R:/artifacts/bin/win-x64.Debug/corehost/host_error_codes.h
  -- Installing: R:/artifacts/bin/win-x64.Debug/corehost/nethost.h
  -- Installing: R:/artifacts/bin/win-x64.Debug/corehost/PDB/nethost.pdb
  -- Installing: R:/artifacts/bin/win-x64.Debug/corehost/nethost.lib
  -- Installing: R:/artifacts/bin/win-x64.Debug/corehost/nethost.dll
  -- Installing: R:/artifacts/bin/win-x64.Debug/corehost/PDB/libnethost.pdb
  -- Installing: R:/artifacts/bin/win-x64.Debug/corehost/libnethost.lib
  -- Installing: R:/artifacts/bin/win-x64.Debug/corehost/PDB/hostfxr.pdb
  -- Installing: R:/artifacts/bin/win-x64.Debug/corehost/hostfxr.lib
  -- Installing: R:/artifacts/bin/win-x64.Debug/corehost/hostfxr.dll
  -- Installing: R:/artifacts/bin/win-x64.Debug/corehost/PDB/libhostfxr.pdb
  -- Installing: R:/artifacts/bin/win-x64.Debug/corehost/libhostfxr.lib
  -- Installing: R:/artifacts/bin/win-x64.Debug/corehost/PDB/hostpolicy.pdb
  -- Installing: R:/artifacts/bin/win-x64.Debug/corehost/hostpolicy.lib
  -- Installing: R:/artifacts/bin/win-x64.Debug/corehost/hostpolicy.dll
  -- Installing: R:/artifacts/bin/win-x64.Debug/corehost/PDB/apphost.pdb
  -- Installing: R:/artifacts/bin/win-x64.Debug/corehost/apphost.exe
  -- Installing: R:/artifacts/bin/win-x64.Debug/corehost/PDB/dotnet.pdb
  -- Installing: R:/artifacts/bin/win-x64.Debug/corehost/dotnet.exe
  -- Installing: R:/artifacts/bin/win-x64.Debug/corehost/PDB/ijwhost.pdb
  -- Installing: R:/artifacts/bin/win-x64.Debug/corehost/ijwhost.lib
  -- Installing: R:/artifacts/bin/win-x64.Debug/corehost/ijwhost.dll
  -- Installing: R:/artifacts/bin/win-x64.Debug/corehost/PDB/comhost.pdb
  -- Installing: R:/artifacts/bin/win-x64.Debug/corehost/comhost.lib
  -- Installing: R:/artifacts/bin/win-x64.Debug/corehost/comhost.dll
  Done building Native components
  Microsoft.NETCore.DotNetAppHost -> R:\artifacts\packages\Debug\Shipping\Microsoft.NETCore.DotNetAppHost.11.0.0-dev.nupkg
  Microsoft.NETCore.DotNetAppHost -> R:\artifacts\packages\Debug\Shipping\runtime.win-x64.Microsoft.NETCore.DotNetAppHost.11.0.0-dev.nupkg
  installer.tasks -> R:\artifacts\bin\installer.tasks\Debug\installer.tasks.dll
  Microsoft.DotNet.HotReload.Utils.Generator.Data -> R:\artifacts\bin\Microsoft.DotNet.HotReload.Utils.Generator.Data\Debug\net11.0\Microsoft.DotNet.HotReload.Utils.Generator.Data.dll
  Microsoft.DotNet.HotReload.Utils.Generator.Tasks -> R:\artifacts\bin\Microsoft.DotNet.HotReload.Utils.Generator.Tasks\Debug\net11.0\Microsoft.DotNet.HotReload.Utils.Generator.Tasks.dll
  Microsoft.DotNet.HotReload.Utils.Generator -> R:\artifacts\bin\Microsoft.DotNet.HotReload.Utils.Generator\Debug\net11.0\Microsoft.DotNet.HotReload.Utils.Generator.dll
  Microsoft.DotNet.HotReload.Utils.Generator.Frontend -> R:\artifacts\bin\Microsoft.DotNet.HotReload.Utils.Generator.Frontend\Debug\net11.0\Microsoft.DotNet.HotReload.Utils.Generator.Frontend.dll
  Microsoft.DotNet.HotReload.Utils.Generator.BuildTool -> R:\artifacts\bin\Microsoft.DotNet.HotReload.Utils.Generator.BuildTool\Debug\net11.0\Microsoft.DotNet.HotReload.Utils.Generator.BuildTool.dll
  Determining projects to restore...
  Restored R:\src\installer\pkg\sfx\Microsoft.NETCore.App\Microsoft.NETCore.App.Runtime.CoreCLR.sfxproj (in 405 ms).
  ServicedLibrary -> R:\artifacts\tests\host\windows.x64.Debug\ServicedLibrary\SharedLibrary.dll
  ManagedHost -> R:\artifacts\tests\host\windows.x64.Debug\ManagedHost\ManagedHost.dll
  Component -> R:\artifacts\tests\host\windows.x64.Debug\Component\Component.dll
  ComLibraryMissingGuid -> R:\artifacts\tests\host\windows.x64.Debug\ComLibraryMissingGuid\ComLibraryMissingGuid.dll
  ComLibraryConflictingGuid -> R:\artifacts\tests\host\windows.x64.Debug\ComLibraryConflictingGuid\ComLibraryConflictingGuid.dll
  RegFreeCom -> R:\artifacts\tests\host\windows.x64.Debug\RegFreeCom\RegFreeCom.dll
  ComLibrary -> R:\artifacts\tests\host\windows.x64.Debug\ComLibrary\ComLibrary.dll
  HostApiInvokerApp -> R:\artifacts\tests\host\windows.x64.Debug\HostApiInvokerApp\HostApiInvokerApp.dll
  HelloWorld -> R:\artifacts\tests\host\windows.x64.Debug\HelloWorld\HelloWorld.dll
  AppWithSubDirs -> R:\artifacts\tests\host\windows.x64.Debug\AppWithSubDirs\AppWithSubDirs.dll
  SharedLibrary -> R:\artifacts\tests\host\windows.x64.Debug\SharedLibrary\SharedLibrary.dll
  HelloWorld_中文 -> R:\artifacts\tests\host\windows.x64.Debug\HelloWorld_中文\HelloWorld_中文.dll
  AppWithCustomEntryPoints -> R:\artifacts\tests\host\windows.x64.Debug\AppWithCustomEntryPoints\AppWithCustomEntryPoints.dll
  AppWithUnknownLanguageResource -> R:\artifacts\tests\host\windows.x64.Debug\AppWithUnknownLanguageResource\AppWithUnknownLanguageResource.dll
  LocalizedApp -> R:\artifacts\tests\host\windows.x64.Debug\LocalizedApp\LocalizedApp.dll
  SingleFileApiTests -> R:\artifacts\tests\host\windows.x64.Debug\SingleFileApiTests\SingleFileApiTests.dll
  StartupHook -> R:\artifacts\tests\host\windows.x64.Debug\StartupHook\StartupHook.dll
  WindowsSpecific -> R:\artifacts\tests\host\windows.x64.Debug\WindowsSpecific\WindowsSpecific.dll
  HammerServicing -> R:\artifacts\tests\host\windows.x64.Debug\HammerServicing\HammerServicing.dll
  StartupHookWithAssemblyResolver -> R:\artifacts\tests\host\windows.x64.Debug\StartupHookWithAssemblyResolver\StartupHookWithAssemblyResolver.dll
  SelfContained -> R:\artifacts\tests\host\windows.x64.Debug\SelfContained\net6.0\HelloWorld.dll
  "R:\src\native\corehost\build.cmd" Debug x64 -os windows commit 2f49bf4340822439a031d91786398a379668b25e targetrid win-x64 portable incremental-native-build rootdir R:\ runtimeflavor CoreCLR runtimeconfiguration Debug -cmakeargs "-DCLR_CMAKE_BUILD_HOST_TESTS=TRUE" -cmakeargs "-DCLR_CMAKE_BUILD_HOST_PRODUCT=FALSE" 
  'vswhere.exe' is not recognized as an internal or external command,
  operable program or batch file.
  'vswhere.exe' is not recognized as an internal or external command,
  operable program or batch file.
  **********************************************************************
  ** Visual Studio 2026 Developer Command Prompt v18.0
  ** Copyright (c) 2026 Microsoft Corporation
  **********************************************************************
  [vcvarsall.bat] Environment initialized for: 'x64'
  Configuring corehost native components
  
  Calling "R:\\eng\native\gen-buildsys.cmd "R:\src\native\corehost" "R://artifacts/obj/win-x64.Debug/corehost" 18.0 x64 windows  "-DCLR_CMAKE_BUILD_HOST_TESTS=TRUE" "-DCLR_CMAKE_BUILD_HOST_PRODUCT=FALSE" "-DCLI_CMAKE_FALLBACK_OS=win10" "-DCLI_CMAKE_COMMIT_HASH=2f49bf4340822439a031d91786398a379668b25e" "-DCLR_CMAKE_TARGET_ARCH=x64" "-DCLR_CMAKE_TARGET_OS=windows" "-DCLI_CMAKE_RESOURCE_DIR=R:\\artifacts\obj\win-x64.Debug\hostResourceFiles" "-DCMAKE_BUILD_TYPE=Debug""
  The CMake command line differs from the last run. Running CMake again.
   "C:\Program Files\Microsoft Visual Studio\18\IntPreview\Common7\IDE\CommonExtensions\Microsoft\CMake\CMake\bin\cmake.exe "-DCMAKE_INSTALL_PREFIX=R://artifacts/bin/win-x64.Debug" "-DCLR_CMAKE_HOST_ARCH=x64"   "-DCMAKE_SYSTEM_VERSION=10.0" "-DCLR_CMAKE_BUILD_HOST_TESTS=TRUE" "-DCLR_CMAKE_BUILD_HOST_PRODUCT=FALSE" "-DCLI_CMAKE_FALLBACK_OS=win10" "-DCLI_CMAKE_COMMIT_HASH=2f49bf4340822439a031d91786398a379668b25e" "-DCLR_CMAKE_TARGET_ARCH=x64" "-DCLR_CMAKE_TARGET_OS=windows" "-DCLI_CMAKE_RESOURCE_DIR=R:\\artifacts\obj\win-x64.Debug\hostResourceFiles" "-DCMAKE_BUILD_TYPE=Debug" --no-warn-unused-cli -G Ninja -B "R://artifacts/obj/win-x64.Debug/corehost" -S "R:\src\native\corehost""
  Not searching for unused variables given on the command line.
  -- Configuring done (1.0s)
  -- Generating done (0.3s)
  -- Build files have been written to: R:/artifacts/obj/win-x64.Debug/corehost
  Commencing build of corehost native components
  [1/43] Building C object test\mockhostfxr\CMakeFiles\mockhostfxr_5_0.dir\test_c_api.c.obj
  [2/43] Building C object test\mockhostfxr\CMakeFiles\mockhostfxr_2_2.dir\test_c_api.c.obj
  [3/43] Building CXX object test\fx_ver\CMakeFiles\test_fx_ver.dir\test_fx_ver.cpp.obj
  [4/43] Building CXX object test\nativehost\CMakeFiles\nativehost.dir\hostfxr_exports.cpp.obj
  [5/43] Building CXX object hostmisc\CMakeFiles\hostmisc_public.dir\utils.cpp.obj
  [6/43] Building CXX object hostmisc\CMakeFiles\hostmisc.dir\utils.cpp.obj
  [7/43] Building CXX object test\nativehost\CMakeFiles\nativehost.dir\error_writer_redirector.cpp.obj
  [8/43] Building CXX object test\mockaotsdk\CMakeFiles\mockaotsdk.dir\mockaotsdk.cpp.obj
  [9/43] Building CXX object test\nativehost\CMakeFiles\nativehost.dir\hostpolicy_exports.cpp.obj
  [10/43] Building CXX object test\mockhostpolicy\CMakeFiles\mockhostpolicy.dir\mockhostpolicy.cpp.obj
  [11/43] Building CXX object test\nativehost\CMakeFiles\nativehost.dir\get_native_search_directories_test.cpp.obj
  [12/43] Building CXX object test\mockcoreclr\CMakeFiles\mockcoreclr.dir\mockcoreclr.cpp.obj
  [13/43] Linking CXX static library hostmisc\hostmisc.lib
  [14/43] Building CXX object test\nativehost\CMakeFiles\nativehost.dir\nativehost.cpp.obj
  [15/43] Building CXX object test\mockhostfxr\CMakeFiles\mockhostfxr_5_0.dir\mockhostfxr.cpp.obj
  [16/43] Building CXX object test\mockhostfxr\CMakeFiles\mockhostfxr_2_2.dir\mockhostfxr.cpp.obj
  [17/43] Building CXX object test\nativehost\CMakeFiles\nativehost_static.dir\error_writer_redirector.cpp.obj
  [18/43] Building CXX object test\nativehost\CMakeFiles\nativehost.dir\resolve_component_dependencies_test.cpp.obj
  [19/43] Building CXX object test\nativehost\CMakeFiles\nativehost.dir\comhost_test.cpp.obj
  [20/43] Building CXX object test\nativehost\CMakeFiles\nativehost.dir\host_context_test.cpp.obj
  [21/43] Linking CXX shared library ijwhost\ijwhost.dll
  [22/43] Building CXX object test\nativehost\CMakeFiles\nativehost_static.dir\get_native_search_directories_test.cpp.obj
  [23/43] Linking CXX shared library test\mockaotsdk\mockaotsdk.dll
  [24/43] Linking CXX executable test\fx_ver\test_fx_ver.exe
  [25/43] Linking CXX shared library test\mockhostfxr\mockhostfxr_2_2.dll
  [26/43] Building CXX object test\nativehost\CMakeFiles\nativehost_static.dir\hostfxr_exports.cpp.obj
  [27/43] Building CXX object test\nativehost\CMakeFiles\nativehost_static.dir\hostpolicy_exports.cpp.obj
  [28/43] Linking CXX shared library test\mockcoreclr\mockcoreclr.dll
  [29/43] Linking CXX shared library test\mockhostfxr\mockhostfxr_5_0.dll
  [30/43] Building CXX object test\comsxs\CMakeFiles\comsxs.dir\comsxs.cpp.obj
  [31/43] Building CXX object test\ijw\CMakeFiles\ijw.dir\ijw.cpp.obj
  [32/43] Building CXX object test\nativehost\CMakeFiles\nativehost_static.dir\nativehost.cpp.obj
  [33/43] Linking CXX shared library test\mockhostpolicy\mockhostpolicy.dll
  [34/43] Linking CXX executable test\nativehost\nativehost.exe
  [35/43] Linking CXX shared library test\ijw\ijw.dll
  [36/43] Building CXX object test\nativehost\CMakeFiles\nativehost_static.dir\resolve_component_dependencies_test.cpp.obj
  [37/43] Building CXX object test\nativehost\CMakeFiles\nativehost_static.dir\host_context_test.cpp.obj
  [38/43] Linking CXX executable test\comsxs\comsxs.exe
  [39/43] Building CXX object test\nativehost\CMakeFiles\nativehost_static.dir\comhost_test.cpp.obj
  [40/43] Compiling R:/src/native/corehost/test/typelibs/Nested.idl
  64 bit Processing R:\src\native\corehost\test\typelibs\Nested.idl
  Nested.idl
  64 bit Processing C:\Program Files (x86)\Windows Kits\10\\include\10.0.28000.0\\um\oaidl.idl
  oaidl.idl
  64 bit Processing C:\Program Files (x86)\Windows Kits\10\\include\10.0.28000.0\\um\objidl.idl
  objidl.idl
  64 bit Processing C:\Program Files (x86)\Windows Kits\10\\include\10.0.28000.0\\um\unknwn.idl
  unknwn.idl
  64 bit Processing C:\Program Files (x86)\Windows Kits\10\\include\10.0.28000.0\\shared\wtypes.idl
  wtypes.idl
  64 bit Processing C:\Program Files (x86)\Windows Kits\10\\include\10.0.28000.0\\shared\wtypesbase.idl
  wtypesbase.idl
  64 bit Processing C:\Program Files (x86)\Windows Kits\10\\include\10.0.28000.0\\shared\basetsd.h
  basetsd.h
  64 bit Processing C:\Program Files (x86)\Windows Kits\10\\include\10.0.28000.0\\shared\guiddef.h
  guiddef.h
  64 bit Processing C:\Program Files (x86)\Windows Kits\10\\include\10.0.28000.0\\um\ocidl.idl
  ocidl.idl
  64 bit Processing C:\Program Files (x86)\Windows Kits\10\\include\10.0.28000.0\\um\oleidl.idl
  oleidl.idl
  64 bit Processing C:\Program Files (x86)\Windows Kits\10\\include\10.0.28000.0\\um\servprov.idl
  servprov.idl
  64 bit Processing C:\Program Files (x86)\Windows Kits\10\\include\10.0.28000.0\\um\urlmon.idl
  urlmon.idl
  64 bit Processing C:\Program Files (x86)\Windows Kits\10\\include\10.0.28000.0\\um\msxml.idl
  msxml.idl
  64 bit Processing C:\Program Files (x86)\Windows Kits\10\\include\10.0.28000.0\\um\oaidl.acf
  oaidl.acf
  64 bit Processing C:\Program Files (x86)\Windows Kits\10\\include\10.0.28000.0\\um\ocidl.acf
  ocidl.acf
  [41/43] Compiling R:/src/native/corehost/test/typelibs/Server.idl
  64 bit Processing R:\src\native\corehost\test\typelibs\Server.idl
  Server.idl
  64 bit Processing C:\Program Files (x86)\Windows Kits\10\\include\10.0.28000.0\\um\oaidl.idl
  oaidl.idl
  64 bit Processing C:\Program Files (x86)\Windows Kits\10\\include\10.0.28000.0\\um\objidl.idl
  objidl.idl
  64 bit Processing C:\Program Files (x86)\Windows Kits\10\\include\10.0.28000.0\\um\unknwn.idl
  unknwn.idl
  64 bit Processing C:\Program Files (x86)\Windows Kits\10\\include\10.0.28000.0\\shared\wtypes.idl
  wtypes.idl
  64 bit Processing C:\Program Files (x86)\Windows Kits\10\\include\10.0.28000.0\\shared\wtypesbase.idl
  wtypesbase.idl
  64 bit Processing C:\Program Files (x86)\Windows Kits\10\\include\10.0.28000.0\\shared\basetsd.h
  basetsd.h
  64 bit Processing C:\Program Files (x86)\Windows Kits\10\\include\10.0.28000.0\\shared\guiddef.h
  guiddef.h
  64 bit Processing C:\Program Files (x86)\Windows Kits\10\\include\10.0.28000.0\\um\ocidl.idl
  ocidl.idl
  64 bit Processing C:\Program Files (x86)\Windows Kits\10\\include\10.0.28000.0\\um\oleidl.idl
  oleidl.idl
  64 bit Processing C:\Program Files (x86)\Windows Kits\10\\include\10.0.28000.0\\um\servprov.idl
  servprov.idl
  64 bit Processing C:\Program Files (x86)\Windows Kits\10\\include\10.0.28000.0\\um\urlmon.idl
  urlmon.idl
  64 bit Processing C:\Program Files (x86)\Windows Kits\10\\include\10.0.28000.0\\um\msxml.idl
  msxml.idl
  64 bit Processing C:\Program Files (x86)\Windows Kits\10\\include\10.0.28000.0\\um\oaidl.acf
  oaidl.acf
  64 bit Processing C:\Program Files (x86)\Windows Kits\10\\include\10.0.28000.0\\um\ocidl.acf
  ocidl.acf
  [42/43] Linking CXX executable test\nativehost\nativehost_static.exe
  [42/43] Install the project...
  -- Install configuration: "Debug"
  -- Up-to-date: R:/artifacts/bin/win-x64.Debug/corehost/coreclr_delegates.h
  -- Up-to-date: R:/artifacts/bin/win-x64.Debug/corehost/hostfxr.h
  -- Up-to-date: R:/artifacts/bin/win-x64.Debug/corehost/host_error_codes.h
  -- Up-to-date: R:/artifacts/bin/win-x64.Debug/corehost/nethost.h
  -- Up-to-date: R:/artifacts/bin/win-x64.Debug/corehost/PDB/nethost.pdb
  -- Up-to-date: R:/artifacts/bin/win-x64.Debug/corehost/nethost.lib
  -- Up-to-date: R:/artifacts/bin/win-x64.Debug/corehost/nethost.dll
  -- Up-to-date: R:/artifacts/bin/win-x64.Debug/corehost/PDB/libnethost.pdb
  -- Up-to-date: R:/artifacts/bin/win-x64.Debug/corehost/libnethost.lib
  -- Installing: R:/artifacts/bin/win-x64.Debug/corehost_test/PDB/test_fx_ver.pdb
  -- Installing: R:/artifacts/bin/win-x64.Debug/corehost_test/test_fx_ver.exe
  -- Installing: R:/artifacts/bin/win-x64.Debug/corehost_test/PDB/mockaotsdk.pdb
  -- Installing: R:/artifacts/bin/win-x64.Debug/corehost_test/mockaotsdk.lib
  -- Installing: R:/artifacts/bin/win-x64.Debug/corehost_test/mockaotsdk.dll
  -- Installing: R:/artifacts/bin/win-x64.Debug/corehost_test/PDB/mockcoreclr.pdb
  -- Installing: R:/artifacts/bin/win-x64.Debug/corehost_test/mockcoreclr.lib
  -- Installing: R:/artifacts/bin/win-x64.Debug/corehost_test/mockcoreclr.dll
  -- Installing: R:/artifacts/bin/win-x64.Debug/corehost_test/PDB/mockhostfxr_2_2.pdb
  -- Installing: R:/artifacts/bin/win-x64.Debug/corehost_test/mockhostfxr_2_2.lib
  -- Installing: R:/artifacts/bin/win-x64.Debug/corehost_test/mockhostfxr_2_2.dll
  -- Installing: R:/artifacts/bin/win-x64.Debug/corehost_test/PDB/mockhostfxr_5_0.pdb
  -- Installing: R:/artifacts/bin/win-x64.Debug/corehost_test/mockhostfxr_5_0.lib
  -- Installing: R:/artifacts/bin/win-x64.Debug/corehost_test/mockhostfxr_5_0.dll
  -- Installing: R:/artifacts/bin/win-x64.Debug/corehost_test/PDB/mockhostpolicy.pdb
  -- Installing: R:/artifacts/bin/win-x64.Debug/corehost_test/mockhostpolicy.lib
  -- Installing: R:/artifacts/bin/win-x64.Debug/corehost_test/mockhostpolicy.dll
  -- Installing: R:/artifacts/bin/win-x64.Debug/corehost_test/PDB/nativehost.pdb
  -- Installing: R:/artifacts/bin/win-x64.Debug/corehost_test/nativehost.exe
  -- Installing: R:/artifacts/bin/win-x64.Debug/corehost_test/PDB/nativehost_static.pdb
  -- Installing: R:/artifacts/bin/win-x64.Debug/corehost_test/nativehost_static.exe
  -- Installing: R:/artifacts/bin/win-x64.Debug/corehost_test/PDB/comsxs.pdb
  -- Installing: R:/artifacts/bin/win-x64.Debug/corehost_test/comsxs.exe
  -- Installing: R:/artifacts/bin/win-x64.Debug/corehost_test/PDB/ijw.pdb
  -- Installing: R:/artifacts/bin/win-x64.Debug/corehost_test/ijw.lib
  -- Installing: R:/artifacts/bin/win-x64.Debug/corehost_test/ijw.dll
  -- Installing: R:/artifacts/bin/win-x64.Debug/corehost_test/ijw-deps/ucrtbased.dll
  -- Installing: R:/artifacts/bin/win-x64.Debug/corehost_test/ijw-deps/msvcp140_1d.dll
  -- Installing: R:/artifacts/bin/win-x64.Debug/corehost_test/ijw-deps/msvcp140_2d.dll
  -- Installing: R:/artifacts/bin/win-x64.Debug/corehost_test/ijw-deps/msvcp140d.dll
  -- Installing: R:/artifacts/bin/win-x64.Debug/corehost_test/ijw-deps/vcruntime140_1d.dll
  -- Installing: R:/artifacts/bin/win-x64.Debug/corehost_test/ijw-deps/vcruntime140_threadsd.dll
  -- Installing: R:/artifacts/bin/win-x64.Debug/corehost_test/ijw-deps/vcruntime140d.dll
  -- Installing: R:/artifacts/bin/win-x64.Debug/corehost_test/Server.tlb
  -- Installing: R:/artifacts/bin/win-x64.Debug/corehost_test/Nested.tlb
  -- Installing: R:/artifacts/bin/win-x64.Debug/corehost/PDB/ijwhost.pdb
  -- Up-to-date: R:/artifacts/bin/win-x64.Debug/corehost/ijwhost.lib
  -- Installing: R:/artifacts/bin/win-x64.Debug/corehost/ijwhost.dll
  Done building Native components
  Microsoft.NET.HostModel -> R:\artifacts\bin\Microsoft.NET.HostModel\Debug\net472\Microsoft.NET.HostModel.dll
  Microsoft.NET.HostModel -> R:\artifacts\bin\Microsoft.NET.HostModel\Debug\net11.0\Microsoft.NET.HostModel.dll
  The package Microsoft.NET.HostModel.11.0.0-dev is missing a readme. Go to https://aka.ms/nuget/authoring-best-practices/readme to learn why package readmes are important.
  Successfully created package 'R:\artifacts\packages\Debug\NonShipping\Microsoft.NET.HostModel.11.0.0-dev.nupkg'.
  Successfully created package 'R:\artifacts\packages\Debug\NonShipping\Microsoft.NET.HostModel.11.0.0-dev.symbols.nupkg'.
  TestUtils -> R:\artifacts\bin\TestUtils\Debug\net11.0\TestUtils.dll
  AppHost.Bundle.Tests -> R:\artifacts\bin\AppHost.Bundle.Tests\Debug\net11.0\win-x64\AppHost.Bundle.Tests.dll
  Microsoft.NET.HostModel.Tests -> R:\artifacts\bin\Microsoft.NET.HostModel.Tests\Debug\net11.0\win-x64\Microsoft.NET.HostModel.Tests.dll
  HostActivation.Tests -> R:\artifacts\bin\HostActivation.Tests\Debug\net11.0\win-x64\HostActivation.Tests.dll

Build succeeded.
    0 Warning(s)
    0 Error(s)

Time Elapsed 00:19:26.81
