GET https://builds.dotnet.microsoft.com/dotnet/scripts/v1/dotnet-install.ps1
  Attempting to install 'sdk v11.0.100-preview.6.26359.118' from public location.
dotnet-install: Remote file https://builds.dotnet.microsoft.com/dotnet/Sdk/11.0.100-preview.6.26359.118/dotnet-sdk-11.0.100-preview.6.26359.118-win-x64.tar.gz size is 249908402 bytes.
dotnet-install: Downloaded file https://builds.dotnet.microsoft.com/dotnet/Sdk/11.0.100-preview.6.26359.118/dotnet-sdk-11.0.100-preview.6.26359.118-win-x64.tar.gz size is 249908402 bytes.
dotnet-install: The remote and local file sizes are equal.
dotnet-install: Extracting the archive.
dotnet-install: Adding to current process PATH: "C:\Users\konradkokosa\.copilot\repos\copilot-worktrees\runtime-fork\kkokosa-ideal-sniffle\.dotnet\". Note: This change will not be visible if PowerShell was run as a child process.
dotnet-install: Note that the script does not ensure your Windows version is supported during the installation.
dotnet-install: To check the list of supported versions, go to https://learn.microsoft.com/dotnet/core/install/windows#supported-versions
dotnet-install: Installed version is 11.0.100-preview.6.26359.118
dotnet-install: Installation finished
Downloading package Microsoft.DotNet.Arcade.Sdk, version 11.0.0-beta.26379.102.
Skipping download. Package 'Microsoft.DotNet.Arcade.Sdk' version 11.0.0-beta.26379.102 already exists at 'C:\Nuget'.
Package 'Microsoft.DotNet.Arcade.Sdk' (11.0.0-beta.26379.102) successfully downloaded to 'C:\Nuget'.

  Determining projects to restore...
  Tool 'coverlet.console' (version '6.0.4') was restored. Available commands: coverlet
  Tool 'dotnet-reportgenerator-globaltool' (version '5.4.3') was restored. Available commands: reportgenerator
  Tool 'microsoft.dotnet.xharness.cli' (version '11.0.0-prerelease.26368.1') was restored. Available commands: xharness
  Tool 'microsoft.visualstudio.slngen.tool' (version '12.0.15') was restored. Available commands: slngen
  Tool 'microsoft.dotnet.helix.jobmonitor' (version '11.0.0-beta.26404.8') was restored. Available commands: dotnet-helix-job-monitor
  
  Restore was successful.
  Restored C:\Users\konradkokosa\.copilot\repos\copilot-worktrees\runtime-fork\kkokosa-ideal-sniffle\artifacts\toolset\11.0.0-beta.26379.102\Tools.proj (in 1.6 sec).
  Restored C:\Users\konradkokosa\.copilot\repos\copilot-worktrees\runtime-fork\kkokosa-ideal-sniffle\artifacts\toolset\11.0.0-beta.26379.102\AfterSolutionBuild.proj (in 1.6 sec).
  Restored C:\Users\konradkokosa\.copilot\repos\copilot-worktrees\runtime-fork\kkokosa-ideal-sniffle\artifacts\toolset\11.0.0-beta.26379.102\AfterSigning.proj (in 1.6 sec).
  Determining projects to restore...
  Restored C:\Users\konradkokosa\.copilot\repos\copilot-worktrees\runtime-fork\kkokosa-ideal-sniffle\src\libraries\shims\System.AppContext\src\System.AppContext.csproj (in 266 ms).
  Restored C:\Users\konradkokosa\.copilot\repos\copilot-worktrees\runtime-fork\kkokosa-ideal-sniffle\src\libraries\shims\System.Diagnostics.Tools\src\System.Diagnostics.Tools.csproj (in 266 ms).
  Restored C:\Users\konradkokosa\.copilot\repos\copilot-worktrees\runtime-fork\kkokosa-ideal-sniffle\src\libraries\shims\stubs\System.Security.Cryptography.Xml.csproj (in 266 ms).
  Restored C:\Users\konradkokosa\.copilot\repos\copilot-worktrees\runtime-fork\kkokosa-ideal-sniffle\src\libraries\shims\stubs\System.Security.Permissions.csproj (in 266 ms).
  Restored C:\Users\konradkokosa\.copilot\repos\copilot-worktrees\runtime-fork\kkokosa-ideal-sniffle\src\libraries\shims\System.Data\ref\System.Data.csproj (in 252 ms).
  Restored C:\Users\konradkokosa\.copilot\repos\copilot-worktrees\runtime-fork\kkokosa-ideal-sniffle\src\libraries\shims\System.Buffers\src\System.Buffers.csproj (in 267 ms).
  Restored C:\Users\konradkokosa\.copilot\repos\copilot-worktrees\runtime-fork\kkokosa-ideal-sniffle\src\libraries\shims\System.Core\src\System.Core.csproj (in 270 ms).
  Restored C:\Users\konradkokosa\.copilot\repos\copilot-worktrees\runtime-fork\kkokosa-ideal-sniffle\src\libraries\shims\stubs\System.ServiceModel.Syndication.csproj (in 267 ms).
  Restored C:\Users\konradkokosa\.copilot\repos\copilot-worktrees\runtime-fork\kkokosa-ideal-sniffle\src\libraries\shims\stubs\System.Windows.Extensions.csproj (in 267 ms).
  Restored C:\Users\konradkokosa\.copilot\repos\copilot-worktrees\runtime-fork\kkokosa-ideal-sniffle\src\libraries\shims\stubs\System.ServiceProcess.ServiceController.csproj (in 267 ms).
  Restored C:\Users\konradkokosa\.copilot\repos\copilot-worktrees\runtime-fork\kkokosa-ideal-sniffle\src\libraries\shims\System.Diagnostics.Debug\src\System.Diagnostics.Debug.csproj (in 267 ms).
  Restored C:\Users\konradkokosa\.copilot\repos\copilot-worktrees\runtime-fork\kkokosa-ideal-sniffle\src\libraries\shims\System.Configuration\src\System.Configuration.csproj (in 268 ms).
  Restored C:\Users\konradkokosa\.copilot\repos\copilot-worktrees\runtime-fork\kkokosa-ideal-sniffle\src\libraries\shims\System.Data.DataSetExtensions\src\System.Data.DataSetExtensions.csproj (in 267 ms).
  Restored C:\Users\konradkokosa\.copilot\repos\copilot-worktrees\runtime-fork\kkokosa-ideal-sniffle\src\libraries\shims\System.Data\src\System.Data.csproj (in 269 ms).
  Restored C:\Users\konradkokosa\.copilot\repos\copilot-worktrees\runtime-fork\kkokosa-ideal-sniffle\src\libraries\shims\stubs\System.Security.Cryptography.ProtectedData.csproj (in 7 ms).
  Restored C:\Users\konradkokosa\.copilot\repos\copilot-worktrees\runtime-fork\kkokosa-ideal-sniffle\src\libraries\shims\stubs\System.Security.Cryptography.Pkcs.csproj (in 3 ms).
  Restored C:\Users\konradkokosa\.copilot\repos\copilot-worktrees\runtime-fork\kkokosa-ideal-sniffle\src\libraries\shims\stubs\System.Diagnostics.PerformanceCounter.csproj (in 3 ms).
  Restored C:\Users\konradkokosa\.copilot\repos\copilot-worktrees\runtime-fork\kkokosa-ideal-sniffle\src\libraries\shims\stubs\System.Runtime.Serialization.Schema.csproj (in 4 ms).
  Restored C:\Users\konradkokosa\.copilot\repos\copilot-worktrees\runtime-fork\kkokosa-ideal-sniffle\src\libraries\shims\stubs\System.Diagnostics.EventLog.csproj (in 4 ms).
  Restored C:\Users\konradkokosa\.copilot\repos\copilot-worktrees\runtime-fork\kkokosa-ideal-sniffle\src\libraries\shims\stubs\System.IO.Packaging.csproj (in 3 ms).
  Restored C:\Users\konradkokosa\.copilot\repos\copilot-worktrees\runtime-fork\kkokosa-ideal-sniffle\src\libraries\shims\stubs\System.Data.SqlClient.csproj (in 5 ms).
  Restored C:\Users\konradkokosa\.copilot\repos\copilot-worktrees\runtime-fork\kkokosa-ideal-sniffle\src\libraries\shims\System.Drawing\src\System.Drawing.csproj (in 269 ms).
  Restored C:\Users\konradkokosa\.copilot\repos\copilot-worktrees\runtime-fork\kkokosa-ideal-sniffle\src\libraries\shims\System.IO.FileSystem.Primitives\src\System.IO.FileSystem.Primitives.csproj (in 4 ms).
  Restored C:\Users\konradkokosa\.copilot\repos\copilot-worktrees\runtime-fork\kkokosa-ideal-sniffle\src\libraries\shims\System.IO.FileSystem\src\System.IO.FileSystem.csproj (in 5 ms).
  Restored C:\Users\konradkokosa\.copilot\repos\copilot-worktrees\runtime-fork\kkokosa-ideal-sniffle\src\libraries\shims\stubs\System.Drawing.Common.csproj (in 18 ms).
  Restored C:\Users\konradkokosa\.copilot\repos\copilot-worktrees\runtime-fork\kkokosa-ideal-sniffle\src\libraries\shims\stubs\System.CodeDom.csproj (in 3 ms).
  Restored C:\Users\konradkokosa\.copilot\repos\copilot-worktrees\runtime-fork\kkokosa-ideal-sniffle\src\libraries\shims\stubs\System.IO.Ports.csproj (in 6 ms).
  Restored C:\Users\konradkokosa\.copilot\repos\copilot-worktrees\runtime-fork\kkokosa-ideal-sniffle\src\libraries\shims\System.ComponentModel.DataAnnotations\src\System.ComponentModel.DataAnnotations.csproj (in 267 ms).
  Restored C:\Users\konradkokosa\.copilot\repos\copilot-worktrees\runtime-fork\kkokosa-ideal-sniffle\src\libraries\shims\stubs\System.Data.OleDb.csproj (in 4 ms).
  Restored C:\Users\konradkokosa\.copilot\repos\copilot-worktrees\runtime-fork\kkokosa-ideal-sniffle\src\libraries\shims\stubs\System.Data.Odbc.csproj (in 4 ms).
  Restored C:\Users\konradkokosa\.copilot\repos\copilot-worktrees\runtime-fork\kkokosa-ideal-sniffle\src\libraries\shims\System.Globalization\src\System.Globalization.csproj (in 3 ms).
  Restored C:\Users\konradkokosa\.copilot\repos\copilot-worktrees\runtime-fork\kkokosa-ideal-sniffle\src\libraries\shims\stubs\Microsoft.Win32.SystemEvents.csproj (in 3 ms).
  Restored C:\Users\konradkokosa\.copilot\repos\copilot-worktrees\runtime-fork\kkokosa-ideal-sniffle\src\libraries\shims\System.Globalization.Calendars\src\System.Globalization.Calendars.csproj (in 17 ms).
  Restored C:\Users\konradkokosa\.copilot\repos\copilot-worktrees\runtime-fork\kkokosa-ideal-sniffle\src\libraries\shims\System.IO.Compression.FileSystem\src\System.IO.Compression.FileSystem.csproj (in 12 ms).
  Restored C:\Users\konradkokosa\.copilot\repos\copilot-worktrees\runtime-fork\kkokosa-ideal-sniffle\src\libraries\shims\System.Globalization.Extensions\src\System.Globalization.Extensions.csproj (in 3 ms).
  Restored C:\Users\konradkokosa\.copilot\repos\copilot-worktrees\runtime-fork\kkokosa-ideal-sniffle\src\libraries\shims\stubs\System.Configuration.ConfigurationManager.csproj (in 14 ms).
  Restored C:\Users\konradkokosa\.copilot\repos\copilot-worktrees\runtime-fork\kkokosa-ideal-sniffle\src\libraries\shims\System.Dynamic.Runtime\src\System.Dynamic.Runtime.csproj (in 51 ms).
  Restored C:\Users\konradkokosa\.copilot\repos\copilot-worktrees\runtime-fork\kkokosa-ideal-sniffle\src\libraries\shims\netstandard\src\netstandard.csproj (in 128 ms).
  Restored C:\Users\konradkokosa\.copilot\repos\copilot-worktrees\runtime-fork\kkokosa-ideal-sniffle\src\libraries\Microsoft.Extensions.DependencyModel\ref\Microsoft.Extensions.DependencyModel.csproj (in 122 ms).
  Restored C:\Users\konradkokosa\.copilot\repos\copilot-worktrees\runtime-fork\kkokosa-ideal-sniffle\src\libraries\Microsoft.Extensions.FileProviders.Abstractions\ref\Microsoft.Extensions.FileProviders.Abstractions.csproj (in 284 ms).
  Restored C:\Users\konradkokosa\.copilot\repos\copilot-worktrees\runtime-fork\kkokosa-ideal-sniffle\src\libraries\Microsoft.Extensions.Diagnostics.Abstractions\ref\Microsoft.Extensions.Diagnostics.Abstractions.csproj (in 289 ms).
  Restored C:\Users\konradkokosa\.copilot\repos\copilot-worktrees\runtime-fork\kkokosa-ideal-sniffle\src\libraries\Microsoft.Extensions.Logging.Abstractions\ref\Microsoft.Extensions.Logging.Abstractions.csproj (in 134 ms).
  Restored C:\Users\konradkokosa\.copilot\repos\copilot-worktrees\runtime-fork\kkokosa-ideal-sniffle\src\libraries\Microsoft.Extensions.Diagnostics\ref\Microsoft.Extensions.Diagnostics.csproj (in 297 ms).
  Restored C:\Users\konradkokosa\.copilot\repos\copilot-worktrees\runtime-fork\kkokosa-ideal-sniffle\src\libraries\Microsoft.Extensions.Logging.Debug\ref\Microsoft.Extensions.Logging.Debug.csproj (in 265 ms).
  Restored C:\Users\konradkokosa\.copilot\repos\copilot-worktrees\runtime-fork\kkokosa-ideal-sniffle\src\libraries\Microsoft.Extensions.Logging.Configuration\ref\Microsoft.Extensions.Logging.Configuration.csproj (in 215 ms).
  Restored C:\Users\konradkokosa\.copilot\repos\copilot-worktrees\runtime-fork\kkokosa-ideal-sniffle\src\libraries\Microsoft.Extensions.Logging.EventLog\ref\Microsoft.Extensions.Logging.EventLog.csproj (in 278 ms).
  Restored C:\Users\konradkokosa\.copilot\repos\copilot-worktrees\runtime-fork\kkokosa-ideal-sniffle\src\libraries\Microsoft.Extensions.Logging.Abstractions\src\Microsoft.Extensions.Logging.Abstractions.csproj (in 157 ms).
  Restored C:\Users\konradkokosa\.copilot\repos\copilot-worktrees\runtime-fork\kkokosa-ideal-sniffle\src\libraries\Microsoft.Extensions.DependencyModel\src\Microsoft.Extensions.DependencyModel.csproj (in 306 ms).
  Restored C:\Users\konradkokosa\.copilot\repos\copilot-worktrees\runtime-fork\kkokosa-ideal-sniffle\src\libraries\Microsoft.Extensions.Diagnostics.Abstractions\src\Microsoft.Extensions.Diagnostics.Abstractions.csproj (in 319 ms).
  Restored C:\Users\konradkokosa\.copilot\repos\copilot-worktrees\runtime-fork\kkokosa-ideal-sniffle\src\libraries\Microsoft.Extensions.Logging.Debug\src\Microsoft.Extensions.Logging.Debug.csproj (in 296 ms).
  Restored C:\Users\konradkokosa\.copilot\repos\copilot-worktrees\runtime-fork\kkokosa-ideal-sniffle\src\libraries\Microsoft.Extensions.Logging.Console\ref\Microsoft.Extensions.Logging.Console.csproj (in 268 ms).
  Restored C:\Users\konradkokosa\.copilot\repos\copilot-worktrees\runtime-fork\kkokosa-ideal-sniffle\src\libraries\Microsoft.Extensions.Logging.Configuration\src\Microsoft.Extensions.Logging.Configuration.csproj (in 271 ms).
  Restored C:\Users\konradkokosa\.copilot\repos\copilot-worktrees\runtime-fork\kkokosa-ideal-sniffle\src\libraries\Microsoft.Extensions.Diagnostics\src\Microsoft.Extensions.Diagnostics.csproj (in 315 ms).
  Restored C:\Users\konradkokosa\.copilot\repos\copilot-worktrees\runtime-fork\kkokosa-ideal-sniffle\src\libraries\Microsoft.Extensions.Http\ref\Microsoft.Extensions.Http.csproj (in 16 ms).
  Restored C:\Users\konradkokosa\.copilot\repos\copilot-worktrees\runtime-fork\kkokosa-ideal-sniffle\src\libraries\Microsoft.Extensions.Logging.EventLog\src\Microsoft.Extensions.Logging.EventLog.csproj (in 302 ms).
  Restored C:\Users\konradkokosa\.copilot\repos\copilot-worktrees\runtime-fork\kkokosa-ideal-sniffle\src\libraries\Microsoft.Extensions.Logging.Console\src\Microsoft.Extensions.Logging.Console.csproj (in 277 ms).
  Restored C:\Users\konradkokosa\.copilot\repos\copilot-worktrees\runtime-fork\kkokosa-ideal-sniffle\src\tools\hotreload-delta-gen\Microsoft.DotNet.HotReload.Utils.Generator.Tasks\Microsoft.DotNet.HotReload.Utils.Generator.Tasks.csproj (in 4 ms).
  Restored C:\Users\konradkokosa\.copilot\repos\copilot-worktrees\runtime-fork\kkokosa-ideal-sniffle\src\tools\StressLogAnalyzer\src\StressLogAnalyzer.csproj (in 83 ms).
  Restored C:\Users\konradkokosa\.copilot\repos\copilot-worktrees\runtime-fork\kkokosa-ideal-sniffle\src\tools\hotreload-delta-gen\Microsoft.DotNet.HotReload.Utils.Generator.Data\Microsoft.DotNet.HotReload.Utils.Generator.Data.csproj (in 2 ms).
  Restored C:\Users\konradkokosa\.copilot\repos\copilot-worktrees\runtime-fork\kkokosa-ideal-sniffle\src\tasks\tasks.proj (in 2 ms).
  Restored C:\Users\konradkokosa\.copilot\repos\copilot-worktrees\runtime-fork\kkokosa-ideal-sniffle\src\tasks\installer.tasks\installer.tasks.csproj (in 2 ms).
  Restored C:\Users\konradkokosa\.copilot\repos\copilot-worktrees\runtime-fork\kkokosa-ideal-sniffle\src\tools\illink\src\linker\ref\Mono.Linker.csproj (in 129 ms).
  Restored C:\Users\konradkokosa\.copilot\repos\copilot-worktrees\runtime-fork\kkokosa-ideal-sniffle\src\tasks\HelixTestTasks\HelixTestTasks.csproj (in 3 ms).
  Restored C:\Users\konradkokosa\.copilot\repos\copilot-worktrees\runtime-fork\kkokosa-ideal-sniffle\src\tools\ilasm\src\ILAssembler\ILAssembler.csproj (in 93 ms).
  Restored C:\Users\konradkokosa\.copilot\repos\copilot-worktrees\runtime-fork\kkokosa-ideal-sniffle\src\libraries\Microsoft.Extensions.Http\src\Microsoft.Extensions.Http.csproj (in 90 ms).
  Restored C:\Users\konradkokosa\.copilot\repos\copilot-worktrees\runtime-fork\kkokosa-ideal-sniffle\src\libraries\System.Windows.Extensions\ref\System.Windows.Extensions.csproj (in 21 ms).
  Restored C:\Users\konradkokosa\.copilot\repos\copilot-worktrees\runtime-fork\kkokosa-ideal-sniffle\src\native\managed\cdac\Microsoft.Diagnostics.DataContractReader\Microsoft.Diagnostics.DataContractReader.csproj (in 4 ms).
  Restored C:\Users\konradkokosa\.copilot\repos\copilot-worktrees\runtime-fork\kkokosa-ideal-sniffle\src\libraries\System.Web.HttpUtility\src\System.Web.HttpUtility.csproj (in 4 ms).
  Restored C:\Users\konradkokosa\.copilot\repos\copilot-worktrees\runtime-fork\kkokosa-ideal-sniffle\src\tasks\Crossgen2Tasks\Crossgen2Tasks.csproj (in 48 ms).
  Restored C:\Users\konradkokosa\.copilot\repos\copilot-worktrees\runtime-fork\kkokosa-ideal-sniffle\src\libraries\System.Transactions.Local\ref\System.Transactions.Local.csproj (in 3 ms).
  Restored C:\Users\konradkokosa\.copilot\repos\copilot-worktrees\runtime-fork\kkokosa-ideal-sniffle\src\libraries\System.Threading\src\System.Threading.csproj (in 3 ms).
  Restored C:\Users\konradkokosa\.copilot\repos\copilot-worktrees\runtime-fork\kkokosa-ideal-sniffle\src\libraries\System.Threading\ref\System.Threading.csproj (in 2 ms).
  Restored C:\Users\konradkokosa\.copilot\repos\copilot-worktrees\runtime-fork\kkokosa-ideal-sniffle\src\libraries\System.Web.HttpUtility\ref\System.Web.HttpUtility.csproj (in 47 ms).
  Restored C:\Users\konradkokosa\.copilot\repos\copilot-worktrees\runtime-fork\kkokosa-ideal-sniffle\src\libraries\shims\System.Threading.Tasks.Extensions\src\System.Threading.Tasks.Extensions.csproj (in 3 ms).
  Restored C:\Users\konradkokosa\.copilot\repos\copilot-worktrees\runtime-fork\kkokosa-ideal-sniffle\src\libraries\System.Transactions.Local\src\System.Transactions.Local.csproj (in 46 ms).
  Restored C:\Users\konradkokosa\.copilot\repos\copilot-worktrees\runtime-fork\kkokosa-ideal-sniffle\src\libraries\shims\System.Threading.Timer\src\System.Threading.Timer.csproj (in 3 ms).
  Restored C:\Users\konradkokosa\.copilot\repos\copilot-worktrees\runtime-fork\kkokosa-ideal-sniffle\src\libraries\shims\System.Threading.Tasks\src\System.Threading.Tasks.csproj (in 43 ms).
  Restored C:\Users\konradkokosa\.copilot\repos\copilot-worktrees\runtime-fork\kkokosa-ideal-sniffle\src\libraries\shims\System.ServiceProcess\src\System.ServiceProcess.csproj (in 4 ms).
  Restored C:\Users\konradkokosa\.copilot\repos\copilot-worktrees\runtime-fork\kkokosa-ideal-sniffle\src\libraries\shims\System.Text.Encoding\src\System.Text.Encoding.csproj (in 5 ms).
  Restored C:\Users\konradkokosa\.copilot\repos\copilot-worktrees\runtime-fork\kkokosa-ideal-sniffle\src\libraries\shims\System.Security\src\System.Security.csproj (in 20 ms).
  Restored C:\Users\konradkokosa\.copilot\repos\copilot-worktrees\runtime-fork\kkokosa-ideal-sniffle\src\libraries\shims\System.Transactions\src\System.Transactions.csproj (in 75 ms).
  Restored C:\Users\konradkokosa\.copilot\repos\copilot-worktrees\runtime-fork\kkokosa-ideal-sniffle\src\libraries\shims\System.Security.SecureString\src\System.Security.SecureString.csproj (in 4 ms).
  Restored C:\Users\konradkokosa\.copilot\repos\copilot-worktrees\runtime-fork\kkokosa-ideal-sniffle\src\libraries\shims\System.Security.Principal\src\System.Security.Principal.csproj (in 3 ms).
  Restored C:\Users\konradkokosa\.copilot\repos\copilot-worktrees\runtime-fork\kkokosa-ideal-sniffle\src\tools\ilasm\src\ilasm\ilasm.csproj (in 403 ms).
  Restored C:\Users\konradkokosa\.copilot\repos\copilot-worktrees\runtime-fork\kkokosa-ideal-sniffle\src\libraries\shims\System.Security.Cryptography.X509Certificates\src\System.Security.Cryptography.X509Certificates.csproj (in 9 ms).
  Restored C:\Users\konradkokosa\.copilot\repos\copilot-worktrees\runtime-fork\kkokosa-ideal-sniffle\src\libraries\shims\System.Security.Cryptography.OpenSsl\src\System.Security.Cryptography.OpenSsl.csproj (in 12 ms).
  Restored C:\Users\konradkokosa\.copilot\repos\copilot-worktrees\runtime-fork\kkokosa-ideal-sniffle\src\libraries\shims\System.Security.Cryptography.Primitives\src\System.Security.Cryptography.Primitives.csproj (in 9 ms).
  Restored C:\Users\konradkokosa\.copilot\repos\copilot-worktrees\runtime-fork\kkokosa-ideal-sniffle\src\libraries\shims\System.Security.Cryptography.Encoding\src\System.Security.Cryptography.Encoding.csproj (in 10 ms).
  Restored C:\Users\konradkokosa\.copilot\repos\copilot-worktrees\runtime-fork\kkokosa-ideal-sniffle\src\libraries\shims\System.ServiceModel.Web\src\System.ServiceModel.Web.csproj (in 93 ms).
  Restored C:\Users\konradkokosa\.copilot\repos\copilot-worktrees\runtime-fork\kkokosa-ideal-sniffle\src\tools\illink\src\linker\Mono.Linker.csproj (in 430 ms).
  Restored C:\Users\konradkokosa\.copilot\repos\copilot-worktrees\runtime-fork\kkokosa-ideal-sniffle\src\tools\illink\src\ILLink.Tasks\ILLink.Tasks.csproj (in 507 ms).
  Restored C:\Users\konradkokosa\.copilot\repos\copilot-worktrees\runtime-fork\kkokosa-ideal-sniffle\src\libraries\shims\System.Security.Cryptography.Cng\src\System.Security.Cryptography.Cng.csproj (in 9 ms).
  Restored C:\Users\konradkokosa\.copilot\repos\copilot-worktrees\runtime-fork\kkokosa-ideal-sniffle\src\libraries\shims\mscorlib\ref\mscorlib.csproj (in 17 ms).
  Restored C:\Users\konradkokosa\.copilot\repos\copilot-worktrees\runtime-fork\kkokosa-ideal-sniffle\src\libraries\sfx.proj (in 2 ms).
  Restored C:\Users\konradkokosa\.copilot\repos\copilot-worktrees\runtime-fork\kkokosa-ideal-sniffle\src\libraries\shims\mscorlib\src\mscorlib.csproj (in 23 ms).
  Restored C:\Users\konradkokosa\.copilot\repos\copilot-worktrees\runtime-fork\kkokosa-ideal-sniffle\src\libraries\shims\System.Security.Cryptography.Csp\src\System.Security.Cryptography.Csp.csproj (in 15 ms).
  Restored C:\Users\konradkokosa\.copilot\repos\copilot-worktrees\runtime-fork\kkokosa-ideal-sniffle\src\libraries\sfx-finish.proj (in 4 ms).
  Restored C:\Users\konradkokosa\.copilot\repos\copilot-worktrees\runtime-fork\kkokosa-ideal-sniffle\src\libraries\sfx-gen.proj (in 1 ms).
  Restored C:\Users\konradkokosa\.copilot\repos\copilot-worktrees\runtime-fork\kkokosa-ideal-sniffle\src\libraries\sfx-src.proj (in 4 ms).
  Restored C:\Users\konradkokosa\.copilot\repos\copilot-worktrees\runtime-fork\kkokosa-ideal-sniffle\src\libraries\shims\Microsoft.VisualBasic\src\Microsoft.VisualBasic.csproj (in 24 ms).
  Restored C:\Users\konradkokosa\.copilot\repos\copilot-worktrees\runtime-fork\kkokosa-ideal-sniffle\src\libraries\pretest.proj (in 2 ms).
  Restored C:\Users\konradkokosa\.copilot\repos\copilot-worktrees\runtime-fork\kkokosa-ideal-sniffle\src\libraries\oob-trim.proj (in 1 ms).
  Restored C:\Users\konradkokosa\.copilot\repos\copilot-worktrees\runtime-fork\kkokosa-ideal-sniffle\src\libraries\oob.proj (in 2 ms).
  Restored C:\Users\konradkokosa\.copilot\repos\copilot-worktrees\runtime-fork\kkokosa-ideal-sniffle\src\libraries\Microsoft.Win32.SystemEvents\ref\Microsoft.Win32.SystemEvents.csproj (in 4 ms).
  Restored C:\Users\konradkokosa\.copilot\repos\copilot-worktrees\runtime-fork\kkokosa-ideal-sniffle\src\libraries\Microsoft.Win32.Registry\src\Microsoft.Win32.Registry.csproj (in 10 ms).
  Restored C:\Users\konradkokosa\.copilot\repos\copilot-worktrees\runtime-fork\kkokosa-ideal-sniffle\src\libraries\Microsoft.Win32.SystemEvents\src\Microsoft.Win32.SystemEvents.csproj (in 30 ms).
  Restored C:\Users\konradkokosa\.copilot\repos\copilot-worktrees\runtime-fork\kkokosa-ideal-sniffle\src\libraries\Microsoft.Win32.Registry\ref\Microsoft.Win32.Registry.csproj (in 4 ms).
  Restored C:\Users\konradkokosa\.copilot\repos\copilot-worktrees\runtime-fork\kkokosa-ideal-sniffle\src\libraries\oob-src.proj (in 8 ms).
  Restored C:\Users\konradkokosa\.copilot\repos\copilot-worktrees\runtime-fork\kkokosa-ideal-sniffle\src\libraries\Microsoft.Extensions.Configuration.UserSecrets\ref\Microsoft.Extensions.Configuration.UserSecrets.csproj (in 15 ms).
  Restored C:\Users\konradkokosa\.copilot\repos\copilot-worktrees\runtime-fork\kkokosa-ideal-sniffle\src\libraries\Microsoft.Extensions.Configuration.Xml\ref\Microsoft.Extensions.Configuration.Xml.csproj (in 25 ms).
  Restored C:\Users\konradkokosa\.copilot\repos\copilot-worktrees\runtime-fork\kkokosa-ideal-sniffle\src\tools\illink\src\ILLink.RoslynAnalyzer\ILLink.RoslynAnalyzer.csproj (in 704 ms).
  Restored C:\Users\konradkokosa\.copilot\repos\copilot-worktrees\runtime-fork\kkokosa-ideal-sniffle\src\libraries\Microsoft.Extensions.Configuration.UserSecrets\src\Microsoft.Extensions.Configuration.UserSecrets.csproj (in 84 ms).
  Restored C:\Users\konradkokosa\.copilot\repos\copilot-worktrees\runtime-fork\kkokosa-ideal-sniffle\src\tools\illink\src\ILLink.CodeFix\ILLink.CodeFixProvider.csproj (in 772 ms).
  Restored C:\Users\konradkokosa\.copilot\repos\copilot-worktrees\runtime-fork\kkokosa-ideal-sniffle\src\libraries\Microsoft.Extensions.Configuration.Ini\src\Microsoft.Extensions.Configuration.Ini.csproj (in 25 ms).
  Restored C:\Users\konradkokosa\.copilot\repos\copilot-worktrees\runtime-fork\kkokosa-ideal-sniffle\src\libraries\Microsoft.Extensions.Configuration.FileExtensions\src\Microsoft.Extensions.Configuration.FileExtensions.csproj (in 20 ms).
  Restored C:\Users\konradkokosa\.copilot\repos\copilot-worktrees\runtime-fork\kkokosa-ideal-sniffle\src\libraries\Microsoft.Extensions.Configuration.EnvironmentVariables\src\Microsoft.Extensions.Configuration.EnvironmentVariables.csproj (in 16 ms).
  Restored C:\Users\konradkokosa\.copilot\repos\copilot-worktrees\runtime-fork\kkokosa-ideal-sniffle\src\libraries\Microsoft.Extensions.Configuration.Xml\src\Microsoft.Extensions.Configuration.Xml.csproj (in 170 ms).
  Restored C:\Users\konradkokosa\.copilot\repos\copilot-worktrees\runtime-fork\kkokosa-ideal-sniffle\src\libraries\Microsoft.Extensions.Configuration.FileExtensions\ref\Microsoft.Extensions.Configuration.FileExtensions.csproj (in 12 ms).
  Restored C:\Users\konradkokosa\.copilot\repos\copilot-worktrees\runtime-fork\kkokosa-ideal-sniffle\src\libraries\Microsoft.Extensions.Configuration.Json\src\Microsoft.Extensions.Configuration.Json.csproj (in 88 ms).
  Restored C:\Users\konradkokosa\.copilot\repos\copilot-worktrees\runtime-fork\kkokosa-ideal-sniffle\src\libraries\Microsoft.Extensions.Configuration.Ini\ref\Microsoft.Extensions.Configuration.Ini.csproj (in 12 ms).
  Restored C:\Users\konradkokosa\.copilot\repos\copilot-worktrees\runtime-fork\kkokosa-ideal-sniffle\src\libraries\Microsoft.Extensions.Configuration.EnvironmentVariables\ref\Microsoft.Extensions.Configuration.EnvironmentVariables.csproj (in 30 ms).
  Restored C:\Users\konradkokosa\.copilot\repos\copilot-worktrees\runtime-fork\kkokosa-ideal-sniffle\src\libraries\Microsoft.Extensions.Configuration.CommandLine\ref\Microsoft.Extensions.Configuration.CommandLine.csproj (in 8 ms).
  Restored C:\Users\konradkokosa\.copilot\repos\copilot-worktrees\runtime-fork\kkokosa-ideal-sniffle\src\libraries\Microsoft.Extensions.Configuration.Json\ref\Microsoft.Extensions.Configuration.Json.csproj (in 50 ms).
  Restored C:\Users\konradkokosa\.copilot\repos\copilot-worktrees\runtime-fork\kkokosa-ideal-sniffle\src\installer\tests\hostpretest.proj (in 6 ms).
  Restored C:\Users\konradkokosa\.copilot\repos\copilot-worktrees\runtime-fork\kkokosa-ideal-sniffle\src\libraries\Microsoft.Extensions.Configuration.CommandLine\src\Microsoft.Extensions.Configuration.CommandLine.csproj (in 14 ms).
  Restored C:\Users\konradkokosa\.copilot\repos\copilot-worktrees\runtime-fork\kkokosa-ideal-sniffle\src\installer\tests\Assets\Projects\StartupHook\StartupHook.csproj (in 2 ms).
  Restored C:\Users\konradkokosa\.copilot\repos\copilot-worktrees\runtime-fork\kkokosa-ideal-sniffle\src\installer\tests\Assets\Projects\SingleFileApiTests\SingleFileApiTests.csproj (in 2 ms).
  Restored C:\Users\konradkokosa\.copilot\repos\copilot-worktrees\runtime-fork\kkokosa-ideal-sniffle\src\installer\tests\Assets\Projects\WindowsSpecific\WindowsSpecific.csproj (in 2 ms).
  Restored C:\Users\konradkokosa\.copilot\repos\copilot-worktrees\runtime-fork\kkokosa-ideal-sniffle\src\installer\tests\Assets\Projects\StartupHookWithAssemblyResolver\StartupHookWithAssemblyResolver.csproj (in 3 ms).
  Restored C:\Users\konradkokosa\.copilot\repos\copilot-worktrees\runtime-fork\kkokosa-ideal-sniffle\src\libraries\apicompat\ApiCompat.proj (in 35 ms).
  Restored C:\Users\konradkokosa\.copilot\repos\copilot-worktrees\runtime-fork\kkokosa-ideal-sniffle\src\installer\tests\Assets\Projects\ManagedHost\RegFreeCom.csproj (in 2 ms).
  Restored C:\Users\konradkokosa\.copilot\repos\copilot-worktrees\runtime-fork\kkokosa-ideal-sniffle\src\libraries\Microsoft.Extensions.Configuration.Binder\ref\Microsoft.Extensions.Configuration.Binder.csproj (in 29 ms).
  Restored C:\Users\konradkokosa\.copilot\repos\copilot-worktrees\runtime-fork\kkokosa-ideal-sniffle\src\installer\tests\Assets\Projects\ServicedLibrary\ServicedLibrary.csproj (in 2 ms).
  Restored C:\Users\konradkokosa\.copilot\repos\copilot-worktrees\runtime-fork\kkokosa-ideal-sniffle\src\installer\tests\Assets\Projects\ManagedHost\ManagedHost.csproj (in 2 ms).
  Restored C:\Users\konradkokosa\.copilot\repos\copilot-worktrees\runtime-fork\kkokosa-ideal-sniffle\src\libraries\Microsoft.Extensions.Logging.Abstractions\gen\Microsoft.Extensions.Logging.Generators.Roslyn3.11.csproj (in 1.1 sec).
  Restored C:\Users\konradkokosa\.copilot\repos\copilot-worktrees\runtime-fork\kkokosa-ideal-sniffle\src\libraries\Microsoft.Extensions.Configuration.Binder\src\Microsoft.Extensions.Configuration.Binder.csproj (in 33 ms).
  Restored C:\Users\konradkokosa\.copilot\repos\copilot-worktrees\runtime-fork\kkokosa-ideal-sniffle\src\installer\tests\Assets\Projects\HostApiInvokerApp\HostApiInvokerApp.csproj (in 2 ms).
  Restored C:\Users\konradkokosa\.copilot\repos\copilot-worktrees\runtime-fork\kkokosa-ideal-sniffle\src\installer\tests\Assets\Projects\SharedLibrary\SharedLibrary.csproj (in 2 ms).
  Restored C:\Users\konradkokosa\.copilot\repos\copilot-worktrees\runtime-fork\kkokosa-ideal-sniffle\src\installer\tests\Assets\Projects\LocalizedApp\LocalizedApp.csproj (in 2 ms).
  Restored C:\Users\konradkokosa\.copilot\repos\copilot-worktrees\runtime-fork\kkokosa-ideal-sniffle\src\installer\tests\Assets\Projects\HelloWorld\SelfContained.csproj (in 10 ms).
  Restored C:\Users\konradkokosa\.copilot\repos\copilot-worktrees\runtime-fork\kkokosa-ideal-sniffle\src\libraries\Microsoft.Extensions.Logging.Abstractions\gen\Microsoft.Extensions.Logging.Generators.Roslyn4.4.csproj (in 1.21 sec).
  Restored C:\Users\konradkokosa\.copilot\repos\copilot-worktrees\runtime-fork\kkokosa-ideal-sniffle\src\libraries\Microsoft.Extensions.Logging.Abstractions\gen\Microsoft.Extensions.Logging.Generators.Roslyn4.0.csproj (in 1.15 sec).
  Restored C:\Users\konradkokosa\.copilot\repos\copilot-worktrees\runtime-fork\kkokosa-ideal-sniffle\src\installer\tests\Assets\Projects\HelloWorld\HelloWorld_??.csproj (in 2 ms).
  Restored C:\Users\konradkokosa\.copilot\repos\copilot-worktrees\runtime-fork\kkokosa-ideal-sniffle\src\installer\tests\Assets\Projects\ComLibrary\ComLibrary.csproj (in 4 ms).
  Restored C:\Users\konradkokosa\.copilot\repos\copilot-worktrees\runtime-fork\kkokosa-ideal-sniffle\src\installer\tests\Assets\Projects\HammerServicing\HammerServicing.csproj (in 2 ms).
  Restored C:\Users\konradkokosa\.copilot\repos\copilot-worktrees\runtime-fork\kkokosa-ideal-sniffle\src\tools\hotreload-delta-gen\Microsoft.DotNet.HotReload.Utils.Generator.Frontend\Microsoft.DotNet.HotReload.Utils.Generator.Frontend.csproj (in 1.72 sec).
  Restored C:\Users\konradkokosa\.copilot\repos\copilot-worktrees\runtime-fork\kkokosa-ideal-sniffle\src\installer\tests\Assets\Projects\ComLibraryMissingGuid\ComLibraryMissingGuid.csproj (in 2 ms).
  Restored C:\Users\konradkokosa\.copilot\repos\copilot-worktrees\runtime-fork\kkokosa-ideal-sniffle\src\installer\tests\Assets\Projects\Component\Component.csproj (in 5 ms).
  Restored C:\Users\konradkokosa\.copilot\repos\copilot-worktrees\runtime-fork\kkokosa-ideal-sniffle\src\tools\hotreload-delta-gen\Microsoft.DotNet.HotReload.Utils.Generator.BuildTool\Microsoft.DotNet.HotReload.Utils.Generator.BuildTool.csproj (in 1.71 sec).
  Restored C:\Users\konradkokosa\.copilot\repos\copilot-worktrees\runtime-fork\kkokosa-ideal-sniffle\src\installer\tests\Assets\Projects\HelloWorld\HelloWorld.csproj (in 2 ms).
  Restored C:\Users\konradkokosa\.copilot\repos\copilot-worktrees\runtime-fork\kkokosa-ideal-sniffle\src\installer\tests\Assets\Projects\AppWithUnknownLanguageResource\AppWithUnknownLanguageResource.csproj (in 8 ms).
  Restored C:\Users\konradkokosa\.copilot\repos\copilot-worktrees\runtime-fork\kkokosa-ideal-sniffle\src\installer\tests\Assets\Projects\AppWithSubDirs\AppWithSubDirs.csproj (in 5 ms).
  Restored C:\Users\konradkokosa\.copilot\repos\copilot-worktrees\runtime-fork\kkokosa-ideal-sniffle\src\installer\tests\Assets\Projects\ComLibraryConflictingGuid\ComLibraryConflictingGuid.csproj (in 7 ms).
  Restored C:\Users\konradkokosa\.copilot\repos\copilot-worktrees\runtime-fork\kkokosa-ideal-sniffle\src\installer\tests\Assets\Projects\AppWithCustomEntryPoints\AppWithCustomEntryPoints.csproj (in 2 ms).
  Restored C:\Users\konradkokosa\.copilot\repos\copilot-worktrees\runtime-fork\kkokosa-ideal-sniffle\src\installer\tests\TestUtils\TestUtils.csproj (in 908 ms).
  Restored C:\Users\konradkokosa\.copilot\repos\copilot-worktrees\runtime-fork\kkokosa-ideal-sniffle\src\installer\managed\Microsoft.NET.HostModel\Microsoft.NET.HostModel.csproj (in 5 ms).
  Restored C:\Users\konradkokosa\.copilot\repos\copilot-worktrees\runtime-fork\kkokosa-ideal-sniffle\src\tools\hotreload-delta-gen\Microsoft.DotNet.HotReload.Utils.Generator\Microsoft.DotNet.HotReload.Utils.Generator.csproj (in 1.75 sec).
  Restored C:\Users\konradkokosa\.copilot\repos\copilot-worktrees\runtime-fork\kkokosa-ideal-sniffle\src\installer\pkg\projects\Microsoft.NETCore.DotNetAppHost\Microsoft.NETCore.DotNetAppHost.pkgproj (in 21 ms).
  Restored C:\Users\konradkokosa\.copilot\repos\copilot-worktrees\runtime-fork\kkokosa-ideal-sniffle\src\coreclr\tools\SuperFileCheck\SuperFileCheck.csproj (in 4 ms).
  Restored C:\Users\konradkokosa\.copilot\repos\copilot-worktrees\runtime-fork\kkokosa-ideal-sniffle\src\installer\pkg\projects\host-packages.proj (in 39 ms).
  Restored C:\Users\konradkokosa\.copilot\repos\copilot-worktrees\runtime-fork\kkokosa-ideal-sniffle\src\coreclr\tools\ILVerification\ILVerification.csproj (in 29 ms).
  Restored C:\Users\konradkokosa\.copilot\repos\copilot-worktrees\runtime-fork\kkokosa-ideal-sniffle\src\coreclr\tools\ILVerify\ILVerify.csproj (in 3 ms).
  Restored C:\Users\konradkokosa\.copilot\repos\copilot-worktrees\runtime-fork\kkokosa-ideal-sniffle\src\libraries\System.Net.Mail\ref\System.Net.Mail.csproj (in 8 ms).
  Restored C:\Users\konradkokosa\.copilot\repos\copilot-worktrees\runtime-fork\kkokosa-ideal-sniffle\src\libraries\System.Net.Http.WinHttpHandler\ref\System.Net.Http.WinHttpHandler.csproj (in 4 ms).
  Restored C:\Users\konradkokosa\.copilot\repos\copilot-worktrees\runtime-fork\kkokosa-ideal-sniffle\src\libraries\System.Net.Http\ref\System.Net.Http.csproj (in 6 ms).
  Restored C:\Users\konradkokosa\.copilot\repos\copilot-worktrees\runtime-fork\kkokosa-ideal-sniffle\src\libraries\System.Net.HttpListener\ref\System.Net.HttpListener.csproj (in 32 ms).
  Restored C:\Users\konradkokosa\.copilot\repos\copilot-worktrees\runtime-fork\kkokosa-ideal-sniffle\src\libraries\System.Net.Http.WinHttpHandler\src\System.Net.Http.WinHttpHandler.csproj (in 42 ms).
  Restored C:\Users\konradkokosa\.copilot\repos\copilot-worktrees\runtime-fork\kkokosa-ideal-sniffle\src\libraries\System.Memory\src\System.Memory.csproj (in 3 ms).
  Restored C:\Users\konradkokosa\.copilot\repos\copilot-worktrees\runtime-fork\kkokosa-ideal-sniffle\src\libraries\System.Memory\ref\System.Memory.csproj (in 2 ms).
  Restored C:\Users\konradkokosa\.copilot\repos\copilot-worktrees\runtime-fork\kkokosa-ideal-sniffle\src\coreclr\tools\tieringtest\tieringtest.csproj (in 8 ms).
  Restored C:\Users\konradkokosa\.copilot\repos\copilot-worktrees\runtime-fork\kkokosa-ideal-sniffle\src\libraries\System.Net.HttpListener\src\System.Net.HttpListener.csproj (in 54 ms).
  Restored C:\Users\konradkokosa\.copilot\repos\copilot-worktrees\runtime-fork\kkokosa-ideal-sniffle\src\coreclr\tools\runincontext\runincontext.csproj (in 3 ms).
  Restored C:\Users\konradkokosa\.copilot\repos\copilot-worktrees\runtime-fork\kkokosa-ideal-sniffle\src\coreclr\tools\PdbChecker\PdbChecker.csproj (in 155 ms).
  Restored C:\Users\konradkokosa\.copilot\repos\copilot-worktrees\runtime-fork\kkokosa-ideal-sniffle\src\libraries\System.Net.Http.Json\ref\System.Net.Http.Json.csproj (in 12 ms).
  Restored C:\Users\konradkokosa\.copilot\repos\copilot-worktrees\runtime-fork\kkokosa-ideal-sniffle\src\libraries\System.Linq\src\System.Linq.csproj (in 5 ms).
  Restored C:\Users\konradkokosa\.copilot\repos\copilot-worktrees\runtime-fork\kkokosa-ideal-sniffle\src\libraries\System.Management\src\System.Management.csproj (in 9 ms).
  Restored C:\Users\konradkokosa\.copilot\repos\copilot-worktrees\runtime-fork\kkokosa-ideal-sniffle\src\libraries\System.Memory.Data\ref\System.Memory.Data.csproj (in 8 ms).
  Restored C:\Users\konradkokosa\.copilot\repos\copilot-worktrees\runtime-fork\kkokosa-ideal-sniffle\src\libraries\System.Linq\ref\System.Linq.csproj (in 2 ms).
  Restored C:\Users\konradkokosa\.copilot\repos\copilot-worktrees\runtime-fork\kkokosa-ideal-sniffle\src\libraries\System.Memory.Data\src\System.Memory.Data.csproj (in 22 ms).
  Restored C:\Users\konradkokosa\.copilot\repos\copilot-worktrees\runtime-fork\kkokosa-ideal-sniffle\src\libraries\System.Management\ref\System.Management.csproj (in 25 ms).
  Restored C:\Users\konradkokosa\.copilot\repos\copilot-worktrees\runtime-fork\kkokosa-ideal-sniffle\src\libraries\System.Linq.Expressions\ref\System.Linq.Expressions.csproj (in 2 ms).
  Restored C:\Users\konradkokosa\.copilot\repos\copilot-worktrees\runtime-fork\kkokosa-ideal-sniffle\src\coreclr\tools\r2rdump\R2RDump.csproj (in 281 ms).
  Restored C:\Users\konradkokosa\.copilot\repos\copilot-worktrees\runtime-fork\kkokosa-ideal-sniffle\src\libraries\System.Linq.Queryable\src\System.Linq.Queryable.csproj (in 12 ms).
  Restored C:\Users\konradkokosa\.copilot\repos\copilot-worktrees\runtime-fork\kkokosa-ideal-sniffle\src\libraries\System.Linq.Parallel\src\System.Linq.Parallel.csproj (in 26 ms).
  Restored C:\Users\konradkokosa\.copilot\repos\copilot-worktrees\runtime-fork\kkokosa-ideal-sniffle\src\libraries\System.Linq.Parallel\ref\System.Linq.Parallel.csproj (in 6 ms).
  Restored C:\Users\konradkokosa\.copilot\repos\copilot-worktrees\runtime-fork\kkokosa-ideal-sniffle\src\libraries\System.Linq.Queryable\ref\System.Linq.Queryable.csproj (in 24 ms).
  Restored C:\Users\konradkokosa\.copilot\repos\copilot-worktrees\runtime-fork\kkokosa-ideal-sniffle\src\coreclr\tools\r2rtest\R2RTest.csproj (in 329 ms).
  Restored C:\Users\konradkokosa\.copilot\repos\copilot-worktrees\runtime-fork\kkokosa-ideal-sniffle\src\libraries\System.Net.Http.Json\src\System.Net.Http.Json.csproj (in 43 ms).
  Restored C:\Users\konradkokosa\.copilot\repos\copilot-worktrees\runtime-fork\kkokosa-ideal-sniffle\src\libraries\System.Linq.Expressions\src\System.Linq.Expressions.csproj (in 31 ms).
  Restored C:\Users\konradkokosa\.copilot\repos\copilot-worktrees\runtime-fork\kkokosa-ideal-sniffle\src\libraries\System.IO.Ports\pkg\runtime.osx-x64.runtime.native.System.IO.Ports.proj (in 2 ms).
  Restored C:\Users\konradkokosa\.copilot\repos\copilot-worktrees\runtime-fork\kkokosa-ideal-sniffle\src\libraries\System.Linq.AsyncEnumerable\src\System.Linq.AsyncEnumerable.csproj (in 63 ms).
  Restored C:\Users\konradkokosa\.copilot\repos\copilot-worktrees\runtime-fork\kkokosa-ideal-sniffle\src\libraries\System.IO.Ports\ref\System.IO.Ports.csproj (in 3 ms).
  Restored C:\Users\konradkokosa\.copilot\repos\copilot-worktrees\runtime-fork\kkokosa-ideal-sniffle\src\libraries\System.Linq.AsyncEnumerable\ref\System.Linq.AsyncEnumerable.csproj (in 10 ms).
  Restored C:\Users\konradkokosa\.copilot\repos\copilot-worktrees\runtime-fork\kkokosa-ideal-sniffle\src\libraries\System.IO.Ports\pkg\runtime.osx-arm64.runtime.native.System.IO.Ports.proj (in 2 ms).
  Restored C:\Users\konradkokosa\.copilot\repos\copilot-worktrees\runtime-fork\kkokosa-ideal-sniffle\src\libraries\System.IO.Ports\pkg\runtime.maccatalyst-x64.runtime.native.System.IO.Ports.proj (in 2 ms).
  Restored C:\Users\konradkokosa\.copilot\repos\copilot-worktrees\runtime-fork\kkokosa-ideal-sniffle\src\libraries\System.IO.Ports\src\System.IO.Ports.csproj (in 34 ms).
  Restored C:\Users\konradkokosa\.copilot\repos\copilot-worktrees\runtime-fork\kkokosa-ideal-sniffle\src\libraries\System.Net.Http\src\System.Net.Http.csproj (in 245 ms).
  Restored C:\Users\konradkokosa\.copilot\repos\copilot-worktrees\runtime-fork\kkokosa-ideal-sniffle\src\libraries\System.IO.Ports\pkg\runtime.linux-musl-arm64.runtime.native.System.IO.Ports.proj (in 1 ms).
  Restored C:\Users\konradkokosa\.copilot\repos\copilot-worktrees\runtime-fork\kkokosa-ideal-sniffle\src\libraries\System.IO.Ports\pkg\runtime.linux-musl-x64.runtime.native.System.IO.Ports.proj (in 1 ms).
  Restored C:\Users\konradkokosa\.copilot\repos\copilot-worktrees\runtime-fork\kkokosa-ideal-sniffle\src\libraries\System.IO.Ports\pkg\runtime.native.System.IO.Ports.proj (in 31 ms).
  Restored C:\Users\konradkokosa\.copilot\repos\copilot-worktrees\runtime-fork\kkokosa-ideal-sniffle\src\libraries\System.IO.Ports\pkg\runtime.linux-musl-arm.runtime.native.System.IO.Ports.proj (in 5 ms).
  Restored C:\Users\konradkokosa\.copilot\repos\copilot-worktrees\runtime-fork\kkokosa-ideal-sniffle\src\libraries\System.IO.Ports\pkg\runtime.maccatalyst-arm64.runtime.native.System.IO.Ports.proj (in 18 ms).
  Restored C:\Users\konradkokosa\.copilot\repos\copilot-worktrees\runtime-fork\kkokosa-ideal-sniffle\src\libraries\System.IO.Ports\pkg\runtime.linux-bionic-arm64.runtime.native.System.IO.Ports.proj (in 6 ms).
  Restored C:\Users\konradkokosa\.copilot\repos\copilot-worktrees\runtime-fork\kkokosa-ideal-sniffle\src\native\managed\cdac\Microsoft.Diagnostics.DataContractReader.Contracts\Microsoft.Diagnostics.DataContractReader.Contracts.csproj (in 5 ms).
  Restored C:\Users\konradkokosa\.copilot\repos\copilot-worktrees\runtime-fork\kkokosa-ideal-sniffle\src\libraries\System.IO.Ports\pkg\runtime.linux-bionic-x64.runtime.native.System.IO.Ports.proj (in 18 ms).
  Restored C:\Users\konradkokosa\.copilot\repos\copilot-worktrees\runtime-fork\kkokosa-ideal-sniffle\src\native\corehost\corehost.proj (in 2 ms).
  Restored C:\Users\konradkokosa\.copilot\repos\copilot-worktrees\runtime-fork\kkokosa-ideal-sniffle\src\libraries\System.Xml.XmlSerializer\ref\System.Xml.XmlSerializer.csproj (in 6 ms).
  Restored C:\Users\konradkokosa\.copilot\repos\copilot-worktrees\runtime-fork\kkokosa-ideal-sniffle\src\libraries\System.IO.Ports\pkg\runtime.linux-x64.runtime.native.System.IO.Ports.proj (in 1 ms).
  Restored C:\Users\konradkokosa\.copilot\repos\copilot-worktrees\runtime-fork\kkokosa-ideal-sniffle\src\native\libs\build-native.proj (in 13 ms).
  Restored C:\Users\konradkokosa\.copilot\repos\copilot-worktrees\runtime-fork\kkokosa-ideal-sniffle\src\libraries\System.Xml.XPath.XDocument\ref\System.Xml.XPath.XDocument.csproj (in 13 ms).
  Restored C:\Users\konradkokosa\.copilot\repos\copilot-worktrees\runtime-fork\kkokosa-ideal-sniffle\src\libraries\System.Xml.ReaderWriter\ref\System.Xml.ReaderWriter.csproj (in 3 ms).
  Restored C:\Users\konradkokosa\.copilot\repos\copilot-worktrees\runtime-fork\kkokosa-ideal-sniffle\src\libraries\System.Xml.XPath.XDocument\src\System.Xml.XPath.XDocument.csproj (in 35 ms).
  Restored C:\Users\konradkokosa\.copilot\repos\copilot-worktrees\runtime-fork\kkokosa-ideal-sniffle\src\libraries\System.Xml.XPath\src\System.Xml.XPath.csproj (in 33 ms).
  Restored C:\Users\konradkokosa\.copilot\repos\copilot-worktrees\runtime-fork\kkokosa-ideal-sniffle\src\native\managed\cdac\Microsoft.Diagnostics.DataContractReader.Abstractions\Microsoft.Diagnostics.DataContractReader.Abstractions.csproj (in 2 ms).
  Restored C:\Users\konradkokosa\.copilot\repos\copilot-worktrees\runtime-fork\kkokosa-ideal-sniffle\src\libraries\System.Threading.Thread\src\System.Threading.Thread.csproj (in 2 ms).
  Restored C:\Users\konradkokosa\.copilot\repos\copilot-worktrees\runtime-fork\kkokosa-ideal-sniffle\src\libraries\System.Xml.XPath\ref\System.Xml.XPath.csproj (in 5 ms).
  Restored C:\Users\konradkokosa\.copilot\repos\copilot-worktrees\runtime-fork\kkokosa-ideal-sniffle\src\libraries\System.Xml.XDocument\ref\System.Xml.XDocument.csproj (in 4 ms).
  Restored C:\Users\konradkokosa\.copilot\repos\copilot-worktrees\runtime-fork\kkokosa-ideal-sniffle\src\libraries\System.Threading.WebAssembly.Threading\ref\System.Threading.WebAssembly.Threading.csproj (in 2 ms).
  Restored C:\Users\konradkokosa\.copilot\repos\copilot-worktrees\runtime-fork\kkokosa-ideal-sniffle\src\libraries\System.Threading.Thread\ref\System.Threading.Thread.csproj (in 3 ms).
  Restored C:\Users\konradkokosa\.copilot\repos\copilot-worktrees\runtime-fork\kkokosa-ideal-sniffle\src\libraries\System.Windows.Extensions\src\System.Windows.Extensions.csproj (in 23 ms).
  Restored C:\Users\konradkokosa\.copilot\repos\copilot-worktrees\runtime-fork\kkokosa-ideal-sniffle\src\libraries\System.Xml.XDocument\src\System.Xml.XDocument.csproj (in 34 ms).
  Restored C:\Users\konradkokosa\.copilot\repos\copilot-worktrees\runtime-fork\kkokosa-ideal-sniffle\src\libraries\System.Threading.ThreadPool\src\System.Threading.ThreadPool.csproj (in 3 ms).
  Restored C:\Users\konradkokosa\.copilot\repos\copilot-worktrees\runtime-fork\kkokosa-ideal-sniffle\src\libraries\System.Threading.ThreadPool\ref\System.Threading.ThreadPool.csproj (in 8 ms).
  Restored C:\Users\konradkokosa\.copilot\repos\copilot-worktrees\runtime-fork\kkokosa-ideal-sniffle\src\libraries\System.Threading.ThreadPool.WebAssembly.Threading\ref\System.Threading.ThreadPool.WebAssembly.Threading.csproj (in 2 ms).
  Restored C:\Users\konradkokosa\.copilot\repos\copilot-worktrees\runtime-fork\kkokosa-ideal-sniffle\src\libraries\System.Threading.Thread.WebAssembly.Threading\ref\System.Threading.Thread.WebAssembly.Threading.csproj (in 4 ms).
  Restored C:\Users\konradkokosa\.copilot\repos\copilot-worktrees\runtime-fork\kkokosa-ideal-sniffle\src\libraries\System.Threading.Tasks.Dataflow\ref\System.Threading.Tasks.Dataflow.csproj (in 5 ms).
  Restored C:\Users\konradkokosa\.copilot\repos\copilot-worktrees\runtime-fork\kkokosa-ideal-sniffle\src\libraries\System.Threading.RateLimiting\src\System.Threading.RateLimiting.csproj (in 13 ms).
  Restored C:\Users\konradkokosa\.copilot\repos\copilot-worktrees\runtime-fork\kkokosa-ideal-sniffle\src\libraries\System.Threading.RateLimiting\ref\System.Threading.RateLimiting.csproj (in 8 ms).
  Restored C:\Users\konradkokosa\.copilot\repos\copilot-worktrees\runtime-fork\kkokosa-ideal-sniffle\src\libraries\System.Threading.Tasks.Parallel\src\System.Threading.Tasks.Parallel.csproj (in 5 ms).
  Restored C:\Users\konradkokosa\.copilot\repos\copilot-worktrees\runtime-fork\kkokosa-ideal-sniffle\src\libraries\System.Threading.Overlapped\src\System.Threading.Overlapped.csproj (in 7 ms).
  Restored C:\Users\konradkokosa\.copilot\repos\copilot-worktrees\runtime-fork\kkokosa-ideal-sniffle\src\libraries\System.Threading.Tasks.Parallel\ref\System.Threading.Tasks.Parallel.csproj (in 5 ms).
  Restored C:\Users\konradkokosa\.copilot\repos\copilot-worktrees\runtime-fork\kkokosa-ideal-sniffle\src\libraries\System.Threading.Channels\ref\System.Threading.Channels.csproj (in 6 ms).
  Restored C:\Users\konradkokosa\.copilot\repos\copilot-worktrees\runtime-fork\kkokosa-ideal-sniffle\src\native\managed\cdac\gen\Microsoft.Diagnostics.DataContractReader.DataGenerator.csproj (in 290 ms).
  Restored C:\Users\konradkokosa\.copilot\repos\copilot-worktrees\runtime-fork\kkokosa-ideal-sniffle\src\libraries\System.Xml.XmlSerializer\src\System.Xml.XmlSerializer.csproj (in 165 ms).
  Restored C:\Users\konradkokosa\.copilot\repos\copilot-worktrees\runtime-fork\kkokosa-ideal-sniffle\src\libraries\System.Xml.ReaderWriter\src\System.Xml.ReaderWriter.csproj (in 26 ms).
  Restored C:\Users\konradkokosa\.copilot\repos\copilot-worktrees\runtime-fork\kkokosa-ideal-sniffle\src\libraries\System.Threading.Overlapped\ref\System.Threading.Overlapped.csproj (in 5 ms).
  Restored C:\Users\konradkokosa\.copilot\repos\copilot-worktrees\runtime-fork\kkokosa-ideal-sniffle\src\libraries\System.Threading.Tasks.Dataflow\src\System.Threading.Tasks.Dataflow.csproj (in 45 ms).
  Restored C:\Users\konradkokosa\.copilot\repos\copilot-worktrees\runtime-fork\kkokosa-ideal-sniffle\src\libraries\System.Threading.AccessControl\src\System.Threading.AccessControl.csproj (in 37 ms).
  Restored C:\Users\konradkokosa\.copilot\repos\copilot-worktrees\runtime-fork\kkokosa-ideal-sniffle\src\libraries\System.Text.RegularExpressions\ref\System.Text.RegularExpressions.csproj (in 3 ms).
  Restored C:\Users\konradkokosa\.copilot\repos\copilot-worktrees\runtime-fork\kkokosa-ideal-sniffle\src\libraries\System.Text.Json\gen\System.Text.Json.SourceGeneration.Roslyn4.4.csproj (in 14 ms).
  Restored C:\Users\konradkokosa\.copilot\repos\copilot-worktrees\runtime-fork\kkokosa-ideal-sniffle\src\libraries\System.Threading.AccessControl\ref\System.Threading.AccessControl.csproj (in 6 ms).
  Restored C:\Users\konradkokosa\.copilot\repos\copilot-worktrees\runtime-fork\kkokosa-ideal-sniffle\src\libraries\System.Threading.Channels\src\System.Threading.Channels.csproj (in 15 ms).
  Restored C:\Users\konradkokosa\.copilot\repos\copilot-worktrees\runtime-fork\kkokosa-ideal-sniffle\src\libraries\System.Text.Json\gen\System.Text.Json.SourceGeneration.Roslyn4.0.csproj (in 5 ms).
  Restored C:\Users\konradkokosa\.copilot\repos\copilot-worktrees\runtime-fork\kkokosa-ideal-sniffle\src\libraries\System.Text.Json\ref\System.Text.Json.csproj (in 7 ms).
  Restored C:\Users\konradkokosa\.copilot\repos\copilot-worktrees\runtime-fork\kkokosa-ideal-sniffle\src\libraries\System.Text.Json\gen\System.Text.Json.SourceGeneration.Roslyn3.11.csproj (in 11 ms).
  Restored C:\Users\konradkokosa\.copilot\repos\copilot-worktrees\runtime-fork\kkokosa-ideal-sniffle\src\libraries\System.Text.RegularExpressions\src\System.Text.RegularExpressions.csproj (in 17 ms).
  Restored C:\Users\konradkokosa\.copilot\repos\copilot-worktrees\runtime-fork\kkokosa-ideal-sniffle\src\libraries\System.Text.Encoding.Extensions\ref\System.Text.Encoding.Extensions.csproj (in 10 ms).
  Restored C:\Users\konradkokosa\.copilot\repos\copilot-worktrees\runtime-fork\kkokosa-ideal-sniffle\src\libraries\System.Text.Encoding.CodePages\ref\System.Text.Encoding.CodePages.csproj (in 8 ms).
  Restored C:\Users\konradkokosa\.copilot\repos\copilot-worktrees\runtime-fork\kkokosa-ideal-sniffle\src\libraries\System.Text.Encoding.Extensions\src\System.Text.Encoding.Extensions.csproj (in 6 ms).
  Restored C:\Users\konradkokosa\.copilot\repos\copilot-worktrees\runtime-fork\kkokosa-ideal-sniffle\src\libraries\System.Text.Json\src\System.Text.Json.csproj (in 29 ms).
  Restored C:\Users\konradkokosa\.copilot\repos\copilot-worktrees\runtime-fork\kkokosa-ideal-sniffle\src\libraries\System.Text.Encodings.Web\src\System.Text.Encodings.Web.csproj (in 21 ms).
  Restored C:\Users\konradkokosa\.copilot\repos\copilot-worktrees\runtime-fork\kkokosa-ideal-sniffle\src\libraries\System.ServiceModel.Syndication\src\System.ServiceModel.Syndication.csproj (in 7 ms).
  Restored C:\Users\konradkokosa\.copilot\repos\copilot-worktrees\runtime-fork\kkokosa-ideal-sniffle\src\installer\tests\HostActivation.Tests\HostActivation.Tests.csproj (in 1.89 sec).
  Restored C:\Users\konradkokosa\.copilot\repos\copilot-worktrees\runtime-fork\kkokosa-ideal-sniffle\src\libraries\System.Text.RegularExpressions\gen\System.Text.RegularExpressions.Generator.csproj (in 46 ms).
  Restored C:\Users\konradkokosa\.copilot\repos\copilot-worktrees\runtime-fork\kkokosa-ideal-sniffle\src\libraries\System.Text.Encodings.Web\ref\System.Text.Encodings.Web.csproj (in 8 ms).
  Restored C:\Users\konradkokosa\.copilot\repos\copilot-worktrees\runtime-fork\kkokosa-ideal-sniffle\src\libraries\System.Speech\ref\System.Speech.csproj (in 5 ms).
  Restored C:\Users\konradkokosa\.copilot\repos\copilot-worktrees\runtime-fork\kkokosa-ideal-sniffle\src\libraries\System.ServiceProcess.ServiceController\ref\System.ServiceProcess.ServiceController.csproj (in 13 ms).
  Restored C:\Users\konradkokosa\.copilot\repos\copilot-worktrees\runtime-fork\kkokosa-ideal-sniffle\src\libraries\System.Speech\src\System.Speech.csproj (in 11 ms).
  Restored C:\Users\konradkokosa\.copilot\repos\copilot-worktrees\runtime-fork\kkokosa-ideal-sniffle\src\libraries\System.Composition.Convention\src\System.Composition.Convention.csproj (in 24 ms).
  Restored C:\Users\konradkokosa\.copilot\repos\copilot-worktrees\runtime-fork\kkokosa-ideal-sniffle\src\libraries\System.Composition.AttributedModel\src\System.Composition.AttributedModel.csproj (in 16 ms).
  Restored C:\Users\konradkokosa\.copilot\repos\copilot-worktrees\runtime-fork\kkokosa-ideal-sniffle\src\installer\tests\Microsoft.NET.HostModel.Tests\Microsoft.NET.HostModel.Tests.csproj (in 1.9 sec).
  Restored C:\Users\konradkokosa\.copilot\repos\copilot-worktrees\runtime-fork\kkokosa-ideal-sniffle\src\libraries\System.ComponentModel\src\System.ComponentModel.csproj (in 3 ms).
  Restored C:\Users\konradkokosa\.copilot\repos\copilot-worktrees\runtime-fork\kkokosa-ideal-sniffle\src\installer\tests\AppHost.Bundle.Tests\AppHost.Bundle.Tests.csproj (in 1 sec).
  Restored C:\Users\konradkokosa\.copilot\repos\copilot-worktrees\runtime-fork\kkokosa-ideal-sniffle\src\libraries\System.ServiceProcess.ServiceController\src\System.ServiceProcess.ServiceController.csproj (in 12 ms).
  Restored C:\Users\konradkokosa\.copilot\repos\copilot-worktrees\runtime-fork\kkokosa-ideal-sniffle\src\libraries\System.ComponentModel.TypeConverter\ref\System.ComponentModel.TypeConverter.csproj (in 4 ms).
  Restored C:\Users\konradkokosa\.copilot\repos\copilot-worktrees\runtime-fork\kkokosa-ideal-sniffle\src\libraries\System.ComponentModel.Primitives\ref\System.ComponentModel.Primitives.csproj (in 16 ms).
  Restored C:\Users\konradkokosa\.copilot\repos\copilot-worktrees\runtime-fork\kkokosa-ideal-sniffle\src\libraries\System.ComponentModel.EventBasedAsync\src\System.ComponentModel.EventBasedAsync.csproj (in 4 ms).
  Restored C:\Users\konradkokosa\.copilot\repos\copilot-worktrees\runtime-fork\kkokosa-ideal-sniffle\src\libraries\System.ComponentModel.Composition.Registration\ref\System.ComponentModel.Composition.Registration.csproj (in 6 ms).
  Restored C:\Users\konradkokosa\.copilot\repos\copilot-worktrees\runtime-fork\kkokosa-ideal-sniffle\src\libraries\System.ComponentModel.Composition.Registration\src\System.ComponentModel.Composition.Registration.csproj (in 27 ms).
  Restored C:\Users\konradkokosa\.copilot\repos\copilot-worktrees\runtime-fork\kkokosa-ideal-sniffle\src\libraries\System.ComponentModel\ref\System.ComponentModel.csproj (in 2 ms).
  Restored C:\Users\konradkokosa\.copilot\repos\copilot-worktrees\runtime-fork\kkokosa-ideal-sniffle\src\libraries\System.ComponentModel.Primitives\src\System.ComponentModel.Primitives.csproj (in 35 ms).
  Restored C:\Users\konradkokosa\.copilot\repos\copilot-worktrees\runtime-fork\kkokosa-ideal-sniffle\src\libraries\System.ComponentModel.Composition\src\System.ComponentModel.Composition.csproj (in 5 ms).
  Restored C:\Users\konradkokosa\.copilot\repos\copilot-worktrees\runtime-fork\kkokosa-ideal-sniffle\src\libraries\System.Text.Encoding.CodePages\src\System.Text.Encoding.CodePages.csproj (in 14 ms).
  Restored C:\Users\konradkokosa\.copilot\repos\copilot-worktrees\runtime-fork\kkokosa-ideal-sniffle\src\libraries\System.Collections.NonGeneric\ref\System.Collections.NonGeneric.csproj (in 4 ms).
  Restored C:\Users\konradkokosa\.copilot\repos\copilot-worktrees\runtime-fork\kkokosa-ideal-sniffle\src\libraries\System.Collections\src\System.Collections.csproj (in 3 ms).
  Restored C:\Users\konradkokosa\.copilot\repos\copilot-worktrees\runtime-fork\kkokosa-ideal-sniffle\src\libraries\System.ComponentModel.Composition\ref\System.ComponentModel.Composition.csproj (in 9 ms).
  Restored C:\Users\konradkokosa\.copilot\repos\copilot-worktrees\runtime-fork\kkokosa-ideal-sniffle\src\libraries\System.Collections.Specialized\src\System.Collections.Specialized.csproj (in 14 ms).
  Restored C:\Users\konradkokosa\.copilot\repos\copilot-worktrees\runtime-fork\kkokosa-ideal-sniffle\src\libraries\System.ComponentModel.TypeConverter\src\System.ComponentModel.TypeConverter.csproj (in 62 ms).
  Restored C:\Users\konradkokosa\.copilot\repos\copilot-worktrees\runtime-fork\kkokosa-ideal-sniffle\src\libraries\System.Collections.Concurrent\ref\System.Collections.Concurrent.csproj (in 2 ms).
  Restored C:\Users\konradkokosa\.copilot\repos\copilot-worktrees\runtime-fork\kkokosa-ideal-sniffle\src\libraries\System.Collections.NonGeneric\src\System.Collections.NonGeneric.csproj (in 25 ms).
  Restored C:\Users\konradkokosa\.copilot\repos\copilot-worktrees\runtime-fork\kkokosa-ideal-sniffle\src\libraries\System.Collections.Immutable\src\System.Collections.Immutable.csproj (in 27 ms).
  Restored C:\Users\konradkokosa\.copilot\repos\copilot-worktrees\runtime-fork\kkokosa-ideal-sniffle\src\libraries\System.ComponentModel.Annotations\ref\System.ComponentModel.Annotations.csproj (in 15 ms).
  Restored C:\Users\konradkokosa\.copilot\repos\copilot-worktrees\runtime-fork\kkokosa-ideal-sniffle\src\libraries\shims\WindowsBase\src\WindowsBase.csproj (in 6 ms).
  Restored C:\Users\konradkokosa\.copilot\repos\copilot-worktrees\runtime-fork\kkokosa-ideal-sniffle\src\libraries\System.Collections.Immutable\ref\System.Collections.Immutable.csproj (in 20 ms).
  Restored C:\Users\konradkokosa\.copilot\repos\copilot-worktrees\runtime-fork\kkokosa-ideal-sniffle\src\libraries\System.CodeDom\ref\System.CodeDom.csproj (in 4 ms).
  Restored C:\Users\konradkokosa\.copilot\repos\copilot-worktrees\runtime-fork\kkokosa-ideal-sniffle\src\libraries\System.Collections\ref\System.Collections.csproj (in 3 ms).
  Restored C:\Users\konradkokosa\.copilot\repos\copilot-worktrees\runtime-fork\kkokosa-ideal-sniffle\src\libraries\Microsoft.Win32.Primitives\src\Microsoft.Win32.Primitives.csproj (in 2 ms).
  Restored C:\Users\konradkokosa\.copilot\repos\copilot-worktrees\runtime-fork\kkokosa-ideal-sniffle\src\libraries\Microsoft.Win32.Registry.AccessControl\ref\Microsoft.Win32.Registry.AccessControl.csproj (in 23 ms).
  Restored C:\Users\konradkokosa\.copilot\repos\copilot-worktrees\runtime-fork\kkokosa-ideal-sniffle\src\libraries\Microsoft.Win32.Primitives\ref\Microsoft.Win32.Primitives.csproj (in 2 ms).
  Restored C:\Users\konradkokosa\.copilot\repos\copilot-worktrees\runtime-fork\kkokosa-ideal-sniffle\src\libraries\Microsoft.VisualBasic.Core\ref\Microsoft.VisualBasic.Core.csproj (in 3 ms).
  Restored C:\Users\konradkokosa\.copilot\repos\copilot-worktrees\runtime-fork\kkokosa-ideal-sniffle\src\libraries\Microsoft.Extensions.Primitives\src\Microsoft.Extensions.Primitives.csproj (in 8 ms).
  Restored C:\Users\konradkokosa\.copilot\repos\copilot-worktrees\runtime-fork\kkokosa-ideal-sniffle\src\libraries\Microsoft.Extensions.Primitives\ref\Microsoft.Extensions.Primitives.csproj (in 24 ms).
  Restored C:\Users\konradkokosa\.copilot\repos\copilot-worktrees\runtime-fork\kkokosa-ideal-sniffle\src\libraries\System.CodeDom\src\System.CodeDom.csproj (in 108 ms).
  Restored C:\Users\konradkokosa\.copilot\repos\copilot-worktrees\runtime-fork\kkokosa-ideal-sniffle\src\libraries\System.ComponentModel.EventBasedAsync\ref\System.ComponentModel.EventBasedAsync.csproj (in 9 ms).
  Restored C:\Users\konradkokosa\.copilot\repos\copilot-worktrees\runtime-fork\kkokosa-ideal-sniffle\src\libraries\System.Collections.Concurrent\src\System.Collections.Concurrent.csproj (in 4 ms).
  Restored C:\Users\konradkokosa\.copilot\repos\copilot-worktrees\runtime-fork\kkokosa-ideal-sniffle\src\libraries\Microsoft.Extensions.Options\ref\Microsoft.Extensions.Options.csproj (in 14 ms).
  Restored C:\Users\konradkokosa\.copilot\repos\copilot-worktrees\runtime-fork\kkokosa-ideal-sniffle\src\libraries\Microsoft.Win32.Registry.AccessControl\src\Microsoft.Win32.Registry.AccessControl.csproj (in 43 ms).
  Restored C:\Users\konradkokosa\.copilot\repos\copilot-worktrees\runtime-fork\kkokosa-ideal-sniffle\src\libraries\shims\System\ref\System.csproj (in 22 ms).
  Restored C:\Users\konradkokosa\.copilot\repos\copilot-worktrees\runtime-fork\kkokosa-ideal-sniffle\src\libraries\Microsoft.Extensions.Options\gen\Microsoft.Extensions.Options.SourceGeneration.csproj (in 30 ms).
  Restored C:\Users\konradkokosa\.copilot\repos\copilot-worktrees\runtime-fork\kkokosa-ideal-sniffle\src\libraries\Microsoft.NETCore.Platforms\src\Microsoft.NETCore.Platforms.csproj (in 5 ms).
  Restored C:\Users\konradkokosa\.copilot\repos\copilot-worktrees\runtime-fork\kkokosa-ideal-sniffle\src\libraries\Microsoft.NET.WebAssembly.Threading\src\Microsoft.NET.WebAssembly.Threading.proj (in 5 ms).
  Restored C:\Users\konradkokosa\.copilot\repos\copilot-worktrees\runtime-fork\kkokosa-ideal-sniffle\src\libraries\Microsoft.Extensions.Options.DataAnnotations\ref\Microsoft.Extensions.Options.DataAnnotations.csproj (in 22 ms).
  Restored C:\Users\konradkokosa\.copilot\repos\copilot-worktrees\runtime-fork\kkokosa-ideal-sniffle\src\libraries\System.ComponentModel.Annotations\src\System.ComponentModel.Annotations.csproj (in 28 ms).
  Restored C:\Users\konradkokosa\.copilot\repos\copilot-worktrees\runtime-fork\kkokosa-ideal-sniffle\src\libraries\Microsoft.Extensions.Configuration.Abstractions\ref\Microsoft.Extensions.Configuration.Abstractions.csproj (in 9 ms).
  Restored C:\Users\konradkokosa\.copilot\repos\copilot-worktrees\runtime-fork\kkokosa-ideal-sniffle\src\libraries\Microsoft.CSharp\ref\Microsoft.CSharp.csproj (in 4 ms).
  Restored C:\Users\konradkokosa\.copilot\repos\copilot-worktrees\runtime-fork\kkokosa-ideal-sniffle\src\libraries\Microsoft.Extensions.Caching.Abstractions\src\Microsoft.Extensions.Caching.Abstractions.csproj (in 11 ms).
  Restored C:\Users\konradkokosa\.copilot\repos\copilot-worktrees\runtime-fork\kkokosa-ideal-sniffle\src\libraries\Microsoft.Extensions.Configuration.Abstractions\src\Microsoft.Extensions.Configuration.Abstractions.csproj (in 12 ms).
  Restored C:\Users\konradkokosa\.copilot\repos\copilot-worktrees\runtime-fork\kkokosa-ideal-sniffle\src\libraries\Microsoft.VisualBasic.Core\src\Microsoft.VisualBasic.Core.vbproj (in 56 ms).
  Restored C:\Users\konradkokosa\.copilot\repos\copilot-worktrees\runtime-fork\kkokosa-ideal-sniffle\src\libraries\Microsoft.Extensions.Caching.Abstractions\ref\Microsoft.Extensions.Caching.Abstractions.csproj (in 5 ms).
  Restored C:\Users\konradkokosa\.copilot\repos\copilot-worktrees\runtime-fork\kkokosa-ideal-sniffle\src\libraries\Microsoft.Extensions.Caching.Memory\ref\Microsoft.Extensions.Caching.Memory.csproj (in 11 ms).
  Restored C:\Users\konradkokosa\.copilot\repos\copilot-worktrees\runtime-fork\kkokosa-ideal-sniffle\src\libraries\System.Collections.Specialized\ref\System.Collections.Specialized.csproj (in 4 ms).
  Restored C:\Users\konradkokosa\.copilot\repos\copilot-worktrees\runtime-fork\kkokosa-ideal-sniffle\src\libraries\Microsoft.Extensions.Caching.Memory\src\Microsoft.Extensions.Caching.Memory.csproj (in 76 ms).
  Restored C:\Users\konradkokosa\.copilot\repos\copilot-worktrees\runtime-fork\kkokosa-ideal-sniffle\src\libraries\Microsoft.Bcl.Numerics\src\Microsoft.Bcl.Numerics.csproj (in 52 ms).
  Restored C:\Users\konradkokosa\.copilot\repos\copilot-worktrees\runtime-fork\kkokosa-ideal-sniffle\src\libraries\Microsoft.CSharp\src\Microsoft.CSharp.csproj (in 19 ms).
  Restored C:\Users\konradkokosa\.copilot\repos\copilot-worktrees\runtime-fork\kkokosa-ideal-sniffle\src\libraries\Microsoft.Bcl.Cryptography\src\Microsoft.Bcl.Cryptography.csproj (in 17 ms).
  Restored C:\Users\konradkokosa\.copilot\repos\copilot-worktrees\runtime-fork\kkokosa-ideal-sniffle\src\libraries\Microsoft.Extensions.Options\src\Microsoft.Extensions.Options.csproj (in 50 ms).
  Restored C:\Users\konradkokosa\.copilot\repos\copilot-worktrees\runtime-fork\kkokosa-ideal-sniffle\src\libraries\externals.csproj (in 5 ms).
  Restored C:\Users\konradkokosa\.copilot\repos\copilot-worktrees\runtime-fork\kkokosa-ideal-sniffle\src\libraries\Microsoft.Extensions.Options.DataAnnotations\src\Microsoft.Extensions.Options.DataAnnotations.csproj (in 171 ms).
  Restored C:\Users\konradkokosa\.copilot\repos\copilot-worktrees\runtime-fork\kkokosa-ideal-sniffle\src\libraries\Microsoft.Extensions.Logging\ref\Microsoft.Extensions.Logging.csproj (in 10 ms).
  Restored C:\Users\konradkokosa\.copilot\repos\copilot-worktrees\runtime-fork\kkokosa-ideal-sniffle\src\libraries\Microsoft.Bcl.Memory\src\Microsoft.Bcl.Memory.csproj (in 10 ms).
  Restored C:\Users\konradkokosa\.copilot\repos\copilot-worktrees\runtime-fork\kkokosa-ideal-sniffle\src\libraries\Microsoft.Extensions.Options.ConfigurationExtensions\ref\Microsoft.Extensions.Options.ConfigurationExtensions.csproj (in 34 ms).
  Restored C:\Users\konradkokosa\.copilot\repos\copilot-worktrees\runtime-fork\kkokosa-ideal-sniffle\src\libraries\System.Drawing.Primitives\src\System.Drawing.Primitives.csproj (in 9 ms).
  Restored C:\Users\konradkokosa\.copilot\repos\copilot-worktrees\runtime-fork\kkokosa-ideal-sniffle\src\libraries\System.Drawing.Primitives\ref\System.Drawing.Primitives.csproj (in 3 ms).
  Restored C:\Users\konradkokosa\.copilot\repos\copilot-worktrees\runtime-fork\kkokosa-ideal-sniffle\src\libraries\Microsoft.Bcl.AsyncInterfaces\src\Microsoft.Bcl.AsyncInterfaces.csproj (in 34 ms).
  Restored C:\Users\konradkokosa\.copilot\repos\copilot-worktrees\runtime-fork\kkokosa-ideal-sniffle\src\libraries\System.Console\ref\System.Console.csproj (in 2 ms).
  Restored C:\Users\konradkokosa\.copilot\repos\copilot-worktrees\runtime-fork\kkokosa-ideal-sniffle\src\libraries\System.Formats.Asn1\src\System.Formats.Asn1.csproj (in 28 ms).
  Restored C:\Users\konradkokosa\.copilot\repos\copilot-worktrees\runtime-fork\kkokosa-ideal-sniffle\src\libraries\Microsoft.Extensions.Logging.EventSource\src\Microsoft.Extensions.Logging.EventSource.csproj (in 76 ms).
  Restored C:\Users\konradkokosa\.copilot\repos\copilot-worktrees\runtime-fork\kkokosa-ideal-sniffle\src\libraries\shims\System\src\System.csproj (in 314 ms).
  Restored C:\Users\konradkokosa\.copilot\repos\copilot-worktrees\runtime-fork\kkokosa-ideal-sniffle\src\libraries\System.Configuration.ConfigurationManager\ref\System.Configuration.ConfigurationManager.csproj (in 7 ms).
  Restored C:\Users\konradkokosa\.copilot\repos\copilot-worktrees\runtime-fork\kkokosa-ideal-sniffle\src\libraries\System.Composition\src\System.Composition.csproj (in 11 ms).
  Restored C:\Users\konradkokosa\.copilot\repos\copilot-worktrees\runtime-fork\kkokosa-ideal-sniffle\src\libraries\System.Composition.TypedParts\src\System.Composition.TypedParts.csproj (in 12 ms).
  Restored C:\Users\konradkokosa\.copilot\repos\copilot-worktrees\runtime-fork\kkokosa-ideal-sniffle\src\libraries\shims\System.Security.Cryptography.Algorithms\src\System.Security.Cryptography.Algorithms.csproj (in 9 ms).
  Restored C:\Users\konradkokosa\.copilot\repos\copilot-worktrees\runtime-fork\kkokosa-ideal-sniffle\src\libraries\Microsoft.Extensions.Logging.TraceSource\ref\Microsoft.Extensions.Logging.TraceSource.csproj (in 14 ms).
  Restored C:\Users\konradkokosa\.copilot\repos\copilot-worktrees\runtime-fork\kkokosa-ideal-sniffle\src\libraries\Microsoft.Bcl.TimeProvider\src\Microsoft.Bcl.TimeProvider.csproj (in 94 ms).
  Restored C:\Users\konradkokosa\.copilot\repos\copilot-worktrees\runtime-fork\kkokosa-ideal-sniffle\src\libraries\Microsoft.Extensions.Logging.EventSource\ref\Microsoft.Extensions.Logging.EventSource.csproj (in 22 ms).
  Restored C:\Users\konradkokosa\.copilot\repos\copilot-worktrees\runtime-fork\kkokosa-ideal-sniffle\src\libraries\shims\System.Runtime.Handles\src\System.Runtime.Handles.csproj (in 3 ms).
  Restored C:\Users\konradkokosa\.copilot\repos\copilot-worktrees\runtime-fork\kkokosa-ideal-sniffle\src\libraries\shims\System.Runtime.Extensions\src\System.Runtime.Extensions.csproj (in 3 ms).
  Restored C:\Users\konradkokosa\.copilot\repos\copilot-worktrees\runtime-fork\kkokosa-ideal-sniffle\src\libraries\System.DirectoryServices\ref\System.DirectoryServices.csproj (in 135 ms).
  Restored C:\Users\konradkokosa\.copilot\repos\copilot-worktrees\runtime-fork\kkokosa-ideal-sniffle\src\libraries\shims\System.Resources.Reader\src\System.Resources.Reader.csproj (in 3 ms).
  Restored C:\Users\konradkokosa\.copilot\repos\copilot-worktrees\runtime-fork\kkokosa-ideal-sniffle\src\libraries\shims\System.Resources.ResourceManager\src\System.Resources.ResourceManager.csproj (in 4 ms).
  Restored C:\Users\konradkokosa\.copilot\repos\copilot-worktrees\runtime-fork\kkokosa-ideal-sniffle\src\libraries\shims\System.Reflection\src\System.Reflection.csproj (in 6 ms).
  Restored C:\Users\konradkokosa\.copilot\repos\copilot-worktrees\runtime-fork\kkokosa-ideal-sniffle\src\libraries\shims\System.Runtime.Serialization\src\System.Runtime.Serialization.csproj (in 35 ms).
  Restored C:\Users\konradkokosa\.copilot\repos\copilot-worktrees\runtime-fork\kkokosa-ideal-sniffle\src\libraries\shims\System.Reflection.Extensions\src\System.Reflection.Extensions.csproj (in 4 ms).
  Restored C:\Users\konradkokosa\.copilot\repos\copilot-worktrees\runtime-fork\kkokosa-ideal-sniffle\src\libraries\shims\System.Runtime.InteropServices.RuntimeInformation\src\System.Runtime.InteropServices.RuntimeInformation.csproj (in 60 ms).
  Restored C:\Users\konradkokosa\.copilot\repos\copilot-worktrees\runtime-fork\kkokosa-ideal-sniffle\src\libraries\shims\System.Numerics\src\System.Numerics.csproj (in 4 ms).
  Restored C:\Users\konradkokosa\.copilot\repos\copilot-worktrees\runtime-fork\kkokosa-ideal-sniffle\src\libraries\shims\System.IO\src\System.IO.csproj (in 3 ms).
  Restored C:\Users\konradkokosa\.copilot\repos\copilot-worktrees\runtime-fork\kkokosa-ideal-sniffle\src\libraries\System.Numerics.Tensors\src\System.Numerics.Tensors.csproj (in 12 ms).
  Restored C:\Users\konradkokosa\.copilot\repos\copilot-worktrees\runtime-fork\kkokosa-ideal-sniffle\src\libraries\System.Numerics.Tensors\ref\System.Numerics.Tensors.csproj (in 4 ms).
  Restored C:\Users\konradkokosa\.copilot\repos\copilot-worktrees\runtime-fork\kkokosa-ideal-sniffle\src\libraries\System.Composition.Runtime\src\System.Composition.Runtime.csproj (in 7 ms).
  Restored C:\Users\konradkokosa\.copilot\repos\copilot-worktrees\runtime-fork\kkokosa-ideal-sniffle\src\libraries\Microsoft.Extensions.Options.ConfigurationExtensions\src\Microsoft.Extensions.Options.ConfigurationExtensions.csproj (in 188 ms).
  Restored C:\Users\konradkokosa\.copilot\repos\copilot-worktrees\runtime-fork\kkokosa-ideal-sniffle\src\libraries\System.Configuration.ConfigurationManager\src\System.Configuration.ConfigurationManager.csproj (in 180 ms).
  Restored C:\Users\konradkokosa\.copilot\repos\copilot-worktrees\runtime-fork\kkokosa-ideal-sniffle\src\libraries\System.Composition.Hosting\src\System.Composition.Hosting.csproj (in 9 ms).
  Restored C:\Users\konradkokosa\.copilot\repos\copilot-worktrees\runtime-fork\kkokosa-ideal-sniffle\src\libraries\System.Formats.Asn1\ref\System.Formats.Asn1.csproj (in 5 ms).
  Restored C:\Users\konradkokosa\.copilot\repos\copilot-worktrees\runtime-fork\kkokosa-ideal-sniffle\src\libraries\shims\System.Runtime.CompilerServices.Unsafe\src\System.Runtime.CompilerServices.Unsafe.csproj (in 3 ms).
  Restored C:\Users\konradkokosa\.copilot\repos\copilot-worktrees\runtime-fork\kkokosa-ideal-sniffle\src\libraries\Microsoft.Extensions.Logging\src\Microsoft.Extensions.Logging.csproj (in 70 ms).
  Restored C:\Users\konradkokosa\.copilot\repos\copilot-worktrees\runtime-fork\kkokosa-ideal-sniffle\src\libraries\System.Net.WebProxy\ref\System.Net.WebProxy.csproj (in 4 ms).
  Restored C:\Users\konradkokosa\.copilot\repos\copilot-worktrees\runtime-fork\kkokosa-ideal-sniffle\src\libraries\Microsoft.Extensions.Logging.TraceSource\src\Microsoft.Extensions.Logging.TraceSource.csproj (in 79 ms).
  Restored C:\Users\konradkokosa\.copilot\repos\copilot-worktrees\runtime-fork\kkokosa-ideal-sniffle\src\libraries\System.Net.WebSockets.Client\ref\System.Net.WebSockets.Client.csproj (in 50 ms).
  Restored C:\Users\konradkokosa\.copilot\repos\copilot-worktrees\runtime-fork\kkokosa-ideal-sniffle\src\libraries\shims\System.IO.UnmanagedMemoryStream\src\System.IO.UnmanagedMemoryStream.csproj (in 4 ms).
  Restored C:\Users\konradkokosa\.copilot\repos\copilot-worktrees\runtime-fork\kkokosa-ideal-sniffle\src\libraries\System.Net.WebHeaderCollection\src\System.Net.WebHeaderCollection.csproj (in 5 ms).
  Restored C:\Users\konradkokosa\.copilot\repos\copilot-worktrees\runtime-fork\kkokosa-ideal-sniffle\src\libraries\System.Net.WebHeaderCollection\ref\System.Net.WebHeaderCollection.csproj (in 3 ms).
  Restored C:\Users\konradkokosa\.copilot\repos\copilot-worktrees\runtime-fork\kkokosa-ideal-sniffle\src\libraries\System.Net.WebSockets\ref\System.Net.WebSockets.csproj (in 3 ms).
  Restored C:\Users\konradkokosa\.copilot\repos\copilot-worktrees\runtime-fork\kkokosa-ideal-sniffle\src\libraries\System.Net.WebSockets\src\System.Net.WebSockets.csproj (in 42 ms).
  Restored C:\Users\konradkokosa\.copilot\repos\copilot-worktrees\runtime-fork\kkokosa-ideal-sniffle\src\libraries\System.Net.WebProxy\src\System.Net.WebProxy.csproj (in 55 ms).
  Restored C:\Users\konradkokosa\.copilot\repos\copilot-worktrees\runtime-fork\kkokosa-ideal-sniffle\src\libraries\System.Net.WebSockets.Client\src\System.Net.WebSockets.Client.csproj (in 85 ms).
  Restored C:\Users\konradkokosa\.copilot\repos\copilot-worktrees\runtime-fork\kkokosa-ideal-sniffle\src\libraries\System.Net.WebClient\ref\System.Net.WebClient.csproj (in 9 ms).
  Restored C:\Users\konradkokosa\.copilot\repos\copilot-worktrees\runtime-fork\kkokosa-ideal-sniffle\src\libraries\System.Net.Sockets\src\System.Net.Sockets.csproj (in 59 ms).
  Restored C:\Users\konradkokosa\.copilot\repos\copilot-worktrees\runtime-fork\kkokosa-ideal-sniffle\src\libraries\System.Net.WebClient\src\System.Net.WebClient.csproj (in 57 ms).
  Restored C:\Users\konradkokosa\.copilot\repos\copilot-worktrees\runtime-fork\kkokosa-ideal-sniffle\src\libraries\System.IO.Ports\pkg\runtime.android-x64.runtime.native.System.IO.Ports.proj (in 2 ms).
  Restored C:\Users\konradkokosa\.copilot\repos\copilot-worktrees\runtime-fork\kkokosa-ideal-sniffle\src\libraries\System.IO.Ports\pkg\runtime.linux-arm.runtime.native.System.IO.Ports.proj (in 7 ms).
  Restored C:\Users\konradkokosa\.copilot\repos\copilot-worktrees\runtime-fork\kkokosa-ideal-sniffle\src\libraries\System.IO.Ports\pkg\runtime.linux-arm64.runtime.native.System.IO.Ports.proj (in 1 ms).
  Restored C:\Users\konradkokosa\.copilot\repos\copilot-worktrees\runtime-fork\kkokosa-ideal-sniffle\src\libraries\System.IO.Ports\pkg\runtime.android-arm64.runtime.native.System.IO.Ports.proj (in 2 ms).
  Restored C:\Users\konradkokosa\.copilot\repos\copilot-worktrees\runtime-fork\kkokosa-ideal-sniffle\src\libraries\shims\System.Net\src\System.Net.csproj (in 230 ms).
  Restored C:\Users\konradkokosa\.copilot\repos\copilot-worktrees\runtime-fork\kkokosa-ideal-sniffle\src\libraries\System.Net.Sockets\ref\System.Net.Sockets.csproj (in 3 ms).
  Restored C:\Users\konradkokosa\.copilot\repos\copilot-worktrees\runtime-fork\kkokosa-ideal-sniffle\src\libraries\System.IO.Ports\pkg\runtime.android-arm.runtime.native.System.IO.Ports.proj (in 2 ms).
  Restored C:\Users\konradkokosa\.copilot\repos\copilot-worktrees\runtime-fork\kkokosa-ideal-sniffle\src\libraries\System.IO.Ports\pkg\runtime.android-x86.runtime.native.System.IO.Ports.proj (in 2 ms).
  Restored C:\Users\konradkokosa\.copilot\repos\copilot-worktrees\runtime-fork\kkokosa-ideal-sniffle\src\libraries\System.DirectoryServices.Protocols\src\System.DirectoryServices.Protocols.csproj (in 34 ms).
  Restored C:\Users\konradkokosa\.copilot\repos\copilot-worktrees\runtime-fork\kkokosa-ideal-sniffle\src\libraries\System.IO.Pipes.AccessControl\ref\System.IO.Pipes.AccessControl.csproj (in 4 ms).
  Restored C:\Users\konradkokosa\.copilot\repos\copilot-worktrees\runtime-fork\kkokosa-ideal-sniffle\src\libraries\System.IO.Pipes\src\System.IO.Pipes.csproj (in 21 ms).
  Restored C:\Users\konradkokosa\.copilot\repos\copilot-worktrees\runtime-fork\kkokosa-ideal-sniffle\src\libraries\System.IO.MemoryMappedFiles\ref\System.IO.MemoryMappedFiles.csproj (in 5 ms).
  Restored C:\Users\konradkokosa\.copilot\repos\copilot-worktrees\runtime-fork\kkokosa-ideal-sniffle\src\libraries\System.IO.Packaging\src\System.IO.Packaging.csproj (in 9 ms).
  Restored C:\Users\konradkokosa\.copilot\repos\copilot-worktrees\runtime-fork\kkokosa-ideal-sniffle\src\libraries\System.IO.Pipes.AccessControl\src\System.IO.Pipes.AccessControl.csproj (in 17 ms).
  Restored C:\Users\konradkokosa\.copilot\repos\copilot-worktrees\runtime-fork\kkokosa-ideal-sniffle\src\libraries\shims\System.Net.ServicePoint\src\System.Net.ServicePoint.csproj (in 36 ms).
  Restored C:\Users\konradkokosa\.copilot\repos\copilot-worktrees\runtime-fork\kkokosa-ideal-sniffle\src\libraries\System.IO.Pipelines\src\System.IO.Pipelines.csproj (in 18 ms).
  Restored C:\Users\konradkokosa\.copilot\repos\copilot-worktrees\runtime-fork\kkokosa-ideal-sniffle\src\libraries\System.IO.Pipelines\ref\System.IO.Pipelines.csproj (in 11 ms).
  Restored C:\Users\konradkokosa\.copilot\repos\copilot-worktrees\runtime-fork\kkokosa-ideal-sniffle\src\libraries\System.IO.Packaging\ref\System.IO.Packaging.csproj (in 10 ms).
  Restored C:\Users\konradkokosa\.copilot\repos\copilot-worktrees\runtime-fork\kkokosa-ideal-sniffle\src\libraries\System.Net.ServerSentEvents\src\System.Net.ServerSentEvents.csproj (in 12 ms).
  Restored C:\Users\konradkokosa\.copilot\repos\copilot-worktrees\runtime-fork\kkokosa-ideal-sniffle\src\libraries\System.IO.Pipes\ref\System.IO.Pipes.csproj (in 98 ms).
  Restored C:\Users\konradkokosa\.copilot\repos\copilot-worktrees\runtime-fork\kkokosa-ideal-sniffle\src\libraries\System.IO.MemoryMappedFiles\src\System.IO.MemoryMappedFiles.csproj (in 81 ms).
  Restored C:\Users\konradkokosa\.copilot\repos\copilot-worktrees\runtime-fork\kkokosa-ideal-sniffle\src\libraries\System.DirectoryServices\src\System.DirectoryServices.csproj (in 192 ms).
  Restored C:\Users\konradkokosa\.copilot\repos\copilot-worktrees\runtime-fork\kkokosa-ideal-sniffle\src\libraries\System.IO.Hashing\ref\System.IO.Hashing.csproj (in 32 ms).
  Restored C:\Users\konradkokosa\.copilot\repos\copilot-worktrees\runtime-fork\kkokosa-ideal-sniffle\src\libraries\System.Net.ServerSentEvents\ref\System.Net.ServerSentEvents.csproj (in 7 ms).
  Restored C:\Users\konradkokosa\.copilot\repos\copilot-worktrees\runtime-fork\kkokosa-ideal-sniffle\src\libraries\System.IO.Hashing\src\System.IO.Hashing.csproj (in 37 ms).
  Restored C:\Users\konradkokosa\.copilot\repos\copilot-worktrees\runtime-fork\kkokosa-ideal-sniffle\src\libraries\System.IO.FileSystem.Watcher\ref\System.IO.FileSystem.Watcher.csproj (in 3 ms).
  Restored C:\Users\konradkokosa\.copilot\repos\copilot-worktrees\runtime-fork\kkokosa-ideal-sniffle\src\libraries\System.IO.IsolatedStorage\ref\System.IO.IsolatedStorage.csproj (in 3 ms).
  Restored C:\Users\konradkokosa\.copilot\repos\copilot-worktrees\runtime-fork\kkokosa-ideal-sniffle\src\libraries\Microsoft.Extensions.Configuration.Binder\gen\Microsoft.Extensions.Configuration.Binder.SourceGeneration.csproj (in 1 sec).
  Restored C:\Users\konradkokosa\.copilot\repos\copilot-worktrees\runtime-fork\kkokosa-ideal-sniffle\src\libraries\System.IO.FileSystem.AccessControl\src\System.IO.FileSystem.AccessControl.csproj (in 8 ms).
  Restored C:\Users\konradkokosa\.copilot\repos\copilot-worktrees\runtime-fork\kkokosa-ideal-sniffle\src\libraries\System.IO.FileSystem.Watcher\src\System.IO.FileSystem.Watcher.csproj (in 25 ms).
  Restored C:\Users\konradkokosa\.copilot\repos\copilot-worktrees\runtime-fork\kkokosa-ideal-sniffle\src\libraries\System.IO.Compression\ref\System.IO.Compression.csproj (in 2 ms).
  Restored C:\Users\konradkokosa\.copilot\repos\copilot-worktrees\runtime-fork\kkokosa-ideal-sniffle\src\libraries\System.IO.FileSystem.DriveInfo\src\System.IO.FileSystem.DriveInfo.csproj (in 14 ms).
  Restored C:\Users\konradkokosa\.copilot\repos\copilot-worktrees\runtime-fork\kkokosa-ideal-sniffle\src\libraries\System.IO.FileSystem.DriveInfo\ref\System.IO.FileSystem.DriveInfo.csproj (in 12 ms).
  Restored C:\Users\konradkokosa\.copilot\repos\copilot-worktrees\runtime-fork\kkokosa-ideal-sniffle\src\libraries\System.IO.IsolatedStorage\src\System.IO.IsolatedStorage.csproj (in 56 ms).
  Restored C:\Users\konradkokosa\.copilot\repos\copilot-worktrees\runtime-fork\kkokosa-ideal-sniffle\src\libraries\System.IO.FileSystem.AccessControl\ref\System.IO.FileSystem.AccessControl.csproj (in 3 ms).
  Restored C:\Users\konradkokosa\.copilot\repos\copilot-worktrees\runtime-fork\kkokosa-ideal-sniffle\src\libraries\System.IO.Compression.ZipFile\ref\System.IO.Compression.ZipFile.csproj (in 3 ms).
  Restored C:\Users\konradkokosa\.copilot\repos\copilot-worktrees\runtime-fork\kkokosa-ideal-sniffle\src\libraries\System.IO.Compression.ZipFile\src\System.IO.Compression.ZipFile.csproj (in 20 ms).
  Restored C:\Users\konradkokosa\.copilot\repos\copilot-worktrees\runtime-fork\kkokosa-ideal-sniffle\src\libraries\System.IO.Compression.Brotli\ref\System.IO.Compression.Brotli.csproj (in 2 ms).
  Restored C:\Users\konradkokosa\.copilot\repos\copilot-worktrees\runtime-fork\kkokosa-ideal-sniffle\src\libraries\System.Formats.Tar\ref\System.Formats.Tar.csproj (in 4 ms).
  Restored C:\Users\konradkokosa\.copilot\repos\copilot-worktrees\runtime-fork\kkokosa-ideal-sniffle\src\libraries\System.Formats.Nrbf\ref\System.Formats.Nrbf.csproj (in 22 ms).
  Restored C:\Users\konradkokosa\.copilot\repos\copilot-worktrees\runtime-fork\kkokosa-ideal-sniffle\src\libraries\System.Formats.Tar\src\System.Formats.Tar.csproj (in 11 ms).
  Restored C:\Users\konradkokosa\.copilot\repos\copilot-worktrees\runtime-fork\kkokosa-ideal-sniffle\src\libraries\System.IO.Compression\src\System.IO.Compression.csproj (in 18 ms).
  Restored C:\Users\konradkokosa\.copilot\repos\copilot-worktrees\runtime-fork\kkokosa-ideal-sniffle\src\libraries\System.DirectoryServices.AccountManagement\ref\System.DirectoryServices.AccountManagement.csproj (in 3 ms).
  Restored C:\Users\konradkokosa\.copilot\repos\copilot-worktrees\runtime-fork\kkokosa-ideal-sniffle\src\libraries\System.Formats.Cbor\src\System.Formats.Cbor.csproj (in 8 ms).
  Restored C:\Users\konradkokosa\.copilot\repos\copilot-worktrees\runtime-fork\kkokosa-ideal-sniffle\src\libraries\System.IO.Compression.Brotli\src\System.IO.Compression.Brotli.csproj (in 15 ms).
  Restored C:\Users\konradkokosa\.copilot\repos\copilot-worktrees\runtime-fork\kkokosa-ideal-sniffle\src\libraries\System.Diagnostics.Tracing\src\System.Diagnostics.Tracing.csproj (in 3 ms).
  Restored C:\Users\konradkokosa\.copilot\repos\copilot-worktrees\runtime-fork\kkokosa-ideal-sniffle\src\libraries\System.DirectoryServices.Protocols\ref\System.DirectoryServices.Protocols.csproj (in 4 ms).
  Restored C:\Users\konradkokosa\.copilot\repos\copilot-worktrees\runtime-fork\kkokosa-ideal-sniffle\src\libraries\System.Formats.Cbor\ref\System.Formats.Cbor.csproj (in 5 ms).
  Restored C:\Users\konradkokosa\.copilot\repos\copilot-worktrees\runtime-fork\kkokosa-ideal-sniffle\src\libraries\System.Diagnostics.TraceSource\ref\System.Diagnostics.TraceSource.csproj (in 3 ms).
  Restored C:\Users\konradkokosa\.copilot\repos\copilot-worktrees\runtime-fork\kkokosa-ideal-sniffle\src\libraries\System.Diagnostics.Tracing\ref\System.Diagnostics.Tracing.csproj (in 2 ms).
  Restored C:\Users\konradkokosa\.copilot\repos\copilot-worktrees\runtime-fork\kkokosa-ideal-sniffle\src\libraries\System.Diagnostics.StackTrace\ref\System.Diagnostics.StackTrace.csproj (in 2 ms).
  Restored C:\Users\konradkokosa\.copilot\repos\copilot-worktrees\runtime-fork\kkokosa-ideal-sniffle\src\libraries\System.Diagnostics.TextWriterTraceListener\ref\System.Diagnostics.TextWriterTraceListener.csproj (in 3 ms).
  Restored C:\Users\konradkokosa\.copilot\repos\copilot-worktrees\runtime-fork\kkokosa-ideal-sniffle\src\libraries\System.Diagnostics.FileVersionInfo\ref\System.Diagnostics.FileVersionInfo.csproj (in 2 ms).
  Restored C:\Users\konradkokosa\.copilot\repos\copilot-worktrees\runtime-fork\kkokosa-ideal-sniffle\src\libraries\System.Diagnostics.EventLog\src\Messages\System.Diagnostics.EventLog.Messages.csproj (in 2 ms).
  Restored C:\Users\konradkokosa\.copilot\repos\copilot-worktrees\runtime-fork\kkokosa-ideal-sniffle\src\libraries\System.Diagnostics.Process\ref\System.Diagnostics.Process.csproj (in 3 ms).
  Restored C:\Users\konradkokosa\.copilot\repos\copilot-worktrees\runtime-fork\kkokosa-ideal-sniffle\src\libraries\System.Diagnostics.StackTrace\src\System.Diagnostics.StackTrace.csproj (in 24 ms).
  Restored C:\Users\konradkokosa\.copilot\repos\copilot-worktrees\runtime-fork\kkokosa-ideal-sniffle\src\libraries\System.Diagnostics.PerformanceCounter\src\System.Diagnostics.PerformanceCounter.csproj (in 41 ms).
  Restored C:\Users\konradkokosa\.copilot\repos\copilot-worktrees\runtime-fork\kkokosa-ideal-sniffle\src\libraries\System.Diagnostics.TraceSource\src\System.Diagnostics.TraceSource.csproj (in 59 ms).
  Restored C:\Users\konradkokosa\.copilot\repos\copilot-worktrees\runtime-fork\kkokosa-ideal-sniffle\src\libraries\System.Diagnostics.DiagnosticSource\ref\System.Diagnostics.DiagnosticSource.csproj (in 4 ms).
  Restored C:\Users\konradkokosa\.copilot\repos\copilot-worktrees\runtime-fork\kkokosa-ideal-sniffle\src\libraries\System.DirectoryServices.AccountManagement\src\System.DirectoryServices.AccountManagement.csproj (in 61 ms).
  Restored C:\Users\konradkokosa\.copilot\repos\copilot-worktrees\runtime-fork\kkokosa-ideal-sniffle\src\libraries\System.Diagnostics.EventLog\ref\System.Diagnostics.EventLog.csproj (in 3 ms).
  Restored C:\Users\konradkokosa\.copilot\repos\copilot-worktrees\runtime-fork\kkokosa-ideal-sniffle\src\libraries\System.Diagnostics.Contracts\ref\System.Diagnostics.Contracts.csproj (in 9 ms).
  Restored C:\Users\konradkokosa\.copilot\repos\copilot-worktrees\runtime-fork\kkokosa-ideal-sniffle\src\libraries\System.Diagnostics.Contracts\src\System.Diagnostics.Contracts.csproj (in 10 ms).
  Restored C:\Users\konradkokosa\.copilot\repos\copilot-worktrees\runtime-fork\kkokosa-ideal-sniffle\src\libraries\System.Diagnostics.EventLog\src\System.Diagnostics.EventLog.csproj (in 36 ms).
  Restored C:\Users\konradkokosa\.copilot\repos\copilot-worktrees\runtime-fork\kkokosa-ideal-sniffle\src\libraries\System.Diagnostics.PerformanceCounter\ref\System.Diagnostics.PerformanceCounter.csproj (in 3 ms).
  Restored C:\Users\konradkokosa\.copilot\repos\copilot-worktrees\runtime-fork\kkokosa-ideal-sniffle\src\libraries\System.Data.Common\ref\System.Data.Common.csproj (in 4 ms).
  Restored C:\Users\konradkokosa\.copilot\repos\copilot-worktrees\runtime-fork\kkokosa-ideal-sniffle\src\libraries\System.Data.Odbc\src\System.Data.Odbc.csproj (in 10 ms).
  Restored C:\Users\konradkokosa\.copilot\repos\copilot-worktrees\runtime-fork\kkokosa-ideal-sniffle\src\libraries\System.Diagnostics.FileVersionInfo\src\System.Diagnostics.FileVersionInfo.csproj (in 41 ms).
  Restored C:\Users\konradkokosa\.copilot\repos\copilot-worktrees\runtime-fork\kkokosa-ideal-sniffle\src\libraries\System.Diagnostics.Process\src\System.Diagnostics.Process.csproj (in 112 ms).
  Restored C:\Users\konradkokosa\.copilot\repos\copilot-worktrees\runtime-fork\kkokosa-ideal-sniffle\src\libraries\System.Diagnostics.DiagnosticSource\src\System.Diagnostics.DiagnosticSource.csproj (in 41 ms).
  Restored C:\Users\konradkokosa\.copilot\repos\copilot-worktrees\runtime-fork\kkokosa-ideal-sniffle\src\libraries\System.Private.CoreLib\gen\System.Private.CoreLib.Generators.csproj (in 4 ms).
  Restored C:\Users\konradkokosa\.copilot\repos\copilot-worktrees\runtime-fork\kkokosa-ideal-sniffle\src\libraries\System.Private.CoreLib\ref\System.Private.CoreLib.csproj (in 8 ms).
  Restored C:\Users\konradkokosa\.copilot\repos\copilot-worktrees\runtime-fork\kkokosa-ideal-sniffle\src\libraries\System.ObjectModel\ref\System.ObjectModel.csproj (in 3 ms).
  Restored C:\Users\konradkokosa\.copilot\repos\copilot-worktrees\runtime-fork\kkokosa-ideal-sniffle\src\libraries\System.Data.Odbc\ref\System.Data.Odbc.csproj (in 3 ms).
  Restored C:\Users\konradkokosa\.copilot\repos\copilot-worktrees\runtime-fork\kkokosa-ideal-sniffle\src\libraries\System.Numerics.Vectors\src\System.Numerics.Vectors.csproj (in 2 ms).
  Restored C:\Users\konradkokosa\.copilot\repos\copilot-worktrees\runtime-fork\kkokosa-ideal-sniffle\src\libraries\System.ObjectModel\src\System.ObjectModel.csproj (in 4 ms).
  Restored C:\Users\konradkokosa\.copilot\repos\copilot-worktrees\runtime-fork\kkokosa-ideal-sniffle\src\libraries\System.Private.CoreLib\gen\EventSourceGenerator.csproj (in 4 ms).
  Restored C:\Users\konradkokosa\.copilot\repos\copilot-worktrees\runtime-fork\kkokosa-ideal-sniffle\src\libraries\System.Formats.Nrbf\src\System.Formats.Nrbf.csproj (in 20 ms).
  Restored C:\Users\konradkokosa\.copilot\repos\copilot-worktrees\runtime-fork\kkokosa-ideal-sniffle\src\libraries\System.Runtime.InteropServices\ref\System.Runtime.InteropServices.csproj (in 2 ms).
  Restored C:\Users\konradkokosa\.copilot\repos\copilot-worktrees\runtime-fork\kkokosa-ideal-sniffle\src\libraries\System.Numerics.Vectors\ref\System.Numerics.Vectors.csproj (in 4 ms).
  Restored C:\Users\konradkokosa\.copilot\repos\copilot-worktrees\runtime-fork\kkokosa-ideal-sniffle\src\libraries\System.Runtime.InteropServices\gen\DownlevelLibraryImportGenerator\DownlevelLibraryImportGenerator.csproj (in 3 ms).
  Restored C:\Users\konradkokosa\.copilot\repos\copilot-worktrees\runtime-fork\kkokosa-ideal-sniffle\src\libraries\System.Runtime.InteropServices\gen\ComInterfaceGenerator\ComInterfaceGenerator.csproj (in 4 ms).
  Restored C:\Users\konradkokosa\.copilot\repos\copilot-worktrees\runtime-fork\kkokosa-ideal-sniffle\src\libraries\System.Data.OleDb\src\System.Data.OleDb.csproj (in 133 ms).
  Restored C:\Users\konradkokosa\.copilot\repos\copilot-worktrees\runtime-fork\kkokosa-ideal-sniffle\src\libraries\System.Runtime.InteropServices.JavaScript\gen\JSImportGenerator\JSImportGenerator.csproj (in 13 ms).
  Restored C:\Users\konradkokosa\.copilot\repos\copilot-worktrees\runtime-fork\kkokosa-ideal-sniffle\src\libraries\System.Runtime.InteropServices.JavaScript\ref\System.Runtime.InteropServices.JavaScript.csproj (in 2 ms).
  Restored C:\Users\konradkokosa\.copilot\repos\copilot-worktrees\runtime-fork\kkokosa-ideal-sniffle\src\libraries\System.Runtime.InteropServices\gen\LibraryImportGenerator\LibraryImportGenerator.csproj (in 30 ms).
  Restored C:\Users\konradkokosa\.copilot\repos\copilot-worktrees\runtime-fork\kkokosa-ideal-sniffle\src\libraries\System.Runtime.CompilerServices.VisualC\src\System.Runtime.CompilerServices.VisualC.csproj (in 3 ms).
  Restored C:\Users\konradkokosa\.copilot\repos\copilot-worktrees\runtime-fork\kkokosa-ideal-sniffle\src\libraries\System.Diagnostics.TextWriterTraceListener\src\System.Diagnostics.TextWriterTraceListener.csproj (in 107 ms).
  Restored C:\Users\konradkokosa\.copilot\repos\copilot-worktrees\runtime-fork\kkokosa-ideal-sniffle\src\libraries\System.Reflection.TypeExtensions\ref\System.Reflection.TypeExtensions.csproj (in 2 ms).
  Restored C:\Users\konradkokosa\.copilot\repos\copilot-worktrees\runtime-fork\kkokosa-ideal-sniffle\src\libraries\System.Runtime.CompilerServices.VisualC\ref\System.Runtime.CompilerServices.VisualC.csproj (in 2 ms).
  Restored C:\Users\konradkokosa\.copilot\repos\copilot-worktrees\runtime-fork\kkokosa-ideal-sniffle\src\libraries\System.Runtime.Caching\ref\System.Runtime.Caching.csproj (in 3 ms).
  Restored C:\Users\konradkokosa\.copilot\repos\copilot-worktrees\runtime-fork\kkokosa-ideal-sniffle\src\libraries\System.Data.Common\src\System.Data.Common.csproj (in 35 ms).
  Restored C:\Users\konradkokosa\.copilot\repos\copilot-worktrees\runtime-fork\kkokosa-ideal-sniffle\src\libraries\System.Console\src\System.Console.csproj (in 23 ms).
  Restored C:\Users\konradkokosa\.copilot\repos\copilot-worktrees\runtime-fork\kkokosa-ideal-sniffle\src\libraries\System.Reflection.Primitives\ref\System.Reflection.Primitives.csproj (in 2 ms).
  Restored C:\Users\konradkokosa\.copilot\repos\copilot-worktrees\runtime-fork\kkokosa-ideal-sniffle\src\libraries\System.Runtime.InteropServices.JavaScript\src\System.Runtime.InteropServices.JavaScript.csproj (in 9 ms).
  Restored C:\Users\konradkokosa\.copilot\repos\copilot-worktrees\runtime-fork\kkokosa-ideal-sniffle\src\libraries\System.Runtime.Caching\src\System.Runtime.Caching.csproj (in 65 ms).
  Restored C:\Users\konradkokosa\.copilot\repos\copilot-worktrees\runtime-fork\kkokosa-ideal-sniffle\src\libraries\System.Reflection.Metadata\ref\System.Reflection.Metadata.csproj (in 5 ms).
  Restored C:\Users\konradkokosa\.copilot\repos\copilot-worktrees\runtime-fork\kkokosa-ideal-sniffle\src\libraries\System.Reflection.TypeExtensions\src\System.Reflection.TypeExtensions.csproj (in 2 ms).
  Restored C:\Users\konradkokosa\.copilot\repos\copilot-worktrees\runtime-fork\kkokosa-ideal-sniffle\src\libraries\System.Data.OleDb\ref\System.Data.OleDb.csproj (in 293 ms).
  Restored C:\Users\konradkokosa\.copilot\repos\copilot-worktrees\runtime-fork\kkokosa-ideal-sniffle\src\libraries\System.Reflection.Emit.Lightweight\src\System.Reflection.Emit.Lightweight.csproj (in 2 ms).
  Restored C:\Users\konradkokosa\.copilot\repos\copilot-worktrees\runtime-fork\kkokosa-ideal-sniffle\src\libraries\System.Reflection.Emit.ILGeneration\src\System.Reflection.Emit.ILGeneration.csproj (in 2 ms).
  Restored C:\Users\konradkokosa\.copilot\repos\copilot-worktrees\runtime-fork\kkokosa-ideal-sniffle\src\libraries\System.Reflection.Emit.Lightweight\ref\System.Reflection.Emit.Lightweight.csproj (in 3 ms).
  Restored C:\Users\konradkokosa\.copilot\repos\copilot-worktrees\runtime-fork\kkokosa-ideal-sniffle\src\libraries\System.Resources.Writer\src\System.Resources.Writer.csproj (in 19 ms).
  Restored C:\Users\konradkokosa\.copilot\repos\copilot-worktrees\runtime-fork\kkokosa-ideal-sniffle\src\libraries\System.Resources.Extensions\ref\System.Resources.Extensions.csproj (in 3 ms).
  Restored C:\Users\konradkokosa\.copilot\repos\copilot-worktrees\runtime-fork\kkokosa-ideal-sniffle\src\libraries\System.Reflection.Emit\src\System.Reflection.Emit.csproj (in 11 ms).
  Restored C:\Users\konradkokosa\.copilot\repos\copilot-worktrees\runtime-fork\kkokosa-ideal-sniffle\src\libraries\System.Reflection.Emit.ILGeneration\ref\System.Reflection.Emit.ILGeneration.csproj (in 2 ms).
  Restored C:\Users\konradkokosa\.copilot\repos\copilot-worktrees\runtime-fork\kkokosa-ideal-sniffle\src\libraries\System.Reflection.Primitives\src\System.Reflection.Primitives.csproj (in 4 ms).
  Restored C:\Users\konradkokosa\.copilot\repos\copilot-worktrees\runtime-fork\kkokosa-ideal-sniffle\src\libraries\System.Reflection.MetadataLoadContext\ref\System.Reflection.MetadataLoadContext.csproj (in 3 ms).
  Restored C:\Users\konradkokosa\.copilot\repos\copilot-worktrees\runtime-fork\kkokosa-ideal-sniffle\src\libraries\System.Resources.Writer\ref\System.Resources.Writer.csproj (in 4 ms).
  Restored C:\Users\konradkokosa\.copilot\repos\copilot-worktrees\runtime-fork\kkokosa-ideal-sniffle\src\libraries\System.Reflection.Emit\ref\System.Reflection.Emit.csproj (in 10 ms).
  Restored C:\Users\konradkokosa\.copilot\repos\copilot-worktrees\runtime-fork\kkokosa-ideal-sniffle\src\libraries\System.Reflection.MetadataLoadContext\src\System.Reflection.MetadataLoadContext.csproj (in 14 ms).
  Restored C:\Users\konradkokosa\.copilot\repos\copilot-worktrees\runtime-fork\kkokosa-ideal-sniffle\src\libraries\System.Reflection.DispatchProxy\ref\System.Reflection.DispatchProxy.csproj (in 4 ms).
  Restored C:\Users\konradkokosa\.copilot\repos\copilot-worktrees\runtime-fork\kkokosa-ideal-sniffle\src\libraries\System.Reflection.Context\ref\System.Reflection.Context.csproj (in 4 ms).
  Restored C:\Users\konradkokosa\.copilot\repos\copilot-worktrees\runtime-fork\kkokosa-ideal-sniffle\src\libraries\System.Reflection.DispatchProxy\src\System.Reflection.DispatchProxy.csproj (in 27 ms).
  Restored C:\Users\konradkokosa\.copilot\repos\copilot-worktrees\runtime-fork\kkokosa-ideal-sniffle\src\libraries\System.Resources.Extensions\src\System.Resources.Extensions.csproj (in 55 ms).
  Restored C:\Users\konradkokosa\.copilot\repos\copilot-worktrees\runtime-fork\kkokosa-ideal-sniffle\src\libraries\Microsoft.Extensions.HostFactoryResolver\src\Microsoft.Extensions.HostFactoryResolver.Sources.csproj (in 2 ms).
  Restored C:\Users\konradkokosa\.copilot\repos\copilot-worktrees\runtime-fork\kkokosa-ideal-sniffle\src\libraries\System.Reflection.Context\src\System.Reflection.Context.csproj (in 45 ms).
  Restored C:\Users\konradkokosa\.copilot\repos\copilot-worktrees\runtime-fork\kkokosa-ideal-sniffle\src\libraries\System.Private.Xml.Linq\src\System.Private.Xml.Linq.csproj (in 68 ms).
  Restored C:\Users\konradkokosa\.copilot\repos\copilot-worktrees\runtime-fork\kkokosa-ideal-sniffle\src\libraries\System.Private.Uri\src\System.Private.Uri.csproj (in 23 ms).
  Restored C:\Users\konradkokosa\.copilot\repos\copilot-worktrees\runtime-fork\kkokosa-ideal-sniffle\src\libraries\Microsoft.Extensions.FileSystemGlobbing\ref\Microsoft.Extensions.FileSystemGlobbing.csproj (in 4 ms).
  Restored C:\Users\konradkokosa\.copilot\repos\copilot-worktrees\runtime-fork\kkokosa-ideal-sniffle\src\libraries\Microsoft.Extensions.FileProviders.Physical\ref\Microsoft.Extensions.FileProviders.Physical.csproj (in 8 ms).
  Restored C:\Users\konradkokosa\.copilot\repos\copilot-worktrees\runtime-fork\kkokosa-ideal-sniffle\src\libraries\Microsoft.Extensions.FileSystemGlobbing\src\Microsoft.Extensions.FileSystemGlobbing.csproj (in 6 ms).
  Restored C:\Users\konradkokosa\.copilot\repos\copilot-worktrees\runtime-fork\kkokosa-ideal-sniffle\src\libraries\Microsoft.Extensions.FileProviders.Physical\src\Microsoft.Extensions.FileProviders.Physical.csproj (in 27 ms).
  Restored C:\Users\konradkokosa\.copilot\repos\copilot-worktrees\runtime-fork\kkokosa-ideal-sniffle\src\libraries\Microsoft.Extensions.FileProviders.Composite\src\Microsoft.Extensions.FileProviders.Composite.csproj (in 14 ms).
  Restored C:\Users\konradkokosa\.copilot\repos\copilot-worktrees\runtime-fork\kkokosa-ideal-sniffle\src\libraries\System.Private.Xml\src\System.Private.Xml.csproj (in 71 ms).
  Restored C:\Users\konradkokosa\.copilot\repos\copilot-worktrees\runtime-fork\kkokosa-ideal-sniffle\src\libraries\Microsoft.Extensions.Hosting\ref\Microsoft.Extensions.Hosting.csproj (in 129 ms).
  Restored C:\Users\konradkokosa\.copilot\repos\copilot-worktrees\runtime-fork\kkokosa-ideal-sniffle\src\libraries\System.Reflection.Metadata\src\System.Reflection.Metadata.csproj (in 72 ms).
  Restored C:\Users\konradkokosa\.copilot\repos\copilot-worktrees\runtime-fork\kkokosa-ideal-sniffle\src\libraries\Microsoft.Extensions.FileProviders.Composite\ref\Microsoft.Extensions.FileProviders.Composite.csproj (in 7 ms).
  Restored C:\Users\konradkokosa\.copilot\repos\copilot-worktrees\runtime-fork\kkokosa-ideal-sniffle\src\libraries\Microsoft.Extensions.Hosting.Abstractions\ref\Microsoft.Extensions.Hosting.Abstractions.csproj (in 16 ms).
  Restored C:\Users\konradkokosa\.copilot\repos\copilot-worktrees\runtime-fork\kkokosa-ideal-sniffle\src\libraries\Microsoft.Extensions.DependencyInjection.Abstractions\ref\Microsoft.Extensions.DependencyInjection.Abstractions.csproj (in 10 ms).
  Restored C:\Users\konradkokosa\.copilot\repos\copilot-worktrees\runtime-fork\kkokosa-ideal-sniffle\src\libraries\Microsoft.Extensions.Configuration\src\Microsoft.Extensions.Configuration.csproj (in 21 ms).
  Restored C:\Users\konradkokosa\.copilot\repos\copilot-worktrees\runtime-fork\kkokosa-ideal-sniffle\src\libraries\Microsoft.Extensions.FileProviders.Abstractions\src\Microsoft.Extensions.FileProviders.Abstractions.csproj (in 10 ms).
  Restored C:\Users\konradkokosa\.copilot\repos\copilot-worktrees\runtime-fork\kkokosa-ideal-sniffle\src\libraries\Microsoft.Extensions.Configuration\ref\Microsoft.Extensions.Configuration.csproj (in 6 ms).
  Restored C:\Users\konradkokosa\.copilot\repos\copilot-worktrees\runtime-fork\kkokosa-ideal-sniffle\src\libraries\Microsoft.Extensions.Hosting.Systemd\ref\Microsoft.Extensions.Hosting.Systemd.csproj (in 205 ms).
  Restored C:\Users\konradkokosa\.copilot\repos\copilot-worktrees\runtime-fork\kkokosa-ideal-sniffle\src\coreclr\tools\dotnet-pgo\dotnet-pgo.csproj (in 40 ms).
  Restored C:\Users\konradkokosa\.copilot\repos\copilot-worktrees\runtime-fork\kkokosa-ideal-sniffle\src\libraries\System.Private.DataContractSerialization\src\System.Private.DataContractSerialization.csproj (in 297 ms).
  Restored C:\Users\konradkokosa\.copilot\repos\copilot-worktrees\runtime-fork\kkokosa-ideal-sniffle\src\libraries\Microsoft.Extensions.DependencyInjection\src\Microsoft.Extensions.DependencyInjection.csproj (in 31 ms).
  Restored C:\Users\konradkokosa\.copilot\repos\copilot-worktrees\runtime-fork\kkokosa-ideal-sniffle\src\coreclr\tools\ILTrim.Core\ILTrim.Core.csproj (in 51 ms).
  Restored C:\Users\konradkokosa\.copilot\repos\copilot-worktrees\runtime-fork\kkokosa-ideal-sniffle\src\libraries\Microsoft.Extensions.Hosting.WindowsServices\ref\Microsoft.Extensions.Hosting.WindowsServices.csproj (in 264 ms).
  Restored C:\Users\konradkokosa\.copilot\repos\copilot-worktrees\runtime-fork\kkokosa-ideal-sniffle\src\libraries\Microsoft.Extensions.DependencyInjection\ref\Microsoft.Extensions.DependencyInjection.csproj (in 87 ms).
  Restored C:\Users\konradkokosa\.copilot\repos\copilot-worktrees\runtime-fork\kkokosa-ideal-sniffle\src\coreclr\tools\aot\ILCompiler\repro\repro.csproj (in 4 ms).
  Restored C:\Users\konradkokosa\.copilot\repos\copilot-worktrees\runtime-fork\kkokosa-ideal-sniffle\src\coreclr\tools\aot\ILCompiler\ILCompiler_publish.csproj (in 16 ms).
  Restored C:\Users\konradkokosa\.copilot\repos\copilot-worktrees\runtime-fork\kkokosa-ideal-sniffle\src\coreclr\tools\ILTrim\ILTrim.csproj (in 162 ms).
  Restored C:\Users\konradkokosa\.copilot\repos\copilot-worktrees\runtime-fork\kkokosa-ideal-sniffle\src\coreclr\tools\aot\ILCompiler\ILCompiler.csproj (in 7 ms).
  Restored C:\Users\konradkokosa\.copilot\repos\copilot-worktrees\runtime-fork\kkokosa-ideal-sniffle\src\coreclr\tools\AssemblyChecker\AssemblyChecker.csproj (in 2 ms).
  Restored C:\Users\konradkokosa\.copilot\repos\copilot-worktrees\runtime-fork\kkokosa-ideal-sniffle\src\libraries\Microsoft.Extensions.Hosting.Systemd\src\Microsoft.Extensions.Hosting.Systemd.csproj (in 215 ms).
  Restored C:\Users\konradkokosa\.copilot\repos\copilot-worktrees\runtime-fork\kkokosa-ideal-sniffle\src\coreclr\tools\cdac-build-tool\cdac-build-tool.csproj (in 3 ms).
  Restored C:\Users\konradkokosa\.copilot\repos\copilot-worktrees\runtime-fork\kkokosa-ideal-sniffle\src\libraries\Microsoft.Extensions.Hosting.WindowsServices\src\Microsoft.Extensions.Hosting.WindowsServices.csproj (in 264 ms).
  Restored C:\Users\konradkokosa\.copilot\repos\copilot-worktrees\runtime-fork\kkokosa-ideal-sniffle\src\coreclr\tools\aot\ILCompiler.RyuJit\ILCompiler.RyuJit.csproj (in 7 ms).
  Restored C:\Users\konradkokosa\.copilot\repos\copilot-worktrees\runtime-fork\kkokosa-ideal-sniffle\src\libraries\Microsoft.Extensions.DependencyInjection.Abstractions\src\Microsoft.Extensions.DependencyInjection.Abstractions.csproj (in 101 ms).
  Restored C:\Users\konradkokosa\.copilot\repos\copilot-worktrees\runtime-fork\kkokosa-ideal-sniffle\src\coreclr\tools\aot\ILCompiler.MetadataTransform\ILCompiler.MetadataTransform.csproj (in 3 ms).
  Restored C:\Users\konradkokosa\.copilot\repos\copilot-worktrees\runtime-fork\kkokosa-ideal-sniffle\src\coreclr\tools\aot\ILCompiler.TypeSystem\ILCompiler.TypeSystem.csproj (in 74 ms).
  Restored C:\Users\konradkokosa\.copilot\repos\copilot-worktrees\runtime-fork\kkokosa-ideal-sniffle\src\coreclr\tools\aot\ILCompiler.ReadyToRun\ILCompiler.ReadyToRun.csproj (in 4 ms).
  Restored C:\Users\konradkokosa\.copilot\repos\copilot-worktrees\runtime-fork\kkokosa-ideal-sniffle\src\libraries\System.Runtime.InteropServices\gen\Microsoft.Interop.SourceGeneration\Microsoft.Interop.SourceGeneration.csproj (in 680 ms).
  Restored C:\Users\konradkokosa\.copilot\repos\copilot-worktrees\runtime-fork\kkokosa-ideal-sniffle\src\coreclr\tools\aot\ILCompiler.DependencyAnalysisFramework\ILCompiler.DependencyAnalysisFramework.csproj (in 2 ms).
  Restored C:\Users\konradkokosa\.copilot\repos\copilot-worktrees\runtime-fork\kkokosa-ideal-sniffle\src\coreclr\System.Private.CoreLib\System.Private.CoreLib.csproj (in 34 ms).
  Restored C:\Users\konradkokosa\.copilot\repos\copilot-worktrees\runtime-fork\kkokosa-ideal-sniffle\src\coreclr\nativeaot\System.Private.TypeLoader\src\System.Private.TypeLoader.csproj (in 2 ms).
  Restored C:\Users\konradkokosa\.copilot\repos\copilot-worktrees\runtime-fork\kkokosa-ideal-sniffle\src\coreclr\nativeaot\System.Private.StackTraceMetadata\src\System.Private.StackTraceMetadata.csproj (in 3 ms).
  Restored C:\Users\konradkokosa\.copilot\repos\copilot-worktrees\runtime-fork\kkokosa-ideal-sniffle\src\libraries\Microsoft.Extensions.Hosting.Abstractions\src\Microsoft.Extensions.Hosting.Abstractions.csproj (in 247 ms).
  Restored C:\Users\konradkokosa\.copilot\repos\copilot-worktrees\runtime-fork\kkokosa-ideal-sniffle\src\coreclr\tools\aot\crossgen2\crossgen2_publish.csproj (in 68 ms).
  Restored C:\Users\konradkokosa\.copilot\repos\copilot-worktrees\runtime-fork\kkokosa-ideal-sniffle\src\coreclr\nativeaot\Test.CoreLib\src\Test.CoreLib.csproj (in 2 ms).
  Restored C:\Users\konradkokosa\.copilot\repos\copilot-worktrees\runtime-fork\kkokosa-ideal-sniffle\src\coreclr\tools\aot\ILCompiler.Diagnostics\ILCompiler.Diagnostics.csproj (in 3 ms).
  Restored C:\Users\konradkokosa\.copilot\repos\copilot-worktrees\runtime-fork\kkokosa-ideal-sniffle\src\coreclr\tools\aot\ILCompiler.Compiler\ILCompiler.Compiler.csproj (in 115 ms).
  Restored C:\Users\konradkokosa\.copilot\repos\copilot-worktrees\runtime-fork\kkokosa-ideal-sniffle\src\coreclr\tools\aot\ILCompiler\ILCompiler_inbuild.csproj (in 208 ms).
  Restored C:\Users\konradkokosa\.copilot\repos\copilot-worktrees\runtime-fork\kkokosa-ideal-sniffle\src\coreclr\tools\aot\crossgen2\crossgen2.csproj (in 6 ms).
  Restored C:\Users\konradkokosa\.copilot\repos\copilot-worktrees\runtime-fork\kkokosa-ideal-sniffle\src\coreclr\nativeaot\System.Private.Reflection.Execution\src\System.Private.Reflection.Execution.csproj (in 3 ms).
  Restored C:\Users\konradkokosa\.copilot\repos\copilot-worktrees\runtime-fork\kkokosa-ideal-sniffle\src\coreclr\crossgen-corelib.proj (in 3 ms).
  Restored C:\Users\konradkokosa\.copilot\repos\copilot-worktrees\runtime-fork\kkokosa-ideal-sniffle\src\coreclr\nativeaot\BuildIntegration\BuildIntegration.proj (in 3 ms).
  Restored C:\Users\konradkokosa\.copilot\repos\copilot-worktrees\runtime-fork\kkokosa-ideal-sniffle\src\coreclr\.nuget\Microsoft.NETCore.TestHost\Microsoft.NETCore.TestHost.proj (in 1 ms).
  Restored C:\Users\konradkokosa\.copilot\repos\copilot-worktrees\runtime-fork\kkokosa-ideal-sniffle\src\coreclr\.nuget\Microsoft.NETCore.ILDAsm\Microsoft.NETCore.ILDAsm.proj (in 1 ms).
  Restored C:\Users\konradkokosa\.copilot\repos\copilot-worktrees\runtime-fork\kkokosa-ideal-sniffle\src\coreclr\nativeaot\System.Private.CoreLib\src\System.Private.CoreLib.csproj (in 2 ms).
  Restored C:\Users\konradkokosa\.copilot\repos\copilot-worktrees\runtime-fork\kkokosa-ideal-sniffle\Build.proj (in 2 ms).
  Restored C:\Users\konradkokosa\.copilot\repos\copilot-worktrees\runtime-fork\kkokosa-ideal-sniffle\src\coreclr\.nuget\coreclr-packages.proj (in 2 ms).
  Restored C:\Users\konradkokosa\.copilot\repos\copilot-worktrees\runtime-fork\kkokosa-ideal-sniffle\eng\analyzers\PlatformDocAnalyzer\PlatformDocAnalyzer.csproj (in 3 ms).
  Restored C:\Users\konradkokosa\.copilot\repos\copilot-worktrees\runtime-fork\kkokosa-ideal-sniffle\src\coreclr\tools\aot\crossgen2\crossgen2_inbuild.csproj (in 105 ms).
  Restored C:\Users\konradkokosa\.copilot\repos\copilot-worktrees\runtime-fork\kkokosa-ideal-sniffle\src\coreclr\.nuget\Microsoft.NETCore.ILAsm\Microsoft.NETCore.ILAsm.proj (in 8 ms).
  Restored C:\Users\konradkokosa\.copilot\repos\copilot-worktrees\runtime-fork\kkokosa-ideal-sniffle\src\libraries\System.Net.Quic\ref\System.Net.Quic.csproj (in 5 ms).
  Restored C:\Users\konradkokosa\.copilot\repos\copilot-worktrees\runtime-fork\kkokosa-ideal-sniffle\src\libraries\System.Net.Requests\ref\System.Net.Requests.csproj (in 6 ms).
  Restored C:\Users\konradkokosa\.copilot\repos\copilot-worktrees\runtime-fork\kkokosa-ideal-sniffle\src\libraries\System.Net.Primitives\src\System.Net.Primitives.csproj (in 20 ms).
  Restored C:\Users\konradkokosa\.copilot\repos\copilot-worktrees\runtime-fork\kkokosa-ideal-sniffle\src\libraries\System.Net.Primitives\ref\System.Net.Primitives.csproj (in 3 ms).
  Restored C:\Users\konradkokosa\.copilot\repos\copilot-worktrees\runtime-fork\kkokosa-ideal-sniffle\src\coreclr\tools\aot\ILCompiler.Reflection.ReadyToRun\ILCompiler.Reflection.ReadyToRun.csproj (in 272 ms).
  Restored C:\Users\konradkokosa\.copilot\repos\copilot-worktrees\runtime-fork\kkokosa-ideal-sniffle\src\coreclr\.nuget\Microsoft.NET.Sdk.IL\Microsoft.NET.Sdk.IL.proj (in 4 ms).
  Restored C:\Users\konradkokosa\.copilot\repos\copilot-worktrees\runtime-fork\kkokosa-ideal-sniffle\src\libraries\System.Net.NetworkInformation\ref\System.Net.NetworkInformation.csproj (in 3 ms).
  Restored C:\Users\konradkokosa\.copilot\repos\copilot-worktrees\runtime-fork\kkokosa-ideal-sniffle\src\libraries\System.Net.Ping\ref\System.Net.Ping.csproj (in 4 ms).
  Restored C:\Users\konradkokosa\.copilot\repos\copilot-worktrees\runtime-fork\kkokosa-ideal-sniffle\src\libraries\System.Net.NameResolution\ref\System.Net.NameResolution.csproj (in 2 ms).
  Restored C:\Users\konradkokosa\.copilot\repos\copilot-worktrees\runtime-fork\kkokosa-ideal-sniffle\src\libraries\Microsoft.Extensions.DependencyInjection.Specification.Tests\src\Microsoft.Extensions.DependencyInjection.Specification.Tests.csproj (in 449 ms).
  Restored C:\Users\konradkokosa\.copilot\repos\copilot-worktrees\runtime-fork\kkokosa-ideal-sniffle\src\libraries\Microsoft.Extensions.Hosting\src\Microsoft.Extensions.Hosting.csproj (in 351 ms).
  Restored C:\Users\konradkokosa\.copilot\repos\copilot-worktrees\runtime-fork\kkokosa-ideal-sniffle\src\libraries\System.Net.Security\ref\System.Net.Security.csproj (in 48 ms).
  Restored C:\Users\konradkokosa\.copilot\repos\copilot-worktrees\runtime-fork\kkokosa-ideal-sniffle\src\libraries\shims\System.Windows\src\System.Windows.csproj (in 4 ms).
  Restored C:\Users\konradkokosa\.copilot\repos\copilot-worktrees\runtime-fork\kkokosa-ideal-sniffle\src\libraries\shims\System.Web\src\System.Web.csproj (in 5 ms).
  Restored C:\Users\konradkokosa\.copilot\repos\copilot-worktrees\runtime-fork\kkokosa-ideal-sniffle\src\libraries\shims\System.ValueTuple\src\System.ValueTuple.csproj (in 9 ms).
  Restored C:\Users\konradkokosa\.copilot\repos\copilot-worktrees\runtime-fork\kkokosa-ideal-sniffle\src\libraries\System.Net.NetworkInformation\src\System.Net.NetworkInformation.csproj (in 86 ms).
  Restored C:\Users\konradkokosa\.copilot\repos\copilot-worktrees\runtime-fork\kkokosa-ideal-sniffle\src\coreclr\tools\aot\ILCompiler.Build.Tasks\ILCompiler.Build.Tasks.csproj (in 376 ms).
  Restored C:\Users\konradkokosa\.copilot\repos\copilot-worktrees\runtime-fork\kkokosa-ideal-sniffle\src\libraries\System.Net.Requests\src\System.Net.Requests.csproj (in 127 ms).
  Restored C:\Users\konradkokosa\.copilot\repos\copilot-worktrees\runtime-fork\kkokosa-ideal-sniffle\src\coreclr\runtime-prereqs.proj (in 370 ms).
  Restored C:\Users\konradkokosa\.copilot\repos\copilot-worktrees\runtime-fork\kkokosa-ideal-sniffle\src\coreclr\runtime.proj (in 375 ms).
  Restored C:\Users\konradkokosa\.copilot\repos\copilot-worktrees\runtime-fork\kkokosa-ideal-sniffle\src\libraries\System.Security.Principal.Windows\ref\System.Security.Principal.Windows.csproj (in 2 ms).
  Restored C:\Users\konradkokosa\.copilot\repos\copilot-worktrees\runtime-fork\kkokosa-ideal-sniffle\src\libraries\System.Net.NameResolution\src\System.Net.NameResolution.csproj (in 56 ms).
  Restored C:\Users\konradkokosa\.copilot\repos\copilot-worktrees\runtime-fork\kkokosa-ideal-sniffle\src\libraries\System.ServiceModel.Syndication\ref\System.ServiceModel.Syndication.csproj (in 5 ms).
  Restored C:\Users\konradkokosa\.copilot\repos\copilot-worktrees\runtime-fork\kkokosa-ideal-sniffle\src\libraries\System.Security.Permissions\ref\System.Security.Permissions.csproj (in 6 ms).
  Restored C:\Users\konradkokosa\.copilot\repos\copilot-worktrees\runtime-fork\kkokosa-ideal-sniffle\src\libraries\System.Net.Ping\src\System.Net.Ping.csproj (in 93 ms).
  Restored C:\Users\konradkokosa\.copilot\repos\copilot-worktrees\runtime-fork\kkokosa-ideal-sniffle\src\libraries\System.Security.Permissions\src\System.Security.Permissions.csproj (in 10 ms).
  Restored C:\Users\konradkokosa\.copilot\repos\copilot-worktrees\runtime-fork\kkokosa-ideal-sniffle\src\libraries\System.Security.Cryptography.ProtectedData\src\System.Security.Cryptography.ProtectedData.csproj (in 6 ms).
  Restored C:\Users\konradkokosa\.copilot\repos\copilot-worktrees\runtime-fork\kkokosa-ideal-sniffle\src\libraries\System.Security.Principal.Windows\src\System.Security.Principal.Windows.csproj (in 9 ms).
  Restored C:\Users\konradkokosa\.copilot\repos\copilot-worktrees\runtime-fork\kkokosa-ideal-sniffle\src\libraries\System.Security.Cryptography.ProtectedData\ref\System.Security.Cryptography.ProtectedData.csproj (in 4 ms).
  Restored C:\Users\konradkokosa\.copilot\repos\copilot-worktrees\runtime-fork\kkokosa-ideal-sniffle\src\libraries\System.Security.Cryptography\ref\System.Security.Cryptography.csproj (in 6 ms).
  Restored C:\Users\konradkokosa\.copilot\repos\copilot-worktrees\runtime-fork\kkokosa-ideal-sniffle\src\libraries\shims\System.Xml.Serialization\src\System.Xml.Serialization.csproj (in 73 ms).
  Restored C:\Users\konradkokosa\.copilot\repos\copilot-worktrees\runtime-fork\kkokosa-ideal-sniffle\src\libraries\shims\System.Xml\src\System.Xml.csproj (in 90 ms).
  Restored C:\Users\konradkokosa\.copilot\repos\copilot-worktrees\runtime-fork\kkokosa-ideal-sniffle\src\libraries\System.Security.Claims\ref\System.Security.Claims.csproj (in 2 ms).
  Restored C:\Users\konradkokosa\.copilot\repos\copilot-worktrees\runtime-fork\kkokosa-ideal-sniffle\src\libraries\System.Security.Claims\src\System.Security.Claims.csproj (in 4 ms).
  Restored C:\Users\konradkokosa\.copilot\repos\copilot-worktrees\runtime-fork\kkokosa-ideal-sniffle\src\libraries\System.Security.Cryptography.Pkcs\ref\System.Security.Cryptography.Pkcs.csproj (in 10 ms).
  Restored C:\Users\konradkokosa\.copilot\repos\copilot-worktrees\runtime-fork\kkokosa-ideal-sniffle\src\libraries\System.Security.Cryptography.Cose\ref\System.Security.Cryptography.Cose.csproj (in 9 ms).
  Restored C:\Users\konradkokosa\.copilot\repos\copilot-worktrees\runtime-fork\kkokosa-ideal-sniffle\src\libraries\System.Runtime\src\System.Runtime.csproj (in 3 ms).
  Restored C:\Users\konradkokosa\.copilot\repos\copilot-worktrees\runtime-fork\kkokosa-ideal-sniffle\src\libraries\System.Security.AccessControl\ref\System.Security.AccessControl.csproj (in 3 ms).
  Restored C:\Users\konradkokosa\.copilot\repos\copilot-worktrees\runtime-fork\kkokosa-ideal-sniffle\src\libraries\System.Net.Security\src\System.Net.Security.csproj (in 178 ms).
  Restored C:\Users\konradkokosa\.copilot\repos\copilot-worktrees\runtime-fork\kkokosa-ideal-sniffle\src\libraries\System.Runtime\ref\System.Runtime.csproj (in 8 ms).
  Restored C:\Users\konradkokosa\.copilot\repos\copilot-worktrees\runtime-fork\kkokosa-ideal-sniffle\src\libraries\System.Runtime.Serialization.Xml\ref\System.Runtime.Serialization.Xml.csproj (in 3 ms).
  Restored C:\Users\konradkokosa\.copilot\repos\copilot-worktrees\runtime-fork\kkokosa-ideal-sniffle\src\libraries\System.Runtime.Serialization.Schema\src\System.Runtime.Serialization.Schema.csproj (in 5 ms).
  Restored C:\Users\konradkokosa\.copilot\repos\copilot-worktrees\runtime-fork\kkokosa-ideal-sniffle\src\libraries\System.Security.Cryptography\src\System.Security.Cryptography.csproj (in 46 ms).
  Restored C:\Users\konradkokosa\.copilot\repos\copilot-worktrees\runtime-fork\kkokosa-ideal-sniffle\src\libraries\System.Runtime.Serialization.Primitives\ref\System.Runtime.Serialization.Primitives.csproj (in 2 ms).
  Restored C:\Users\konradkokosa\.copilot\repos\copilot-worktrees\runtime-fork\kkokosa-ideal-sniffle\src\libraries\shims\System.Xml.XmlDocument\src\System.Xml.XmlDocument.csproj (in 79 ms).
  Restored C:\Users\konradkokosa\.copilot\repos\copilot-worktrees\runtime-fork\kkokosa-ideal-sniffle\src\libraries\System.Runtime.Serialization.Primitives\src\System.Runtime.Serialization.Primitives.csproj (in 3 ms).
  Restored C:\Users\konradkokosa\.copilot\repos\copilot-worktrees\runtime-fork\kkokosa-ideal-sniffle\src\libraries\System.Runtime.Serialization.Formatters\ref\System.Runtime.Serialization.Formatters.csproj (in 4 ms).
  Restored C:\Users\konradkokosa\.copilot\repos\copilot-worktrees\runtime-fork\kkokosa-ideal-sniffle\src\libraries\System.Security.Cryptography.Cose\src\System.Security.Cryptography.Cose.csproj (in 58 ms).
  Restored C:\Users\konradkokosa\.copilot\repos\copilot-worktrees\runtime-fork\kkokosa-ideal-sniffle\src\libraries\System.Security.AccessControl\src\System.Security.AccessControl.csproj (in 40 ms).
  Restored C:\Users\konradkokosa\.copilot\repos\copilot-worktrees\runtime-fork\kkokosa-ideal-sniffle\src\libraries\System.Runtime.Numerics\ref\System.Runtime.Numerics.csproj (in 2 ms).
  Restored C:\Users\konradkokosa\.copilot\repos\copilot-worktrees\runtime-fork\kkokosa-ideal-sniffle\src\libraries\System.Runtime.Numerics\src\System.Runtime.Numerics.csproj (in 4 ms).
  Restored C:\Users\konradkokosa\.copilot\repos\copilot-worktrees\runtime-fork\kkokosa-ideal-sniffle\src\libraries\System.Runtime.Serialization.Json\ref\System.Runtime.Serialization.Json.csproj (in 4 ms).
  Restored C:\Users\konradkokosa\.copilot\repos\copilot-worktrees\runtime-fork\kkokosa-ideal-sniffle\src\libraries\shims\System.Xml.Linq\src\System.Xml.Linq.csproj (in 118 ms).
  Restored C:\Users\konradkokosa\.copilot\repos\copilot-worktrees\runtime-fork\kkokosa-ideal-sniffle\src\libraries\System.Runtime.Serialization.Formatters\src\System.Runtime.Serialization.Formatters.csproj (in 7 ms).
  Restored C:\Users\konradkokosa\.copilot\repos\copilot-worktrees\runtime-fork\kkokosa-ideal-sniffle\src\libraries\System.Runtime.Intrinsics\src\System.Runtime.Intrinsics.csproj (in 3 ms).
  Restored C:\Users\konradkokosa\.copilot\repos\copilot-worktrees\runtime-fork\kkokosa-ideal-sniffle\src\libraries\System.Runtime.Loader\src\System.Runtime.Loader.csproj (in 3 ms).
  Restored C:\Users\konradkokosa\.copilot\repos\copilot-worktrees\runtime-fork\kkokosa-ideal-sniffle\src\libraries\System.Runtime.Loader\ref\System.Runtime.Loader.csproj (in 2 ms).
  Restored C:\Users\konradkokosa\.copilot\repos\copilot-worktrees\runtime-fork\kkokosa-ideal-sniffle\src\libraries\System.Runtime.Intrinsics\ref\System.Runtime.Intrinsics.csproj (in 9 ms).
  Restored C:\Users\konradkokosa\.copilot\repos\copilot-worktrees\runtime-fork\kkokosa-ideal-sniffle\src\libraries\System.Security.Cryptography.Pkcs\src\System.Security.Cryptography.Pkcs.csproj (in 22 ms).
  Restored C:\Users\konradkokosa\.copilot\repos\copilot-worktrees\runtime-fork\kkokosa-ideal-sniffle\src\libraries\System.Runtime.Serialization.Xml\src\System.Runtime.Serialization.Xml.csproj (in 59 ms).
  Restored C:\Users\konradkokosa\.copilot\repos\copilot-worktrees\runtime-fork\kkokosa-ideal-sniffle\src\libraries\System.Net.Mail\src\System.Net.Mail.csproj (in 144 ms).
  Restored C:\Users\konradkokosa\.copilot\repos\copilot-worktrees\runtime-fork\kkokosa-ideal-sniffle\src\libraries\System.Runtime.Serialization.Schema\ref\System.Runtime.Serialization.Schema.csproj (in 93 ms).
  Restored C:\Users\konradkokosa\.copilot\repos\copilot-worktrees\runtime-fork\kkokosa-ideal-sniffle\src\libraries\System.Security.Cryptography.Xml\src\System.Security.Cryptography.Xml.csproj (in 55 ms).
  Restored C:\Users\konradkokosa\.copilot\repos\copilot-worktrees\runtime-fork\kkokosa-ideal-sniffle\src\libraries\System.Runtime.InteropServices\src\System.Runtime.InteropServices.csproj (in 3 ms).
  Restored C:\Users\konradkokosa\.copilot\repos\copilot-worktrees\runtime-fork\kkokosa-ideal-sniffle\src\libraries\System.Net.Quic\src\System.Net.Quic.csproj (in 344 ms).
  Restored C:\Users\konradkokosa\.copilot\repos\copilot-worktrees\runtime-fork\kkokosa-ideal-sniffle\src\libraries\System.Runtime.Serialization.Json\src\System.Runtime.Serialization.Json.csproj (in 104 ms).
  Restored C:\Users\konradkokosa\.copilot\repos\copilot-worktrees\runtime-fork\kkokosa-ideal-sniffle\src\libraries\System.Security.Cryptography.Xml\ref\System.Security.Cryptography.Xml.csproj (in 8 ms).
  installer.tasks -> C:\Users\konradkokosa\.copilot\repos\copilot-worktrees\runtime-fork\kkokosa-ideal-sniffle\artifacts\bin\installer.tasks\Debug\installer.tasks.dll
  HelixTestTasks -> C:\Users\konradkokosa\.copilot\repos\copilot-worktrees\runtime-fork\kkokosa-ideal-sniffle\artifacts\bin\HelixTestTasks\Debug\net11.0\HelixTestTasks.dll
  Crossgen2Tasks -> C:\Users\konradkokosa\.copilot\repos\copilot-worktrees\runtime-fork\kkokosa-ideal-sniffle\artifacts\bin\Crossgen2Tasks\Debug\Crossgen2Tasks.dll
  ILLink.RoslynAnalyzer -> C:\Users\konradkokosa\.copilot\repos\copilot-worktrees\runtime-fork\kkokosa-ideal-sniffle\artifacts\bin\ILLink.RoslynAnalyzer\Debug\netstandard2.0\ILLink.RoslynAnalyzer.dll
  ILLink.CodeFixProvider -> C:\Users\konradkokosa\.copilot\repos\copilot-worktrees\runtime-fork\kkokosa-ideal-sniffle\artifacts\bin\ILLink.CodeFixProvider\Debug\netstandard2.0\ILLink.CodeFixProvider.dll
  Mono.Linker -> C:\Users\konradkokosa\.copilot\repos\copilot-worktrees\runtime-fork\kkokosa-ideal-sniffle\artifacts\bin\Mono.Linker\ref\Debug\net11.0\illink.dll
  Mono.Linker -> C:\Users\konradkokosa\.copilot\repos\copilot-worktrees\runtime-fork\kkokosa-ideal-sniffle\artifacts\bin\Mono.Linker\Debug\net11.0\illink.dll
  ILLink.Tasks -> C:\Users\konradkokosa\.copilot\repos\copilot-worktrees\runtime-fork\kkokosa-ideal-sniffle\artifacts\bin\ILLink.Tasks\Debug\net\ILLink.Tasks.dll
  System.Private.CoreLib.Generators -> C:\Users\konradkokosa\.copilot\repos\copilot-worktrees\runtime-fork\kkokosa-ideal-sniffle\artifacts\bin\System.Private.CoreLib.Generators\Debug\netstandard2.0\System.Private.CoreLib.Generators.dll
  System.Private.CoreLib -> C:\Users\konradkokosa\.copilot\repos\copilot-worktrees\runtime-fork\kkokosa-ideal-sniffle\artifacts\bin\System.Private.CoreLib\ref\Debug\net11.0\System.Private.CoreLib.dll
  EventSourceGenerator -> C:\Users\konradkokosa\.copilot\repos\copilot-worktrees\runtime-fork\kkokosa-ideal-sniffle\artifacts\bin\EventSourceGenerator\Debug\netstandard2.0\EventSourceGenerator.dll
  Microsoft.Interop.SourceGeneration -> C:\Users\konradkokosa\.copilot\repos\copilot-worktrees\runtime-fork\kkokosa-ideal-sniffle\artifacts\bin\Microsoft.Interop.SourceGeneration\Debug\netstandard2.0\Microsoft.Interop.SourceGeneration.dll
  LibraryImportGenerator -> C:\Users\konradkokosa\.copilot\repos\copilot-worktrees\runtime-fork\kkokosa-ideal-sniffle\artifacts\bin\LibraryImportGenerator\Debug\netstandard2.0\Microsoft.Interop.LibraryImportGenerator.dll
  System.Private.CoreLib -> C:\Users\konradkokosa\.copilot\repos\copilot-worktrees\runtime-fork\kkokosa-ideal-sniffle\artifacts\bin\coreclr\windows.x64.Debug\IL\System.Private.CoreLib.dll
  cdac-build-tool -> C:\Users\konradkokosa\.copilot\repos\copilot-worktrees\runtime-fork\kkokosa-ideal-sniffle\artifacts\bin\coreclr\windows.x64.Debug\cdac-build-tool\cdac-build-tool.dll
  Executing "C:\Users\konradkokosa\.copilot\repos\copilot-worktrees\runtime-fork\kkokosa-ideal-sniffle\src\coreclr\build-runtime.cmd" -x64 -debug -os windows -targetrid win-x64 -cmakeargs "-DCLR_DOTNET_RID=win-x64" -cmakeargs "-DCLR_DOTNET_HOST_PATH='C:\Users\konradkokosa\.copilot\repos\copilot-worktrees\runtime-fork\kkokosa-ideal-sniffle\.dotnet\dotnet.exe'" -cmakeargs "-DCDAC_BUILD_TOOL_BINARY_PATH=C:\Users\konradkokosa\.copilot\repos\copilot-worktrees\runtime-fork\kkokosa-ideal-sniffle\artifacts\bin\coreclr\windows.x64.Debug\cdac-build-tool\cdac-build-tool.dll" -cmakeargs "-DFEATURE_DYNAMIC_CODE_COMPILED=1" -cmakeargs "-DCLI_CMAKE_COMMIT_HASH=2f49bf4340822439a031d91786398a379668b25e" 
  BUILD: Starting Build at 13:25:52.89
  'vswhere.exe' is not recognized as an internal or external command,
  operable program or batch file.
  BUILD: Commencing CoreCLR product build
  BUILD: Checking prerequisites
  BUILD: Using CMake from C:\Program Files\Microsoft Visual Studio\18\IntPreview\Common7\IDE\CommonExtensions\Microsoft\CMake\CMake\bin\cmake.exe
  BUILD: Commencing build of native components for windows.x64.Debug
  BUILD: Using environment: "C:\Program Files\Microsoft Visual Studio\18\IntPreview\VC\Auxiliary\Build\vcvarsall.bat" amd64
  'vswhere.exe' is not recognized as an internal or external command,
  operable program or batch file.
  **********************************************************************
  ** Visual Studio 2026 Developer Command Prompt v18.0
  ** Copyright (c) 2026 Microsoft Corporation
  **********************************************************************
  [vcvarsall.bat] Environment initialized for: 'x64'
  BUILD: Regenerating the Visual Studio solution
  Calling "C:\Users\konradkokosa\.copilot\repos\copilot-worktrees\runtime-fork\kkokosa-ideal-sniffle\eng\native\gen-buildsys.cmd" "C:\Users\konradkokosa\.copilot\repos\copilot-worktrees\runtime-fork\kkokosa-ideal-sniffle\src\coreclr" "C:\Users\konradkokosa\.copilot\repos\copilot-worktrees\runtime-fork\kkokosa-ideal-sniffle\artifacts\obj\coreclr\windows.x64.Debug" 18.0 x64 windows "-DCMAKE_BUILD_TYPE=Debug" "-DCLR_CMAKE_TARGET_ARCH=x64" "-DCLR_CMAKE_TARGET_OS=windows" "-DCLI_CMAKE_FALLBACK_OS=win10" "-DCLR_CMAKE_PGO_INSTRUMENT=0" "-DCLR_CMAKE_OPTDATA_PATH=" "-DCLR_CMAKE_PGO_OPTIMIZE=0" "-DCLI_CMAKE_COMMIT_HASH=2f49bf4340822439a031d91786398a379668b25e" "-DFEATURE_DYNAMIC_CODE_COMPILED=1" "-DCDAC_BUILD_TOOL_BINARY_PATH=C:\Users\konradkokosa\.copilot\repos\copilot-worktrees\runtime-fork\kkokosa-ideal-sniffle\artifacts\bin\coreclr\windows.x64.Debug\cdac-build-tool\cdac-build-tool.dll" "-DCLR_DOTNET_HOST_PATH='C:\Users\konradkokosa\.copilot\repos\copilot-worktrees\runtime-fork\kkokosa-ideal-sniffle\.dotnet\dotnet.exe'" "-DCLR_DOTNET_RID=win-x64" 
   "C:\Program Files\Microsoft Visual Studio\18\IntPreview\Common7\IDE\CommonExtensions\Microsoft\CMake\CMake\bin\cmake.exe "-DCMAKE_INSTALL_PREFIX=C:/Users/konradkokosa/.copilot/repos/copilot-worktrees/runtime-fork/kkokosa-ideal-sniffle/artifacts/bin/coreclr/windows.x64.Debug" "-DCLR_CMAKE_HOST_ARCH=x64"   "-DCMAKE_SYSTEM_VERSION=10.0" "-DCMAKE_BUILD_TYPE=Debug" "-DCLR_CMAKE_TARGET_ARCH=x64" "-DCLR_CMAKE_TARGET_OS=windows" "-DCLI_CMAKE_FALLBACK_OS=win10" "-DCLR_CMAKE_PGO_INSTRUMENT=0" "-DCLR_CMAKE_OPTDATA_PATH=" "-DCLR_CMAKE_PGO_OPTIMIZE=0" "-DCLI_CMAKE_COMMIT_HASH=2f49bf4340822439a031d91786398a379668b25e" "-DFEATURE_DYNAMIC_CODE_COMPILED=1" "-DCDAC_BUILD_TOOL_BINARY_PATH=C:\Users\konradkokosa\.copilot\repos\copilot-worktrees\runtime-fork\kkokosa-ideal-sniffle\artifacts\bin\coreclr\windows.x64.Debug\cdac-build-tool\cdac-build-tool.dll" "-DCLR_DOTNET_HOST_PATH='C:\Users\konradkokosa\.copilot\repos\copilot-worktrees\runtime-fork\kkokosa-ideal-sniffle\.dotnet\dotnet.exe'" "-DCLR_DOTNET_RID=win-x64" --no-warn-unused-cli -G Ninja -B "C:\Users\konradkokosa\.copilot\repos\copilot-worktrees\runtime-fork\kkokosa-ideal-sniffle\artifacts\obj\coreclr\windows.x64.Debug" -S "C:\Users\konradkokosa\.copilot\repos\copilot-worktrees\runtime-fork\kkokosa-ideal-sniffle\src\coreclr""
  Not searching for unused variables given on the command line.
  -- The C compiler identification is MSVC 19.51.36252.0
  -- The CXX compiler identification is MSVC 19.51.36252.0
  -- Detecting C compiler ABI info
  -- Detecting C compiler ABI info - done
  -- Check for working C compiler: C:/Program Files/Microsoft Visual Studio/18/IntPreview/VC/Tools/MSVC/14.51.36231/bin/Hostx64/x64/cl.exe - skipped
  -- Detecting C compile features
  -- Detecting C compile features - done
  -- Detecting CXX compiler ABI info
  -- Detecting CXX compiler ABI info - done
  -- Check for working CXX compiler: C:/Program Files/Microsoft Visual Studio/18/IntPreview/VC/Tools/MSVC/14.51.36231/bin/Hostx64/x64/cl.exe - skipped
  -- Detecting CXX compile features
  -- Detecting CXX compile features - done
  -- The ASM_MASM compiler identification is MSVC
  -- Found assembler: C:/Program Files/Microsoft Visual Studio/18/IntPreview/VC/Tools/MSVC/14.51.36231/bin/Hostx64/x64/ml64.exe
  -- Performing Test HAVE_DIRENT_D_TYPE
  -- Performing Test HAVE_DIRENT_D_TYPE - Failed
  -- Looking for getauxval
  -- Looking for getauxval - not found
  -- Looking for include file GSS/GSS.h
  -- Looking for include file GSS/GSS.h - not found
  -- Using CMake version 4.3.1-msvc1
  -- ZLIB_HEADER_VERSION: 1.3.1
  -- ZLIBNG_HEADER_VERSION: 2.2.5
  -- Arch detected: 'x86_64'
  -- Basearch of 'x86_64' has been detected as: 'x86'
  -- Looking for arm_acle.h
  -- Looking for arm_acle.h - not found
  -- Looking for sys/auxv.h
  -- Looking for sys/auxv.h - not found
  -- Looking for sys/sdt.h
  -- Looking for sys/sdt.h - not found
  -- Looking for unistd.h
  -- Looking for unistd.h - not found
  -- Looking for linux/auxvec.h
  -- Looking for linux/auxvec.h - not found
  -- Looking for sys/types.h
  -- Looking for sys/types.h - found
  -- Looking for stdint.h
  -- Looking for stdint.h - found
  -- Looking for stddef.h
  -- Looking for stddef.h - found
  -- Check size of off64_t
  -- Check size of off64_t - failed
  -- Check size of _off64_t
  -- Check size of _off64_t - failed
  -- Check size of __off64_t
  -- Check size of __off64_t - failed
  -- Looking for fseeko
  -- Looking for fseeko - not found
  -- Looking for strerror
  -- Looking for strerror - found
  -- Looking for posix_memalign
  -- Looking for posix_memalign - not found
  -- Looking for aligned_alloc
  -- Looking for aligned_alloc - not found
  -- Performing Test HAVE_NO_INTERPOSITION
  -- Performing Test HAVE_NO_INTERPOSITION - Failed
  -- Performing Test HAVE_ATTRIBUTE_VISIBILITY_HIDDEN
  -- Performing Test HAVE_ATTRIBUTE_VISIBILITY_HIDDEN - Failed
  -- Performing Test HAVE_ATTRIBUTE_VISIBILITY_INTERNAL
  -- Performing Test HAVE_ATTRIBUTE_VISIBILITY_INTERNAL - Failed
  -- Performing Test HAVE_ATTRIBUTE_ALIGNED
  -- Performing Test HAVE_ATTRIBUTE_ALIGNED - Failed
  -- Performing Test HAVE_BUILTIN_ASSUME_ALIGNED
  -- Performing Test HAVE_BUILTIN_ASSUME_ALIGNED - Success
  -- Performing Test HAVE_BUILTIN_CTZ
  -- Performing Test HAVE_BUILTIN_CTZ - Failed
  -- Performing Test HAVE_BUILTIN_CTZLL
  -- Performing Test HAVE_BUILTIN_CTZLL - Failed
  -- Performing Test HAVE_PTRDIFF_T
  -- Performing Test HAVE_PTRDIFF_T - Success
  -- Performing Test HAVE_XSAVE_INTRIN
  -- Performing Test HAVE_XSAVE_INTRIN - Success
  -- Performing Test HAVE_SSE2_INTRIN
  -- Performing Test HAVE_SSE2_INTRIN - Success
  -- Performing Test HAVE_SSSE3_INTRIN
  -- Performing Test HAVE_SSSE3_INTRIN - Success
  -- Performing Test HAVE_SSE42_INTRIN
  -- Performing Test HAVE_SSE42_INTRIN - Success
  -- Performing Test HAVE_PCLMULQDQ_INTRIN
  -- Performing Test HAVE_PCLMULQDQ_INTRIN - Success
  -- Performing Test HAVE_AVX2_INTRIN
  -- Performing Test HAVE_AVX2_INTRIN - Success
  -- Performing Test HAVE_AVX512_INTRIN
  -- Performing Test HAVE_AVX512_INTRIN - Success
  -- Performing Test HAVE_AVX512VNNI_INTRIN
  -- Performing Test HAVE_AVX512VNNI_INTRIN - Success
  -- Performing Test HAVE_VPCLMULQDQ_INTRIN
  -- Performing Test HAVE_VPCLMULQDQ_INTRIN - Success
  -- Architecture-specific source files: arch/x86/x86_features.c;arch/x86/chunkset_sse2.c;arch/x86/compare256_sse2.c;arch/x86/slide_hash_sse2.c;arch/x86/adler32_ssse3.c;arch/x86/chunkset_ssse3.c;arch/x86/adler32_sse42.c;arch/x86/crc32_pclmulqdq.c;arch/x86/slide_hash_avx2.c;arch/x86/chunkset_avx2.c;arch/x86/compare256_avx2.c;arch/x86/adler32_avx2.c;arch/x86/adler32_avx512.c;arch/x86/chunkset_avx512.c;arch/x86/adler32_avx512_vnni.c;arch/x86/crc32_vpclmulqdq.c
  -- The following features have been enabled:
  
   * CMAKE_BUILD_TYPE, Build type: Debug (selected)
   * XSAVE, Support XSAVE intrinsics using ""
   * SSSE3_ADLER32, Support SSSE3-accelerated adler32, using ""
   * SSE42_CRC, Support SSE4.2 optimized adler32 hash generation, using ""
   * PCLMUL_CRC, Support CRC hash generation using PCLMULQDQ, using " "
   * AVX2_SLIDEHASH, Support AVX2 optimized slide_hash, using "/arch:AVX2"
   * AVX2_CHUNKSET, Support AVX2 optimized chunkset, using "/arch:AVX2"
   * AVX2_COMPARE256, Support AVX2 optimized compare256, using "/arch:AVX2"
   * AVX2_ADLER32, Support AVX2-accelerated adler32, using "/arch:AVX2"
   * AVX512_ADLER32, Support AVX512-accelerated adler32, using "/arch:AVX512"
   * AVX512_CHUNKSET, Support AVX512 optimized chunkset, using "/arch:AVX512"
   * AVX512VNNI_ADLER32, Support AVX512VNNI adler32, using "/arch:AVX512"
   * VPCLMUL_CRC, Support CRC hash generation using VPCLMULQDQ, using "  /arch:AVX512"
   * WITH_GZFILEOP, Compile with support for gzFile related functions
   * ZLIB_COMPAT, Compile with zlib compatible API
   * WITH_SANITIZER, Enable sanitizer support
   * WITH_GTEST, Build gtest_zlib
   * WITH_OPTIM, Build with optimisation
   * WITH_NEW_STRATEGIES, Use new strategies
   * WITH_RUNTIME_CPU_DETECTION, Build with runtime CPU detection
   * WITH_AVX2, Build with AVX2
   * WITH_AVX512, Build with AVX512
   * WITH_AVX512VNNI, Build with AVX512 VNNI
   * WITH_SSE2, Build with SSE2
   * WITH_SSSE3, Build with SSSE3
   * WITH_SSE42, Build with SSE42
   * WITH_PCLMULQDQ, Build with PCLMULQDQ
   * WITH_VPCLMULQDQ, Build with VPCLMULQDQ
  
  -- The following features have been disabled:
  
   * ZLIB_SYMBOL_PREFIX, Publicly exported symbols DO NOT have a custom prefix
   * ZLIB_ENABLE_TESTS, Build test binaries
   * ZLIBNG_ENABLE_TESTS, Test zlib-ng specific API
   * WITH_FUZZERS, Build test/fuzz
   * WITH_BENCHMARKS, Build test/benchmarks
   * WITH_BENCHMARK_APPS, Build application benchmarks
   * WITH_NATIVE_INSTRUCTIONS, Instruct the compiler to use the full instruction set on this host (gcc/clang -march=native)
   * WITH_MAINTAINER_WARNINGS, Build with project maintainer warnings
   * WITH_CODE_COVERAGE, Enable code coverage reporting
   * WITH_INFLATE_STRICT, Build with strict inflate distance checking
   * WITH_INFLATE_ALLOW_INVALID_DIST, Build with zero fill for inflate invalid distances
   * INSTALL_UTILS, Copy minigzip and minideflate during install
  
  -- Build type is 'Debug'
  -- Performing Test BROTLI_EMSCRIPTEN
  -- Performing Test BROTLI_EMSCRIPTEN - Failed
  -- Compiler is not EMSCRIPTEN
  -- Looking for log2
  -- Looking for log2 - not found
  -- Looking for log2
  -- Looking for log2 - not found
  -- ZSTD VERSION: 1.5.7
  -- Performing Test C_FLAG_D_UNICODE
  -- Performing Test C_FLAG_D_UNICODE - Success
  -- Performing Test CXX_FLAG_D_UNICODE
  -- Performing Test CXX_FLAG_D_UNICODE - Success
  -- Performing Test C_FLAG_DUNICODE
  -- Performing Test C_FLAG_DUNICODE - Success
  -- Performing Test CXX_FLAG_DUNICODE
  -- Performing Test CXX_FLAG_DUNICODE - Success
  -- Performing Test C_FLAG_DDEBUGLEVEL_1
  -- Performing Test C_FLAG_DDEBUGLEVEL_1 - Success
  -- Performing Test CXX_FLAG_DDEBUGLEVEL_1
  -- Performing Test CXX_FLAG_DDEBUGLEVEL_1 - Success
  -- CMAKE_INSTALL_PREFIX: C:/Users/konradkokosa/.copilot/repos/copilot-worktrees/runtime-fork/kkokosa-ideal-sniffle/artifacts/bin/coreclr/windows.x64.Debug
  -- CMAKE_INSTALL_LIBDIR: lib
  -- ZSTD_LEGACY_SUPPORT not defined!
  -- ZSTD_MULTITHREAD_SUPPORT is disabled
  -- Looking for sys/socket.h
  -- Looking for sys/socket.h - not found
  -- Looking for accept4
  -- Looking for accept4 - not found
  -- Looking for linux/user_events.h
  -- Looking for linux/user_events.h - not found
  -- Looking for sys/ioctl.h
  -- Looking for sys/ioctl.h - not found
  -- Looking for sys/syscall.h
  -- Looking for sys/syscall.h - not found
  -- Looking for sys/uio.h
  -- Looking for sys/uio.h - not found
  -- Looking for errno.h
  -- Looking for errno.h - found
  -- Looking for sys/mman.h
  -- Looking for sys/mman.h - not found
  -- Looking for __NR_memfd_create
  -- Looking for __NR_memfd_create - not found
  -- Looking for include files windows.h, bcrypt.h
  -- Looking for include files windows.h, bcrypt.h - found
  -- Looking for include files sys/auxv.h, asm/hwcap.h
  -- Looking for include files sys/auxv.h, asm/hwcap.h - not found
  -- Looking for include file asm/hwprobe.h
  -- Looking for include file asm/hwprobe.h - not found
  -- Looking for include file sys/resource.h
  -- Looking for include file sys/resource.h - not found
  -- Looking for sysctlbyname
  -- Looking for sysctlbyname - not found
  -- Looking for fsync
  -- Looking for fsync - not found
  -- Looking for elf_aux_info
  -- Looking for elf_aux_info - not found
  -- Looking for arc4random_buf
  -- Looking for arc4random_buf - not found
  -- Looking for getrandom
  -- Looking for getrandom - not found
  -- Looking for getentropy
  -- Looking for getentropy - not found
  -- Looking for O_CLOEXEC
  -- Looking for O_CLOEXEC - not found
  -- Looking for CLOCK_MONOTONIC_COARSE
  -- Looking for CLOCK_MONOTONIC_COARSE - not found
  -- Looking for clock_gettime_nsec_np
  -- Looking for clock_gettime_nsec_np - not found
  -- Found Python: C:/Users/konradkokosa/AppData/Local/Programs/Python/Python312/python.exe (found version "3.12.10") found components: Interpreter
  Read file version from native version header at 'C:/Users/konradkokosa/.copilot/repos/copilot-worktrees/runtime-fork/kkokosa-ideal-sniffle/artifacts/obj/_version.h'.
  -- Configuring done (42.3s)
  CMake Warning in nativeaot/Runtime/datadescriptor/CMakeLists.txt:
    The object file directory
  
      C:/Users/konradkokosa/.copilot/repos/copilot-worktrees/runtime-fork/kkokosa-ideal-sniffle/artifacts/obj/coreclr/windows.x64.Debug/nativeaot/Runtime/datadescriptor/CMakeFiles/nativeaot_cdac_contract_descriptor.dir/./
  
    has 215 characters.  The maximum full path to an object file is 250
    characters (see CMAKE_OBJECT_PATH_MAX).  Object file
  
      61675f368e131b97f1ce7dcb1d81a6ca/contract-descriptor.c.obj
  
    cannot be safely placed under this directory.  The build may not work
    correctly.
  
  
  CMake Warning in nativeaot/Runtime/datadescriptor/CMakeLists.txt:
    The object file directory
  
      C:/Users/konradkokosa/.copilot/repos/copilot-worktrees/runtime-fork/kkokosa-ideal-sniffle/artifacts/obj/coreclr/windows.x64.Debug/nativeaot/Runtime/datadescriptor/CMakeFiles/nativeaot_gc_wks_descriptor.dir/./
  
    has 208 characters.  The maximum full path to an object file is 250
    characters (see CMAKE_OBJECT_PATH_MAX).  Object file
  
      cdac-nativeaot_gc_wks_descriptor/contract-descriptor.c.obj
  
    cannot be safely placed under this directory.  The build may not work
    correctly.
  
  
  CMake Warning in nativeaot/Runtime/datadescriptor/CMakeLists.txt:
    The object file directory
  
      C:/Users/konradkokosa/.copilot/repos/copilot-worktrees/runtime-fork/kkokosa-ideal-sniffle/artifacts/obj/coreclr/windows.x64.Debug/nativeaot/Runtime/datadescriptor/CMakeFiles/nativeaot_gc_svr_descriptor.dir/./
  
    has 208 characters.  The maximum full path to an object file is 250
    characters (see CMAKE_OBJECT_PATH_MAX).  Object file
  
      cdac-nativeaot_gc_svr_descriptor/contract-descriptor.c.obj
  
    cannot be safely placed under this directory.  The build may not work
    correctly.
  
  
  CMake Warning in nativeaot/Runtime/eventpipe/CMakeLists.txt:
    The object file directory
  
      C:/Users/konradkokosa/.copilot/repos/copilot-worktrees/runtime-fork/kkokosa-ideal-sniffle/artifacts/obj/coreclr/windows.x64.Debug/nativeaot/Runtime/eventpipe/CMakeFiles/eventpipe-shared-objects.dir/./
  
    has 200 characters.  The maximum full path to an object file is 250
    characters (see CMAKE_OBJECT_PATH_MAX).  Object file
  
      21a0c4d7e8e87692960d37343db8e254/ds-dump-protocol.c.obj
  
    cannot be safely placed under this directory.  The build may not work
    correctly.
  
  
  CMake Warning in tools/superpmi/superpmi-shim-collector/CMakeLists.txt:
    The object file directory
  
      C:/Users/konradkokosa/.copilot/repos/copilot-worktrees/runtime-fork/kkokosa-ideal-sniffle/artifacts/obj/coreclr/windows.x64.Debug/tools/superpmi/superpmi-shim-collector/CMakeFiles/superpmi-shim-collector.dir/./
  
    has 210 characters.  The maximum full path to an object file is 250
    characters (see CMAKE_OBJECT_PATH_MAX).  Object file
  
      __/superpmi-shared/methodcontextreader.cpp.obj
  
    cannot be safely placed under this directory.  The build may not work
    correctly.
  
  
  CMake Warning in tools/superpmi/superpmi-shim-counter/CMakeLists.txt:
    The object file directory
  
      C:/Users/konradkokosa/.copilot/repos/copilot-worktrees/runtime-fork/kkokosa-ideal-sniffle/artifacts/obj/coreclr/windows.x64.Debug/tools/superpmi/superpmi-shim-counter/CMakeFiles/superpmi-shim-counter.dir/./
  
    has 206 characters.  The maximum full path to an object file is 250
    characters (see CMAKE_OBJECT_PATH_MAX).  Object file
  
      __/superpmi-shared/methodcontextreader.cpp.obj
  
    cannot be safely placed under this directory.  The build may not work
    correctly.
  
  
  CMake Warning in nativeaot/Runtime/datadescriptor/CMakeLists.txt:
    The object file directory
  
      C:/Users/konradkokosa/.copilot/repos/copilot-worktrees/runtime-fork/kkokosa-ideal-sniffle/artifacts/obj/coreclr/windows.x64.Debug/nativeaot/Runtime/datadescriptor/CMakeFiles/nativeaot_cdac_contract_descriptor_temp.dir/./
  
    has 220 characters.  The maximum full path to an object file is 250
    characters (see CMAKE_OBJECT_PATH_MAX).  Object file
  
      d19bd3a15454e9bb70b8985eb45cedaf/datadescriptor.cpp.obj
  
    cannot be safely placed under this directory.  The build may not work
    correctly.
  
  
  CMake Warning in C:/Users/konradkokosa/.copilot/repos/copilot-worktrees/runtime-fork/kkokosa-ideal-sniffle/src/native/corehost/apphost/static/CMakeLists.txt:
    The object file directory
  
      C:/Users/konradkokosa/.copilot/repos/copilot-worktrees/runtime-fork/kkokosa-ideal-sniffle/artifacts/obj/coreclr/windows.x64.Debug/Corehost.Static/CMakeFiles/singlefilehost.dir/./
  
    has 178 characters.  The maximum full path to an object file is 250
    characters (see CMAKE_OBJECT_PATH_MAX).  Object file
  
      __/dlls/mscoree/coreclr/Debug/dump_helper_resource_embedded_minidump_provider.rc.res
  
    cannot be safely placed under this directory.  The build may not work
    correctly.
  
  
  CMake Warning in nativeaot/Runtime/Full/CMakeLists.txt:
    The object file directory
  
      C:/Users/konradkokosa/.copilot/repos/copilot-worktrees/runtime-fork/kkokosa-ideal-sniffle/artifacts/obj/coreclr/windows.x64.Debug/nativeaot/Runtime/Full/CMakeFiles/Runtime.VxsortEnabled.dir/./
  
    has 192 characters.  The maximum full path to an object file is 250
    characters (see CMAKE_OBJECT_PATH_MAX).  Object file
  
      __/__/__/gc/vxsort/smallsort/bitonic_sort.AVX512.int64_t.generated.cpp.obj
  
    cannot be safely placed under this directory.  The build may not work
    correctly.
  
  
  -- Generating done (4.6s)
  -- Build files have been written to: C:/Users/konradkokosa/.copilot/repos/copilot-worktrees/runtime-fork/kkokosa-ideal-sniffle/artifacts/obj/coreclr/windows.x64.Debug
  running "C:\Program Files\Microsoft Visual Studio\18\IntPreview\Common7\IDE\CommonExtensions\Microsoft\CMake\CMake\bin\cmake.exe" --build C:\Users\konradkokosa\.copilot\repos\copilot-worktrees\runtime-fork\kkokosa-ideal-sniffle\artifacts\obj\coreclr\windows.x64.Debug --target install --config Debug -- 
  [1/2661] Building C object shared_minipal\CMakeFiles\minipal_objects.dir\descriptorlimit.c.obj
  [2/2661] Building C object shared_minipal\CMakeFiles\minipal_objects.dir\xoshiro128pp.c.obj
  [3/2661] Building C object shared_minipal\CMakeFiles\minipal_objects.dir\unicodedata.c.obj
  [4/2661] Building C object shared_minipal\CMakeFiles\minipal_objects.dir\utf8.c.obj
  [5/2661] Building C object shared_minipal\CMakeFiles\minipal_objects.dir\strings.c.obj
  [6/2661] Building C object shared_minipal\CMakeFiles\minipal_objects.dir\memorybarrierprocesswide.c.obj
  [7/2661] Building C object shared_minipal\CMakeFiles\minipal_objects.dir\time.c.obj
  [8/2661] Building C object shared_minipal\CMakeFiles\minipal_objects.dir\guid.c.obj
  [9/2661] Building C object shared_minipal\CMakeFiles\minipal_objects.dir\log.c.obj
  [10/2661] Building C object shared_minipal\CMakeFiles\minipal_objects.dir\debugger.c.obj
  [11/2661] Building C object shared_minipal\CMakeFiles\minipal_objects.dir\random.c.obj
  [12/2661] Building C object shared_minipal\CMakeFiles\minipal_objects.dir\mutex.c.obj
  [13/2661] Building CXX object minipal\Windows\CMakeFiles\coreclrminipal.dir\doublemapping.cpp.obj
  [14/2661] Building CXX object minipal\Windows\CMakeFiles\coreclrminipal.dir\dn-stdio.cpp.obj
  [15/2661] Building C object shared_minipal\CMakeFiles\minipal_objects.dir\cpufeatures.c.obj
  [16/2661] Building CXX object minipal\Windows\CMakeFiles\coreclrminipal.dir\memory.cpp.obj
  [17/2661] Building CXX object minipal\Windows\CMakeFiles\coreclrminipal.dir\dn-u16.cpp.obj
  [18/2661] Building C object containers\CMakeFiles\dn-containers.dir\dn-allocator.c.obj
  [19/2661] Building C object containers\CMakeFiles\dn-containers.dir\dn-fwd-list.c.obj
  [20/2661] Linking C static library shared_minipal\minipal.lib
  [21/2661] Generating eventprovider.timestamp
  [22/2661] Building C object containers\CMakeFiles\dn-containers.dir\dn-list.c.obj
  [23/2661] Building C object containers\CMakeFiles\dn-containers.dir\dn-queue.c.obj
  [24/2661] Building C object containers\CMakeFiles\dn-containers.dir\dn-umap.c.obj
  [25/2661] Linking CXX static library minipal\Windows\coreclrminipal.lib
  [26/2661] Building C object containers\CMakeFiles\dn-containers.dir\dn-vector.c.obj
  [27/2661] Building C object containers\CMakeFiles\dn-containers.dir\dn-simdhash.c.obj
  [28/2661] Building C object containers\CMakeFiles\dn-containers.dir\dn-simdhash-string-ptr.c.obj
  [29/2661] Building CXX object debug\dbgutil\CMakeFiles\dbgutil.dir\dbgutil.cpp.obj
  [30/2661] Building C object containers\CMakeFiles\dn-containers.dir\dn-simdhash-u32-ptr.c.obj
  [31/2661] Compiling corprof.idl
  64 bit Processing C:\Users\konradkokosa\.copilot\repos\copilot-worktrees\runtime-fork\kkokosa-ideal-sniffle\src\coreclr\inc\corprof.idl
  corprof.idl
  64 bit Processing C:\Program Files (x86)\Windows Kits\10\\include\10.0.28000.0\\um\unknwn.idl
  unknwn.idl
  64 bit Processing C:\Program Files (x86)\Windows Kits\10\\include\10.0.28000.0\\shared\wtypes.idl
  wtypes.idl
  64 bit Processing C:\Program Files (x86)\Windows Kits\10\\include\10.0.28000.0\\shared\wtypesbase.idl
  wtypesbase.idl
  64 bit Processing C:\Program Files (x86)\Windows Kits\10\\include\10.0.28000.0\\shared\basetsd.h
  basetsd.h
  64 bit Processing C:\Program Files (x86)\Windows Kits\10\\include\10.0.28000.0\\shared\guiddef.h
  guiddef.h
  [32/2661] Compiling dacdbi.idl
  64 bit Processing C:\Users\konradkokosa\.copilot\repos\copilot-worktrees\runtime-fork\kkokosa-ideal-sniffle\src\coreclr\inc\dacdbi.idl
  dacdbi.idl
  64 bit Processing C:\Program Files (x86)\Windows Kits\10\\include\10.0.28000.0\\um\unknwn.idl
  unknwn.idl
  64 bit Processing C:\Program Files (x86)\Windows Kits\10\\include\10.0.28000.0\\shared\wtypes.idl
  wtypes.idl
  64 bit Processing C:\Program Files (x86)\Windows Kits\10\\include\10.0.28000.0\\shared\wtypesbase.idl
  wtypesbase.idl
  64 bit Processing C:\Program Files (x86)\Windows Kits\10\\include\10.0.28000.0\\shared\basetsd.h
  basetsd.h
  64 bit Processing C:\Program Files (x86)\Windows Kits\10\\include\10.0.28000.0\\shared\guiddef.h
  guiddef.h
  [33/2661] Compiling xclrdata.idl
  64 bit Processing C:\Users\konradkokosa\.copilot\repos\copilot-worktrees\runtime-fork\kkokosa-ideal-sniffle\src\coreclr\inc\xclrdata.idl
  xclrdata.idl
  64 bit Processing C:/Users/konradkokosa/.copilot/repos/copilot-worktrees/runtime-fork/kkokosa-ideal-sniffle/src/coreclr/inc\clrdata.idl
  clrdata.idl
  64 bit Processing C:\Program Files (x86)\Windows Kits\10\\include\10.0.28000.0\\um\unknwn.idl
  unknwn.idl
  64 bit Processing C:\Program Files (x86)\Windows Kits\10\\include\10.0.28000.0\\shared\wtypes.idl
  wtypes.idl
  64 bit Processing C:\Program Files (x86)\Windows Kits\10\\include\10.0.28000.0\\shared\wtypesbase.idl
  wtypesbase.idl
  64 bit Processing C:\Program Files (x86)\Windows Kits\10\\include\10.0.28000.0\\shared\basetsd.h
  basetsd.h
  64 bit Processing C:\Program Files (x86)\Windows Kits\10\\include\10.0.28000.0\\shared\guiddef.h
  guiddef.h
  [34/2661] Building C object containers\CMakeFiles\dn-containers.dir\dn-simdhash-ght-compatible.c.obj
  [35/2661] Building C object containers\CMakeFiles\dn-containers.dir\dn-simdhash-ptr-ptr.c.obj
  [36/2661] Compiling clrinternal.idl
  64 bit Processing C:\Users\konradkokosa\.copilot\repos\copilot-worktrees\runtime-fork\kkokosa-ideal-sniffle\src\coreclr\inc\clrinternal.idl
  clrinternal.idl
  64 bit Processing C:\Program Files (x86)\Windows Kits\10\\include\10.0.28000.0\\um\unknwn.idl
  unknwn.idl
  64 bit Processing C:\Program Files (x86)\Windows Kits\10\\include\10.0.28000.0\\shared\wtypes.idl
  wtypes.idl
  64 bit Processing C:\Program Files (x86)\Windows Kits\10\\include\10.0.28000.0\\shared\wtypesbase.idl
  wtypesbase.idl
  64 bit Processing C:\Program Files (x86)\Windows Kits\10\\include\10.0.28000.0\\shared\basetsd.h
  basetsd.h
  64 bit Processing C:\Program Files (x86)\Windows Kits\10\\include\10.0.28000.0\\shared\guiddef.h
  guiddef.h
  64 bit Processing C:/Users/konradkokosa/.copilot/repos/copilot-worktrees/runtime-fork/kkokosa-ideal-sniffle/src/coreclr/inc\mscoree.idl
  mscoree.idl
  [37/2661] Building C object containers\CMakeFiles\dn-containers.dir\dn-simdhash-utils.c.obj
  [38/2661] Linking CXX static library debug\dbgutil\dbgutil.lib
  [39/2661] Building C object containers\CMakeFiles\dn-containers.dir\dn-simdhash-ptrpair-ptr.c.obj
  [40/2661] Generating eventing_headers.timestamp
  [41/2661] Preprocessing C:/Users/konradkokosa/.copilot/repos/copilot-worktrees/runtime-fork/kkokosa-ideal-sniffle/src/coreclr/dlls/mscordac/mscordac.src. Outputting to C:/Users/konradkokosa/.copilot/repos/copilot-worktrees/runtime-fork/kkokosa-ideal-sniffle/artifacts/obj/coreclr/windows.x64.Debug/dlls/mscordac/./mscordac.def
  mscordac.src
  [42/2661] Compiling sospriv.idl
  64 bit Processing C:\Users\konradkokosa\.copilot\repos\copilot-worktrees\runtime-fork\kkokosa-ideal-sniffle\src\coreclr\inc\sospriv.idl
  sospriv.idl
  64 bit Processing C:\Program Files (x86)\Windows Kits\10\\include\10.0.28000.0\\um\unknwn.idl
  unknwn.idl
  64 bit Processing C:\Program Files (x86)\Windows Kits\10\\include\10.0.28000.0\\shared\wtypes.idl
  wtypes.idl
  64 bit Processing C:\Program Files (x86)\Windows Kits\10\\include\10.0.28000.0\\shared\wtypesbase.idl
  wtypesbase.idl
  64 bit Processing C:\Program Files (x86)\Windows Kits\10\\include\10.0.28000.0\\shared\basetsd.h
  basetsd.h
  64 bit Processing C:\Program Files (x86)\Windows Kits\10\\include\10.0.28000.0\\shared\guiddef.h
  guiddef.h
  64 bit Processing C:/Users/konradkokosa/.copilot/repos/copilot-worktrees/runtime-fork/kkokosa-ideal-sniffle/src/coreclr/inc\xclrdata.idl
  xclrdata.idl
  64 bit Processing C:/Users/konradkokosa/.copilot/repos/copilot-worktrees/runtime-fork/kkokosa-ideal-sniffle/src/coreclr/inc\clrdata.idl
  clrdata.idl
  [43/2661] Compiling xcordebug.idl
  64 bit Processing C:\Users\konradkokosa\.copilot\repos\copilot-worktrees\runtime-fork\kkokosa-ideal-sniffle\src\coreclr\inc\xcordebug.idl
  xcordebug.idl
  64 bit Processing C:/Users/konradkokosa/.copilot/repos/copilot-worktrees/runtime-fork/kkokosa-ideal-sniffle/src/coreclr/inc\cordebug.idl
  cordebug.idl
  64 bit Processing C:\Program Files (x86)\Windows Kits\10\\include\10.0.28000.0\\um\unknwn.idl
  unknwn.idl
  64 bit Processing C:\Program Files (x86)\Windows Kits\10\\include\10.0.28000.0\\shared\wtypes.idl
  wtypes.idl
  64 bit Processing C:\Program Files (x86)\Windows Kits\10\\include\10.0.28000.0\\shared\wtypesbase.idl
  wtypesbase.idl
  64 bit Processing C:\Program Files (x86)\Windows Kits\10\\include\10.0.28000.0\\shared\basetsd.h
  basetsd.h
  64 bit Processing C:\Program Files (x86)\Windows Kits\10\\include\10.0.28000.0\\shared\guiddef.h
  guiddef.h
  64 bit Processing C:\Program Files (x86)\Windows Kits\10\\include\10.0.28000.0\\um\objidl.idl
  objidl.idl
  64 bit Processing C:\Program Files (x86)\Windows Kits\10\\include\10.0.28000.0\\um\oaidl.idl
  oaidl.idl
  [44/2661] Compiling cordebug.idl
  64 bit Processing C:\Users\konradkokosa\.copilot\repos\copilot-worktrees\runtime-fork\kkokosa-ideal-sniffle\src\coreclr\inc\cordebug.idl
  cordebug.idl
  64 bit Processing C:\Program Files (x86)\Windows Kits\10\\include\10.0.28000.0\\um\unknwn.idl
  unknwn.idl
  64 bit Processing C:\Program Files (x86)\Windows Kits\10\\include\10.0.28000.0\\shared\wtypes.idl
  wtypes.idl
  64 bit Processing C:\Program Files (x86)\Windows Kits\10\\include\10.0.28000.0\\shared\wtypesbase.idl
  wtypesbase.idl
  64 bit Processing C:\Program Files (x86)\Windows Kits\10\\include\10.0.28000.0\\shared\basetsd.h
  basetsd.h
  64 bit Processing C:\Program Files (x86)\Windows Kits\10\\include\10.0.28000.0\\shared\guiddef.h
  guiddef.h
  64 bit Processing C:\Program Files (x86)\Windows Kits\10\\include\10.0.28000.0\\um\objidl.idl
  objidl.idl
  64 bit Processing C:\Program Files (x86)\Windows Kits\10\\include\10.0.28000.0\\um\oaidl.idl
  oaidl.idl
  64 bit Processing C:\Program Files (x86)\Windows Kits\10\\include\10.0.28000.0\\um\oaidl.acf
  oaidl.acf
  [45/2661] Compiling corsym.idl
  64 bit Processing C:\Users\konradkokosa\.copilot\repos\copilot-worktrees\runtime-fork\kkokosa-ideal-sniffle\src\coreclr\inc\corsym.idl
  corsym.idl
  64 bit Processing C:\Program Files (x86)\Windows Kits\10\\include\10.0.28000.0\\um\oaidl.idl
  oaidl.idl
  64 bit Processing C:\Program Files (x86)\Windows Kits\10\\include\10.0.28000.0\\um\objidl.idl
  objidl.idl
  64 bit Processing C:\Program Files (x86)\Windows Kits\10\\include\10.0.28000.0\\um\unknwn.idl
  unknwn.idl
  64 bit Processing C:\Program Files (x86)\Windows Kits\10\\include\10.0.28000.0\\shared\wtypes.idl
  wtypes.idl
  64 bit Processing C:\Program Files (x86)\Windows Kits\10\\include\10.0.28000.0\\shared\wtypesbase.idl
  wtypesbase.idl
  64 bit Processing C:\Program Files (x86)\Windows Kits\10\\include\10.0.28000.0\\shared\basetsd.h
  basetsd.h
  64 bit Processing C:\Program Files (x86)\Windows Kits\10\\include\10.0.28000.0\\shared\guiddef.h
  guiddef.h
  64 bit Processing C:\Program Files (x86)\Windows Kits\10\\include\10.0.28000.0\\um\oaidl.acf
  oaidl.acf
  [46/2661] Preprocessing C:/Users/konradkokosa/.copilot/repos/copilot-worktrees/runtime-fork/kkokosa-ideal-sniffle/artifacts/obj/coreclr/windows.x64.Debug/vm/wks/AsmConstants.tmp. Outputting to C:/Users/konradkokosa/.copilot/repos/copilot-worktrees/runtime-fork/kkokosa-ideal-sniffle/artifacts/obj/coreclr/windows.x64.Debug/vm/wks/AsmConstants.inc
  AsmConstants.tmp
  [47/2661] Building ASM_MASM object debug\di\CMakeFiles\cordbdi.dir\amd64\floatconversion.asm.obj
   Assembling: C:\Users\konradkokosa\.copilot\repos\copilot-worktrees\runtime-fork\kkokosa-ideal-sniffle\src\coreclr\debug\di\amd64\floatconversion.asm
  [48/2661] Building CXX object debug\debug-pal\CMakeFiles\debug-pal.dir\e87a99c4e0e61a61e313c8fca2cbfcd7\native\eventpipe\ds-ipc-pal-namedpipe.c.obj
  [49/2661] Compiling clrdata.idl
  64 bit Processing C:\Users\konradkokosa\.copilot\repos\copilot-worktrees\runtime-fork\kkokosa-ideal-sniffle\src\coreclr\inc\clrdata.idl
  clrdata.idl
  64 bit Processing C:\Program Files (x86)\Windows Kits\10\\include\10.0.28000.0\\um\unknwn.idl
  unknwn.idl
  64 bit Processing C:\Program Files (x86)\Windows Kits\10\\include\10.0.28000.0\\shared\wtypes.idl
  wtypes.idl
  64 bit Processing C:\Program Files (x86)\Windows Kits\10\\include\10.0.28000.0\\shared\wtypesbase.idl
  wtypesbase.idl
  64 bit Processing C:\Program Files (x86)\Windows Kits\10\\include\10.0.28000.0\\shared\basetsd.h
  basetsd.h
  64 bit Processing C:\Program Files (x86)\Windows Kits\10\\include\10.0.28000.0\\shared\guiddef.h
  guiddef.h
  waiting for C:/Users/konradkokosa/.copilot/repos/copilot-worktrees/runtime-fork/kkokosa-ideal-sniffle/artifacts/obj/coreclr/windows.x64.Debug/inc/idls_out\dlldata.c ...
  [50/2661] Building CXX object dlls\mscordac\CMakeFiles\mscordacobj.dir\mscordac.cpp.obj
  [51/2661] Building CXX object debug\debug-pal\CMakeFiles\debug-pal.dir\win\processdescriptor.cpp.obj
  [52/2661] Building CXX object debug\debug-pal\CMakeFiles\debug-pal.dir\win\twowaypipe.cpp.obj
  [53/2661] Building C object inc\CMakeFiles\corguids.dir\idls_out\clrdata_i.c.obj
  [54/2661] Building C object inc\CMakeFiles\corguids.dir\idls_out\xcordebug_i.c.obj
  [55/2661] Building C object inc\CMakeFiles\corguids.dir\idls_out\cordebug_i.c.obj
  [56/2661] Building C object inc\CMakeFiles\corguids.dir\idls_out\clrinternal_i.c.obj
  [57/2661] Building C object inc\CMakeFiles\corguids.dir\idls_out\xclrdata_i.c.obj
  [58/2661] Building C object inc\CMakeFiles\corguids.dir\idls_out\corprof_i.c.obj
  [59/2661] Building C object inc\CMakeFiles\corguids.dir\idls_out\corsym_i.c.obj
  [60/2661] Building ASM_MASM object vm\wks\CMakeFiles\cee_wks_core.dir\__\amd64\AllocSlow.asm.obj
   Assembling: C:\Users\konradkokosa\.copilot\repos\copilot-worktrees\runtime-fork\kkokosa-ideal-sniffle\src\coreclr\vm\amd64\AllocSlow.asm
  [61/2661] Building C object inc\CMakeFiles\corguids.dir\idls_out\sospriv_i.c.obj
  [62/2661] Building ASM_MASM object vm\wks\CMakeFiles\cee_wks_core.dir\__\amd64\AsmHelpers.asm.obj
   Assembling: C:\Users\konradkokosa\.copilot\repos\copilot-worktrees\runtime-fork\kkokosa-ideal-sniffle\src\coreclr\vm\amd64\AsmHelpers.asm
  [63/2661] Building ASM_MASM object vm\wks\CMakeFiles\cee_wks_core.dir\__\amd64\CachedInterfaceDispatchCoreCLR.asm.obj
   Assembling: C:\Users\konradkokosa\.copilot\repos\copilot-worktrees\runtime-fork\kkokosa-ideal-sniffle\src\coreclr\vm\amd64\CachedInterfaceDispatchCoreCLR.asm
  [64/2661] Building ASM_MASM object vm\wks\CMakeFiles\cee_wks_core.dir\__\amd64\CallDescrWorkerAMD64.asm.obj
   Assembling: C:\Users\konradkokosa\.copilot\repos\copilot-worktrees\runtime-fork\kkokosa-ideal-sniffle\src\coreclr\vm\amd64\CallDescrWorkerAMD64.asm
  [65/2661] Building ASM_MASM object vm\wks\CMakeFiles\cee_wks_core.dir\__\amd64\ComCallPreStub.asm.obj
   Assembling: C:\Users\konradkokosa\.copilot\repos\copilot-worktrees\runtime-fork\kkokosa-ideal-sniffle\src\coreclr\vm\amd64\ComCallPreStub.asm
  [66/2661] Building ASM_MASM object vm\wks\CMakeFiles\cee_wks_core.dir\__\amd64\getstate.asm.obj
   Assembling: C:\Users\konradkokosa\.copilot\repos\copilot-worktrees\runtime-fork\kkokosa-ideal-sniffle\src\coreclr\vm\amd64\getstate.asm
  [67/2661] Building ASM_MASM object vm\wks\CMakeFiles\cee_wks_core.dir\__\amd64\JitHelpers_Fast.asm.obj
   Assembling: C:\Users\konradkokosa\.copilot\repos\copilot-worktrees\runtime-fork\kkokosa-ideal-sniffle\src\coreclr\vm\amd64\JitHelpers_Fast.asm
  [68/2661] Building ASM_MASM object vm\wks\CMakeFiles\cee_wks_core.dir\__\amd64\JitHelpers_FastWriteBarriers.asm.obj
   Assembling: C:\Users\konradkokosa\.copilot\repos\copilot-worktrees\runtime-fork\kkokosa-ideal-sniffle\src\coreclr\vm\amd64\JitHelpers_FastWriteBarriers.asm
  [69/2661] Building ASM_MASM object vm\wks\CMakeFiles\cee_wks_core.dir\__\amd64\JitHelpers_SingleAppDomain.asm.obj
   Assembling: C:\Users\konradkokosa\.copilot\repos\copilot-worktrees\runtime-fork\kkokosa-ideal-sniffle\src\coreclr\vm\amd64\JitHelpers_SingleAppDomain.asm
  [70/2661] Building ASM_MASM object vm\wks\CMakeFiles\cee_wks_core.dir\__\amd64\JitHelpers_Slow.asm.obj
   Assembling: C:\Users\konradkokosa\.copilot\repos\copilot-worktrees\runtime-fork\kkokosa-ideal-sniffle\src\coreclr\vm\amd64\JitHelpers_Slow.asm
  [71/2661] Building ASM_MASM object vm\wks\CMakeFiles\cee_wks_core.dir\__\amd64\patchedcode.asm.obj
   Assembling: C:\Users\konradkokosa\.copilot\repos\copilot-worktrees\runtime-fork\kkokosa-ideal-sniffle\src\coreclr\vm\amd64\patchedcode.asm
  [72/2661] Building ASM_MASM object vm\wks\CMakeFiles\cee_wks_core.dir\__\amd64\PInvokeStubs.asm.obj
   Assembling: C:\Users\konradkokosa\.copilot\repos\copilot-worktrees\runtime-fork\kkokosa-ideal-sniffle\src\coreclr\vm\amd64\PInvokeStubs.asm
  [73/2661] Building ASM_MASM object vm\wks\CMakeFiles\cee_wks_core.dir\__\amd64\RedirectedHandledJITCase.asm.obj
   Assembling: C:\Users\konradkokosa\.copilot\repos\copilot-worktrees\runtime-fork\kkokosa-ideal-sniffle\src\coreclr\vm\amd64\RedirectedHandledJITCase.asm
  [74/2661] Building ASM_MASM object vm\wks\CMakeFiles\cee_wks_core.dir\__\amd64\SlotLogWriteBarrier.asm.obj
   Assembling: C:\Users\konradkokosa\.copilot\repos\copilot-worktrees\runtime-fork\kkokosa-ideal-sniffle\src\coreclr\vm\amd64\SlotLogWriteBarrier.asm
  [75/2661] Building ASM_MASM object vm\wks\CMakeFiles\cee_wks_core.dir\__\__\runtime\amd64\StubDispatch.asm.obj
   Assembling: C:\Users\konradkokosa\.copilot\repos\copilot-worktrees\runtime-fork\kkokosa-ideal-sniffle\src\coreclr\runtime\amd64\StubDispatch.asm
  [76/2661] Building ASM_MASM object vm\wks\CMakeFiles\cee_wks_core.dir\__\amd64\ThePreStubAMD64.asm.obj
   Assembling: C:\Users\konradkokosa\.copilot\repos\copilot-worktrees\runtime-fork\kkokosa-ideal-sniffle\src\coreclr\vm\amd64\ThePreStubAMD64.asm
  [77/2661] Building ASM_MASM object vm\wks\CMakeFiles\cee_wks_core.dir\__\amd64\thunktemplates.asm.obj
   Assembling: C:\Users\konradkokosa\.copilot\repos\copilot-worktrees\runtime-fork\kkokosa-ideal-sniffle\src\coreclr\vm\amd64\thunktemplates.asm
  [78/2661] Building ASM_MASM object vm\wks\CMakeFiles\cee_wks_core.dir\__\amd64\Context.asm.obj
   Assembling: C:\Users\konradkokosa\.copilot\repos\copilot-worktrees\runtime-fork\kkokosa-ideal-sniffle\src\coreclr\vm\amd64\Context.asm
  [79/2661] Building ASM_MASM object vm\wks\CMakeFiles\cee_wks_core.dir\__\amd64\ExternalMethodFixupThunk.asm.obj
   Assembling: C:\Users\konradkokosa\.copilot\repos\copilot-worktrees\runtime-fork\kkokosa-ideal-sniffle\src\coreclr\vm\amd64\ExternalMethodFixupThunk.asm
  [80/2661] Building C object inc\CMakeFiles\corguids.dir\idls_out\dacdbi_i.c.obj
  [81/2661] Building ASM_MASM object vm\wks\CMakeFiles\cee_wks_core.dir\__\amd64\UMThunkStub.asm.obj
   Assembling: C:\Users\konradkokosa\.copilot\repos\copilot-worktrees\runtime-fork\kkokosa-ideal-sniffle\src\coreclr\vm\amd64\UMThunkStub.asm
  [82/2661] Building ASM_MASM object vm\wks\CMakeFiles\cee_wks_core.dir\__\amd64\VirtualCallStubAMD64.asm.obj
   Assembling: C:\Users\konradkokosa\.copilot\repos\copilot-worktrees\runtime-fork\kkokosa-ideal-sniffle\src\coreclr\vm\amd64\VirtualCallStubAMD64.asm
  [83/2661] Building ASM_MASM object vm\wks\CMakeFiles\cee_wks_core.dir\__\amd64\StubPrecodeDynamicHelpers.asm.obj
   Assembling: C:\Users\konradkokosa\.copilot\repos\copilot-worktrees\runtime-fork\kkokosa-ideal-sniffle\src\coreclr\vm\amd64\StubPrecodeDynamicHelpers.asm
  [84/2661] Building ASM_MASM object vm\wks\CMakeFiles\cee_wks_core.dir\__\__\runtime\amd64\AllocFast.asm.obj
   Assembling: C:\Users\konradkokosa\.copilot\repos\copilot-worktrees\runtime-fork\kkokosa-ideal-sniffle\src\coreclr\runtime\amd64\AllocFast.asm
  [85/2661] Building ASM_MASM object vm\wks\CMakeFiles\cee_wks_core.dir\__\__\runtime\amd64\AllocFastNotification.asm.obj
   Assembling: C:\Users\konradkokosa\.copilot\repos\copilot-worktrees\runtime-fork\kkokosa-ideal-sniffle\src\coreclr\runtime\amd64\AllocFastNotification.asm
  [86/2661] Building ASM_MASM object vm\wks\CMakeFiles\cee_wks_core.dir\__\__\runtime\amd64\WriteBarriers.asm.obj
   Assembling: C:\Users\konradkokosa\.copilot\repos\copilot-worktrees\runtime-fork\kkokosa-ideal-sniffle\src\coreclr\runtime\amd64\WriteBarriers.asm
  [87/2661] Building CXX object md\compiler\CMakeFiles\mdcompiler-dbi.dir\cmake_pch.cxx.obj
  [88/2661] Building CXX object utilcode\CMakeFiles\utilcodestaticnohost.dir\cmake_pch.cxx.obj
  [89/2661] Building CXX object utilcode\CMakeFiles\utilcode_dac.dir\cmake_pch.cxx.obj
  [90/2661] Building CXX object utilcode\CMakeFiles\utilcodestaticnohost.dir\dn_xxhash.cpp.obj
  [91/2661] Building CXX object md\compiler\CMakeFiles\mdcompiler-dbi.dir\assemblymd.cpp.obj
  [92/2661] Building CXX object md\enc\CMakeFiles\mdruntimerw-dbi.dir\cmake_pch.cxx.obj
  [93/2661] Building CXX object md\runtime\CMakeFiles\mdruntime-dbi.dir\cmake_pch.cxx.obj
  [94/2661] Generating eventpipe/eventpipehelpers.cpp, eventpipe/dotnetruntime.cpp, eventpipe/dotnetruntimerundown.cpp, eventpipe/dotnetruntimestress.cpp, eventpipe/dotnetruntimeprivate.cpp
  [95/2661] Building CXX object utilcode\CMakeFiles\utilcodestaticnohost.dir\ccomprc.cpp.obj
  [96/2661] Building CXX object utilcode\CMakeFiles\utilcodestaticnohost.dir\clrhost_nodependencies.cpp.obj
  [97/2661] Building CXX object utilcode\CMakeFiles\utilcodestaticnohost.dir\sbuffer.cpp.obj
  [98/2661] Building CXX object utilcode\CMakeFiles\utilcodestaticnohost.dir\ex.cpp.obj
  [99/2661] Building CXX object utilcode\CMakeFiles\utilcodestaticnohost.dir\fstring.cpp.obj
  [100/2661] Building CXX object utilcode\CMakeFiles\utilcodestaticnohost.dir\sstring_com.cpp.obj
  [101/2661] Building CXX object utilcode\CMakeFiles\utilcodestaticnohost.dir\splitpath.cpp.obj
  [102/2661] Building CXX object utilcode\CMakeFiles\utilcodestaticnohost.dir\configuration.cpp.obj
  [103/2661] Building CXX object utilcode\CMakeFiles\utilcodestaticnohost.dir\namespaceutil.cpp.obj
  [104/2661] Building CXX object utilcode\CMakeFiles\utilcodestaticnohost.dir\makepath.cpp.obj
  [105/2661] Building CXX object utilcode\CMakeFiles\utilcodestaticnohost.dir\clrconfig.cpp.obj
  [106/2661] Building CXX object utilcode\CMakeFiles\utilcodestaticnohost.dir\collections.cpp.obj
  [107/2661] Building CXX object utilcode\CMakeFiles\utilcodestaticnohost.dir\clrhelpers.cpp.obj
  [108/2661] Building CXX object utilcode\CMakeFiles\utilcodestaticnohost.dir\posterror.cpp.obj
  [109/2661] Building CXX object unwinder\CMakeFiles\unwinder_dac.dir\baseunwinder.cpp.obj
  [110/2661] Building CXX object utilcode\CMakeFiles\utilcodestaticnohost.dir\log.cpp.obj
  [111/2661] Building CXX object md\compiler\CMakeFiles\mdcompiler_dac.dir\cmake_pch.cxx.obj
  [112/2661] Building CXX object utilcode\CMakeFiles\utilcodestaticnohost.dir\guidfromname.cpp.obj
  [113/2661] Building CXX object utilcode\CMakeFiles\utilcodestaticnohost.dir\utsem.cpp.obj
  [114/2661] Building CXX object utilcode\CMakeFiles\utilcodestaticnohost.dir\check.cpp.obj
  [115/2661] Building CXX object md\runtime\CMakeFiles\mdruntime_dac.dir\cmake_pch.cxx.obj
  [116/2661] Building CXX object utilcode\CMakeFiles\utilcodestaticnohost.dir\arraylist.cpp.obj
  [117/2661] Building CXX object unwinder\CMakeFiles\unwinder_dac.dir\amd64\unwinder.cpp.obj
  [118/2661] Building CXX object md\enc\CMakeFiles\mdruntimerw_dac.dir\cmake_pch.cxx.obj
  [119/2661] Building CXX object utilcode\CMakeFiles\utilcodestaticnohost.dir\memorystreams.cpp.obj
  [120/2661] Building CXX object utilcode\CMakeFiles\utilcodestaticnohost.dir\outstring.cpp.obj
  [121/2661] Building CXX object utilcode\CMakeFiles\utilcodestaticnohost.dir\comex.cpp.obj
  [122/2661] Building CXX object utilcode\CMakeFiles\utilcodestaticnohost.dir\opinfo.cpp.obj
  [123/2661] Building CXX object utilcode\CMakeFiles\utilcodestaticnohost.dir\memorypool.cpp.obj
  [124/2661] Building CXX object utilcode\CMakeFiles\utilcodestaticnohost.dir\ilformatter.cpp.obj
  [125/2661] Building CXX object utilcode\CMakeFiles\utilcodestaticnohost.dir\corimage.cpp.obj
  [126/2661] Building CXX object utilcode\CMakeFiles\utilcodestaticnohost.dir\loaderheap_shared.cpp.obj
  [127/2661] Building CXX object utilcode\CMakeFiles\utilcodestaticnohost.dir\sha1.cpp.obj
  [128/2661] Building CXX object utilcode\CMakeFiles\utilcodestaticnohost.dir\explicitcontrolloaderheap.cpp.obj
  [129/2661] Building CXX object utilcode\CMakeFiles\utilcodestaticnohost.dir\format1.cpp.obj
  [130/2661] Building CXX object utilcode\CMakeFiles\utilcodestaticnohost.dir\interleavedloaderheap.cpp.obj
  [131/2661] Building CXX object utilcode\CMakeFiles\utilcodestaticnohost.dir\loaderheap.cpp.obj
  [132/2661] Building CXX object utilcode\CMakeFiles\utilcodestaticnohost.dir\rangelist.cpp.obj
  [133/2661] Building CXX object utilcode\CMakeFiles\utilcodestaticnohost.dir\sigbuilder.cpp.obj
  [134/2661] Building CXX object utilcode\CMakeFiles\utilcodestaticnohost.dir\prettyprintsig.cpp.obj
  [135/2661] Building CXX object debug\di\CMakeFiles\cordbdi.dir\cmake_pch.cxx.obj
  [136/2661] Building CXX object utilcode\CMakeFiles\utilcodestaticnohost.dir\sigparser.cpp.obj
  [137/2661] Building CXX object utilcode\CMakeFiles\utilcodestaticnohost.dir\webcildecoder.cpp.obj
  [138/2661] Building CXX object utilcode\CMakeFiles\utilcodestaticnohost.dir\md5.cpp.obj
  [139/2661] Building CXX object utilcode\CMakeFiles\utilcodestaticnohost.dir\cycletimer.cpp.obj
  [140/2661] Building CXX object utilcode\CMakeFiles\utilcodestaticnohost.dir\sstring.cpp.obj
  [141/2661] Building CXX object utilcode\CMakeFiles\utilcodestaticnohost.dir\util_nodependencies.cpp.obj
  [142/2661] Building CXX object utilcode\CMakeFiles\utilcodestaticnohost.dir\safewrap.cpp.obj
  [143/2661] Building CXX object utilcode\CMakeFiles\utilcodestaticnohost.dir\clrhost.cpp.obj
  [144/2661] Building CXX object utilcode\CMakeFiles\utilcodestaticnohost.dir\yieldprocessornormalized.cpp.obj
  [145/2661] Building CXX object utilcode\CMakeFiles\utilcodestaticnohost.dir\debug.cpp.obj
  [146/2661] Building CXX object utilcode\CMakeFiles\utilcodestaticnohost.dir\winfix.cpp.obj
  [147/2661] Building CXX object md\compiler\CMakeFiles\mdcompiler-dbi.dir\assemblymd_emit.cpp.obj
  [148/2661] Building CXX object utilcode\CMakeFiles\utilcodestaticnohost.dir\util.cpp.obj
  [149/2661] Building CXX object vm\datadescriptor\CMakeFiles\gc_wks_descriptor_temp.dir\cf59715bd1d281ef0bb86756f51cf51a\datadescriptor.cpp.obj
  [150/2661] Building CXX object utilcode\CMakeFiles\utilcodestaticnohost.dir\longfilepathwrappers.cpp.obj
  [151/2661] Building CXX object utilcode\CMakeFiles\utilcodestaticnohost.dir\pedecoder.cpp.obj
  [152/2661] Building CXX object utilcode\CMakeFiles\utilcodestaticnohost.dir\stresslog.cpp.obj
  [153/2661] Building CXX object md\compiler\CMakeFiles\mdcompiler-dbi.dir\custattr_import.cpp.obj
  [154/2661] Building CXX object md\compiler\CMakeFiles\mdcompiler-dbi.dir\filtermanager.cpp.obj
  [155/2661] Building CXX object md\compiler\CMakeFiles\mdcompiler-dbi.dir\disp.cpp.obj
  [156/2661] Building CXX object md\compiler\CMakeFiles\mdcompiler-dbi.dir\custattr_emit.cpp.obj
  [157/2661] Building CXX object utilcode\CMakeFiles\utilcodestaticnohost.dir\dacutil.cpp.obj
  [158/2661] Building CXX object md\compiler\CMakeFiles\mdcompiler-dbi.dir\emit.cpp.obj
  [159/2661] Building CXX object md\compiler\CMakeFiles\mdcompiler-dbi.dir\helper.cpp.obj
  [160/2661] Building CXX object utilcode\CMakeFiles\utilcodestaticnohost.dir\dlwrap.cpp.obj
  [161/2661] Building CXX object md\compiler\CMakeFiles\mdcompiler-dbi.dir\import.cpp.obj
  [162/2661] Building CXX object utilcode\CMakeFiles\utilcodestaticnohost.dir\hostimpl.cpp.obj
  [163/2661] Building CXX object md\compiler\CMakeFiles\mdcompiler-dbi.dir\importhelper.cpp.obj
  [164/2661] Building CXX object md\compiler\CMakeFiles\mdcompiler-dbi.dir\mdutil.cpp.obj
  [165/2661] Building CXX object vm\datadescriptor\CMakeFiles\cdac_contract_descriptor_temp.dir\cf59715bd1d281ef0bb86756f51cf51a\datadescriptor.cpp.obj
  [166/2661] Building CXX object md\runtime\CMakeFiles\mdruntime-dbi.dir\mdcolumndescriptors.cpp.obj
  [167/2661] Building CXX object md\compiler\CMakeFiles\mdcompiler-dbi.dir\regmeta_compilersupport.cpp.obj
  [168/2661] Building CXX object md\runtime\CMakeFiles\mdruntime-dbi.dir\liteweightstgdb.cpp.obj
  [169/2661] Building CXX object md\compiler\CMakeFiles\mdcompiler-dbi.dir\regmeta_imetadatatables.cpp.obj
  [170/2661] Building CXX object md\runtime\CMakeFiles\mdruntime-dbi.dir\noopmetadataimport.cpp.obj
  [171/2661] Building CXX object md\compiler\CMakeFiles\mdcompiler-dbi.dir\regmeta.cpp.obj
  [172/2661] Building CXX object md\runtime\CMakeFiles\mdruntime-dbi.dir\recordpool.cpp.obj
  [173/2661] Building CXX object utilcode\CMakeFiles\utilcodestaticnohost.dir\stacktrace.cpp.obj
  [174/2661] Building CXX object md\runtime\CMakeFiles\mdruntime-dbi.dir\strongnameinternal.cpp.obj
  [175/2661] Building CXX object md\runtime\CMakeFiles\mdruntime-dbi.dir\metamodel.cpp.obj
  [176/2661] Building CXX object md\compiler\CMakeFiles\mdcompiler-dbi.dir\regmeta_import.cpp.obj
  [177/2661] Building CXX object md\compiler\CMakeFiles\mdcompiler-dbi.dir\regmeta_emit.cpp.obj
  [178/2661] Building CXX object md\runtime\CMakeFiles\mdruntime-dbi.dir\mdfileformat.cpp.obj
  [179/2661] Building CXX object md\runtime\CMakeFiles\mdruntime-dbi.dir\metamodelro.cpp.obj
  [180/2661] Building CXX object md\compiler\CMakeFiles\mdcompiler-dbi.dir\regmeta_vm.cpp.obj
  [181/2661] Building CXX object md\runtime\CMakeFiles\mdruntime-dbi.dir\stgpooli.cpp.obj
  [182/2661] Building CXX object md\runtime\CMakeFiles\mdruntime-dbi.dir\stgpoolreadonly.cpp.obj
  [183/2661] Building CXX object md\runtime\CMakeFiles\mdruntime-dbi.dir\stgpool.cpp.obj
  [184/2661] Building CXX object md\runtime\CMakeFiles\mdruntime-dbi.dir\mdinternaldisp.cpp.obj
  [185/2661] Building CXX object md\runtime\CMakeFiles\mdruntime-dbi.dir\mdinternalro.cpp.obj
  [186/2661] Building CXX object md\enc\CMakeFiles\mdruntimerw-dbi.dir\metamodelenc.cpp.obj
  [187/2661] Building CXX object md\enc\CMakeFiles\mdruntimerw-dbi.dir\rwutil.cpp.obj
  [188/2661] Building CXX object md\enc\CMakeFiles\mdruntimerw-dbi.dir\stgtiggerstorage.cpp.obj
  [189/2661] Building CXX object md\enc\CMakeFiles\mdruntimerw-dbi.dir\pdbheap.cpp.obj
  [190/2661] Building CXX object md\enc\CMakeFiles\mdruntimerw-dbi.dir\peparse.cpp.obj
  [191/2661] Building CXX object md\enc\CMakeFiles\mdruntimerw-dbi.dir\stgio.cpp.obj
  [192/2661] Building CXX object md\enc\CMakeFiles\mdruntimerw-dbi.dir\liteweightstgdbrw.cpp.obj
  [193/2661] Building CXX object debug\di\CMakeFiles\cordbdi.dir\shimdatatarget.cpp.obj
  [194/2661] Building CXX object debug\di\CMakeFiles\cordbdi.dir\shimevents.cpp.obj
  [195/2661] Building CXX object md\enc\CMakeFiles\mdruntimerw-dbi.dir\stgtiggerstream.cpp.obj
  [196/2661] Building CXX object md\enc\CMakeFiles\mdruntimerw-dbi.dir\metamodelrw.cpp.obj
  [197/2661] Building CXX object debug\di\CMakeFiles\cordbdi.dir\shimcallback.cpp.obj
  [198/2661] Building CXX object debug\di\CMakeFiles\cordbdi.dir\shimprocess.cpp.obj
  [199/2661] Building CXX object debug\di\CMakeFiles\cordbdi.dir\breakpoint.cpp.obj
  [200/2661] Building CXX object debug\di\CMakeFiles\cordbdi.dir\dbgtransportmanager.cpp.obj
  [201/2661] Building CXX object debug\di\CMakeFiles\cordbdi.dir\shimstackwalk.cpp.obj
  [202/2661] Building CXX object debug\di\CMakeFiles\cordbdi.dir\cordb.cpp.obj
  [203/2661] Building CXX object debug\di\CMakeFiles\cordbdi.dir\hash.cpp.obj
  [204/2661] Building CXX object debug\di\CMakeFiles\cordbdi.dir\rsassembly.cpp.obj
  [205/2661] Building CXX object debug\di\CMakeFiles\cordbdi.dir\rsappdomain.cpp.obj
  [206/2661] Building CXX object debug\di\CMakeFiles\cordbdi.dir\platformspecific.cpp.obj
  [207/2661] Building CXX object debug\di\CMakeFiles\cordbdi.dir\rsclass.cpp.obj
  [208/2661] Building CXX object md\enc\CMakeFiles\mdruntimerw-dbi.dir\mdinternalrw.cpp.obj
  [209/2661] Building CXX object debug\di\CMakeFiles\cordbdi.dir\rsregsetcommon.cpp.obj
  [210/2661] Building CXX object debug\di\CMakeFiles\cordbdi.dir\rsfunction.cpp.obj
  [211/2661] Building CXX object debug\di\CMakeFiles\cordbdi.dir\rsmain.cpp.obj
  [212/2661] Building CXX object debug\di\CMakeFiles\cordbdi.dir\rstype.cpp.obj
  [213/2661] Building CXX object debug\di\CMakeFiles\cordbdi.dir\divalue.cpp.obj
  [214/2661] Building CXX object debug\di\CMakeFiles\cordbdi.dir\shared.cpp.obj
  [215/2661] Building CXX object debug\di\CMakeFiles\cordbdi.dir\valuehome.cpp.obj
  [216/2661] Building CXX object debug\di\CMakeFiles\cordbdi.dir\module.cpp.obj
  [217/2661] Building CXX object debug\di\CMakeFiles\cordbdi.dir\rsstackwalk.cpp.obj
  [218/2661] Building CXX object utilcode\CMakeFiles\utilcode_dac.dir\dn_xxhash.cpp.obj
  [219/2661] Linking CXX static library md\runtime\mdruntime-dbi.lib
  [220/2661] Linking CXX static library md\compiler\mdcompiler-dbi.lib
  [221/2661] Linking CXX static library md\enc\mdruntimerw-dbi.lib
  [222/2661] Linking CXX static library utilcode\utilcodestaticnohost.lib
  [223/2661] Building CXX object debug\di\CMakeFiles\cordbdi.dir\symbolinfo.cpp.obj
  [224/2661] Building CXX object debug\di\CMakeFiles\cordbdi.dir\process.cpp.obj
  [225/2661] Building CXX object debug\di\CMakeFiles\cordbdi.dir\rsthread.cpp.obj
  [226/2661] Building CXX object utilcode\CMakeFiles\utilcode_dac.dir\ccomprc.cpp.obj
  [227/2661] Building CXX object utilcode\CMakeFiles\utilcode_dac.dir\clrhost_nodependencies.cpp.obj
  [228/2661] Building CXX object utilcode\CMakeFiles\utilcode_dac.dir\ex.cpp.obj
  [229/2661] Building CXX object utilcode\CMakeFiles\utilcode_dac.dir\fstring.cpp.obj
  [230/2661] Building CXX object utilcode\CMakeFiles\utilcode_dac.dir\configuration.cpp.obj
  [231/2661] Building CXX object utilcode\CMakeFiles\utilcode_dac.dir\sbuffer.cpp.obj
  [232/2661] Building CXX object utilcode\CMakeFiles\utilcode_dac.dir\splitpath.cpp.obj
  [233/2661] Building CXX object utilcode\CMakeFiles\utilcode_dac.dir\sstring_com.cpp.obj
  [234/2661] Building CXX object utilcode\CMakeFiles\utilcode_dac.dir\namespaceutil.cpp.obj
  [235/2661] Linking CXX static library debug\di\cordbdi.lib
  [236/2661] Building CXX object utilcode\CMakeFiles\utilcode_dac.dir\makepath.cpp.obj
  [237/2661] Building CXX object utilcode\CMakeFiles\utilcode_dac.dir\clrconfig.cpp.obj
  [238/2661] Preprocessing C:/Users/konradkokosa/.copilot/repos/copilot-worktrees/runtime-fork/kkokosa-ideal-sniffle/src/coreclr/dlls/mscordbi/mscordbi.src. Outputting to C:/Users/konradkokosa/.copilot/repos/copilot-worktrees/runtime-fork/kkokosa-ideal-sniffle/artifacts/obj/coreclr/windows.x64.Debug/dlls/mscordbi/mscordbi.def
  mscordbi.src
  [239/2661] Building CXX object utilcode\CMakeFiles\utilcode_dac.dir\guidfromname.cpp.obj
  [240/2661] Building CXX object utilcode\CMakeFiles\utilcode_dac.dir\posterror.cpp.obj
  [241/2661] Building CXX object utilcode\CMakeFiles\utilcode_dac.dir\collections.cpp.obj
  [242/2661] Building CXX object utilcode\CMakeFiles\utilcode_dac.dir\log.cpp.obj
  [243/2661] Building CXX object utilcode\CMakeFiles\utilcode_dac.dir\clrhelpers.cpp.obj
  [244/2661] Building CXX object utilcode\CMakeFiles\utilcode_dac.dir\check.cpp.obj
  [245/2661] Building CXX object utilcode\CMakeFiles\utilcode_dac.dir\utsem.cpp.obj
  [246/2661] Building CXX object utilcode\CMakeFiles\utilcode_dac.dir\memorystreams.cpp.obj
  [247/2661] Building CXX object utilcode\CMakeFiles\utilcode_dac.dir\arraylist.cpp.obj
  [248/2661] Building CXX object utilcode\CMakeFiles\utilcode_dac.dir\memorypool.cpp.obj
  [249/2661] Building CXX object utilcode\CMakeFiles\utilcode_dac.dir\comex.cpp.obj
  [250/2661] Building CXX object utilcode\CMakeFiles\utilcode_dac.dir\opinfo.cpp.obj
  [251/2661] Building CXX object utilcode\CMakeFiles\utilcode_dac.dir\corimage.cpp.obj
  [252/2661] Building CXX object utilcode\CMakeFiles\utilcode_dac.dir\outstring.cpp.obj
  [253/2661] Building CXX object utilcode\CMakeFiles\utilcode_dac.dir\ilformatter.cpp.obj
  [254/2661] Building CXX object utilcode\CMakeFiles\utilcode_dac.dir\loaderheap_shared.cpp.obj
  [255/2661] Building CXX object utilcode\CMakeFiles\utilcode_dac.dir\sha1.cpp.obj
  [256/2661] Building CXX object utilcode\CMakeFiles\utilcode_dac.dir\format1.cpp.obj
  [257/2661] Building CXX object utilcode\CMakeFiles\utilcode_dac.dir\prettyprintsig.cpp.obj
  [258/2661] Building CXX object utilcode\CMakeFiles\utilcode_dac.dir\sigbuilder.cpp.obj
  [259/2661] Building CXX object utilcode\CMakeFiles\utilcode_dac.dir\interleavedloaderheap.cpp.obj
  [260/2661] Building CXX object utilcode\CMakeFiles\utilcode_dac.dir\loaderheap.cpp.obj
  [261/2661] Building CXX object utilcode\CMakeFiles\utilcode_dac.dir\md5.cpp.obj
  [262/2661] Building CXX object utilcode\CMakeFiles\utilcode_dac.dir\explicitcontrolloaderheap.cpp.obj
  [263/2661] Building CXX object utilcode\CMakeFiles\utilcode_dac.dir\safewrap.cpp.obj
  [264/2661] Building CXX object utilcode\CMakeFiles\utilcode_dac.dir\sigparser.cpp.obj
  [265/2661] Building CXX object utilcode\CMakeFiles\utilcode_dac.dir\util_nodependencies.cpp.obj
  [266/2661] Building CXX object utilcode\CMakeFiles\utilcode_dac.dir\rangelist.cpp.obj
  [267/2661] Building CXX object utilcode\CMakeFiles\utilcode_dac.dir\sstring.cpp.obj
  [268/2661] Building CXX object utilcode\CMakeFiles\utilcode_dac.dir\webcildecoder.cpp.obj
  [269/2661] Building CXX object utilcode\CMakeFiles\utilcode_dac.dir\yieldprocessornormalized.cpp.obj
  [270/2661] Building CXX object utilcode\CMakeFiles\utilcode_dac.dir\clrhost.cpp.obj
  [271/2661] Building CXX object utilcode\CMakeFiles\utilcode_dac.dir\cycletimer.cpp.obj
  [272/2661] Building CXX object md\compiler\CMakeFiles\mdcompiler_dac.dir\assemblymd.cpp.obj
  [273/2661] Building CXX object md\compiler\CMakeFiles\mdcompiler_dac.dir\assemblymd_emit.cpp.obj
  [274/2661] Building CXX object utilcode\CMakeFiles\utilcode_dac.dir\winfix.cpp.obj
  [275/2661] Building CXX object utilcode\CMakeFiles\utilcode_dac.dir\debug.cpp.obj
  [276/2661] Building CXX object utilcode\CMakeFiles\utilcode_dac.dir\longfilepathwrappers.cpp.obj
  [277/2661] Building CXX object utilcode\CMakeFiles\utilcode_dac.dir\util.cpp.obj
  [278/2661] Building CXX object md\compiler\CMakeFiles\mdcompiler_dac.dir\filtermanager.cpp.obj
  [279/2661] Building CXX object md\compiler\CMakeFiles\mdcompiler_dac.dir\custattr_import.cpp.obj
  [280/2661] Building CXX object md\compiler\CMakeFiles\mdcompiler_dac.dir\emit.cpp.obj
  [281/2661] Building CXX object md\compiler\CMakeFiles\mdcompiler_dac.dir\custattr_emit.cpp.obj
  [282/2661] Building CXX object md\compiler\CMakeFiles\mdcompiler_dac.dir\disp.cpp.obj
  [283/2661] Building CXX object utilcode\CMakeFiles\utilcode_dac.dir\hostimpl.cpp.obj
  [284/2661] Building CXX object utilcode\CMakeFiles\utilcode_dac.dir\dacutil.cpp.obj
  [285/2661] Building CXX object utilcode\CMakeFiles\utilcode_dac.dir\dlwrap.cpp.obj
  [286/2661] Building CXX object utilcode\CMakeFiles\utilcode_dac.dir\stacktrace.cpp.obj
  [287/2661] Building CXX object utilcode\CMakeFiles\utilcode_dac.dir\pedecoder.cpp.obj
  [288/2661] Building CXX object utilcode\CMakeFiles\utilcode_dac.dir\stresslog.cpp.obj
  [289/2661] Building CXX object md\compiler\CMakeFiles\mdcompiler_dac.dir\helper.cpp.obj
  [290/2661] Building CXX object md\compiler\CMakeFiles\mdcompiler_dac.dir\mdutil.cpp.obj
  [291/2661] Building CXX object md\compiler\CMakeFiles\mdcompiler_dac.dir\regmeta_vm.cpp.obj
  [292/2661] Building CXX object md\compiler\CMakeFiles\mdcompiler_dac.dir\regmeta_imetadatatables.cpp.obj
  [293/2661] Building CXX object md\compiler\CMakeFiles\mdcompiler_dac.dir\import.cpp.obj
  [294/2661] Building CXX object md\compiler\CMakeFiles\mdcompiler_dac.dir\regmeta_compilersupport.cpp.obj
  [295/2661] Building CXX object md\runtime\CMakeFiles\mdruntime_dac.dir\mdcolumndescriptors.cpp.obj
  [296/2661] Building CXX object md\compiler\CMakeFiles\mdcompiler_dac.dir\importhelper.cpp.obj
  [297/2661] Building CXX object md\runtime\CMakeFiles\mdruntime_dac.dir\mdfileformat.cpp.obj
  [298/2661] Building CXX object md\runtime\CMakeFiles\mdruntime_dac.dir\liteweightstgdb.cpp.obj
  [299/2661] Building CXX object md\compiler\CMakeFiles\mdcompiler_dac.dir\regmeta_import.cpp.obj
  [300/2661] Building CXX object md\compiler\CMakeFiles\mdcompiler_dac.dir\regmeta_emit.cpp.obj
  [301/2661] Building CXX object md\compiler\CMakeFiles\mdcompiler_dac.dir\regmeta.cpp.obj
  [302/2661] Building CXX object md\runtime\CMakeFiles\mdruntime_dac.dir\metamodel.cpp.obj
  [303/2661] Building CXX object md\runtime\CMakeFiles\mdruntime_dac.dir\noopmetadataimport.cpp.obj
  [304/2661] Building CXX object md\runtime\CMakeFiles\mdruntime_dac.dir\recordpool.cpp.obj
  [305/2661] Building CXX object md\runtime\CMakeFiles\mdruntime_dac.dir\metamodelro.cpp.obj
  [306/2661] Building CXX object md\runtime\CMakeFiles\mdruntime_dac.dir\strongnameinternal.cpp.obj
  [307/2661] Building CXX object md\runtime\CMakeFiles\mdruntime_dac.dir\stgpoolreadonly.cpp.obj
  [308/2661] Building CXX object md\runtime\CMakeFiles\mdruntime_dac.dir\stgpooli.cpp.obj
  [309/2661] Building CXX object md\enc\CMakeFiles\mdruntimerw_dac.dir\metamodelenc.cpp.obj
  [310/2661] Building CXX object md\enc\CMakeFiles\mdruntimerw_dac.dir\stgtiggerstorage.cpp.obj
  [311/2661] Building CXX object md\enc\CMakeFiles\mdruntimerw_dac.dir\rwutil.cpp.obj
  [312/2661] Building CXX object md\runtime\CMakeFiles\mdruntime_dac.dir\stgpool.cpp.obj
  [313/2661] Building CXX object md\runtime\CMakeFiles\mdruntime_dac.dir\mdinternaldisp.cpp.obj
  [314/2661] Building CXX object vm\CMakeFiles\cee_dac.dir\cmake_pch.cxx.obj
  [315/2661] Building CXX object md\runtime\CMakeFiles\mdruntime_dac.dir\mdinternalro.cpp.obj
  [316/2661] Building CXX object md\enc\CMakeFiles\mdruntimerw_dac.dir\metamodelrw.cpp.obj
  [317/2661] Linking CXX static library md\compiler\mdcompiler_dac.lib
  [318/2661] Building CXX object md\enc\CMakeFiles\mdruntimerw_dac.dir\stgtiggerstream.cpp.obj
  [319/2661] Building CXX object md\enc\CMakeFiles\mdruntimerw_dac.dir\pdbheap.cpp.obj
  [320/2661] Linking CXX static library utilcode\utilcode_dac.lib
  [321/2661] Linking CXX static library unwinder\unwinder_dac.lib
  [322/2661] Building CXX object md\enc\CMakeFiles\mdruntimerw_dac.dir\liteweightstgdbrw.cpp.obj
  [323/2661] Building CXX object md\enc\CMakeFiles\mdruntimerw_dac.dir\peparse.cpp.obj
  [324/2661] Building CXX object md\enc\CMakeFiles\mdruntimerw_dac.dir\stgio.cpp.obj
  [325/2661] Building RC object dlls\mscordbi\CMakeFiles\mscordbi.dir\Native.rc.res
  [326/2661] Building CXX object vm\CMakeFiles\cee_dac.dir\assemblybinder.cpp.obj
  [327/2661] Building CXX object vm\CMakeFiles\cee_dac.dir\asynccontinuations.cpp.obj
  [328/2661] Building CXX object vm\CMakeFiles\cee_dac.dir\castcache.cpp.obj
  [329/2661] Building CXX object vm\CMakeFiles\cee_dac.dir\array.cpp.obj
  [330/2661] Building CXX object vm\CMakeFiles\cee_dac.dir\callcounting.cpp.obj
  [331/2661] Building CXX object vm\CMakeFiles\cee_dac.dir\cdacplatformmetadata.cpp.obj
  [332/2661] Building CXX object md\enc\CMakeFiles\mdruntimerw_dac.dir\mdinternalrw.cpp.obj
  [333/2661] Building CXX object vm\CMakeFiles\cee_dac.dir\classhash.cpp.obj
  [334/2661] Building CXX object vm\CMakeFiles\cee_dac.dir\classlayoutinfo.cpp.obj
  [335/2661] Building CXX object vm\CMakeFiles\cee_dac.dir\conditionalweaktable.cpp.obj
  [336/2661] Building CXX object vm\CMakeFiles\cee_dac.dir\binder.cpp.obj
  [337/2661] Building CXX object vm\CMakeFiles\cee_dac.dir\codeversion.cpp.obj
  [338/2661] Building CXX object vm\CMakeFiles\cee_dac.dir\assembly.cpp.obj
  [339/2661] Building CXX object vm\CMakeFiles\cee_dac.dir\codeman.cpp.obj
  [340/2661] Building CXX object vm\CMakeFiles\cee_dac.dir\debughelp.cpp.obj
  [341/2661] Building CXX object vm\CMakeFiles\cee_dac.dir\decodemd.cpp.obj
  [342/2661] Building CXX object vm\CMakeFiles\cee_dac.dir\crst.cpp.obj
  [343/2661] Building CXX object vm\CMakeFiles\cee_dac.dir\debuginfostore.cpp.obj
  [344/2661] Building CXX object vm\CMakeFiles\cee_dac.dir\clsload.cpp.obj
  [345/2661] Building CXX object vm\CMakeFiles\cee_dac.dir\debugdebugger.cpp.obj
  [346/2661] Building CXX object vm\CMakeFiles\cee_dac.dir\disassembler.cpp.obj
  [347/2661] Building CXX object vm\CMakeFiles\cee_dac.dir\appdomain.cpp.obj
  [348/2661] Building CXX object vm\CMakeFiles\cee_dac.dir\contractimpl.cpp.obj
  [349/2661] Building CXX object vm\CMakeFiles\cee_dac.dir\class.cpp.obj
  [350/2661] Building CXX object vm\CMakeFiles\cee_dac.dir\ceeload.cpp.obj
  [351/2661] Building CXX object vm\CMakeFiles\cee_dac.dir\ebr.cpp.obj
  [352/2661] Building CXX object vm\CMakeFiles\cee_dac.dir\eehash.cpp.obj
  [353/2661] Building CXX object vm\CMakeFiles\cee_dac.dir\ecall.cpp.obj
  [354/2661] Building CXX object vm\CMakeFiles\cee_dac.dir\corhost.cpp.obj
  [355/2661] Building CXX object vm\CMakeFiles\cee_dac.dir\exstate.cpp.obj
  [356/2661] Building CXX object vm\CMakeFiles\cee_dac.dir\fptrstubs.cpp.obj
  [357/2661] Building CXX object vm\CMakeFiles\cee_dac.dir\formattype.cpp.obj
  [358/2661] Building CXX object vm\CMakeFiles\cee_dac.dir\field.cpp.obj
  [359/2661] Building CXX object vm\CMakeFiles\cee_dac.dir\dynamicmethod.cpp.obj
  [360/2661] Building CXX object vm\CMakeFiles\cee_dac.dir\eedbginterfaceimpl.cpp.obj
  [361/2661] Building CXX object vm\CMakeFiles\cee_dac.dir\encee.cpp.obj
  [362/2661] Building CXX object vm\CMakeFiles\cee_dac.dir\gchandleutilities.cpp.obj
  [363/2661] Building CXX object debug\ee\dac\CMakeFiles\cordbee_dac.dir\cmake_pch.cxx.obj
  [364/2661] Building CXX object vm\CMakeFiles\cee_dac.dir\exinfo.cpp.obj
  [365/2661] Building CXX object vm\CMakeFiles\cee_dac.dir\gctoclreventsink.cpp.obj
  [366/2661] Building CXX object vm\CMakeFiles\cee_dac.dir\gcheaputilities.cpp.obj
  [367/2661] Building CXX object vm\CMakeFiles\cee_dac.dir\generics.cpp.obj
  [368/2661] Building CXX object vm\CMakeFiles\cee_dac.dir\eetwain.cpp.obj
  [369/2661] Building CXX object vm\CMakeFiles\cee_dac.dir\excep.cpp.obj
  [370/2661] Building CXX object vm\CMakeFiles\cee_dac.dir\ilinstrumentation.cpp.obj
  [371/2661] Building CXX object vm\CMakeFiles\cee_dac.dir\ilstubresolver.cpp.obj
  [372/2661] Building CXX object vm\CMakeFiles\cee_dac.dir\hash.cpp.obj
  [373/2661] Building CXX object vm\wks\CMakeFiles\cee_wks_core.dir\cmake_pch.cxx.obj
  [374/2661] Building CXX object vm\CMakeFiles\cee_dac.dir\inlinetracking.cpp.obj
  [375/2661] Building CXX object vm\CMakeFiles\cee_dac.dir\methoddescbackpatchinfo.cpp.obj
  [376/2661] Building CXX object vm\CMakeFiles\cee_dac.dir\methodimpl.cpp.obj
  [377/2661] Building CXX object vm\CMakeFiles\cee_dac.dir\ilstubcache.cpp.obj
  [378/2661] Building CXX object vm\CMakeFiles\cee_dac.dir\genmeth.cpp.obj
  [379/2661] Building CXX object vm\CMakeFiles\cee_dac.dir\jithost.cpp.obj
  [380/2661] Building CXX object vm\CMakeFiles\cee_dac.dir\instmethhash.cpp.obj
  [381/2661] Building CXX object vm\CMakeFiles\cee_dac.dir\methoditer.cpp.obj
  [382/2661] Building CXX object vm\CMakeFiles\cee_dac.dir\genericdict.cpp.obj
  [383/2661] Building CXX object vm\CMakeFiles\cee_dac.dir\object.cpp.obj
  [384/2661] Building CXX object vm\CMakeFiles\cee_dac.dir\onstackreplacement.cpp.obj
  [385/2661] Building CXX object vm\CMakeFiles\cee_dac.dir\nativeimage.cpp.obj
  [386/2661] Building CXX object vm\CMakeFiles\cee_dac.dir\perfmap.cpp.obj
  [387/2661] Building CXX object vm\CMakeFiles\cee_dac.dir\precode_portable.cpp.obj
  [388/2661] Building CXX object vm\CMakeFiles\cee_dac.dir\peimage.cpp.obj
  [389/2661] Building CXX object vm\CMakeFiles\cee_dac.dir\frames.cpp.obj
  [390/2661] Building CXX object vm\CMakeFiles\cee_dac.dir\precode.cpp.obj
  [391/2661] Building CXX object debug\daccess\CMakeFiles\daccess.dir\cmake_pch.cxx.obj
  [392/2661] Building CXX object vm\CMakeFiles\cee_dac.dir\memberload.cpp.obj
  [393/2661] Building CXX object vm\CMakeFiles\cee_dac.dir\loaderallocator.cpp.obj
  [394/2661] Building CXX object vm\CMakeFiles\cee_dac.dir\sigformat.cpp.obj
  [395/2661] Building CXX object vm\CMakeFiles\cee_dac.dir\pgo.cpp.obj
  [396/2661] Building CXX object vm\CMakeFiles\cee_dac.dir\spinlock.cpp.obj
  [397/2661] Building CXX object vm\CMakeFiles\cee_dac.dir\jitinterface.cpp.obj
  [398/2661] Building CXX object vm\CMakeFiles\cee_dac.dir\readytorunstandalonemethodmetadata.cpp.obj
  [399/2661] Building CXX object vm\CMakeFiles\cee_dac.dir\method.cpp.obj
  [400/2661] Building CXX object vm\CMakeFiles\cee_dac.dir\siginfo.cpp.obj
  [401/2661] Building CXX object dlls\mscordbi\CMakeFiles\mscordbi.dir\cmake_pch.cxx.obj
  [402/2661] Building CXX object vm\CMakeFiles\cee_dac.dir\stublink.cpp.obj
  [403/2661] Building CXX object debug\daccess\CMakeFiles\daccess.dir\cdac.cpp.obj
  [404/2661] Building CXX object vm\CMakeFiles\cee_dac.dir\peassembly.cpp.obj
  [405/2661] Building CXX object debug\daccess\CMakeFiles\daccess.dir\fntableaccess.cpp.obj
  [406/2661] Building CXX object vm\CMakeFiles\cee_dac.dir\prestub.cpp.obj
  [407/2661] Building CXX object debug\daccess\CMakeFiles\daccess.dir\reimpl.cpp.obj
  [408/2661] Building CXX object vm\CMakeFiles\cee_dac.dir\methodtable.cpp.obj
  [409/2661] Building CXX object debug\daccess\CMakeFiles\daccess.dir\gcdump_dac.cpp.obj
  [410/2661] Building CXX object vm\CMakeFiles\cee_dac.dir\stackwalk.cpp.obj
  [411/2661] Building CXX object vm\CMakeFiles\cee_dac.dir\rejit.cpp.obj
  [412/2661] Building CXX object debug\daccess\CMakeFiles\daccess.dir\dacfn.cpp.obj
  [413/2661] Building CXX object debug\daccess\CMakeFiles\daccess.dir\dacdbiimplstackwalk.cpp.obj
  [414/2661] Building CXX object debug\daccess\CMakeFiles\daccess.dir\inspect.cpp.obj
  [415/2661] Building CXX object debug\daccess\CMakeFiles\daccess.dir\stack.cpp.obj
  [416/2661] Building CXX object debug\daccess\CMakeFiles\daccess.dir\enummem.cpp.obj
  [417/2661] Building CXX object debug\daccess\CMakeFiles\daccess.dir\task.cpp.obj
  [418/2661] Building CXX object debug\daccess\CMakeFiles\daccess.dir\nidump.cpp.obj
  [419/2661] Building CXX object debug\daccess\CMakeFiles\daccess.dir\amd64\primitives.cpp.obj
  [420/2661] Building CXX object debug\daccess\CMakeFiles\daccess.dir\datatargetadapter.cpp.obj
  [421/2661] Building CXX object vm\CMakeFiles\cee_dac.dir\threadstatics.cpp.obj
  [422/2661] Building CXX object vm\CMakeFiles\cee_dac.dir\typectxt.cpp.obj
  [423/2661] Building CXX object vm\CMakeFiles\cee_dac.dir\tieredcompilation.cpp.obj
  [424/2661] Building CXX object debug\daccess\CMakeFiles\daccess.dir\request.cpp.obj
  [425/2661] Building CXX object vm\CMakeFiles\cee_dac.dir\typedesc.cpp.obj
  [426/2661] Building CXX object debug\daccess\CMakeFiles\daccess.dir\request_svr.cpp.obj
  [427/2661] Building CXX object vm\CMakeFiles\cee_dac.dir\typeequivalencehash.cpp.obj
  [428/2661] Building CXX object vm\CMakeFiles\cee_dac.dir\typehandle.cpp.obj
  [429/2661] Building CXX object debug\daccess\CMakeFiles\daccess.dir\daccess.cpp.obj
  [430/2661] Building CXX object vm\CMakeFiles\cee_dac.dir\syncblk.cpp.obj
  [431/2661] Building CXX object vm\CMakeFiles\cee_dac.dir\util.cpp.obj
  [432/2661] Building CXX object vm\CMakeFiles\cee_dac.dir\typehash.cpp.obj
  [433/2661] Building CXX object vm\CMakeFiles\cee_dac.dir\typestring.cpp.obj
  [434/2661] Building CXX object vm\CMakeFiles\cee_dac.dir\stubmgr.cpp.obj
  [435/2661] Building CXX object vm\CMakeFiles\cee_dac.dir\vars.cpp.obj
  [436/2661] Building CXX object vm\CMakeFiles\cee_dac.dir\zapsig.cpp.obj
  [437/2661] Building CXX object vm\CMakeFiles\cee_dac.dir\pregeneratedstringthunks.cpp.obj
  [438/2661] Building CXX object vm\CMakeFiles\cee_dac.dir\versionresilienthashcode.cpp.obj
  [439/2661] Building CXX object vm\CMakeFiles\cee_dac.dir\amsi.cpp.obj
  [440/2661] Building CXX object debug\daccess\CMakeFiles\daccess.dir\dacdbiimpl.cpp.obj
  [441/2661] Building CXX object vm\CMakeFiles\cee_dac.dir\peimagelayout.cpp.obj
  [442/2661] Building CXX object vm\CMakeFiles\cee_dac.dir\amd64\stublinkeramd64.cpp.obj
  [443/2661] Building CXX object vm\CMakeFiles\cee_dac.dir\threads.cpp.obj
  [444/2661] Building CXX object vm\CMakeFiles\cee_dac.dir\readytoruninfo.cpp.obj
  [445/2661] Building CXX object debug\ee\dac\CMakeFiles\cordbee_dac.dir\__\controller.cpp.obj
  [446/2661] Building CXX object vm\CMakeFiles\cee_dac.dir\virtualcallstub.cpp.obj
  [447/2661] Building CXX object vm\CMakeFiles\cee_dac.dir\amd64\cgenamd64.cpp.obj
  [448/2661] Building CXX object vm\CMakeFiles\cee_dac.dir\amd64\excepamd64.cpp.obj
  [449/2661] Building CXX object vm\CMakeFiles\cee_dac.dir\exceptionhandling.cpp.obj
  [450/2661] Linking CXX static library md\runtime\mdruntime_dac.lib
  [451/2661] Linking CXX static library md\enc\mdruntimerw_dac.lib
  [452/2661] Building CXX object debug\ee\dac\CMakeFiles\cordbee_dac.dir\__\debugger.cpp.obj
  [453/2661] Linking CXX static library debug\daccess\daccess.lib
  [454/2661] Building CXX object debug\ee\dac\CMakeFiles\cordbee_dac.dir\__\debuggermessagebox.cpp.obj
  [455/2661] Building CXX object debug\ee\dac\CMakeFiles\cordbee_dac.dir\__\debuggermodule.cpp.obj
  [456/2661] Building CXX object debug\ee\dac\CMakeFiles\cordbee_dac.dir\__\executioncontrol.cpp.obj
  [457/2661] Building CXX object vm\CMakeFiles\cee_dac.dir\__\gc\objecthandle.cpp.obj
  [458/2661] Building CXX object vm\CMakeFiles\cee_dac.dir\__\gc\handletablecore.cpp.obj
  [459/2661] Building CXX object debug\ee\dac\CMakeFiles\cordbee_dac.dir\__\functioninfo.cpp.obj
  [460/2661] Building CXX object vm\CMakeFiles\cee_dac.dir\__\gc\handletable.cpp.obj
  [461/2661] Building CXX object dlls\mscordbi\CMakeFiles\mscordbi.dir\mscordbi.cpp.obj
  [462/2661] Building CXX object vm\CMakeFiles\cee_dac.dir\__\gc\handletablescan.cpp.obj
  [463/2661] Generating mscordaccore.exp export file
     Creating library C:/Users/konradkokosa/.copilot/repos/copilot-worktrees/runtime-fork/kkokosa-ideal-sniffle/artifacts/obj/coreclr/windows.x64.Debug/dlls/mscordac/mscordaccore.lib and object C:/Users/konradkokosa/.copilot/repos/copilot-worktrees/runtime-fork/kkokosa-ideal-sniffle/artifacts/obj/coreclr/windows.x64.Debug/dlls/mscordac/mscordaccore.exp
  [464/2661] Building CXX object vm\wks\CMakeFiles\cee_wks_core.dir\__\castcache.cpp.obj
  [465/2661] Building CXX object vm\wks\CMakeFiles\cee_wks_core.dir\__\asynccontinuations.cpp.obj
  [466/2661] Building CXX object vm\wks\CMakeFiles\cee_wks_core.dir\__\assemblybinder.cpp.obj
  [467/2661] Linking CXX static library debug\ee\dac\cordbee_dac.lib
  [468/2661] Building CXX object vm\wks\CMakeFiles\cee_wks_core.dir\__\cdacplatformmetadata.cpp.obj
  [469/2661] Building CXX object vm\wks\CMakeFiles\cee_wks_core.dir\__\classhash.cpp.obj
  [470/2661] Building CXX object vm\wks\CMakeFiles\cee_wks_core.dir\__\conditionalweaktable.cpp.obj
  [471/2661] Building RC object dlls\mscordac\CMakeFiles\mscordaccore.dir\Native.rc.res
  [472/2661] Building CXX object vm\wks\CMakeFiles\cee_wks_core.dir\__\array.cpp.obj
  [473/2661] Building CXX object vm\wks\CMakeFiles\cee_wks_core.dir\__\classlayoutinfo.cpp.obj
  [474/2661] Linking CXX static library vm\cee_dac.lib
  [475/2661] Building CXX object vm\wks\CMakeFiles\cee_wks_core.dir\__\callcounting.cpp.obj
  [476/2661] Building CXX object vm\wks\CMakeFiles\cee_wks_core.dir\__\codeversion.cpp.obj
  [477/2661] Building CXX object vm\wks\CMakeFiles\cee_wks_core.dir\__\debughelp.cpp.obj
  [478/2661] Building CXX object vm\wks\CMakeFiles\cee_wks_core.dir\__\decodemd.cpp.obj
  [479/2661] Building CXX object vm\wks\CMakeFiles\cee_wks_core.dir\__\binder.cpp.obj
  [480/2661] Building CXX object vm\wks\CMakeFiles\cee_wks_core.dir\__\debuginfostore.cpp.obj
  [481/2661] Building CXX object vm\wks\CMakeFiles\cee_wks_core.dir\__\contractimpl.cpp.obj
  [482/2661] Building CXX object vm\wks\CMakeFiles\cee_wks_core.dir\__\crst.cpp.obj
  [483/2661] Building CXX object vm\wks\CMakeFiles\cee_wks_core.dir\__\disassembler.cpp.obj
  [484/2661] Building CXX object vm\wks\CMakeFiles\cee_wks_core.dir\__\debugdebugger.cpp.obj
  [485/2661] Building CXX object vm\wks\CMakeFiles\cee_wks_core.dir\__\assembly.cpp.obj
  [486/2661] Building CXX object vm\wks\CMakeFiles\cee_wks_core.dir\__\clsload.cpp.obj
  [487/2661] Building CXX object vm\wks\CMakeFiles\cee_wks_core.dir\__\ebr.cpp.obj
  [488/2661] Building CXX object vm\wks\CMakeFiles\cee_wks_core.dir\__\class.cpp.obj
  [489/2661] Building CXX object vm\wks\CMakeFiles\cee_wks_core.dir\__\exstate.cpp.obj
  [490/2661] Building CXX object vm\wks\CMakeFiles\cee_wks_core.dir\__\eehash.cpp.obj
  [491/2661] Building CXX object vm\wks\CMakeFiles\cee_wks_core.dir\__\ecall.cpp.obj
  [492/2661] Building CXX object vm\wks\CMakeFiles\cee_wks_core.dir\__\corhost.cpp.obj
  [493/2661] Building CXX object vm\wks\CMakeFiles\cee_wks_core.dir\__\exinfo.cpp.obj
  [494/2661] Building CXX object vm\wks\CMakeFiles\cee_wks_core.dir\__\fptrstubs.cpp.obj
  [495/2661] Building CXX object vm\wks\CMakeFiles\cee_wks_core.dir\__\dynamicmethod.cpp.obj
  [496/2661] Building CXX object vm\wks\CMakeFiles\cee_wks_core.dir\__\ceeload.cpp.obj
  [497/2661] Building CXX object vm\wks\CMakeFiles\cee_wks_core.dir\__\encee.cpp.obj
  [498/2661] Building CXX object vm\wks\CMakeFiles\cee_wks_core.dir\__\field.cpp.obj
  [499/2661] Building CXX object vm\wks\CMakeFiles\cee_wks_core.dir\__\formattype.cpp.obj
  [500/2661] Building CXX object vm\wks\CMakeFiles\cee_wks_core.dir\__\gcheaputilities.cpp.obj
  [501/2661] Building CXX object vm\wks\CMakeFiles\cee_wks_core.dir\__\eetwain.cpp.obj
  [502/2661] Building CXX object vm\wks\CMakeFiles\cee_wks_core.dir\__\gchandleutilities.cpp.obj
  [503/2661] Building CXX object vm\wks\CMakeFiles\cee_wks_core.dir\__\gctoclreventsink.cpp.obj
  [504/2661] Building CXX object vm\wks\CMakeFiles\cee_wks_core.dir\__\appdomain.cpp.obj
  [505/2661] Building CXX object vm\wks\CMakeFiles\cee_wks_core.dir\__\eedbginterfaceimpl.cpp.obj
  [506/2661] Building CXX object vm\wks\CMakeFiles\cee_wks_core.dir\__\hash.cpp.obj
  [507/2661] Building CXX object vm\wks\CMakeFiles\cee_wks_core.dir\__\ilinstrumentation.cpp.obj
  [508/2661] Building CXX object vm\wks\CMakeFiles\cee_wks_core.dir\__\genmeth.cpp.obj
  [509/2661] Building CXX object vm\wks\CMakeFiles\cee_wks_core.dir\__\generics.cpp.obj
  [510/2661] Building CXX object vm\wks\CMakeFiles\cee_wks_core.dir\__\ilstubresolver.cpp.obj
  [511/2661] Building CXX object vm\wks\CMakeFiles\cee_wks_core.dir\__\methodimpl.cpp.obj
  [512/2661] Building CXX object vm\wks\CMakeFiles\cee_wks_core.dir\__\jithost.cpp.obj
  [513/2661] Building CXX object vm\wks\CMakeFiles\cee_wks_core.dir\__\instmethhash.cpp.obj
  [514/2661] Building CXX object vm\wks\CMakeFiles\cee_wks_core.dir\__\ilstubcache.cpp.obj
  [515/2661] Building CXX object vm\wks\CMakeFiles\cee_wks_core.dir\__\methoddescbackpatchinfo.cpp.obj
  [516/2661] Building CXX object vm\wks\CMakeFiles\cee_wks_core.dir\__\genericdict.cpp.obj
  [517/2661] Building CXX object vm\wks\CMakeFiles\cee_wks_core.dir\__\excep.cpp.obj
  [518/2661] Building CXX object vm\wks\CMakeFiles\cee_wks_core.dir\__\frames.cpp.obj
  [519/2661] Building CXX object vm\wks\CMakeFiles\cee_wks_core.dir\__\inlinetracking.cpp.obj
  [520/2661] Building CXX object vm\wks\CMakeFiles\cee_wks_core.dir\__\methoditer.cpp.obj
  [521/2661] Building CXX object vm\wks\CMakeFiles\cee_wks_core.dir\__\onstackreplacement.cpp.obj
  [522/2661] Building CXX object vm\wks\CMakeFiles\cee_wks_core.dir\__\memberload.cpp.obj
  [523/2661] Building CXX object vm\wks\CMakeFiles\cee_wks_core.dir\__\perfmap.cpp.obj
  [524/2661] Building CXX object vm\wks\CMakeFiles\cee_wks_core.dir\__\precode_portable.cpp.obj
  [525/2661] Building CXX object vm\wks\CMakeFiles\cee_wks_core.dir\__\precode.cpp.obj
  [526/2661] Building CXX object vm\wks\CMakeFiles\cee_wks_core.dir\__\peimage.cpp.obj
  [527/2661] Building CXX object vm\wks\CMakeFiles\cee_wks_core.dir\__\nativeimage.cpp.obj
  [528/2661] Building CXX object vm\wks\CMakeFiles\cee_wks_core.dir\__\sigformat.cpp.obj
  [529/2661] Building CXX object vm\wks\CMakeFiles\cee_wks_core.dir\__\object.cpp.obj
  [530/2661] Building CXX object vm\wks\CMakeFiles\cee_wks_core.dir\__\peassembly.cpp.obj
  [531/2661] Building CXX object vm\wks\CMakeFiles\cee_wks_core.dir\__\readytorunstandalonemethodmetadata.cpp.obj
  [532/2661] Building CXX object vm\wks\CMakeFiles\cee_wks_core.dir\__\spinlock.cpp.obj
  [533/2661] Building CXX object vm\wks\CMakeFiles\cee_wks_core.dir\__\method.cpp.obj
  [534/2661] Building CXX object vm\wks\CMakeFiles\cee_wks_core.dir\__\loaderallocator.cpp.obj
  [535/2661] Building CXX object vm\wks\CMakeFiles\cee_wks_core.dir\__\pgo.cpp.obj
  [536/2661] Building CXX object vm\wks\CMakeFiles\cee_wks_core.dir\__\stublink.cpp.obj
  [537/2661] Building CXX object vm\wks\CMakeFiles\cee_wks_core.dir\__\threadstatics.cpp.obj
  [538/2661] Building CXX object vm\wks\CMakeFiles\cee_wks_core.dir\__\tieredcompilation.cpp.obj
  [539/2661] Building CXX object vm\wks\CMakeFiles\cee_wks_core.dir\__\typectxt.cpp.obj
  [540/2661] Building CXX object vm\wks\CMakeFiles\cee_wks_core.dir\__\rejit.cpp.obj
  [541/2661] Building CXX object vm\wks\CMakeFiles\cee_wks_core.dir\__\vars.cpp.obj
  [542/2661] Building CXX object vm\wks\CMakeFiles\cee_wks_core.dir\__\typeequivalencehash.cpp.obj
  [543/2661] Building CXX object vm\wks\CMakeFiles\cee_wks_core.dir\__\typehandle.cpp.obj
  [544/2661] Building CXX object vm\wks\CMakeFiles\cee_wks_core.dir\__\util.cpp.obj
  [545/2661] Building CXX object vm\wks\CMakeFiles\cee_wks_core.dir\__\stackwalk.cpp.obj
  [546/2661] Building CXX object vm\wks\CMakeFiles\cee_wks_core.dir\__\typehash.cpp.obj
  [547/2661] Building CXX object vm\wks\CMakeFiles\cee_wks_core.dir\__\siginfo.cpp.obj
  [548/2661] Building CXX object vm\wks\CMakeFiles\cee_wks_core.dir\__\typedesc.cpp.obj
  [549/2661] Building CXX object vm\wks\CMakeFiles\cee_wks_core.dir\__\typestring.cpp.obj
  [550/2661] Building CXX object vm\wks\CMakeFiles\cee_wks_core.dir\__\zapsig.cpp.obj
  [551/2661] Building CXX object vm\wks\CMakeFiles\cee_wks_core.dir\__\syncblk.cpp.obj
  [552/2661] Building CXX object vm\wks\CMakeFiles\cee_wks_core.dir\__\stubmgr.cpp.obj
  [553/2661] Building CXX object vm\datadescriptor\CMakeFiles\gc_svr_descriptor_temp.dir\cf59715bd1d281ef0bb86756f51cf51a\datadescriptor.cpp.obj
  [554/2661] Building CXX object vm\wks\CMakeFiles\cee_wks_core.dir\__\prestub.cpp.obj
  [555/2661] Building CXX object vm\wks\CMakeFiles\cee_wks_core.dir\__\jitinterface.cpp.obj
  [556/2661] Building CXX object vm\wks\CMakeFiles\cee_wks_core.dir\__\methodtable.cpp.obj
  [557/2661] Building CXX object vm\wks\CMakeFiles\cee_wks_core.dir\__\assemblyprobeextension.cpp.obj
  [558/2661] Building CXX object vm\wks\CMakeFiles\cee_wks_core.dir\__\pregeneratedstringthunks.cpp.obj
  [559/2661] Building CXX object vm\wks\CMakeFiles\cee_wks_core.dir\__\versionresilienthashcode.cpp.obj
  [560/2661] Building CXX object vm\wks\CMakeFiles\cee_wks_core.dir\__\arraynative.cpp.obj
  [561/2661] Building CXX object vm\wks\CMakeFiles\cee_wks_core.dir\__\appdomainnative.cpp.obj
  [562/2661] Building CXX object vm\wks\CMakeFiles\cee_wks_core.dir\__\CachedInterfaceDispatch_Coreclr.cpp.obj
  [563/2661] Building CXX object vm\wks\CMakeFiles\cee_wks_core.dir\__\baseassemblyspec.cpp.obj
  [564/2661] Building CXX object vm\wks\CMakeFiles\cee_wks_core.dir\__\assemblyspec.cpp.obj
  [565/2661] Building CXX object vm\wks\CMakeFiles\cee_wks_core.dir\__\__\runtime\CachedInterfaceDispatch.cpp.obj
  [566/2661] Building CXX object vm\wks\CMakeFiles\cee_wks_core.dir\__\clrconfignative.cpp.obj
  [567/2661] Building CXX object vm\wks\CMakeFiles\cee_wks_core.dir\__\cachelinealloc.cpp.obj
  [568/2661] Building CXX object vm\wks\CMakeFiles\cee_wks_core.dir\__\bundle.cpp.obj
  [569/2661] Building CXX object vm\wks\CMakeFiles\cee_wks_core.dir\__\__\runtime\MiscNativeHelpers.cpp.obj
  [570/2661] Building CXX object vm\wks\CMakeFiles\cee_wks_core.dir\__\callstubgenerator.cpp.obj
  [571/2661] Building CXX object vm\wks\CMakeFiles\cee_wks_core.dir\__\comdatetime.cpp.obj
  [572/2661] Building CXX object vm\wks\CMakeFiles\cee_wks_core.dir\__\clrvarargs.cpp.obj
  [573/2661] Building CXX object vm\wks\CMakeFiles\cee_wks_core.dir\__\comdependenthandle.cpp.obj
  [574/2661] Building CXX object vm\wks\CMakeFiles\cee_wks_core.dir\__\readytoruninfo.cpp.obj
  [575/2661] Building CXX object vm\wks\CMakeFiles\cee_wks_core.dir\__\callconvbuilder.cpp.obj
  [576/2661] Building CXX object vm\wks\CMakeFiles\cee_wks_core.dir\__\callhelpers.cpp.obj
  [577/2661] Building CXX object vm\wks\CMakeFiles\cee_wks_core.dir\__\assemblynative.cpp.obj
  [578/2661] Building CXX object vm\wks\CMakeFiles\cee_wks_core.dir\__\threads.cpp.obj
  [579/2661] Building CXX object vm\wks\CMakeFiles\cee_wks_core.dir\__\divmodint.cpp.obj
  [580/2661] Building CXX object vm\wks\CMakeFiles\cee_wks_core.dir\__\virtualcallstub.cpp.obj
  [581/2661] Building CXX object vm\wks\CMakeFiles\cee_wks_core.dir\__\custommarshalerinfo.cpp.obj
  [582/2661] Building CXX object vm\wks\CMakeFiles\cee_wks_core.dir\__\eeconfig.cpp.obj
  [583/2661] Building CXX object vm\wks\CMakeFiles\cee_wks_core.dir\__\dynamicinterfacecastable.cpp.obj
  [584/2661] Building CXX object vm\wks\CMakeFiles\cee_wks_core.dir\__\coreassemblyspec.cpp.obj
  [585/2661] Building CXX object vm\wks\CMakeFiles\cee_wks_core.dir\__\comdynamic.cpp.obj
  [586/2661] Building CXX object vm\wks\CMakeFiles\cee_wks_core.dir\__\commodule.cpp.obj
  [587/2661] Building CXX object vm\wks\CMakeFiles\cee_wks_core.dir\__\customattribute.cpp.obj
  [588/2661] Building CXX object vm\wks\CMakeFiles\cee_wks_core.dir\__\comsynchronizable.cpp.obj
  [589/2661] Building CXX object vm\wks\CMakeFiles\cee_wks_core.dir\__\clrex.cpp.obj
  [590/2661] Building CXX object vm\wks\CMakeFiles\cee_wks_core.dir\__\dllimportcallback.cpp.obj
  [591/2661] Building CXX object vm\wks\CMakeFiles\cee_wks_core.dir\__\comdelegate.cpp.obj
  [592/2661] Building CXX object vm\wks\CMakeFiles\cee_wks_core.dir\__\floatdouble.cpp.obj
  [593/2661] Building CXX object vm\wks\CMakeFiles\cee_wks_core.dir\__\floatsingle.cpp.obj
  [594/2661] Building CXX object vm\wks\CMakeFiles\cee_wks_core.dir\__\fcall.cpp.obj
  [595/2661] Building CXX object vm\wks\CMakeFiles\cee_wks_core.dir\__\eecontract.cpp.obj
  [596/2661] Building CXX object vm\wks\CMakeFiles\cee_wks_core.dir\__\frozenobjectheap.cpp.obj
  [597/2661] Building CXX object vm\wks\CMakeFiles\cee_wks_core.dir\__\comutilnative.cpp.obj
  [598/2661] Building CXX object vm\wks\CMakeFiles\cee_wks_core.dir\__\hostinformation.cpp.obj
  [599/2661] Building CXX object vm\wks\CMakeFiles\cee_wks_core.dir\__\hosting.cpp.obj
  [600/2661] Building CXX object vm\wks\CMakeFiles\cee_wks_core.dir\__\eventpipeinternal.cpp.obj
  [601/2661] Building CXX object vm\wks\CMakeFiles\cee_wks_core.dir\__\eepolicy.cpp.obj
  [602/2661] Building CXX object vm\wks\CMakeFiles\cee_wks_core.dir\__\fieldmarshaler.cpp.obj
  [603/2661] Building CXX object vm\wks\CMakeFiles\cee_wks_core.dir\__\gchelpers.cpp.obj
  [604/2661] Building CXX object vm\wks\CMakeFiles\cee_wks_core.dir\__\gccover.cpp.obj
  [605/2661] Building CXX object vm\wks\CMakeFiles\cee_wks_core.dir\__\genanalysis.cpp.obj
  [606/2661] Building CXX object vm\wks\CMakeFiles\cee_wks_core.dir\__\finalizerthread.cpp.obj
  [607/2661] Building CXX object vm\wks\CMakeFiles\cee_wks_core.dir\__\cdacstress.cpp.obj
  [608/2661] Building CXX object vm\wks\CMakeFiles\cee_wks_core.dir\__\instancecalli.cpp.obj
  [609/2661] Building CXX object vm\wks\CMakeFiles\cee_wks_core.dir\__\dllimport.cpp.obj
  [610/2661] Building CXX object vm\wks\CMakeFiles\cee_wks_core.dir\__\gcenv.ee.common.cpp.obj
  [611/2661] Building CXX object vm\wks\CMakeFiles\cee_wks_core.dir\__\eetoprofinterfaceimpl.cpp.obj
  [612/2661] Building CXX object vm\wks\CMakeFiles\cee_wks_core.dir\__\interpframeallocator.cpp.obj
  [613/2661] Building CXX object vm\wks\CMakeFiles\cee_wks_core.dir\__\jitinterfacegen.cpp.obj
  [614/2661] Building CXX object vm\wks\CMakeFiles\cee_wks_core.dir\__\managedmdimport.cpp.obj
  [615/2661] Building CXX object vm\wks\CMakeFiles\cee_wks_core.dir\__\invokeutil.cpp.obj
  [616/2661] Building CXX object vm\wks\CMakeFiles\cee_wks_core.dir\__\ilmarshalers.cpp.obj
  [617/2661] Building CXX object vm\wks\CMakeFiles\cee_wks_core.dir\__\nativeeventsource.cpp.obj
  [618/2661] Building CXX object vm\wks\CMakeFiles\cee_wks_core.dir\__\nativelibrary.cpp.obj
  [619/2661] Building CXX object vm\wks\CMakeFiles\cee_wks_core.dir\__\pinvokeoverride.cpp.obj
  [620/2661] Building CXX object vm\wks\CMakeFiles\cee_wks_core.dir\__\nativelibrarynative.cpp.obj
  [621/2661] Building CXX object vm\wks\CMakeFiles\cee_wks_core.dir\__\profdetach.cpp.obj
  [622/2661] Building CXX object vm\wks\CMakeFiles\cee_wks_core.dir\__\pendingload.cpp.obj
  [623/2661] Building CXX object vm\wks\CMakeFiles\cee_wks_core.dir\__\interopconverter.cpp.obj
  [624/2661] Building CXX object vm\wks\CMakeFiles\cee_wks_core.dir\__\gcenv.ee.cpp.obj
  [625/2661] Building CXX object vm\wks\CMakeFiles\cee_wks_core.dir\__\multicorejitplayer.cpp.obj
  [626/2661] Building CXX object vm\wks\CMakeFiles\cee_wks_core.dir\__\multicorejit.cpp.obj
  [627/2661] Building CXX object vm\wks\CMakeFiles\cee_wks_core.dir\__\qcall.cpp.obj
  [628/2661] Building CXX object vm\wks\CMakeFiles\cee_wks_core.dir\__\profilingenumerators.cpp.obj
  [629/2661] Building CXX object vm\wks\CMakeFiles\cee_wks_core.dir\__\interpexec.cpp.obj
  [630/2661] Building CXX object vm\wks\CMakeFiles\cee_wks_core.dir\__\jithelpers.cpp.obj
  [631/2661] Building CXX object vm\wks\CMakeFiles\cee_wks_core.dir\__\reflectclasswriter.cpp.obj
  [632/2661] Building CXX object vm\wks\CMakeFiles\cee_wks_core.dir\__\simplerwlock.cpp.obj
  [633/2661] Building CXX object vm\wks\CMakeFiles\cee_wks_core.dir\__\profilinghelper.cpp.obj
  [634/2661] Building CXX object vm\wks\CMakeFiles\cee_wks_core.dir\__\stackingallocator.cpp.obj
  [635/2661] Building CXX object vm\wks\CMakeFiles\cee_wks_core.dir\__\methodtablebuilder.cpp.obj
  [636/2661] Building CXX object vm\wks\CMakeFiles\cee_wks_core.dir\__\interoputil.cpp.obj
  [637/2661] Building CXX object vm\wks\CMakeFiles\cee_wks_core.dir\__\marshalnative.cpp.obj
  [638/2661] Building CXX object vm\wks\CMakeFiles\cee_wks_core.dir\__\stubcache.cpp.obj
  [639/2661] Building CXX object vm\wks\CMakeFiles\cee_wks_core.dir\__\stringliteralmap.cpp.obj
  [640/2661] Building CXX object vm\wks\CMakeFiles\cee_wks_core.dir\__\mlinfo.cpp.obj
  [641/2661] Building CXX object vm\wks\CMakeFiles\cee_wks_core.dir\__\synch.cpp.obj
  [642/2661] Building CXX object vm\wks\CMakeFiles\cee_wks_core.dir\__\typeparse.cpp.obj
  [643/2661] Building CXX object vm\wks\CMakeFiles\cee_wks_core.dir\__\asyncthunks.cpp.obj
  [644/2661] Building CXX object vm\wks\CMakeFiles\cee_wks_core.dir\__\weakreferencenative.cpp.obj
  [645/2661] Building CXX object vm\wks\CMakeFiles\cee_wks_core.dir\__\varargsnative.cpp.obj
  [646/2661] Building CXX object vm\wks\CMakeFiles\cee_wks_core.dir\__\stubgen.cpp.obj
  [647/2661] Building CXX object vm\wks\CMakeFiles\cee_wks_core.dir\__\tailcallhelp.cpp.obj
  [648/2661] Building CXX object vm\wks\CMakeFiles\cee_wks_core.dir\__\unsafeaccessors.cpp.obj
  [649/2661] Building CXX object vm\wks\CMakeFiles\cee_wks_core.dir\__\yieldprocessornormalized.cpp.obj
  [650/2661] Building CXX object vm\wks\CMakeFiles\cee_wks_core.dir\__\rcwrefcache.cpp.obj
  [651/2661] Building CXX object vm\wks\CMakeFiles\cee_wks_core.dir\__\syncclean.cpp.obj
  [652/2661] Building CXX object vm\wks\CMakeFiles\cee_wks_core.dir\__\interoplibinterface_shared.cpp.obj
  [653/2661] Building CXX object vm\wks\CMakeFiles\cee_wks_core.dir\__\interoplibinterface_comwrappers.cpp.obj
  [654/2661] Building CXX object vm\wks\CMakeFiles\cee_wks_core.dir\__\reflectioninvocation.cpp.obj
  [655/2661] Building CXX object vm\wks\CMakeFiles\cee_wks_core.dir\__\amsi.cpp.obj
  [656/2661] Building CXX object vm\wks\CMakeFiles\cee_wks_core.dir\__\threadsuspend.cpp.obj
  [657/2661] Building CXX object vm\wks\CMakeFiles\cee_wks_core.dir\__\runtimehandles.cpp.obj
  [658/2661] Building CXX object vm\wks\CMakeFiles\cee_wks_core.dir\__\interoplibinterface_java.cpp.obj
  [659/2661] Building CXX object vm\wks\CMakeFiles\cee_wks_core.dir\__\eventtrace_gcheap.cpp.obj
  [660/2661] Building CXX object vm\wks\CMakeFiles\cee_wks_core.dir\__\proftoeeinterfaceimpl.cpp.obj
  [661/2661] Building CXX object vm\wks\CMakeFiles\cee_wks_core.dir\__\rtlfunctions.cpp.obj
  [662/2661] Building CXX object vm\wks\CMakeFiles\cee_wks_core.dir\__\eventreporter.cpp.obj
  [663/2661] Building CXX object vm\wks\CMakeFiles\cee_wks_core.dir\__\qcallentrypoints.cpp.obj
  [664/2661] Building CXX object vm\wks\CMakeFiles\cee_wks_core.dir\__\eventtrace_bulktype.cpp.obj
  [665/2661] Building CXX object vm\wks\CMakeFiles\cee_wks_core.dir\__\stubhelpers.cpp.obj
  [666/2661] Building CXX object vm\wks\CMakeFiles\cee_wks_core.dir\__\dispparammarshaler.cpp.obj
  [667/2661] Building CXX object vm\wks\CMakeFiles\cee_wks_core.dir\__\dwreport.cpp.obj
  [668/2661] Building CXX object vm\wks\CMakeFiles\cee_wks_core.dir\__\comcache.cpp.obj
  [669/2661] Building CXX object vm\wks\CMakeFiles\cee_wks_core.dir\__\comconnectionpoints.cpp.obj
  [670/2661] Building CXX object vm\wks\CMakeFiles\cee_wks_core.dir\__\clrtocomcall.cpp.obj
  [671/2661] Building CXX object vm\wks\CMakeFiles\cee_wks_core.dir\__\commtmemberinfomap.cpp.obj
  [672/2661] Building CXX object vm\wks\CMakeFiles\cee_wks_core.dir\__\olecontexthelpers.cpp.obj
  [673/2661] Building CXX object vm\wks\CMakeFiles\cee_wks_core.dir\__\comtoclrcall.cpp.obj
  [674/2661] Building CXX object vm\wks\CMakeFiles\cee_wks_core.dir\__\cominterfacemarshaler.cpp.obj
  [675/2661] Building CXX object vm\wks\CMakeFiles\cee_wks_core.dir\__\classcompat.cpp.obj
  [676/2661] Building CXX object vm\wks\CMakeFiles\cee_wks_core.dir\__\writebarriermanager.cpp.obj
  [677/2661] Building CXX object vm\wks\CMakeFiles\cee_wks_core.dir\__\amd64\profiler.cpp.obj
  [678/2661] Building CXX object vm\wks\CMakeFiles\cee_wks_core.dir\__\olevariant.cpp.obj
  [679/2661] Building CXX object vm\wks\CMakeFiles\cee_wks_core.dir\__\dispatchinfo.cpp.obj
  [680/2661] Building CXX object vm\wks\CMakeFiles\cee_wks_core.dir\__\eventtrace.cpp.obj
  [681/2661] Building CXX object vm\wks\CMakeFiles\cee_wks_core.dir\__\amd64\stublinkeramd64.cpp.obj
  [682/2661] Building CXX object vm\wks\CMakeFiles\cee_wks_core.dir\__\amd64\excepamd64.cpp.obj
  [683/2661] Building CXX object vm\wks\CMakeFiles\cee_wks_core.dir\__\comcallablewrapper.cpp.obj
  [684/2661] Building CXX object vm\wks\CMakeFiles\cee_wks_core.dir\__\amd64\cgenamd64.cpp.obj
  [685/2661] Building CXX object vm\wks\CMakeFiles\cee_wks_core.dir\__\stdinterfaces_wrapper.cpp.obj
  [686/2661] Building CXX object vm\wks\CMakeFiles\cee_wks_core.dir\__\exceptionhandling.cpp.obj
  [687/2661] Building CXX object vm\wks\CMakeFiles\cee_wks_core.dir\__\__\gc\handletablecore.cpp.obj
  [688/2661] Building CXX object vm\wks\CMakeFiles\cee_wks_core.dir\__\gcinfodecoder.cpp.obj
  [689/2661] Building CXX object vm\wks\CMakeFiles\cee_wks_core.dir\__\__\gc\gceventstatus.cpp.obj
  [690/2661] Building CXX object vm\wks\CMakeFiles\cee_wks_core.dir\__\__\gc\handletable.cpp.obj
  [691/2661] Building CXX object vm\wks\CMakeFiles\cee_wks_core.dir\__\__\gc\handletablescan.cpp.obj
  [692/2661] Building CXX object vm\wks\CMakeFiles\cee_wks_core.dir\__\stdinterfaces.cpp.obj
  [693/2661] Building CXX object vm\wks\CMakeFiles\cee_wks_core.dir\__\__\gc\gcconfig.cpp.obj
  [694/2661] Building CXX object vm\wks\CMakeFiles\cee_wks_core.dir\__\__\gc\objecthandle.cpp.obj
  [695/2661] Building CXX object vm\wks\CMakeFiles\cee_wks_core.dir\__\runtimecallablewrapper.cpp.obj
  [696/2661] Building CXX object vm\wks\CMakeFiles\cee_wks_core.dir\__\__\gc\gccommon.cpp.obj
  [697/2661] Building CXX object vm\wks\CMakeFiles\cee_wks_core.dir\__\__\gc\gcscan.cpp.obj
  [698/2661] Building C object libs-native\System.Globalization.Native\CMakeFiles\System.Globalization.Native-Static.dir\pal_idna.c.obj
  [699/2661] Building C object libs-native\System.Globalization.Native\CMakeFiles\System.Globalization.Native-Static.dir\pal_common.c.obj
  [700/2661] Building CXX object vm\wks\CMakeFiles\cee_wks_core.dir\__\__\gc\gchandletable.cpp.obj
  [701/2661] Building C object libs-native\System.Globalization.Native\CMakeFiles\System.Globalization.Native-Static.dir\pal_casing.c.obj
  [702/2661] Building C object libs-native\System.Globalization.Native\CMakeFiles\System.Globalization.Native-Static.dir\pal_calendarData.c.obj
  [703/2661] Building C object libs-native\System.Globalization.Native\CMakeFiles\System.Globalization.Native-Static.dir\pal_locale.c.obj
  [704/2661] Building C object libs-native\System.Globalization.Native\CMakeFiles\System.Globalization.Native-Static.dir\pal_localeNumberData.c.obj
  [705/2661] Building CXX object vm\wks\CMakeFiles\cee_wks_core.dir\__\__\gc\gcbridge.cpp.obj
  [706/2661] Building CXX object vm\wks\CMakeFiles\cee_wks_core.dir\__\__\gc\handletablecache.cpp.obj
  [707/2661] Building C object libs-native\System.Globalization.Native\CMakeFiles\System.Globalization.Native-Static.dir\pal_localeStringData.c.obj
  [708/2661] Building C object libs-native\System.Globalization.Native\CMakeFiles\System.Globalization.Native-Static.dir\entrypoints.c.obj
  [709/2661] Building CXX object vm\wks\CMakeFiles\cee_wks_core.dir\__\__\gc\gcload.cpp.obj
  [710/2661] Building CXX object vm\wks\CMakeFiles\cee_wks_core.dir\__\__\gc\softwarewritewatch.cpp.obj
  [711/2661] Building C object libs-native\System.Globalization.Native\CMakeFiles\System.Globalization.Native-Static.dir\pal_normalization.c.obj
  [712/2661] Building C object libs-native\System.Globalization.Native\CMakeFiles\System.Globalization.Native-Static.dir\pal_timeZoneInfo.c.obj
  [713/2661] Linking CXX shared library dlls\mscordbi\mscordbi.dll
  [714/2661] Preprocessing C:/Users/konradkokosa/.copilot/repos/copilot-worktrees/runtime-fork/kkokosa-ideal-sniffle/src/coreclr/dlls/mscoree/mscorwks_ntdef.src. Outputting to C:/Users/konradkokosa/.copilot/repos/copilot-worktrees/runtime-fork/kkokosa-ideal-sniffle/artifacts/obj/coreclr/windows.x64.Debug/dlls/mscoree/coreclr/coreclr.def
  mscorwks_ntdef.src
  [715/2661] Linking CXX shared library dlls\mscordac\mscordaccore.dll
  [716/2661] Building C object libs-native\System.Globalization.Native\CMakeFiles\System.Globalization.Native-Static.dir\pal_collation.c.obj
  [717/2661] Building C object libs-native\System.Globalization.Native\CMakeFiles\System.Globalization.Native-Static.dir\pal_icushim.c.obj
  [718/2661] Building CXX object gc\windows\CMakeFiles\gc_pal.dir\gcenv.windows.cpp.obj
  [719/2661] Building CXX object vm\wks\CMakeFiles\cee_wks_core.dir\__\corelib.cpp.obj
  [719/2661] Generating cdac-cdac_contract_descriptor/contract-descriptor.c
  [727/2661] Building ASM_MASM object debug\ee\wks\CMakeFiles\cordbee_wks.dir\__\amd64\dbghelpers.asm.obj
   Assembling: C:\Users\konradkokosa\.copilot\repos\copilot-worktrees\runtime-fork\kkokosa-ideal-sniffle\src\coreclr\debug\ee\amd64\dbghelpers.asm
  
  [728/2661] Generating cdac-gc_wks_descriptor/contract-descriptor.c
  [733/2661] Building CXX object gc\vxsort\CMakeFiles\gc_vxsort.dir\smallsort\avx2_load_mask_tables.cpp.obj
  [734/2661] Generating cdac-gc_svr_descriptor/contract-descriptor.c
  [738/2661] Building CXX object utilcode\CMakeFiles\utilcode.dir\dn_xxhash.cpp.obj
  [740/2661] Building CXX object utilcode\CMakeFiles\utilcode.dir\ccomprc.cpp.obj
  [741/2661] Building CXX object utilcode\CMakeFiles\utilcode.dir\clrhost_nodependencies.cpp.obj
  [742/2661] Building CXX object binder\CMakeFiles\v3binder.dir\applicationcontext.cpp.obj
  [743/2661] Building CXX object utilcode\CMakeFiles\utilcode.dir\ex.cpp.obj
  [744/2661] Building CXX object utilcode\CMakeFiles\utilcode.dir\sbuffer.cpp.obj
  [745/2661] Building CXX object utilcode\CMakeFiles\utilcode.dir\sstring_com.cpp.obj
  [746/2661] Building CXX object utilcode\CMakeFiles\utilcode.dir\fstring.cpp.obj
  [747/2661] Building CXX object utilcode\CMakeFiles\utilcode.dir\namespaceutil.cpp.obj
  [748/2661] Building CXX object md\ceefilegen\CMakeFiles\ceefgen.dir\cmake_pch.cxx.obj
  [749/2661] Building CXX object utilcode\CMakeFiles\utilcode.dir\splitpath.cpp.obj
  [750/2661] Building CXX object utilcode\CMakeFiles\utilcode.dir\makepath.cpp.obj
  [751/2661] Building CXX object utilcode\CMakeFiles\utilcode.dir\configuration.cpp.obj
  [752/2661] Building CXX object md\compiler\CMakeFiles\mdcompiler_wks.dir\cmake_pch.cxx.obj
  [753/2661] Building CXX object utilcode\CMakeFiles\utilcode.dir\clrconfig.cpp.obj
  [754/2661] Building CXX object md\enc\CMakeFiles\mdruntimerw_wks.dir\cmake_pch.cxx.obj
  [755/2661] Building CXX object md\runtime\CMakeFiles\mdruntime_wks.dir\cmake_pch.cxx.obj
  [756/2661] Building CXX object utilcode\CMakeFiles\utilcode.dir\clrhelpers.cpp.obj
  [757/2661] Building CXX object utilcode\CMakeFiles\utilcode.dir\collections.cpp.obj
  [758/2661] Building CXX object utilcode\CMakeFiles\utilcode.dir\posterror.cpp.obj
  [759/2661] Building CXX object utilcode\CMakeFiles\utilcode.dir\utsem.cpp.obj
  [760/2661] Building CXX object vm\eventing\eventpipe\CMakeFiles\eventpipe_objs.dir\Unity\unity_0_cxx.cxx.obj
  [761/2661] Building CXX object binder\CMakeFiles\v3binder.dir\assembly.cpp.obj
  [762/2661] Building CXX object utilcode\CMakeFiles\utilcode.dir\check.cpp.obj
  [763/2661] Building CXX object binder\CMakeFiles\v3binder.dir\assemblybindercommon.cpp.obj
  [764/2661] Building CXX object utilcode\CMakeFiles\utilcode.dir\log.cpp.obj
  [765/2661] Building CXX object utilcode\CMakeFiles\utilcode.dir\guidfromname.cpp.obj
  [766/2661] Building CXX object binder\CMakeFiles\v3binder.dir\assemblyname.cpp.obj
  [767/2661] Building CXX object utilcode\CMakeFiles\utilcode.dir\memorystreams.cpp.obj
  [768/2661] Building CXX object utilcode\CMakeFiles\utilcode.dir\arraylist.cpp.obj
  [769/2661] Building CXX object vm\datadescriptor\CMakeFiles\cdac_contract_descriptor.dir\cf59715bd1d281ef0bb86756f51cf51a\contractpointerdata.cpp.obj
  [770/2661] Building CXX object utilcode\CMakeFiles\utilcode.dir\memorypool.cpp.obj
  [771/2661] Building CXX object utilcode\CMakeFiles\utilcode.dir\comex.cpp.obj
  [772/2661] Building CXX object utilcode\CMakeFiles\utilcode.dir\outstring.cpp.obj
  [773/2661] Building CXX object utilcode\CMakeFiles\utilcode.dir\opinfo.cpp.obj
  [774/2661] Building CXX object utilcode\CMakeFiles\utilcode.dir\ilformatter.cpp.obj
  [775/2661] Building CXX object utilcode\CMakeFiles\utilcode.dir\corimage.cpp.obj
  [776/2661] Building CXX object vm\datadescriptor\CMakeFiles\gc_wks_descriptor.dir\cf59715bd1d281ef0bb86756f51cf51a\contractpointerdata.cpp.obj
  [777/2661] Building CXX object utilcode\CMakeFiles\utilcode.dir\loaderheap_shared.cpp.obj
  [778/2661] Building CXX object utilcode\CMakeFiles\utilcode.dir\sha1.cpp.obj
  [779/2661] Building CXX object utilcode\CMakeFiles\utilcode.dir\loaderheap.cpp.obj
  [780/2661] Building CXX object utilcode\CMakeFiles\utilcode.dir\sigbuilder.cpp.obj
  [781/2661] Building CXX object utilcode\CMakeFiles\utilcode.dir\format1.cpp.obj
  [782/2661] Building CXX object utilcode\CMakeFiles\utilcode.dir\interleavedloaderheap.cpp.obj
  [783/2661] Building CXX object utilcode\CMakeFiles\utilcode.dir\sigparser.cpp.obj
  [784/2661] Building CXX object utilcode\CMakeFiles\utilcode.dir\prettyprintsig.cpp.obj
  [785/2661] Building CXX object utilcode\CMakeFiles\utilcode.dir\rangelist.cpp.obj
  [786/2661] Building CXX object utilcode\CMakeFiles\utilcode.dir\explicitcontrolloaderheap.cpp.obj
  [787/2661] Building CXX object utilcode\CMakeFiles\utilcode.dir\sstring.cpp.obj
  [788/2661] Building CXX object utilcode\CMakeFiles\utilcode.dir\md5.cpp.obj
  [789/2661] Building CXX object utilcode\CMakeFiles\utilcode.dir\webcildecoder.cpp.obj
  [790/2661] Building CXX object utilcode\CMakeFiles\utilcode.dir\safewrap.cpp.obj
  [791/2661] Building CXX object utilcode\CMakeFiles\utilcode.dir\cycletimer.cpp.obj
  [792/2661] Building CXX object utilcode\CMakeFiles\utilcode.dir\util_nodependencies.cpp.obj
  [793/2661] Building CXX object utilcode\CMakeFiles\utilcode.dir\yieldprocessornormalized.cpp.obj
  [794/2661] Building C object vm\datadescriptor\CMakeFiles\gc_svr_descriptor.dir\cdac-gc_svr_descriptor\contract-descriptor.c.obj
  [795/2661] Building CXX object utilcode\CMakeFiles\utilcode.dir\clrhost.cpp.obj
  [796/2661] Building CXX object utilcode\CMakeFiles\utilcode.dir\winfix.cpp.obj
  [797/2661] Building CXX object utilcode\CMakeFiles\utilcode.dir\debug.cpp.obj
  [798/2661] Building CXX object utilcode\CMakeFiles\utilcode.dir\util.cpp.obj
  [799/2661] Building CXX object utilcode\CMakeFiles\utilcode.dir\stresslog.cpp.obj
  [800/2661] Building CXX object utilcode\CMakeFiles\utilcode.dir\longfilepathwrappers.cpp.obj
  [801/2661] Building CXX object md\compiler\CMakeFiles\mdcompiler_wks.dir\assemblymd.cpp.obj
  [802/2661] Building CXX object utilcode\CMakeFiles\utilcode.dir\dlwrap.cpp.obj
  [803/2661] Building CXX object utilcode\CMakeFiles\utilcode.dir\dacutil.cpp.obj
  [804/2661] Building CXX object utilcode\CMakeFiles\utilcode.dir\stacktrace.cpp.obj
  [805/2661] Building CXX object utilcode\CMakeFiles\utilcode.dir\pedecoder.cpp.obj
  [806/2661] Building CXX object md\compiler\CMakeFiles\mdcompiler_wks.dir\filtermanager.cpp.obj
  [807/2661] Building CXX object md\compiler\CMakeFiles\mdcompiler_wks.dir\assemblymd_emit.cpp.obj
  [808/2661] Building CXX object md\compiler\CMakeFiles\mdcompiler_wks.dir\custattr_import.cpp.obj
  [809/2661] Building CXX object md\compiler\CMakeFiles\mdcompiler_wks.dir\disp.cpp.obj
  [810/2661] Building CXX object md\compiler\CMakeFiles\mdcompiler_wks.dir\custattr_emit.cpp.obj
  [811/2661] Building CXX object md\compiler\CMakeFiles\mdcompiler_wks.dir\emit.cpp.obj
  [812/2661] Building CXX object utilcode\CMakeFiles\utilcode.dir\executableallocator.cpp.obj
  [813/2661] Building CXX object md\compiler\CMakeFiles\mdcompiler_wks.dir\importhelper.cpp.obj
  [814/2661] Building CXX object md\compiler\CMakeFiles\mdcompiler_wks.dir\helper.cpp.obj
  [815/2661] Building CXX object md\compiler\CMakeFiles\mdcompiler_wks.dir\import.cpp.obj
  [816/2661] Building CXX object md\runtime\CMakeFiles\mdruntime_wks.dir\mdcolumndescriptors.cpp.obj
  [817/2661] Building CXX object md\runtime\CMakeFiles\mdruntime_wks.dir\liteweightstgdb.cpp.obj
  [818/2661] Building CXX object md\compiler\CMakeFiles\mdcompiler_wks.dir\mdutil.cpp.obj
  [819/2661] Building CXX object md\compiler\CMakeFiles\mdcompiler_wks.dir\regmeta_imetadatatables.cpp.obj
  [820/2661] Building CXX object md\compiler\CMakeFiles\mdcompiler_wks.dir\regmeta_compilersupport.cpp.obj
  [821/2661] Building CXX object md\compiler\CMakeFiles\mdcompiler_wks.dir\regmeta_import.cpp.obj
  [822/2661] Building CXX object md\compiler\CMakeFiles\mdcompiler_wks.dir\regmeta.cpp.obj
  [823/2661] Building CXX object md\compiler\CMakeFiles\mdcompiler_wks.dir\regmeta_vm.cpp.obj
  [824/2661] Building CXX object utilcode\CMakeFiles\utilcode.dir\allocmemtracker.cpp.obj
  [825/2661] Building CXX object md\compiler\CMakeFiles\mdcompiler_wks.dir\regmeta_emit.cpp.obj
  [826/2661] Building CXX object md\runtime\CMakeFiles\mdruntime_wks.dir\recordpool.cpp.obj
  [827/2661] Building CXX object md\runtime\CMakeFiles\mdruntime_wks.dir\noopmetadataimport.cpp.obj
  [828/2661] Building CXX object md\runtime\CMakeFiles\mdruntime_wks.dir\mdfileformat.cpp.obj
  [829/2661] Building CXX object md\runtime\CMakeFiles\mdruntime_wks.dir\strongnameinternal.cpp.obj
  [830/2661] Building CXX object md\runtime\CMakeFiles\mdruntime_wks.dir\metamodelro.cpp.obj
  [831/2661] Building CXX object md\runtime\CMakeFiles\mdruntime_wks.dir\metamodel.cpp.obj
  [832/2661] Building CXX object md\runtime\CMakeFiles\mdruntime_wks.dir\stgpooli.cpp.obj
  [833/2661] Building CXX object md\runtime\CMakeFiles\mdruntime_wks.dir\stgpoolreadonly.cpp.obj
  [834/2661] Building CXX object md\enc\CMakeFiles\mdruntimerw_wks.dir\rwutil.cpp.obj
  [835/2661] Building CXX object md\runtime\CMakeFiles\mdruntime_wks.dir\mdinternalro.cpp.obj
  [836/2661] Building CXX object md\enc\CMakeFiles\mdruntimerw_wks.dir\metamodelenc.cpp.obj
  [837/2661] Building CXX object md\runtime\CMakeFiles\mdruntime_wks.dir\stgpool.cpp.obj
  [838/2661] Building CXX object md\runtime\CMakeFiles\mdruntime_wks.dir\mdinternaldisp.cpp.obj
  [839/2661] Building CXX object md\enc\CMakeFiles\mdruntimerw_wks.dir\peparse.cpp.obj
  [840/2661] Building CXX object md\enc\CMakeFiles\mdruntimerw_wks.dir\liteweightstgdbrw.cpp.obj
  [841/2661] Building CXX object md\enc\CMakeFiles\mdruntimerw_wks.dir\metamodelrw.cpp.obj
  [842/2661] Building CXX object md\enc\CMakeFiles\mdruntimerw_wks.dir\pdbheap.cpp.obj
  [843/2661] Building CXX object md\ceefilegen\CMakeFiles\ceefgen.dir\blobfetcher.cpp.obj
  [844/2661] Building CXX object md\enc\CMakeFiles\mdruntimerw_wks.dir\stgtiggerstream.cpp.obj
  [845/2661] Building CXX object md\enc\CMakeFiles\mdruntimerw_wks.dir\stgtiggerstorage.cpp.obj
  [846/2661] Building CXX object md\enc\CMakeFiles\mdruntimerw_wks.dir\stgio.cpp.obj
  [847/2661] Building CXX object md\ceefilegen\CMakeFiles\ceefgen.dir\ceegentokenmapper.cpp.obj
  [848/2661] Building CXX object md\ceefilegen\CMakeFiles\ceefgen.dir\ceesectionstring.cpp.obj
  [849/2661] Building CXX object md\ceefilegen\CMakeFiles\ceefgen.dir\pesectionman.cpp.obj
  [850/2661] Building CXX object md\enc\CMakeFiles\mdruntimerw_wks.dir\mdinternalrw.cpp.obj
  [851/2661] Building CXX object md\ceefilegen\CMakeFiles\ceefgen.dir\cceegen.cpp.obj
  [852/2661] Building RC object dlls\mscoree\coreclr\CMakeFiles\coreclr.dir\__\Native.rc.res
  [853/2661] Building RC object dlls\mscorrc\CMakeFiles\mscorrc.dir\include.rc.res
  [854/2661] Building RC object dlls\mscoree\coreclr\CMakeFiles\coreclr.dir\dump_helper_resource.rc.res
  [855/2661] Building CXX object interop\CMakeFiles\interop.dir\interoplib.cpp.obj
  [856/2661] Building CXX object dlls\mscoree\coreclr\CMakeFiles\coreclr.dir\__\exports.cpp.obj
  [857/2661] Building C object _deps\brotli-build\CMakeFiles\brotlicommon.dir\c\common\constants.c.obj
  [858/2661] Building CXX object dlls\mscoree\coreclr\CMakeFiles\coreclr.dir\__\mscoree.cpp.obj
  [859/2661] Building CXX object binder\CMakeFiles\v3binder.dir\textualidentityparser.cpp.obj
  [860/2661] Building CXX object binder\CMakeFiles\v3binder.dir\utils.cpp.obj
  [861/2661] Building C object _deps\brotli-build\CMakeFiles\brotlicommon.dir\c\common\context.c.obj
  [862/2661] Building CXX object interop\CMakeFiles\interop.dir\trackerobjectmanager.cpp.obj
  [863/2661] Building C object _deps\brotli-build\CMakeFiles\brotlicommon.dir\c\common\transform.c.obj
  [864/2661] Building CXX object interop\CMakeFiles\interop.dir\comwrappers.cpp.obj
  [865/2661] Building C object _deps\brotli-build\CMakeFiles\brotlicommon.dir\c\common\platform.c.obj
  [866/2661] Building C object containers\CMakeFiles\dn-containers-no-lto.dir\dn-allocator.c.obj
  [867/2661] Building C object _deps\brotli-build\CMakeFiles\brotlicommon.dir\c\common\shared_dictionary.c.obj
  [868/2661] Building C object containers\CMakeFiles\dn-containers-no-lto.dir\dn-fwd-list.c.obj
  [869/2661] Building C object containers\CMakeFiles\dn-containers-no-lto.dir\dn-list.c.obj
  [870/2661] Building C object containers\CMakeFiles\dn-containers-no-lto.dir\dn-queue.c.obj
  [871/2661] Building C object _deps\brotli-build\CMakeFiles\brotlicommon.dir\c\common\dictionary.c.obj
  [872/2661] Building C object containers\CMakeFiles\dn-containers-no-lto.dir\dn-vector.c.obj
  [873/2661] Building C object containers\CMakeFiles\dn-containers-no-lto.dir\dn-umap.c.obj
  [874/2661] Building C object containers\CMakeFiles\dn-containers-no-lto.dir\dn-simdhash.c.obj
  [875/2661] Building C object containers\CMakeFiles\dn-containers-no-lto.dir\dn-simdhash-string-ptr.c.obj
  [876/2661] Building C object containers\CMakeFiles\dn-containers-no-lto.dir\dn-simdhash-u32-ptr.c.obj
  [877/2661] Building C object containers\CMakeFiles\dn-containers-no-lto.dir\dn-simdhash-ght-compatible.c.obj
  [878/2661] Building C object containers\CMakeFiles\dn-containers-no-lto.dir\dn-simdhash-ptr-ptr.c.obj
  [879/2661] Building C object containers\CMakeFiles\dn-containers-no-lto.dir\dn-simdhash-utils.c.obj
  [880/2661] Building C object containers\CMakeFiles\dn-containers-no-lto.dir\dn-simdhash-ptrpair-ptr.c.obj
  [881/2661] Building C object _deps\fetchzlibng-build\CMakeFiles\zlib.dir\arch\generic\adler32_c.c.obj
  [882/2661] Building C object _deps\fetchzlibng-build\CMakeFiles\zlib.dir\arch\generic\adler32_fold_c.c.obj
  [883/2661] Building C object _deps\fetchzlibng-build\CMakeFiles\zlib.dir\arch\generic\chunkset_c.c.obj
  [884/2661] Building CXX object vm\eventing\eventpipe\CMakeFiles\eventpipe_gen_objs.dir\cmake_pch.cxx.obj
  [885/2661] Building C object _deps\fetchzlibng-build\CMakeFiles\zlib.dir\arch\generic\crc32_braid_c.c.obj
  [886/2661] Building CXX object vm\wks\CMakeFiles\cee_wks.dir\cmake_pch.cxx.obj
  [887/2661] Building C object _deps\fetchzlibng-build\CMakeFiles\zlib.dir\arch\generic\crc32_fold_c.c.obj
  [888/2661] Building C object _deps\fetchzlibng-build\CMakeFiles\zlib.dir\arch\generic\slide_hash_c.c.obj
  [889/2661] Building CXX object vm\eventing\eventpipe\CMakeFiles\eventpipe_gen_objs.dir\eventpipe\eventpipehelpers.cpp.obj
  [890/2661] Building C object _deps\fetchzlibng-build\CMakeFiles\zlib.dir\arch\generic\compare256_c.c.obj
  [891/2661] Building CXX object vm\CMakeFiles\vm_gc_svr.dir\cmake_pch.cxx.obj
  [892/2661] Building CXX object vm\wks\CMakeFiles\cee_wks.dir\__\peimagelayout.cpp.obj
  [893/2661] Generating aot_eventing_headers.timestamp
  [894/2661] Building CXX object vm\eventing\eventpipe\CMakeFiles\eventpipe_gen_objs.dir\eventpipe\dotnetruntimestress.cpp.obj
  [895/2661] Building CXX object vm\eventing\eventpipe\CMakeFiles\eventpipe_gen_objs.dir\eventpipe\dotnetruntime.cpp.obj
  [896/2661] Building CXX object vm\eventing\eventpipe\CMakeFiles\eventpipe_gen_objs.dir\eventpipe\dotnetruntimerundown.cpp.obj
  [897/2661] Building CXX object debug\ee\wks\CMakeFiles\cordbee_wks.dir\cmake_pch.cxx.obj
  [898/2661] Building CXX object vm\wks\CMakeFiles\cee_wks.dir\__\codeman.cpp.obj
  [899/2661] Building CXX object vm\datadescriptor\CMakeFiles\gc_svr_descriptor.dir\cf59715bd1d281ef0bb86756f51cf51a\contractpointerdata.cpp.obj
  [900/2661] Building CXX object vm\CMakeFiles\vm_gc_wks.dir\cmake_pch.cxx.obj
  [901/2661] Generating eventprovider.timestamp
  [902/2661] Building CXX object vm\CMakeFiles\vm_gc_svr.dir\__\gc\gcee.cpp.obj
  [903/2661] Building CXX object vm\CMakeFiles\vm_gc_svr.dir\__\gc\no_gc.cpp.obj
  [904/2661] Building CXX object vm\wks\CMakeFiles\cee_wks.dir\__\ceemain.cpp.obj
  [905/2661] Building CXX object vm\CMakeFiles\vm_gc_svr.dir\__\gc\region_free_list.cpp.obj
  [906/2661] Building CXX object vm\CMakeFiles\vm_gc_svr.dir\__\gc\finalization.cpp.obj
  [907/2661] Building CXX object vm\CMakeFiles\vm_gc_svr.dir\__\gc\gc.cpp.obj
  [908/2661] Building CXX object vm\CMakeFiles\vm_gc_svr.dir\__\gc\dynamic_tuning.cpp.obj
  [909/2661] Building CXX object vm\CMakeFiles\vm_gc_svr.dir\__\gc\init.cpp.obj
  [910/2661] Building CXX object vm\CMakeFiles\vm_gc_svr.dir\__\gc\memory.cpp.obj
  [911/2661] Building CXX object vm\CMakeFiles\vm_gc_svr.dir\__\gc\region_allocator.cpp.obj
  [912/2661] Building CXX object binder\CMakeFiles\v3binder.dir\activitytracker.cpp.obj
  [913/2661] Building CXX object binder\CMakeFiles\v3binder.dir\bindertracing.cpp.obj
  [914/2661] Building CXX object binder\CMakeFiles\v3binder.dir\defaultassemblybinder.cpp.obj
  [915/2661] Building CXX object binder\CMakeFiles\v3binder.dir\failurecache.cpp.obj
  [916/2661] Building CXX object binder\CMakeFiles\v3binder.dir\customassemblybinder.cpp.obj
  [917/2661] Building CXX object nativeaot\Runtime\eventpipe\CMakeFiles\eventpipe-shared-objects.dir\Unity\unity_0_cxx.cxx.obj
  [918/2661] Building CXX object vm\CMakeFiles\vm_gc_wks.dir\__\gc\gcee.cpp.obj
  [919/2661] Building CXX object vm\CMakeFiles\vm_gc_wks.dir\__\gc\init.cpp.obj
  [920/2661] Building CXX object vm\CMakeFiles\vm_gc_wks.dir\__\gc\finalization.cpp.obj
  [921/2661] Building CXX object vm\CMakeFiles\vm_gc_wks.dir\__\gc\dynamic_heap_count.cpp.obj
  [922/2661] Building CXX object vm\CMakeFiles\vm_gc_wks.dir\__\gc\region_free_list.cpp.obj
  [923/2661] Building CXX object vm\CMakeFiles\vm_gc_wks.dir\__\gc\memory.cpp.obj
  [924/2661] Building CXX object vm\CMakeFiles\vm_gc_wks.dir\__\gc\collect.cpp.obj
  [925/2661] Building CXX object vm\CMakeFiles\vm_gc_wks.dir\__\gc\diagnostics.cpp.obj
  [926/2661] Building CXX object vm\CMakeFiles\vm_gc_wks.dir\__\gc\dynamic_tuning.cpp.obj
  [927/2661] Building CXX object vm\CMakeFiles\vm_gc_wks.dir\__\gc\no_gc.cpp.obj
  [928/2661] Building CXX object vm\CMakeFiles\vm_gc_wks.dir\__\gc\sweep.cpp.obj
  [929/2661] Building CXX object vm\CMakeFiles\vm_gc_wks.dir\__\gc\gc.cpp.obj
  [930/2661] Building CXX object vm\CMakeFiles\vm_gc_wks.dir\__\gc\region_allocator.cpp.obj
  [931/2661] Building CXX object vm\CMakeFiles\vm_gc_wks.dir\__\gc\card_table.cpp.obj
  [932/2661] Building CXX object vm\CMakeFiles\vm_gc_wks.dir\__\gc\mark_phase.cpp.obj
  [933/2661] Building CXX object vm\CMakeFiles\vm_gc_wks.dir\__\gc\interface.cpp.obj
  [934/2661] Building CXX object vm\CMakeFiles\vm_gc_wks.dir\__\gc\background.cpp.obj
  [935/2661] Building CXX object vm\CMakeFiles\vm_gc_wks.dir\__\gc\regions_segments.cpp.obj
  [936/2661] Building CXX object vm\CMakeFiles\vm_gc_wks.dir\__\gc\allocation.cpp.obj
  [937/2661] Building CXX object vm\CMakeFiles\vm_gc_wks.dir\__\gc\relocate_compact.cpp.obj
  [938/2661] Building CXX object vm\CMakeFiles\vm_gc_wks.dir\__\gc\plan_phase.cpp.obj
  [939/2661] Building CXX object vm\CMakeFiles\vm_gc_svr.dir\__\gc\relocate_compact.cpp.obj
  [940/2661] Building CXX object vm\CMakeFiles\vm_gc_svr.dir\__\gc\card_table.cpp.obj
  [941/2661] Building CXX object vm\CMakeFiles\vm_gc_svr.dir\__\gc\dynamic_heap_count.cpp.obj
  [942/2661] Building CXX object vm\CMakeFiles\vm_gc_svr.dir\__\gc\interface.cpp.obj
  [943/2661] Building CXX object vm\CMakeFiles\vm_gc_svr.dir\__\gc\background.cpp.obj
  [944/2661] Building CXX object vm\CMakeFiles\vm_gc_svr.dir\__\gc\diagnostics.cpp.obj
  [945/2661] Building CXX object vm\CMakeFiles\vm_gc_svr.dir\__\gc\sweep.cpp.obj
  [946/2661] Building CXX object vm\CMakeFiles\vm_gc_svr.dir\__\gc\collect.cpp.obj
  [947/2661] Building CXX object vm\CMakeFiles\vm_gc_svr.dir\__\gc\allocation.cpp.obj
  [948/2661] Building CXX object vm\CMakeFiles\vm_gc_svr.dir\__\gc\mark_phase.cpp.obj
  [949/2661] Building CXX object debug\ee\wks\CMakeFiles\cordbee_wks.dir\__\debuggermessagebox.cpp.obj
  [950/2661] Building CXX object debug\ee\wks\CMakeFiles\cordbee_wks.dir\__\executioncontrol.cpp.obj
  [951/2661] Building CXX object debug\ee\wks\CMakeFiles\cordbee_wks.dir\__\debuggermodule.cpp.obj
  [952/2661] Building CXX object debug\ee\wks\CMakeFiles\cordbee_wks.dir\__\funceval.cpp.obj
  [953/2661] Building CXX object debug\ee\wks\CMakeFiles\cordbee_wks.dir\__\amd64\primitives.cpp.obj
  [954/2661] Building CXX object debug\ee\wks\CMakeFiles\cordbee_wks.dir\__\functioninfo.cpp.obj
  [955/2661] Building CXX object debug\ee\wks\CMakeFiles\cordbee_wks.dir\__\interpreterwalker.cpp.obj
  [956/2661] Building CXX object debug\ee\wks\CMakeFiles\cordbee_wks.dir\__\shared.cpp.obj
  [957/2661] Building CXX object debug\ee\wks\CMakeFiles\cordbee_wks.dir\__\amd64\walker.cpp.obj
  [958/2661] Building CXX object debug\ee\wks\CMakeFiles\cordbee_wks.dir\__\canary.cpp.obj
  [959/2661] Building CXX object debug\ee\wks\CMakeFiles\cordbee_wks.dir\__\rcthread.cpp.obj
  [960/2661] Building CXX object debug\ee\wks\CMakeFiles\cordbee_wks.dir\__\frameinfo.cpp.obj
  [961/2661] Building CXX object debug\ee\wks\CMakeFiles\cordbee_wks.dir\__\controller.cpp.obj
  [962/2661] Building CXX object vm\eventing\eventpipe\CMakeFiles\eventpipe_gen_objs.dir\eventpipe\dotnetruntimeprivate.cpp.obj
  [963/2661] Building CXX object debug\ee\wks\CMakeFiles\cordbee_wks.dir\__\amd64\regdisplayhelper.cpp.obj
  [964/2661] Building C object _deps\fetchzlibng-build\CMakeFiles\zlib.dir\compress.c.obj
  [965/2661] Building C object _deps\fetchzlibng-build\CMakeFiles\zlib.dir\crc32.c.obj
  [966/2661] Building C object _deps\fetchzlibng-build\CMakeFiles\zlib.dir\deflate_huff.c.obj
  [967/2661] Building C object _deps\fetchzlibng-build\CMakeFiles\zlib.dir\crc32_braid_comb.c.obj
  [968/2661] Building C object _deps\fetchzlibng-build\CMakeFiles\zlib.dir\deflate_medium.c.obj
  [969/2661] Building C object _deps\fetchzlibng-build\CMakeFiles\zlib.dir\adler32.c.obj
  [970/2661] Building C object _deps\fetchzlibng-build\CMakeFiles\zlib.dir\deflate.c.obj
  [971/2661] Building C object _deps\fetchzlibng-build\CMakeFiles\zlib.dir\deflate_quick.c.obj
  [972/2661] Building C object _deps\fetchzlibng-build\CMakeFiles\zlib.dir\deflate_fast.c.obj
  [973/2661] Building CXX object debug\ee\wks\CMakeFiles\cordbee_wks.dir\__\dactable.cpp.obj
  [974/2661] Building CXX object vm\CMakeFiles\vm_gc_svr.dir\__\gc\regions_segments.cpp.obj
  [975/2661] Building C object _deps\fetchzlibng-build\CMakeFiles\zlib.dir\deflate_stored.c.obj
  [976/2661] Building CXX object debug\ee\wks\CMakeFiles\cordbee_wks.dir\__\debugger.cpp.obj
  [977/2661] Building C object _deps\fetchzlibng-build\CMakeFiles\zlib.dir\inftrees.c.obj
  [978/2661] Building C object _deps\fetchzlibng-build\CMakeFiles\zlib.dir\deflate_slow.c.obj
  [979/2661] Building C object _deps\fetchzlibng-build\CMakeFiles\zlib.dir\infback.c.obj
  [980/2661] Building C object _deps\fetchzlibng-build\CMakeFiles\zlib.dir\inflate.c.obj
  [981/2661] Building C object _deps\fetchzlibng-build\CMakeFiles\zlib.dir\deflate_rle.c.obj
  [982/2661] Building C object _deps\fetchzlibng-build\CMakeFiles\zlib.dir\cpu_features.c.obj
  [983/2661] Building CXX object vm\CMakeFiles\vm_gc_svr.dir\__\gc\plan_phase.cpp.obj
  [984/2661] Building C object _deps\fetchzlibng-build\CMakeFiles\zlib.dir\zutil.c.obj
  [985/2661] Building C object _deps\fetchzlibng-build\CMakeFiles\zlib.dir\uncompr.c.obj
  [986/2661] Building C object _deps\fetchzlibng-build\CMakeFiles\zlib.dir\insert_string_roll.c.obj
  [987/2661] Building C object _deps\fetchzlibng-build\CMakeFiles\zlib.dir\trees.c.obj
  [988/2661] Building C object _deps\fetchzlibng-build\CMakeFiles\zlib.dir\functable.c.obj
  [989/2661] Building C object _deps\fetchzlibng-build\CMakeFiles\zlib.dir\arch\x86\slide_hash_avx2.c.obj
  [990/2661] Building C object _deps\fetchzlibng-build\CMakeFiles\zlib.dir\insert_string.c.obj
  [991/2661] Building C object _deps\fetchzlibng-build\CMakeFiles\zlib.dir\arch\x86\x86_features.c.obj
  [992/2661] Building C object _deps\fetchzlibng-build\CMakeFiles\zlib.dir\arch\x86\adler32_sse42.c.obj
  [993/2661] Building C object _deps\fetchzlibng-build\CMakeFiles\zlib.dir\arch\x86\adler32_ssse3.c.obj
  [994/2661] Building C object _deps\fetchzlibng-build\CMakeFiles\zlib.dir\arch\x86\slide_hash_sse2.c.obj
  [995/2661] Building C object _deps\fetchzlibng-build\CMakeFiles\zlib.dir\arch\x86\chunkset_sse2.c.obj
  [996/2661] Building C object _deps\fetchzlibng-build\CMakeFiles\zlib.dir\arch\x86\compare256_sse2.c.obj
  [997/2661] Building C object _deps\fetchzlibng-build\CMakeFiles\zlib.dir\arch\x86\crc32_pclmulqdq.c.obj
  [998/2661] Building C object _deps\fetchzlibng-build\CMakeFiles\zlib.dir\arch\x86\chunkset_ssse3.c.obj
  [999/2661] Linking C static library _deps\brotli-build\brotlicommon.lib
  [1000/2661] Building C object _deps\fetchzlibng-build\CMakeFiles\zlib.dir\arch\x86\compare256_avx2.c.obj
  [1001/2661] Building C object _deps\fetchzlibng-build\CMakeFiles\zlib.dir\arch\x86\chunkset_avx512.c.obj
  [1002/2661] Building C object _deps\fetchzlibng-build\CMakeFiles\zlib.dir\arch\x86\adler32_avx2.c.obj
  [1003/2661] Building C object _deps\fetchzlibng-build\CMakeFiles\zlib.dir\arch\x86\chunkset_avx2.c.obj
  [1004/2661] Building C object _deps\fetchzlibng-build\CMakeFiles\zlib.dir\arch\x86\adler32_avx512.c.obj
  [1005/2661] Building C object _deps\fetchzlibng-build\CMakeFiles\zlib.dir\gzread.c.obj
  [1006/2661] Building C object _deps\fetchzlibng-build\CMakeFiles\zlib.dir\gzwrite.c.obj
  [1007/2661] Building C object _deps\fetchzlibng-build\CMakeFiles\zlib.dir\gzlib.c.obj
  [1008/2661] Building C object _deps\brotli-build\CMakeFiles\brotlidec.dir\c\dec\bit_reader.c.obj
  [1009/2661] Building C object _deps\brotli-build\CMakeFiles\brotlidec.dir\c\dec\huffman.c.obj
  [1010/2661] Building C object _deps\fetchzlibng-build\CMakeFiles\zlib.dir\arch\x86\crc32_vpclmulqdq.c.obj
  [1011/2661] Building C object _deps\fetchzlibng-build\CMakeFiles\zlib.dir\arch\x86\adler32_avx512_vnni.c.obj
  [1012/2661] Building C object _deps\brotli-build\CMakeFiles\brotlidec.dir\c\dec\decode.c.obj
  [1013/2661] Building C object _deps\brotli-build\CMakeFiles\brotlidec.dir\c\dec\state.c.obj
  [1014/2661] Building C object _deps\brotli-build\CMakeFiles\brotlienc.dir\c\enc\dictionary_hash.c.obj
  [1015/2661] Building C object _deps\brotli-build\CMakeFiles\brotlienc.dir\c\enc\fast_log.c.obj
  [1016/2661] Building C object _deps\brotli-build\CMakeFiles\brotlienc.dir\c\enc\bit_cost.c.obj
  [1017/2661] Building C object _deps\brotli-build\CMakeFiles\brotlienc.dir\c\enc\brotli_bit_stream.c.obj
  [1018/2661] Building C object _deps\brotli-build\CMakeFiles\brotlienc.dir\c\enc\block_splitter.c.obj
  [1019/2661] Building C object _deps\brotli-build\CMakeFiles\brotlienc.dir\c\enc\entropy_encode.c.obj
  [1020/2661] Building C object _deps\brotli-build\CMakeFiles\brotlienc.dir\c\enc\backward_references_hq.c.obj
  [1021/2661] Building C object _deps\brotli-build\CMakeFiles\brotlienc.dir\c\enc\compound_dictionary.c.obj
  [1022/2661] Building C object _deps\brotli-build\CMakeFiles\brotlienc.dir\c\enc\cluster.c.obj
  [1023/2661] Building C object _deps\brotli-build\CMakeFiles\brotlienc.dir\c\enc\backward_references.c.obj
  [1024/2661] Building C object _deps\brotli-build\CMakeFiles\brotlienc.dir\c\enc\encoder_dict.c.obj
  [1025/2661] Building C object _deps\brotli-build\CMakeFiles\brotlienc.dir\c\enc\command.c.obj
  [1026/2661] Building C object _deps\zstd-build\lib\CMakeFiles\libzstd_static.dir\563e47ad6c2457971986015beb9159f4\zstd\lib\common\debug.c.obj
  [1027/2661] Building C object _deps\brotli-build\CMakeFiles\brotlienc.dir\c\enc\literal_cost.c.obj
  [1028/2661] Building C object _deps\brotli-build\CMakeFiles\brotlienc.dir\c\enc\compress_fragment_two_pass.c.obj
  [1029/2661] Building C object _deps\brotli-build\CMakeFiles\brotlienc.dir\c\enc\histogram.c.obj
  [1030/2661] Building C object _deps\brotli-build\CMakeFiles\brotlienc.dir\c\enc\compress_fragment.c.obj
  [1031/2661] Building C object _deps\brotli-build\CMakeFiles\brotlienc.dir\c\enc\utf8_util.c.obj
  [1032/2661] Building C object _deps\brotli-build\CMakeFiles\brotlienc.dir\c\enc\encode.c.obj
  [1033/2661] Building C object _deps\zstd-build\lib\CMakeFiles\libzstd_static.dir\563e47ad6c2457971986015beb9159f4\zstd\lib\common\threading.c.obj
  [1034/2661] Building C object _deps\brotli-build\CMakeFiles\brotlienc.dir\c\enc\memory.c.obj
  [1035/2661] Building C object _deps\zstd-build\lib\CMakeFiles\libzstd_static.dir\563e47ad6c2457971986015beb9159f4\zstd\lib\common\xxhash.c.obj
  [1036/2661] Building C object _deps\zstd-build\lib\CMakeFiles\libzstd_static.dir\e6e145c5191ee6d6d64b2656279bc897\lib\common\entropy_common.c.obj
  [1037/2661] Building C object _deps\zstd-build\lib\CMakeFiles\libzstd_static.dir\e6e145c5191ee6d6d64b2656279bc897\lib\common\error_private.c.obj
  [1038/2661] Building C object _deps\zstd-build\lib\CMakeFiles\libzstd_static.dir\563e47ad6c2457971986015beb9159f4\zstd\lib\compress\hist.c.obj
  [1039/2661] Building C object _deps\zstd-build\lib\CMakeFiles\libzstd_static.dir\563e47ad6c2457971986015beb9159f4\zstd\lib\common\zstd_common.c.obj
  [1040/2661] Building C object _deps\zstd-build\lib\CMakeFiles\libzstd_static.dir\563e47ad6c2457971986015beb9159f4\zstd\lib\common\pool.c.obj
  [1041/2661] Building C object _deps\zstd-build\lib\CMakeFiles\libzstd_static.dir\e6e145c5191ee6d6d64b2656279bc897\lib\compress\fse_compress.c.obj
  [1042/2661] Building C object _deps\brotli-build\CMakeFiles\brotlienc.dir\c\enc\static_dict.c.obj
  [1043/2661] Building C object _deps\zstd-build\lib\CMakeFiles\libzstd_static.dir\e6e145c5191ee6d6d64b2656279bc897\lib\common\fse_decompress.c.obj
  [1044/2661] Building C object _deps\brotli-build\CMakeFiles\brotlienc.dir\c\enc\metablock.c.obj
  [1045/2661] Building C object _deps\zstd-build\lib\CMakeFiles\libzstd_static.dir\e6e145c5191ee6d6d64b2656279bc897\lib\compress\huf_compress.c.obj
  [1046/2661] Building C object _deps\zstd-build\lib\CMakeFiles\libzstd_static.dir\dff2261e79223120d621e2ab86ffe46f\zstd_compress_sequences.c.obj
  [1047/2661] Building C object _deps\zstd-build\lib\CMakeFiles\libzstd_static.dir\dff2261e79223120d621e2ab86ffe46f\zstd_compress_superblock.c.obj
  [1048/2661] Building C object _deps\zstd-build\lib\CMakeFiles\libzstd_static.dir\fcceadf9beffb9ac579a2872b6b2d1db\compress\zstd_double_fast.c.obj
  [1049/2661] Building C object _deps\zstd-build\lib\CMakeFiles\libzstd_static.dir\dff2261e79223120d621e2ab86ffe46f\zstd_compress_literals.c.obj
  [1050/2661] Building C object _deps\zstd-build\lib\CMakeFiles\libzstd_static.dir\563e47ad6c2457971986015beb9159f4\zstd\lib\compress\zstd_fast.c.obj
  [1051/2661] Building C object _deps\zstd-build\lib\CMakeFiles\libzstd_static.dir\e6e145c5191ee6d6d64b2656279bc897\lib\compress\zstd_compress.c.obj
  [1052/2661] Building C object _deps\zstd-build\lib\CMakeFiles\libzstd_static.dir\563e47ad6c2457971986015beb9159f4\zstd\lib\compress\zstd_ldm.c.obj
  [1053/2661] Building C object _deps\zstd-build\lib\CMakeFiles\libzstd_static.dir\563e47ad6c2457971986015beb9159f4\zstd\lib\compress\zstd_opt.c.obj
  [1054/2661] Building C object _deps\zstd-build\lib\CMakeFiles\libzstd_static.dir\e6e145c5191ee6d6d64b2656279bc897\lib\dictBuilder\divsufsort.c.obj
  [1055/2661] Building C object _deps\zstd-build\lib\CMakeFiles\libzstd_static.dir\e6e145c5191ee6d6d64b2656279bc897\lib\compress\zstd_preSplit.c.obj
  [1056/2661] Building C object _deps\zstd-build\lib\CMakeFiles\libzstd_static.dir\e6e145c5191ee6d6d64b2656279bc897\lib\decompress\zstd_ddict.c.obj
  [1057/2661] Building C object _deps\zstd-build\lib\CMakeFiles\libzstd_static.dir\fcceadf9beffb9ac579a2872b6b2d1db\decompress\huf_decompress.c.obj
  [1058/2661] Building C object _deps\zstd-build\lib\CMakeFiles\libzstd_static.dir\563e47ad6c2457971986015beb9159f4\zstd\lib\compress\zstd_lazy.c.obj
  [1059/2661] Building C object _deps\zstd-build\lib\CMakeFiles\libzstd_static.dir\563e47ad6c2457971986015beb9159f4\zstd\lib\dictBuilder\cover.c.obj
  [1060/2661] Building C object _deps\zstd-build\lib\CMakeFiles\libzstd_static.dir\e6e145c5191ee6d6d64b2656279bc897\lib\compress\zstdmt_compress.c.obj
  [1061/2661] Building C object _deps\zstd-build\lib\CMakeFiles\libzstd_static.dir\fcceadf9beffb9ac579a2872b6b2d1db\decompress\zstd_decompress.c.obj
  [1062/2661] Building C object _deps\zstd-build\lib\CMakeFiles\libzstd_static.dir\b19a257b540fc0ff892852d998486695\zstd_decompress_block.c.obj
  [1063/2661] Preprocessing C:/Users/konradkokosa/.copilot/repos/copilot-worktrees/runtime-fork/kkokosa-ideal-sniffle/src/coreclr/jit/ClrJit.exports. Outputting to C:/Users/konradkokosa/.copilot/repos/copilot-worktrees/runtime-fork/kkokosa-ideal-sniffle/artifacts/obj/coreclr/windows.x64.Debug/jit/ClrJit.exports.def
  ClrJit.exports
  [1064/2661] Building C object _deps\zstd-build\lib\CMakeFiles\libzstd_static.dir\e6e145c5191ee6d6d64b2656279bc897\lib\dictBuilder\fastcover.c.obj
  [1065/2661] Building C object _deps\zstd-build\lib\CMakeFiles\libzstd_static.dir\563e47ad6c2457971986015beb9159f4\zstd\lib\dictBuilder\zdict.c.obj
  [1066/2661] Preprocessing C:/Users/konradkokosa/.copilot/repos/copilot-worktrees/runtime-fork/kkokosa-ideal-sniffle/src/coreclr/dlls/mscordbi_universal/mscordbi_universal.src. Outputting to C:/Users/konradkokosa/.copilot/repos/copilot-worktrees/runtime-fork/kkokosa-ideal-sniffle/artifacts/obj/coreclr/windows.x64.Debug/dlls/mscordbi_universal/mscordbi_universal.def
  mscordbi_universal.src
  [1067/2661] Preprocessing C:/Users/konradkokosa/.copilot/repos/copilot-worktrees/runtime-fork/kkokosa-ideal-sniffle/src/coreclr/tools/superpmi/superpmi-shim-collector/superpmi-shim-collector.def. Outputting to C:/Users/konradkokosa/.copilot/repos/copilot-worktrees/runtime-fork/kkokosa-ideal-sniffle/artifacts/obj/coreclr/windows.x64.Debug/tools/superpmi/superpmi-shim-collector/superpmi-shim-collector.def
  superpmi-shim-collector.def
  [1068/2661] Generating eventpipe/eventpipehelpers.cpp, eventpipe/dotnetruntime.cpp, eventpipe/dotnetruntimerundown.cpp, eventpipe/dotnetruntimeprivate.cpp
  [1069/2661] Preprocessing C:/Users/konradkokosa/.copilot/repos/copilot-worktrees/runtime-fork/kkokosa-ideal-sniffle/src/coreclr/tools/superpmi/superpmi-shim-simple/superpmi-shim-simple.def. Outputting to C:/Users/konradkokosa/.copilot/repos/copilot-worktrees/runtime-fork/kkokosa-ideal-sniffle/artifacts/obj/coreclr/windows.x64.Debug/tools/superpmi/superpmi-shim-simple/superpmi-shim-simple.def
  superpmi-shim-simple.def
  [1070/2661] Preprocessing C:/Users/konradkokosa/.copilot/repos/copilot-worktrees/runtime-fork/kkokosa-ideal-sniffle/src/coreclr/tools/superpmi/superpmi-shim-counter/superpmi-shim-counter.def. Outputting to C:/Users/konradkokosa/.copilot/repos/copilot-worktrees/runtime-fork/kkokosa-ideal-sniffle/artifacts/obj/coreclr/windows.x64.Debug/tools/superpmi/superpmi-shim-counter/superpmi-shim-counter.def
  superpmi-shim-counter.def
  [1071/2661] Building CXX object gc\datadescriptor\CMakeFiles\gc_dll_wks_descriptor_temp.dir\__\__\debug\datadescriptor-shared\datadescriptor.cpp.obj
  [1072/2661] Building CXX object gc\datadescriptor\CMakeFiles\gc_dll_svr_descriptor_temp.dir\__\__\debug\datadescriptor-shared\datadescriptor.cpp.obj
  [1073/2661] Building CXX object gc\datadescriptor\CMakeFiles\gcexp_dll_svr_descriptor_temp.dir\__\__\debug\datadescriptor-shared\datadescriptor.cpp.obj
  [1074/2661] Building CXX object gc\datadescriptor\CMakeFiles\gcexp_dll_wks_descriptor_temp.dir\__\__\debug\datadescriptor-shared\datadescriptor.cpp.obj
  [1075/2661] Building C object Corehost.Static\hostmisc\CMakeFiles\hostmisc.dir\fx_ver.c.obj
  [1076/2661] Building CXX object nativeaot\Runtime\datadescriptor\CMakeFiles\nativeaot_cdac_contract_descriptor_temp.dir\d19bd3a15454e9bb70b8985eb45cedaf\datadescriptor.cpp.obj
  FAILED: [code=1] nativeaot/Runtime/datadescriptor/CMakeFiles/nativeaot_cdac_contract_descriptor_temp.dir/d19bd3a15454e9bb70b8985eb45cedaf/datadescriptor.cpp.obj 
  C:\PROGRA~1\MIB055~1\18\INTPRE~1\VC\Tools\MSVC\1451~1.362\bin\Hostx64\x64\cl.exe  /nologo /TP -DBUILDENV_DEBUG=1 -DDEBUG -DFEATURE_CONSERVATIVE_GC -DFEATURE_ETW -DFEATURE_EVENT_TRACE -DFEATURE_GC_STRESS -DFEATURE_HIJACK -DFEATURE_JAVAMARSHAL -DFEATURE_MANUALLY_MANAGED_CARD_BUNDLES -DFEATURE_NATIVEAOT -DFEATURE_PERFTRACING -DFEATURE_SPECIAL_USER_MODE_APC -DFEATURE_SUSPEND_REDIRECTION -DFEATURE_USE_SOFTWARE_WRITE_WATCH_FOR_GC_HEAP -DGC_DESCRIPTOR -DHOST_64BIT -DHOST_AMD64 -DHOST_WINDOWS -DNATIVEAOT -DNOMINMAX -DTARGET_64BIT -DTARGET_AMD64 -DTARGET_WINDOWS -DUNICODE=1 -DURTBLDENV_FRIENDLY=Debug -DVERIFY_HEAP -D_DBG -D_DEBUG -D_FILE_OFFSET_BITS=64 -D_LIB -D_TIME_BITS=64 -IC:\Users\konradkokosa\.copilot\repos\copilot-worktrees\runtime-fork\kkokosa-ideal-sniffle\src\native -IC:\Users\konradkokosa\.copilot\repos\copilot-worktrees\runtime-fork\kkokosa-ideal-sniffle\src\native\inc -IC:\Users\konradkokosa\.copilot\repos\copilot-worktrees\runtime-fork\kkokosa-ideal-sniffle\src\coreclr\pal\prebuilt\inc -IC:\Users\konradkokosa\.copilot\repos\copilot-worktrees\runtime-fork\kkokosa-ideal-sniffle\artifacts\obj -IC:\Users\konradkokosa\.copilot\repos\copilot-worktrees\runtime-fork\kkokosa-ideal-sniffle\src\coreclr\nativeaot\Runtime\inc -IC:\Users\konradkokosa\.copilot\repos\copilot-worktrees\runtime-fork\kkokosa-ideal-sniffle\src\coreclr\nativeaot\Runtime\. -IC:\Users\konradkokosa\.copilot\repos\copilot-worktrees\runtime-fork\kkokosa-ideal-sniffle\src\coreclr\nativeaot\Runtime\..\..\gc -IC:\Users\konradkokosa\.copilot\repos\copilot-worktrees\runtime-fork\kkokosa-ideal-sniffle\src\coreclr\nativeaot\Runtime\..\..\gc\env -IC:\Users\konradkokosa\.copilot\repos\copilot-worktrees\runtime-fork\kkokosa-ideal-sniffle\artifacts\obj\coreclr\windows.x64.Debug\nativeaot\Runtime\eventpipe\inc -IC:\Users\konradkokosa\.copilot\repos\copilot-worktrees\runtime-fork\kkokosa-ideal-sniffle\src\coreclr\runtime -IC:\Users\konradkokosa\.copilot\repos\copilot-worktrees\runtime-fork\kkokosa-ideal-sniffle\src\coreclr\nativeaot\Runtime\windows -IC:\Users\konradkokosa\.copilot\repos\copilot-worktrees\runtime-fork\kkokosa-ideal-sniffle\src\coreclr\nativeaot\Runtime\amd64 -IC:\Users\konradkokosa\.copilot\repos\copilot-worktrees\runtime-fork\kkokosa-ideal-sniffle\src\coreclr\nativeaot\Runtime\datadescriptor -IC:\Users\konradkokosa\.copilot\repos\copilot-worktrees\runtime-fork\kkokosa-ideal-sniffle\artifacts\obj\coreclr\windows.x64.Debug\nativeaot\Runtime\datadescriptor /DWIN32 /D_WINDOWS  /GR- /Ob0 /Od /RTC1 -std:c++17 -MTd -Zi /Od /EHa-s- /nologo /W4 /WX /sdl /Oi /Oy- /Gm- /Zp8 /Gy /fp:precise /FC /MP /Zm200 /Zc:strictStrings /Zc:wchar_t /Zc:inline /Zc:forScope /wd4065 /wd4100 /wd4127 /wd4131 /wd4189 /wd4200 /wd4201 /wd4206 /wd4239 /wd4245 /wd4291 /wd4310 /wd4324 /wd4366 /wd4456 /wd4457 /wd4458 /wd4459 /wd4463 /wd4505 /wd4702 /wd4706 /wd4733 /wd4815 /wd4838 /wd4918 /wd4960 /wd4961 /wd5105 /wd5205 /we4007 /we4013 /we4102 /we4551 /we4640 /we4806 /we4018 /we4055 /we4242 /we4244 /we4267 /we4302 /we4509 /we4510 /we4610 /we4611 /we4701 /w34092 /w34121 /w34125 /w34130 /w34132 /w34212 /w34530 /w35038 /w44177 /ZH:SHA_256 /source-charset:utf-8 /homeparams /guard:cf /guard:ehcont /showIncludes /Fonativeaot\Runtime\datadescriptor\CMakeFiles\nativeaot_cdac_contract_descriptor_temp.dir\d19bd3a15454e9bb70b8985eb45cedaf\datadescriptor.cpp.obj /Fdnativeaot\Runtime\datadescriptor\CMakeFiles\nativeaot_cdac_contract_descriptor_temp.dir\ /FS -c C:\Users\konradkokosa\.copilot\repos\copilot-worktrees\runtime-fork\kkokosa-ideal-sniffle\src\coreclr\debug\datadescriptor-shared\datadescriptor.cpp
  C:\Users\konradkokosa\.copilot\repos\copilot-worktrees\runtime-fork\kkokosa-ideal-sniffle\src\coreclr\debug\datadescriptor-shared\datadescriptor.cpp : fatal error C1083: Cannot open compiler generated file: '': Invalid argument
  [1077/2661] Building C object libs-native\System.IO.Compression.Native\CMakeFiles\System.IO.Compression.Native-Static.dir\pal_zlib.c.obj
  FAILED: [code=2] libs-native/System.IO.Compression.Native/CMakeFiles/System.IO.Compression.Native-Static.dir/pal_zlib.c.obj 
  C:\PROGRA~1\MIB055~1\18\INTPRE~1\VC\Tools\MSVC\1451~1.362\bin\Hostx64\x64\cl.exe  /nologo -DBUILDENV_DEBUG=1 -DDEBUG -DHOST_64BIT -DHOST_AMD64 -DHOST_WINDOWS -DPALEXPORT=EXTERN_C -DTARGET_64BIT -DTARGET_AMD64 -DTARGET_WINDOWS -DURTBLDENV_FRIENDLY=Debug -D_DBG -D_DEBUG -D_FILE_OFFSET_BITS=64 -D_TIME_BITS=64 -IC:\Users\konradkokosa\.copilot\repos\copilot-worktrees\runtime-fork\kkokosa-ideal-sniffle\artifacts\obj\coreclr\windows.x64.Debug\libs-native\System.IO.Compression.Native -IC:\Users\konradkokosa\.copilot\repos\copilot-worktrees\runtime-fork\kkokosa-ideal-sniffle\src\native\libs\System.IO.Compression.Native -IC:\Users\konradkokosa\.copilot\repos\copilot-worktrees\runtime-fork\kkokosa-ideal-sniffle\src\native -IC:\Users\konradkokosa\.copilot\repos\copilot-worktrees\runtime-fork\kkokosa-ideal-sniffle\src\native\inc -IC:\Users\konradkokosa\.copilot\repos\copilot-worktrees\runtime-fork\kkokosa-ideal-sniffle\src\native\external\brotli\c\include -IC:\Users\konradkokosa\.copilot\repos\copilot-worktrees\runtime-fork\kkokosa-ideal-sniffle\artifacts\obj\coreclr\windows.x64.Debug\_deps\fetchzlibng-build -IC:\Users\konradkokosa\.copilot\repos\copilot-worktrees\runtime-fork\kkokosa-ideal-sniffle\src\native\external\zlib-ng -IC:\Users\konradkokosa\.copilot\repos\copilot-worktrees\runtime-fork\kkokosa-ideal-sniffle\src\native\external\zstd\build\cmake\..\..\lib /DWIN32 /D_WINDOWS /Ob0 /Od /RTC1 -std:c11 -MTd -Zi /Od /nologo /W4 /WX /sdl /Oi /Oy- /Gm- /Zp8 /Gy /fp:precise /FC /MP /Zm200 /Zc:strictStrings /Zc:wchar_t /Zc:inline /Zc:forScope /wd4065 /wd4100 /wd4127 /wd4131 /wd4189 /wd4200 /wd4201 /wd4206 /wd4239 /wd4245 /wd4291 /wd4310 /wd4324 /wd4366 /wd4456 /wd4457 /wd4458 /wd4459 /wd4463 /wd4505 /wd4702 /wd4706 /wd4733 /wd4815 /wd4838 /wd4918 /wd4960 /wd4961 /wd5105 /wd5205 /we4007 /we4013 /we4102 /we4551 /we4640 /we4806 /we4018 /we4055 /we4242 /we4244 /we4267 /we4302 /we4509 /we4510 /we4610 /we4611 /we4701 /w34092 /w34121 /w34125 /w34130 /w34132 /w34212 /w34530 /w35038 /w44177 /ZH:SHA_256 /homeparams /guard:cf /guard:ehcont /showIncludes /Folibs-native\System.IO.Compression.Native\CMakeFiles\System.IO.Compression.Native-Static.dir\pal_zlib.c.obj /Fdlibs-native\System.IO.Compression.Native\CMakeFiles\System.IO.Compression.Native-Static.dir\System.IO.Compression.Native-Static.pdb /FS -c C:\Users\konradkokosa\.copilot\repos\copilot-worktrees\runtime-fork\kkokosa-ideal-sniffle\src\native\libs\System.IO.Compression.Native\pal_zlib.c
  C:\Users\konradkokosa\.copilot\repos\copilot-worktrees\runtime-fork\kkokosa-ideal-sniffle\src\native\libs\System.IO.Compression.Native\pal_zlib.c: fatal error C1041: cannot open program database 'C:\Users\konradkokosa\.copilot\repos\copilot-worktrees\runtime-fork\kkokosa-ideal-sniffle\artifacts\obj\coreclr\windows.x64.Debug\libs-native\System.IO.Compression.Native\CMakeFiles\System.IO.Compression.Native-Static.dir\System.IO.Compression.Native-Static.pdb'; if multiple CL.EXE write to the same .PDB file, please use /FS
  [1078/2661] Building CXX object nativeaot\Runtime\datadescriptor\CMakeFiles\nativeaot_gc_svr_descriptor_temp.dir\d19bd3a15454e9bb70b8985eb45cedaf\datadescriptor.cpp.obj
  FAILED: [code=1] nativeaot/Runtime/datadescriptor/CMakeFiles/nativeaot_gc_svr_descriptor_temp.dir/d19bd3a15454e9bb70b8985eb45cedaf/datadescriptor.cpp.obj 
  C:\PROGRA~1\MIB055~1\18\INTPRE~1\VC\Tools\MSVC\1451~1.362\bin\Hostx64\x64\cl.exe  /nologo /TP -DBUILDENV_DEBUG=1 -DDEBUG -DFEATURE_CONSERVATIVE_GC -DFEATURE_ETW -DFEATURE_EVENT_TRACE -DFEATURE_GC_STRESS -DFEATURE_HIJACK -DFEATURE_JAVAMARSHAL -DFEATURE_MANUALLY_MANAGED_CARD_BUNDLES -DFEATURE_NATIVEAOT -DFEATURE_PERFTRACING -DFEATURE_SPECIAL_USER_MODE_APC -DFEATURE_SUSPEND_REDIRECTION -DFEATURE_USE_SOFTWARE_WRITE_WATCH_FOR_GC_HEAP -DGC_DESCRIPTOR -DHOST_64BIT -DHOST_AMD64 -DHOST_WINDOWS -DNATIVEAOT -DNOMINMAX -DSERVER_GC -DTARGET_64BIT -DTARGET_AMD64 -DTARGET_WINDOWS -DUNICODE=1 -DURTBLDENV_FRIENDLY=Debug -DVERIFY_HEAP -D_DBG -D_DEBUG -D_FILE_OFFSET_BITS=64 -D_LIB -D_TIME_BITS=64 -IC:\Users\konradkokosa\.copilot\repos\copilot-worktrees\runtime-fork\kkokosa-ideal-sniffle\src\native -IC:\Users\konradkokosa\.copilot\repos\copilot-worktrees\runtime-fork\kkokosa-ideal-sniffle\src\native\inc -IC:\Users\konradkokosa\.copilot\repos\copilot-worktrees\runtime-fork\kkokosa-ideal-sniffle\src\coreclr\pal\prebuilt\inc -IC:\Users\konradkokosa\.copilot\repos\copilot-worktrees\runtime-fork\kkokosa-ideal-sniffle\artifacts\obj -IC:\Users\konradkokosa\.copilot\repos\copilot-worktrees\runtime-fork\kkokosa-ideal-sniffle\src\coreclr\nativeaot\Runtime\inc -IC:\Users\konradkokosa\.copilot\repos\copilot-worktrees\runtime-fork\kkokosa-ideal-sniffle\src\coreclr\nativeaot\Runtime\. -IC:\Users\konradkokosa\.copilot\repos\copilot-worktrees\runtime-fork\kkokosa-ideal-sniffle\src\coreclr\nativeaot\Runtime\..\..\gc -IC:\Users\konradkokosa\.copilot\repos\copilot-worktrees\runtime-fork\kkokosa-ideal-sniffle\src\coreclr\nativeaot\Runtime\..\..\gc\env -IC:\Users\konradkokosa\.copilot\repos\copilot-worktrees\runtime-fork\kkokosa-ideal-sniffle\artifacts\obj\coreclr\windows.x64.Debug\nativeaot\Runtime\eventpipe\inc -IC:\Users\konradkokosa\.copilot\repos\copilot-worktrees\runtime-fork\kkokosa-ideal-sniffle\src\coreclr\runtime -IC:\Users\konradkokosa\.copilot\repos\copilot-worktrees\runtime-fork\kkokosa-ideal-sniffle\src\coreclr\nativeaot\Runtime\windows -IC:\Users\konradkokosa\.copilot\repos\copilot-worktrees\runtime-fork\kkokosa-ideal-sniffle\src\coreclr\nativeaot\Runtime\amd64 -IC:\Users\konradkokosa\.copilot\repos\copilot-worktrees\runtime-fork\kkokosa-ideal-sniffle\src\coreclr\gc\datadescriptor /DWIN32 /D_WINDOWS  /GR- /Ob0 /Od /RTC1 -std:c++17 -MTd -Zi /Od /EHa-s- /nologo /W4 /WX /sdl /Oi /Oy- /Gm- /Zp8 /Gy /fp:precise /FC /MP /Zm200 /Zc:strictStrings /Zc:wchar_t /Zc:inline /Zc:forScope /wd4065 /wd4100 /wd4127 /wd4131 /wd4189 /wd4200 /wd4201 /wd4206 /wd4239 /wd4245 /wd4291 /wd4310 /wd4324 /wd4366 /wd4456 /wd4457 /wd4458 /wd4459 /wd4463 /wd4505 /wd4702 /wd4706 /wd4733 /wd4815 /wd4838 /wd4918 /wd4960 /wd4961 /wd5105 /wd5205 /we4007 /we4013 /we4102 /we4551 /we4640 /we4806 /we4018 /we4055 /we4242 /we4244 /we4267 /we4302 /we4509 /we4510 /we4610 /we4611 /we4701 /w34092 /w34121 /w34125 /w34130 /w34132 /w34212 /w34530 /w35038 /w44177 /ZH:SHA_256 /source-charset:utf-8 /homeparams /guard:cf /guard:ehcont /showIncludes /Fonativeaot\Runtime\datadescriptor\CMakeFiles\nativeaot_gc_svr_descriptor_temp.dir\d19bd3a15454e9bb70b8985eb45cedaf\datadescriptor.cpp.obj /Fdnativeaot\Runtime\datadescriptor\CMakeFiles\nativeaot_gc_svr_descriptor_temp.dir\ /FS -c C:\Users\konradkokosa\.copilot\repos\copilot-worktrees\runtime-fork\kkokosa-ideal-sniffle\src\coreclr\debug\datadescriptor-shared\datadescriptor.cpp
  C:\Users\konradkokosa\.copilot\repos\copilot-worktrees\runtime-fork\kkokosa-ideal-sniffle\src\coreclr\debug\datadescriptor-shared\datadescriptor.cpp : fatal error C1083: Cannot open compiler generated file: '': Invalid argument
  [1079/2661] Building CXX object nativeaot\Runtime\datadescriptor\CMakeFiles\nativeaot_gc_wks_descriptor_temp.dir\d19bd3a15454e9bb70b8985eb45cedaf\datadescriptor.cpp.obj
  FAILED: [code=1] nativeaot/Runtime/datadescriptor/CMakeFiles/nativeaot_gc_wks_descriptor_temp.dir/d19bd3a15454e9bb70b8985eb45cedaf/datadescriptor.cpp.obj 
  C:\PROGRA~1\MIB055~1\18\INTPRE~1\VC\Tools\MSVC\1451~1.362\bin\Hostx64\x64\cl.exe  /nologo /TP -DBUILDENV_DEBUG=1 -DDEBUG -DFEATURE_CONSERVATIVE_GC -DFEATURE_ETW -DFEATURE_EVENT_TRACE -DFEATURE_GC_STRESS -DFEATURE_HIJACK -DFEATURE_JAVAMARSHAL -DFEATURE_MANUALLY_MANAGED_CARD_BUNDLES -DFEATURE_NATIVEAOT -DFEATURE_PERFTRACING -DFEATURE_SPECIAL_USER_MODE_APC -DFEATURE_SUSPEND_REDIRECTION -DFEATURE_USE_SOFTWARE_WRITE_WATCH_FOR_GC_HEAP -DGC_DESCRIPTOR -DHOST_64BIT -DHOST_AMD64 -DHOST_WINDOWS -DNATIVEAOT -DNOMINMAX -DTARGET_64BIT -DTARGET_AMD64 -DTARGET_WINDOWS -DUNICODE=1 -DURTBLDENV_FRIENDLY=Debug -DVERIFY_HEAP -D_DBG -D_DEBUG -D_FILE_OFFSET_BITS=64 -D_LIB -D_TIME_BITS=64 -IC:\Users\konradkokosa\.copilot\repos\copilot-worktrees\runtime-fork\kkokosa-ideal-sniffle\src\native -IC:\Users\konradkokosa\.copilot\repos\copilot-worktrees\runtime-fork\kkokosa-ideal-sniffle\src\native\inc -IC:\Users\konradkokosa\.copilot\repos\copilot-worktrees\runtime-fork\kkokosa-ideal-sniffle\src\coreclr\pal\prebuilt\inc -IC:\Users\konradkokosa\.copilot\repos\copilot-worktrees\runtime-fork\kkokosa-ideal-sniffle\artifacts\obj -IC:\Users\konradkokosa\.copilot\repos\copilot-worktrees\runtime-fork\kkokosa-ideal-sniffle\src\coreclr\nativeaot\Runtime\inc -IC:\Users\konradkokosa\.copilot\repos\copilot-worktrees\runtime-fork\kkokosa-ideal-sniffle\src\coreclr\nativeaot\Runtime\. -IC:\Users\konradkokosa\.copilot\repos\copilot-worktrees\runtime-fork\kkokosa-ideal-sniffle\src\coreclr\nativeaot\Runtime\..\..\gc -IC:\Users\konradkokosa\.copilot\repos\copilot-worktrees\runtime-fork\kkokosa-ideal-sniffle\src\coreclr\nativeaot\Runtime\..\..\gc\env -IC:\Users\konradkokosa\.copilot\repos\copilot-worktrees\runtime-fork\kkokosa-ideal-sniffle\artifacts\obj\coreclr\windows.x64.Debug\nativeaot\Runtime\eventpipe\inc -IC:\Users\konradkokosa\.copilot\repos\copilot-worktrees\runtime-fork\kkokosa-ideal-sniffle\src\coreclr\runtime -IC:\Users\konradkokosa\.copilot\repos\copilot-worktrees\runtime-fork\kkokosa-ideal-sniffle\src\coreclr\nativeaot\Runtime\windows -IC:\Users\konradkokosa\.copilot\repos\copilot-worktrees\runtime-fork\kkokosa-ideal-sniffle\src\coreclr\nativeaot\Runtime\amd64 -IC:\Users\konradkokosa\.copilot\repos\copilot-worktrees\runtime-fork\kkokosa-ideal-sniffle\src\coreclr\gc\datadescriptor /DWIN32 /D_WINDOWS  /GR- /Ob0 /Od /RTC1 -std:c++17 -MTd -Zi /Od /EHa-s- /nologo /W4 /WX /sdl /Oi /Oy- /Gm- /Zp8 /Gy /fp:precise /FC /MP /Zm200 /Zc:strictStrings /Zc:wchar_t /Zc:inline /Zc:forScope /wd4065 /wd4100 /wd4127 /wd4131 /wd4189 /wd4200 /wd4201 /wd4206 /wd4239 /wd4245 /wd4291 /wd4310 /wd4324 /wd4366 /wd4456 /wd4457 /wd4458 /wd4459 /wd4463 /wd4505 /wd4702 /wd4706 /wd4733 /wd4815 /wd4838 /wd4918 /wd4960 /wd4961 /wd5105 /wd5205 /we4007 /we4013 /we4102 /we4551 /we4640 /we4806 /we4018 /we4055 /we4242 /we4244 /we4267 /we4302 /we4509 /we4510 /we4610 /we4611 /we4701 /w34092 /w34121 /w34125 /w34130 /w34132 /w34212 /w34530 /w35038 /w44177 /ZH:SHA_256 /source-charset:utf-8 /homeparams /guard:cf /guard:ehcont /showIncludes /Fonativeaot\Runtime\datadescriptor\CMakeFiles\nativeaot_gc_wks_descriptor_temp.dir\d19bd3a15454e9bb70b8985eb45cedaf\datadescriptor.cpp.obj /Fdnativeaot\Runtime\datadescriptor\CMakeFiles\nativeaot_gc_wks_descriptor_temp.dir\ /FS -c C:\Users\konradkokosa\.copilot\repos\copilot-worktrees\runtime-fork\kkokosa-ideal-sniffle\src\coreclr\debug\datadescriptor-shared\datadescriptor.cpp
  C:\Users\konradkokosa\.copilot\repos\copilot-worktrees\runtime-fork\kkokosa-ideal-sniffle\src\coreclr\debug\datadescriptor-shared\datadescriptor.cpp : fatal error C1083: Cannot open compiler generated file: '': Invalid argument
  [1080/2661] Building C object libs-native\System.IO.Compression.Native\CMakeFiles\System.IO.Compression.Native-Static.dir\zlib_allocator_win.c.obj
  FAILED: [code=2] libs-native/System.IO.Compression.Native/CMakeFiles/System.IO.Compression.Native-Static.dir/zlib_allocator_win.c.obj 
  C:\PROGRA~1\MIB055~1\18\INTPRE~1\VC\Tools\MSVC\1451~1.362\bin\Hostx64\x64\cl.exe  /nologo -DBUILDENV_DEBUG=1 -DDEBUG -DHOST_64BIT -DHOST_AMD64 -DHOST_WINDOWS -DPALEXPORT=EXTERN_C -DTARGET_64BIT -DTARGET_AMD64 -DTARGET_WINDOWS -DURTBLDENV_FRIENDLY=Debug -D_DBG -D_DEBUG -D_FILE_OFFSET_BITS=64 -D_TIME_BITS=64 -IC:\Users\konradkokosa\.copilot\repos\copilot-worktrees\runtime-fork\kkokosa-ideal-sniffle\artifacts\obj\coreclr\windows.x64.Debug\libs-native\System.IO.Compression.Native -IC:\Users\konradkokosa\.copilot\repos\copilot-worktrees\runtime-fork\kkokosa-ideal-sniffle\src\native\libs\System.IO.Compression.Native -IC:\Users\konradkokosa\.copilot\repos\copilot-worktrees\runtime-fork\kkokosa-ideal-sniffle\src\native -IC:\Users\konradkokosa\.copilot\repos\copilot-worktrees\runtime-fork\kkokosa-ideal-sniffle\src\native\inc -IC:\Users\konradkokosa\.copilot\repos\copilot-worktrees\runtime-fork\kkokosa-ideal-sniffle\src\native\external\brotli\c\include -IC:\Users\konradkokosa\.copilot\repos\copilot-worktrees\runtime-fork\kkokosa-ideal-sniffle\artifacts\obj\coreclr\windows.x64.Debug\_deps\fetchzlibng-build -IC:\Users\konradkokosa\.copilot\repos\copilot-worktrees\runtime-fork\kkokosa-ideal-sniffle\src\native\external\zlib-ng -IC:\Users\konradkokosa\.copilot\repos\copilot-worktrees\runtime-fork\kkokosa-ideal-sniffle\src\native\external\zstd\build\cmake\..\..\lib /DWIN32 /D_WINDOWS /Ob0 /Od /RTC1 -std:c11 -MTd -Zi /Od /nologo /W4 /WX /sdl /Oi /Oy- /Gm- /Zp8 /Gy /fp:precise /FC /MP /Zm200 /Zc:strictStrings /Zc:wchar_t /Zc:inline /Zc:forScope /wd4065 /wd4100 /wd4127 /wd4131 /wd4189 /wd4200 /wd4201 /wd4206 /wd4239 /wd4245 /wd4291 /wd4310 /wd4324 /wd4366 /wd4456 /wd4457 /wd4458 /wd4459 /wd4463 /wd4505 /wd4702 /wd4706 /wd4733 /wd4815 /wd4838 /wd4918 /wd4960 /wd4961 /wd5105 /wd5205 /we4007 /we4013 /we4102 /we4551 /we4640 /we4806 /we4018 /we4055 /we4242 /we4244 /we4267 /we4302 /we4509 /we4510 /we4610 /we4611 /we4701 /w34092 /w34121 /w34125 /w34130 /w34132 /w34212 /w34530 /w35038 /w44177 /ZH:SHA_256 /homeparams /guard:cf /guard:ehcont /showIncludes /Folibs-native\System.IO.Compression.Native\CMakeFiles\System.IO.Compression.Native-Static.dir\zlib_allocator_win.c.obj /Fdlibs-native\System.IO.Compression.Native\CMakeFiles\System.IO.Compression.Native-Static.dir\System.IO.Compression.Native-Static.pdb /FS -c C:\Users\konradkokosa\.copilot\repos\copilot-worktrees\runtime-fork\kkokosa-ideal-sniffle\src\native\libs\System.IO.Compression.Native\zlib_allocator_win.c
  C:\Users\konradkokosa\.copilot\repos\copilot-worktrees\runtime-fork\kkokosa-ideal-sniffle\src\native\libs\System.IO.Compression.Native\zlib_allocator_win.c: fatal error C1041: cannot open program database 'C:\Users\konradkokosa\.copilot\repos\copilot-worktrees\runtime-fork\kkokosa-ideal-sniffle\artifacts\obj\coreclr\windows.x64.Debug\libs-native\System.IO.Compression.Native\CMakeFiles\System.IO.Compression.Native-Static.dir\System.IO.Compression.Native-Static.pdb'; if multiple CL.EXE write to the same .PDB file, please use /FS
  [1081/2661] Building C object Corehost.Static\hostmisc\CMakeFiles\hostmisc.dir\utils.c.obj
  [1082/2661] Building C object Corehost.Static\hostmisc\CMakeFiles\hostmisc.dir\trace.c.obj
  [1083/2661] Building C object Corehost.Static\hostmisc\CMakeFiles\hostmisc.dir\pal.windows.c.obj
  [1084/2661] Linking CXX shared library dlls\mscoree\coreclr\coreclr.dll
  [1085/2661] Building CXX object Corehost.Static\hostmisc\CMakeFiles\hostmisc.dir\utils.cpp.obj
  [1086/2661] Building CXX object Corehost.Static\hostmisc\CMakeFiles\hostmisc.dir\e87a99c4e0e61a61e313c8fca2cbfcd7\native\corehost\fxr\fx_ver.cpp.obj
  [1087/2661] Building CXX object Corehost.Static\hostmisc\CMakeFiles\hostmisc.dir\longfile.windows.cpp.obj
  [1088/2661] Building CXX object Corehost.Static\hostmisc\CMakeFiles\hostmisc.dir\pal.windows.cpp.obj
  [1089/2661] Building CXX object md\enc\CMakeFiles\mdruntimerw_ppdb.dir\cmake_pch.cxx.obj
  [1090/2661] Building CXX object md\compiler\CMakeFiles\mdcompiler_ppdb.dir\cmake_pch.cxx.obj
  [1091/2661] Building CXX object md\runtime\CMakeFiles\mdruntime_ppdb.dir\cmake_pch.cxx.obj
  [1092/2661] Building CXX object jit\static\CMakeFiles\clrjit_static.dir\cmake_pch.cxx.obj
  [1093/2661] Building CXX object vm\wks\CMakeFiles\cee_wks_mergeable.dir\cmake_pch.cxx.obj
  ninja: build stopped: subcommand failed.
  BUILD: Error: native component build failed. Refer to the build log files for details.
      "C:\Users\konradkokosa\.copilot\repos\copilot-worktrees\runtime-fork\kkokosa-ideal-sniffle\artifacts\log\Debug\CoreCLR_windows__x64__Debug__x64.log"
      "C:\Users\konradkokosa\.copilot\repos\copilot-worktrees\runtime-fork\kkokosa-ideal-sniffle\artifacts\log\Debug\CoreCLR_windows__x64__Debug__x64.wrn"
      "C:\Users\konradkokosa\.copilot\repos\copilot-worktrees\runtime-fork\kkokosa-ideal-sniffle\artifacts\log\Debug\CoreCLR_windows__x64__Debug__x64.err"
C:\Users\konradkokosa\.copilot\repos\copilot-worktrees\runtime-fork\kkokosa-ideal-sniffle\src\coreclr\runtime.proj(123,5): error MSB3073: The command ""C:\Users\konradkokosa\.copilot\repos\copilot-worktrees\runtime-fork\kkokosa-ideal-sniffle\src\coreclr\build-runtime.cmd" -x64 -debug -os windows -targetrid win-x64 -cmakeargs "-DCLR_DOTNET_RID=win-x64" -cmakeargs "-DCLR_DOTNET_HOST_PATH='C:\Users\konradkokosa\.copilot\repos\copilot-worktrees\runtime-fork\kkokosa-ideal-sniffle\.dotnet\dotnet.exe'" -cmakeargs "-DCDAC_BUILD_TOOL_BINARY_PATH=C:\Users\konradkokosa\.copilot\repos\copilot-worktrees\runtime-fork\kkokosa-ideal-sniffle\artifacts\bin\coreclr\windows.x64.Debug\cdac-build-tool\cdac-build-tool.dll" -cmakeargs "-DFEATURE_DYNAMIC_CODE_COMPILED=1" -cmakeargs "-DCLI_CMAKE_COMMIT_HASH=2f49bf4340822439a031d91786398a379668b25e" " exited with code 2.

Build FAILED.

C:\Users\konradkokosa\.copilot\repos\copilot-worktrees\runtime-fork\kkokosa-ideal-sniffle\src\coreclr\runtime.proj(123,5): error MSB3073: The command ""C:\Users\konradkokosa\.copilot\repos\copilot-worktrees\runtime-fork\kkokosa-ideal-sniffle\src\coreclr\build-runtime.cmd" -x64 -debug -os windows -targetrid win-x64 -cmakeargs "-DCLR_DOTNET_RID=win-x64" -cmakeargs "-DCLR_DOTNET_HOST_PATH='C:\Users\konradkokosa\.copilot\repos\copilot-worktrees\runtime-fork\kkokosa-ideal-sniffle\.dotnet\dotnet.exe'" -cmakeargs "-DCDAC_BUILD_TOOL_BINARY_PATH=C:\Users\konradkokosa\.copilot\repos\copilot-worktrees\runtime-fork\kkokosa-ideal-sniffle\artifacts\bin\coreclr\windows.x64.Debug\cdac-build-tool\cdac-build-tool.dll" -cmakeargs "-DFEATURE_DYNAMIC_CODE_COMPILED=1" -cmakeargs "-DCLI_CMAKE_COMMIT_HASH=2f49bf4340822439a031d91786398a379668b25e" " exited with code 2.
    0 Warning(s)
    1 Error(s)

Time Elapsed 00:05:01.56
Build failed with exit code 1. Check errors above.
Some builds failed:
	Configuration: Debug, Architecture: x64
