// Validating benchmarks:
// ***** BenchmarkRunner: Start   *****
// ***** Found 45 benchmark(s) in total *****
// ***** Building 1 exe(s) in Parallel: Start   *****
// start dotnet restore "R:\artifacts\bin\side-metadata-benchmark\Release\net11.0\side-metadata-benchmark-Job-TZWPHG-1\DllGatherer.csproj" --nodeReuse:false /p:UseSharedCompilation=false /p:Deterministic=true /p:Optimize=true /p:ArtifactsPath="R:\artifacts\bin\side-metadata-benchmark\Release\net11.0\side-metadata-benchmark-Job-TZWPHG-1/.artifacts/" /p:OutDir="R:\artifacts\bin\side-metadata-benchmark\Release\net11.0\side-metadata-benchmark-Job-TZWPHG-1\bin\Release\net11.0/" /p:OutputPath="R:\artifacts\bin\side-metadata-benchmark\Release\net11.0\side-metadata-benchmark-Job-TZWPHG-1\bin\Release\net11.0/" /p:PublishDir="R:\artifacts\bin\side-metadata-benchmark\Release\net11.0\side-metadata-benchmark-Job-TZWPHG-1\publish/" in R:\artifacts\bin\side-metadata-benchmark\Release\net11.0\side-metadata-benchmark-Job-TZWPHG-1
// command took 2.18 sec and exited with 0
// start dotnet build "R:\artifacts\bin\side-metadata-benchmark\Release\net11.0\side-metadata-benchmark-Job-TZWPHG-1\DllGatherer.csproj" -f net11.0 -c Release --no-restore --nodeReuse:false /p:UseSharedCompilation=false /p:Deterministic=true /p:Optimize=true /p:ArtifactsPath="R:\artifacts\bin\side-metadata-benchmark\Release\net11.0\side-metadata-benchmark-Job-TZWPHG-1/.artifacts/" /p:OutDir="R:\artifacts\bin\side-metadata-benchmark\Release\net11.0\side-metadata-benchmark-Job-TZWPHG-1\bin\Release\net11.0/" /p:OutputPath="R:\artifacts\bin\side-metadata-benchmark\Release\net11.0\side-metadata-benchmark-Job-TZWPHG-1\bin\Release\net11.0/" /p:PublishDir="R:\artifacts\bin\side-metadata-benchmark\Release\net11.0\side-metadata-benchmark-Job-TZWPHG-1\publish/" --output "R:\artifacts\bin\side-metadata-benchmark\Release\net11.0\side-metadata-benchmark-Job-TZWPHG-1\bin\Release\net11.0/" in R:\artifacts\bin\side-metadata-benchmark\Release\net11.0\side-metadata-benchmark-Job-TZWPHG-1
// command took 7.52 sec and exited with 0
// start dotnet restore "R:\artifacts\bin\side-metadata-benchmark\Release\net11.0\side-metadata-benchmark-Job-TZWPHG-1\BenchmarkDotNet.Autogenerated.csproj" --nodeReuse:false /p:UseSharedCompilation=false /p:Deterministic=true /p:Optimize=true /p:ArtifactsPath="R:\artifacts\bin\side-metadata-benchmark\Release\net11.0\side-metadata-benchmark-Job-TZWPHG-1/.artifacts/" /p:OutDir="R:\artifacts\bin\side-metadata-benchmark\Release\net11.0\side-metadata-benchmark-Job-TZWPHG-1\bin\Release\net11.0/" /p:OutputPath="R:\artifacts\bin\side-metadata-benchmark\Release\net11.0\side-metadata-benchmark-Job-TZWPHG-1\bin\Release\net11.0/" /p:PublishDir="R:\artifacts\bin\side-metadata-benchmark\Release\net11.0\side-metadata-benchmark-Job-TZWPHG-1\publish/" in R:\artifacts\bin\side-metadata-benchmark\Release\net11.0\side-metadata-benchmark-Job-TZWPHG-1
// command took 2.15 sec and exited with 0
// start dotnet build "R:\artifacts\bin\side-metadata-benchmark\Release\net11.0\side-metadata-benchmark-Job-TZWPHG-1\BenchmarkDotNet.Autogenerated.csproj" -f net11.0 -c Release --no-restore --nodeReuse:false /p:UseSharedCompilation=false /p:Deterministic=true /p:Optimize=true /p:ArtifactsPath="R:\artifacts\bin\side-metadata-benchmark\Release\net11.0\side-metadata-benchmark-Job-TZWPHG-1/.artifacts/" /p:OutDir="R:\artifacts\bin\side-metadata-benchmark\Release\net11.0\side-metadata-benchmark-Job-TZWPHG-1\bin\Release\net11.0/" /p:OutputPath="R:\artifacts\bin\side-metadata-benchmark\Release\net11.0\side-metadata-benchmark-Job-TZWPHG-1\bin\Release\net11.0/" /p:PublishDir="R:\artifacts\bin\side-metadata-benchmark\Release\net11.0\side-metadata-benchmark-Job-TZWPHG-1\publish/" --output "R:\artifacts\bin\side-metadata-benchmark\Release\net11.0\side-metadata-benchmark-Job-TZWPHG-1\bin\Release\net11.0/" in R:\artifacts\bin\side-metadata-benchmark\Release\net11.0\side-metadata-benchmark-Job-TZWPHG-1
// command took 5.25 sec and exited with 0
// ***** Done, took 00:00:20 (20.19 sec)   *****
// Found 45 benchmarks:
//   SideMetadataBenchmarks.MapAndLoad: Job-TZWPHG(IterationCount=20, LaunchCount=3, WarmupCount=8) [LogReferenceCountBits=1]
//   SideMetadataBenchmarks.MapAndLoadControl: Job-TZWPHG(IterationCount=20, LaunchCount=3, WarmupCount=8) [LogReferenceCountBits=1]
//   SideMetadataBenchmarks.PrecomputedLoad: Job-TZWPHG(IterationCount=20, LaunchCount=3, WarmupCount=8) [LogReferenceCountBits=1]
//   SideMetadataBenchmarks.BitStore: Job-TZWPHG(IterationCount=20, LaunchCount=3, WarmupCount=8) [LogReferenceCountBits=1]
//   SideMetadataBenchmarks.ReferenceCountUpdate: Job-TZWPHG(IterationCount=20, LaunchCount=3, WarmupCount=8) [LogReferenceCountBits=1]
//   SideMetadataBenchmarks.ByteUpdate: Job-TZWPHG(IterationCount=20, LaunchCount=3, WarmupCount=8) [LogReferenceCountBits=1]
//   SideMetadataBenchmarks.BulkRead64KiB: Job-TZWPHG(IterationCount=20, LaunchCount=3, WarmupCount=8) [LogReferenceCountBits=1]
//   SideMetadataBenchmarks.SparseBulkRead64B: Job-TZWPHG(IterationCount=20, LaunchCount=3, WarmupCount=8) [LogReferenceCountBits=1]
//   SideMetadataBenchmarks.Reset4KiB: Job-TZWPHG(IterationCount=20, LaunchCount=3, WarmupCount=8) [LogReferenceCountBits=1]
//   SideMetadataBenchmarks.Reset64KiB: Job-TZWPHG(IterationCount=20, LaunchCount=3, WarmupCount=8) [LogReferenceCountBits=1]
//   SideMetadataBenchmarks.Reset1MiB: Job-TZWPHG(IterationCount=20, LaunchCount=3, WarmupCount=8) [LogReferenceCountBits=1]
//   SideMetadataBenchmarks.ExtraCasSensitivity: Job-TZWPHG(IterationCount=20, LaunchCount=3, WarmupCount=8) [LogReferenceCountBits=1]
//   SideMetadataBenchmarks.ReserveAndFirstCommit: Job-TZWPHG(IterationCount=20, LaunchCount=3, WarmupCount=8) [LogReferenceCountBits=1]
//   SideMetadataBenchmarks.FalseSharingSameWord: Job-TZWPHG(IterationCount=20, LaunchCount=3, WarmupCount=8) [LogReferenceCountBits=1]
//   SideMetadataBenchmarks.FalseSharingSeparateLine: Job-TZWPHG(IterationCount=20, LaunchCount=3, WarmupCount=8) [LogReferenceCountBits=1]
//   SideMetadataBenchmarks.MapAndLoad: Job-TZWPHG(IterationCount=20, LaunchCount=3, WarmupCount=8) [LogReferenceCountBits=2]
//   SideMetadataBenchmarks.MapAndLoadControl: Job-TZWPHG(IterationCount=20, LaunchCount=3, WarmupCount=8) [LogReferenceCountBits=2]
//   SideMetadataBenchmarks.PrecomputedLoad: Job-TZWPHG(IterationCount=20, LaunchCount=3, WarmupCount=8) [LogReferenceCountBits=2]
//   SideMetadataBenchmarks.BitStore: Job-TZWPHG(IterationCount=20, LaunchCount=3, WarmupCount=8) [LogReferenceCountBits=2]
//   SideMetadataBenchmarks.ReferenceCountUpdate: Job-TZWPHG(IterationCount=20, LaunchCount=3, WarmupCount=8) [LogReferenceCountBits=2]
//   SideMetadataBenchmarks.ByteUpdate: Job-TZWPHG(IterationCount=20, LaunchCount=3, WarmupCount=8) [LogReferenceCountBits=2]
//   SideMetadataBenchmarks.BulkRead64KiB: Job-TZWPHG(IterationCount=20, LaunchCount=3, WarmupCount=8) [LogReferenceCountBits=2]
//   SideMetadataBenchmarks.SparseBulkRead64B: Job-TZWPHG(IterationCount=20, LaunchCount=3, WarmupCount=8) [LogReferenceCountBits=2]
//   SideMetadataBenchmarks.Reset4KiB: Job-TZWPHG(IterationCount=20, LaunchCount=3, WarmupCount=8) [LogReferenceCountBits=2]
//   SideMetadataBenchmarks.Reset64KiB: Job-TZWPHG(IterationCount=20, LaunchCount=3, WarmupCount=8) [LogReferenceCountBits=2]
//   SideMetadataBenchmarks.Reset1MiB: Job-TZWPHG(IterationCount=20, LaunchCount=3, WarmupCount=8) [LogReferenceCountBits=2]
//   SideMetadataBenchmarks.ExtraCasSensitivity: Job-TZWPHG(IterationCount=20, LaunchCount=3, WarmupCount=8) [LogReferenceCountBits=2]
//   SideMetadataBenchmarks.ReserveAndFirstCommit: Job-TZWPHG(IterationCount=20, LaunchCount=3, WarmupCount=8) [LogReferenceCountBits=2]
//   SideMetadataBenchmarks.FalseSharingSameWord: Job-TZWPHG(IterationCount=20, LaunchCount=3, WarmupCount=8) [LogReferenceCountBits=2]
//   SideMetadataBenchmarks.FalseSharingSeparateLine: Job-TZWPHG(IterationCount=20, LaunchCount=3, WarmupCount=8) [LogReferenceCountBits=2]
//   SideMetadataBenchmarks.MapAndLoad: Job-TZWPHG(IterationCount=20, LaunchCount=3, WarmupCount=8) [LogReferenceCountBits=3]
//   SideMetadataBenchmarks.MapAndLoadControl: Job-TZWPHG(IterationCount=20, LaunchCount=3, WarmupCount=8) [LogReferenceCountBits=3]
//   SideMetadataBenchmarks.PrecomputedLoad: Job-TZWPHG(IterationCount=20, LaunchCount=3, WarmupCount=8) [LogReferenceCountBits=3]
//   SideMetadataBenchmarks.BitStore: Job-TZWPHG(IterationCount=20, LaunchCount=3, WarmupCount=8) [LogReferenceCountBits=3]
//   SideMetadataBenchmarks.ReferenceCountUpdate: Job-TZWPHG(IterationCount=20, LaunchCount=3, WarmupCount=8) [LogReferenceCountBits=3]
//   SideMetadataBenchmarks.ByteUpdate: Job-TZWPHG(IterationCount=20, LaunchCount=3, WarmupCount=8) [LogReferenceCountBits=3]
//   SideMetadataBenchmarks.BulkRead64KiB: Job-TZWPHG(IterationCount=20, LaunchCount=3, WarmupCount=8) [LogReferenceCountBits=3]
//   SideMetadataBenchmarks.SparseBulkRead64B: Job-TZWPHG(IterationCount=20, LaunchCount=3, WarmupCount=8) [LogReferenceCountBits=3]
//   SideMetadataBenchmarks.Reset4KiB: Job-TZWPHG(IterationCount=20, LaunchCount=3, WarmupCount=8) [LogReferenceCountBits=3]
//   SideMetadataBenchmarks.Reset64KiB: Job-TZWPHG(IterationCount=20, LaunchCount=3, WarmupCount=8) [LogReferenceCountBits=3]
//   SideMetadataBenchmarks.Reset1MiB: Job-TZWPHG(IterationCount=20, LaunchCount=3, WarmupCount=8) [LogReferenceCountBits=3]
//   SideMetadataBenchmarks.ExtraCasSensitivity: Job-TZWPHG(IterationCount=20, LaunchCount=3, WarmupCount=8) [LogReferenceCountBits=3]
//   SideMetadataBenchmarks.ReserveAndFirstCommit: Job-TZWPHG(IterationCount=20, LaunchCount=3, WarmupCount=8) [LogReferenceCountBits=3]
//   SideMetadataBenchmarks.FalseSharingSameWord: Job-TZWPHG(IterationCount=20, LaunchCount=3, WarmupCount=8) [LogReferenceCountBits=3]
//   SideMetadataBenchmarks.FalseSharingSeparateLine: Job-TZWPHG(IterationCount=20, LaunchCount=3, WarmupCount=8) [LogReferenceCountBits=3]

Setup power plan (GUID: 8c5e7fda-e8bf-4a96-9a85-a6e23a8c635c FriendlyName: High performance)
// **************************
// Benchmark: SideMetadataBenchmarks.MapAndLoad: Job-TZWPHG(IterationCount=20, LaunchCount=3, WarmupCount=8) [LogReferenceCountBits=1]
// *** Execute ***
// Launch: 1 / 3
// Execute: dotnet side-metadata-benchmark-Job-TZWPHG-1.dll --ipcPort 50592 --benchmarkName "P21.SideMetadataBenchmarks.MapAndLoad(LogReferenceCountBits: 1)" --job "IterationCount=20, LaunchCount=3, WarmupCount=8" --diagnoserRunMode 0 --benchmarkId 0 in R:\artifacts\bin\side-metadata-benchmark\Release\net11.0\side-metadata-benchmark-Job-TZWPHG-1\bin\Release\net11.0
// BeforeAnythingElse

// Benchmark Process Environment Information:
// BenchmarkDotNet v0.16.0-preview.1
// Runtime=.NET 11.0.0 (11.0.0-preview.6.26359.118, 11.0.26.36018), X64 RyuJIT x86-64-v4
// GC=Concurrent Workstation
// HardwareIntrinsics=AVX512 BITALG+VBMI2+VNNI+VPOPCNTDQ,AVX512 IFMA+VBMI,AVX512 F+BW+CD+DQ+VL,AVX2+BMI1+BMI2+F16C+FMA+LZCNT+MOVBE,AVX,SSE3+SSSE3+SSE4.1+SSE4.2+POPCNT,X86Base+SSE+SSE2,AES+PCLMUL VectorSize=256
// Job: Job-TZWPHG(IterationCount=20, LaunchCount=3, WarmupCount=8)

WorkloadJitting  1: 4096 op, 123100.00 ns, 30.0537 ns/op
WorkloadJitting  2: 122880 op, 2298100.00 ns, 18.7020 ns/op
WorkloadJitting  3: 122880 op, 2261200.00 ns, 18.4017 ns/op
WorkloadJitting  4: 122880 op, 2292600.00 ns, 18.6572 ns/op
WorkloadJitting  5: 4096 op, 98000.00 ns, 23.9258 ns/op

WorkloadPilot    1: 4096 op, 76800.00 ns, 18.7500 ns/op

WorkloadPilot    1: 65536 op, 1189100.00 ns, 18.1442 ns/op
WorkloadPilot    2: 131072 op, 2426900.00 ns, 18.5158 ns/op
WorkloadPilot    3: 262144 op, 4875000.00 ns, 18.5966 ns/op
WorkloadPilot    4: 524288 op, 9721700.00 ns, 18.5427 ns/op
WorkloadPilot    5: 1048576 op, 19403000.00 ns, 18.5041 ns/op
WorkloadPilot    6: 2097152 op, 38692000.00 ns, 18.4498 ns/op
WorkloadPilot    7: 4194304 op, 79085800.00 ns, 18.8555 ns/op
WorkloadPilot    8: 8388608 op, 154682300.00 ns, 18.4396 ns/op
WorkloadPilot    9: 16777216 op, 308868400.00 ns, 18.4100 ns/op
WorkloadPilot   10: 33554432 op, 623463100.00 ns, 18.5806 ns/op

WorkloadWarmup   1: 33554432 op, 625868400.00 ns, 18.6523 ns/op
WorkloadWarmup   2: 33554432 op, 618643300.00 ns, 18.4370 ns/op
WorkloadWarmup   3: 33554432 op, 619057000.00 ns, 18.4493 ns/op
WorkloadWarmup   4: 33554432 op, 620129200.00 ns, 18.4813 ns/op
WorkloadWarmup   5: 33554432 op, 621640400.00 ns, 18.5263 ns/op
WorkloadWarmup   6: 33554432 op, 619303000.00 ns, 18.4567 ns/op
WorkloadWarmup   7: 33554432 op, 626161200.00 ns, 18.6611 ns/op
WorkloadWarmup   8: 33554432 op, 623100900.00 ns, 18.5699 ns/op

// BeforeActualRun
WorkloadActual   1: 33554432 op, 622912400.00 ns, 18.5642 ns/op
WorkloadActual   2: 33554432 op, 619521600.00 ns, 18.4632 ns/op
WorkloadActual   3: 33554432 op, 620153500.00 ns, 18.4820 ns/op
WorkloadActual   4: 33554432 op, 621695500.00 ns, 18.5280 ns/op
WorkloadActual   5: 33554432 op, 619500000.00 ns, 18.4625 ns/op
WorkloadActual   6: 33554432 op, 620572400.00 ns, 18.4945 ns/op
WorkloadActual   7: 33554432 op, 622376800.00 ns, 18.5483 ns/op
WorkloadActual   8: 33554432 op, 621461700.00 ns, 18.5210 ns/op
WorkloadActual   9: 33554432 op, 621107200.00 ns, 18.5104 ns/op
WorkloadActual  10: 33554432 op, 636643200.00 ns, 18.9734 ns/op
WorkloadActual  11: 33554432 op, 620121400.00 ns, 18.4811 ns/op
WorkloadActual  12: 33554432 op, 622404400.00 ns, 18.5491 ns/op
WorkloadActual  13: 33554432 op, 619405900.00 ns, 18.4597 ns/op
WorkloadActual  14: 33554432 op, 621539800.00 ns, 18.5233 ns/op
WorkloadActual  15: 33554432 op, 621274100.00 ns, 18.5154 ns/op
WorkloadActual  16: 33554432 op, 620180600.00 ns, 18.4828 ns/op
WorkloadActual  17: 33554432 op, 619679200.00 ns, 18.4679 ns/op
WorkloadActual  18: 33554432 op, 621190300.00 ns, 18.5129 ns/op
WorkloadActual  19: 33554432 op, 621085500.00 ns, 18.5098 ns/op
WorkloadActual  20: 33554432 op, 623233000.00 ns, 18.5738 ns/op

// AfterActualRun
WorkloadResult   1: 33554432 op, 622912400.00 ns, 18.5642 ns/op
WorkloadResult   2: 33554432 op, 619521600.00 ns, 18.4632 ns/op
WorkloadResult   3: 33554432 op, 620153500.00 ns, 18.4820 ns/op
WorkloadResult   4: 33554432 op, 621695500.00 ns, 18.5280 ns/op
WorkloadResult   5: 33554432 op, 619500000.00 ns, 18.4625 ns/op
WorkloadResult   6: 33554432 op, 620572400.00 ns, 18.4945 ns/op
WorkloadResult   7: 33554432 op, 622376800.00 ns, 18.5483 ns/op
WorkloadResult   8: 33554432 op, 621461700.00 ns, 18.5210 ns/op
WorkloadResult   9: 33554432 op, 621107200.00 ns, 18.5104 ns/op
WorkloadResult  10: 33554432 op, 620121400.00 ns, 18.4811 ns/op
WorkloadResult  11: 33554432 op, 622404400.00 ns, 18.5491 ns/op
WorkloadResult  12: 33554432 op, 619405900.00 ns, 18.4597 ns/op
WorkloadResult  13: 33554432 op, 621539800.00 ns, 18.5233 ns/op
WorkloadResult  14: 33554432 op, 621274100.00 ns, 18.5154 ns/op
WorkloadResult  15: 33554432 op, 620180600.00 ns, 18.4828 ns/op
WorkloadResult  16: 33554432 op, 619679200.00 ns, 18.4679 ns/op
WorkloadResult  17: 33554432 op, 621190300.00 ns, 18.5129 ns/op
WorkloadResult  18: 33554432 op, 621085500.00 ns, 18.5098 ns/op
WorkloadResult  19: 33554432 op, 623233000.00 ns, 18.5738 ns/op

// AfterAll
// Benchmark Process 16624 has exited with code 0.
// Launch: 2 / 3
// Execute: dotnet side-metadata-benchmark-Job-TZWPHG-1.dll --ipcPort 50621 --benchmarkName "P21.SideMetadataBenchmarks.MapAndLoad(LogReferenceCountBits: 1)" --job "IterationCount=20, LaunchCount=3, WarmupCount=8" --diagnoserRunMode 0 --benchmarkId 0 in R:\artifacts\bin\side-metadata-benchmark\Release\net11.0\side-metadata-benchmark-Job-TZWPHG-1\bin\Release\net11.0
// BeforeAnythingElse

// Benchmark Process Environment Information:
// BenchmarkDotNet v0.16.0-preview.1
// Runtime=.NET 11.0.0 (11.0.0-preview.6.26359.118, 11.0.26.36018), X64 RyuJIT x86-64-v4
// GC=Concurrent Workstation
// HardwareIntrinsics=AVX512 BITALG+VBMI2+VNNI+VPOPCNTDQ,AVX512 IFMA+VBMI,AVX512 F+BW+CD+DQ+VL,AVX2+BMI1+BMI2+F16C+FMA+LZCNT+MOVBE,AVX,SSE3+SSSE3+SSE4.1+SSE4.2+POPCNT,X86Base+SSE+SSE2,AES+PCLMUL VectorSize=256
// Job: Job-TZWPHG(IterationCount=20, LaunchCount=3, WarmupCount=8)

WorkloadJitting  1: 4096 op, 130700.00 ns, 31.9092 ns/op
WorkloadJitting  2: 122880 op, 2265700.00 ns, 18.4383 ns/op
WorkloadJitting  3: 122880 op, 2256100.00 ns, 18.3602 ns/op
WorkloadJitting  4: 122880 op, 2276600.00 ns, 18.5270 ns/op
WorkloadJitting  5: 4096 op, 80500.00 ns, 19.6533 ns/op

WorkloadPilot    1: 4096 op, 78000.00 ns, 19.0430 ns/op

WorkloadPilot    1: 65536 op, 1226900.00 ns, 18.7210 ns/op
WorkloadPilot    2: 131072 op, 2430500.00 ns, 18.5432 ns/op
WorkloadPilot    3: 262144 op, 4828900.00 ns, 18.4208 ns/op
WorkloadPilot    4: 524288 op, 9585800.00 ns, 18.2835 ns/op
WorkloadPilot    5: 1048576 op, 20078400.00 ns, 19.1483 ns/op
WorkloadPilot    6: 2097152 op, 38446300.00 ns, 18.3326 ns/op
WorkloadPilot    7: 4194304 op, 78300200.00 ns, 18.6682 ns/op
WorkloadPilot    8: 8388608 op, 153597700.00 ns, 18.3103 ns/op
WorkloadPilot    9: 16777216 op, 309098400.00 ns, 18.4237 ns/op
WorkloadPilot   10: 33554432 op, 620422500.00 ns, 18.4900 ns/op

WorkloadWarmup   1: 33554432 op, 620332700.00 ns, 18.4874 ns/op
WorkloadWarmup   2: 33554432 op, 619034400.00 ns, 18.4487 ns/op
WorkloadWarmup   3: 33554432 op, 619346300.00 ns, 18.4580 ns/op
WorkloadWarmup   4: 33554432 op, 616813200.00 ns, 18.3825 ns/op
WorkloadWarmup   5: 33554432 op, 619766600.00 ns, 18.4705 ns/op
WorkloadWarmup   6: 33554432 op, 616297100.00 ns, 18.3671 ns/op
WorkloadWarmup   7: 33554432 op, 616750600.00 ns, 18.3806 ns/op
WorkloadWarmup   8: 33554432 op, 617849000.00 ns, 18.4133 ns/op

// BeforeActualRun
WorkloadActual   1: 33554432 op, 619780600.00 ns, 18.4709 ns/op
WorkloadActual   2: 33554432 op, 616582300.00 ns, 18.3756 ns/op
WorkloadActual   3: 33554432 op, 617690600.00 ns, 18.4086 ns/op
WorkloadActual   4: 33554432 op, 615167400.00 ns, 18.3334 ns/op
WorkloadActual   5: 33554432 op, 617456200.00 ns, 18.4016 ns/op
WorkloadActual   6: 33554432 op, 616071200.00 ns, 18.3604 ns/op
WorkloadActual   7: 33554432 op, 624701600.00 ns, 18.6176 ns/op
WorkloadActual   8: 33554432 op, 617374300.00 ns, 18.3992 ns/op
WorkloadActual   9: 33554432 op, 619546100.00 ns, 18.4639 ns/op
WorkloadActual  10: 33554432 op, 618920200.00 ns, 18.4453 ns/op
WorkloadActual  11: 33554432 op, 617295600.00 ns, 18.3968 ns/op
WorkloadActual  12: 33554432 op, 617217700.00 ns, 18.3945 ns/op
WorkloadActual  13: 33554432 op, 619092900.00 ns, 18.4504 ns/op
WorkloadActual  14: 33554432 op, 617798500.00 ns, 18.4118 ns/op
WorkloadActual  15: 33554432 op, 617810700.00 ns, 18.4122 ns/op
WorkloadActual  16: 33554432 op, 617132900.00 ns, 18.3920 ns/op
WorkloadActual  17: 33554432 op, 616992100.00 ns, 18.3878 ns/op
WorkloadActual  18: 33554432 op, 617214500.00 ns, 18.3944 ns/op
WorkloadActual  19: 33554432 op, 616426700.00 ns, 18.3709 ns/op
WorkloadActual  20: 33554432 op, 619639100.00 ns, 18.4667 ns/op

// AfterActualRun
WorkloadResult   1: 33554432 op, 619780600.00 ns, 18.4709 ns/op
WorkloadResult   2: 33554432 op, 616582300.00 ns, 18.3756 ns/op
WorkloadResult   3: 33554432 op, 617690600.00 ns, 18.4086 ns/op
WorkloadResult   4: 33554432 op, 615167400.00 ns, 18.3334 ns/op
WorkloadResult   5: 33554432 op, 617456200.00 ns, 18.4016 ns/op
WorkloadResult   6: 33554432 op, 616071200.00 ns, 18.3604 ns/op
WorkloadResult   7: 33554432 op, 617374300.00 ns, 18.3992 ns/op
WorkloadResult   8: 33554432 op, 619546100.00 ns, 18.4639 ns/op
WorkloadResult   9: 33554432 op, 618920200.00 ns, 18.4453 ns/op
WorkloadResult  10: 33554432 op, 617295600.00 ns, 18.3968 ns/op
WorkloadResult  11: 33554432 op, 617217700.00 ns, 18.3945 ns/op
WorkloadResult  12: 33554432 op, 619092900.00 ns, 18.4504 ns/op
WorkloadResult  13: 33554432 op, 617798500.00 ns, 18.4118 ns/op
WorkloadResult  14: 33554432 op, 617810700.00 ns, 18.4122 ns/op
WorkloadResult  15: 33554432 op, 617132900.00 ns, 18.3920 ns/op
WorkloadResult  16: 33554432 op, 616992100.00 ns, 18.3878 ns/op
WorkloadResult  17: 33554432 op, 617214500.00 ns, 18.3944 ns/op
WorkloadResult  18: 33554432 op, 616426700.00 ns, 18.3709 ns/op
WorkloadResult  19: 33554432 op, 619639100.00 ns, 18.4667 ns/op

// AfterAll
// Benchmark Process 28808 has exited with code 0.
// Launch: 3 / 3
// Execute: dotnet side-metadata-benchmark-Job-TZWPHG-1.dll --ipcPort 50646 --benchmarkName "P21.SideMetadataBenchmarks.MapAndLoad(LogReferenceCountBits: 1)" --job "IterationCount=20, LaunchCount=3, WarmupCount=8" --diagnoserRunMode 0 --benchmarkId 0 in R:\artifacts\bin\side-metadata-benchmark\Release\net11.0\side-metadata-benchmark-Job-TZWPHG-1\bin\Release\net11.0
// BeforeAnythingElse

// Benchmark Process Environment Information:
// BenchmarkDotNet v0.16.0-preview.1
// Runtime=.NET 11.0.0 (11.0.0-preview.6.26359.118, 11.0.26.36018), X64 RyuJIT x86-64-v4
// GC=Concurrent Workstation
// HardwareIntrinsics=AVX512 BITALG+VBMI2+VNNI+VPOPCNTDQ,AVX512 IFMA+VBMI,AVX512 F+BW+CD+DQ+VL,AVX2+BMI1+BMI2+F16C+FMA+LZCNT+MOVBE,AVX,SSE3+SSSE3+SSE4.1+SSE4.2+POPCNT,X86Base+SSE+SSE2,AES+PCLMUL VectorSize=256
// Job: Job-TZWPHG(IterationCount=20, LaunchCount=3, WarmupCount=8)

WorkloadJitting  1: 4096 op, 1210100.00 ns, 295.4346 ns/op
WorkloadJitting  2: 122880 op, 2354600.00 ns, 19.1618 ns/op
WorkloadJitting  3: 122880 op, 2286400.00 ns, 18.6068 ns/op
WorkloadJitting  4: 122880 op, 2263500.00 ns, 18.4204 ns/op
WorkloadJitting  5: 4096 op, 76600.00 ns, 18.7012 ns/op

WorkloadPilot    1: 4096 op, 76000.00 ns, 18.5547 ns/op

WorkloadPilot    1: 65536 op, 1203100.00 ns, 18.3578 ns/op
WorkloadPilot    2: 131072 op, 2418500.00 ns, 18.4517 ns/op
WorkloadPilot    3: 262144 op, 4833300.00 ns, 18.4376 ns/op
WorkloadPilot    4: 524288 op, 9744000.00 ns, 18.5852 ns/op
WorkloadPilot    5: 1048576 op, 19236600.00 ns, 18.3455 ns/op
WorkloadPilot    6: 2097152 op, 38471100.00 ns, 18.3444 ns/op
WorkloadPilot    7: 4194304 op, 76981100.00 ns, 18.3537 ns/op
WorkloadPilot    8: 8388608 op, 153667600.00 ns, 18.3186 ns/op
WorkloadPilot    9: 16777216 op, 307612300.00 ns, 18.3351 ns/op
WorkloadPilot   10: 33554432 op, 617648700.00 ns, 18.4074 ns/op

WorkloadWarmup   1: 33554432 op, 617756600.00 ns, 18.4106 ns/op
WorkloadWarmup   2: 33554432 op, 617870200.00 ns, 18.4140 ns/op
WorkloadWarmup   3: 33554432 op, 618916200.00 ns, 18.4451 ns/op
WorkloadWarmup   4: 33554432 op, 618937200.00 ns, 18.4458 ns/op
WorkloadWarmup   5: 33554432 op, 616053300.00 ns, 18.3598 ns/op
WorkloadWarmup   6: 33554432 op, 620830900.00 ns, 18.5022 ns/op
WorkloadWarmup   7: 33554432 op, 615812400.00 ns, 18.3526 ns/op
WorkloadWarmup   8: 33554432 op, 618845600.00 ns, 18.4430 ns/op

// BeforeActualRun
WorkloadActual   1: 33554432 op, 618255000.00 ns, 18.4254 ns/op
WorkloadActual   2: 33554432 op, 618133800.00 ns, 18.4218 ns/op
WorkloadActual   3: 33554432 op, 616095300.00 ns, 18.3611 ns/op
WorkloadActual   4: 33554432 op, 627022000.00 ns, 18.6867 ns/op
WorkloadActual   5: 33554432 op, 617326700.00 ns, 18.3978 ns/op
WorkloadActual   6: 33554432 op, 618428900.00 ns, 18.4306 ns/op
WorkloadActual   7: 33554432 op, 616216200.00 ns, 18.3647 ns/op
WorkloadActual   8: 33554432 op, 618417800.00 ns, 18.4303 ns/op
WorkloadActual   9: 33554432 op, 619171600.00 ns, 18.4528 ns/op
WorkloadActual  10: 33554432 op, 623180600.00 ns, 18.5722 ns/op
WorkloadActual  11: 33554432 op, 617835000.00 ns, 18.4129 ns/op
WorkloadActual  12: 33554432 op, 617824200.00 ns, 18.4126 ns/op
WorkloadActual  13: 33554432 op, 621515300.00 ns, 18.5226 ns/op
WorkloadActual  14: 33554432 op, 615910700.00 ns, 18.3556 ns/op
WorkloadActual  15: 33554432 op, 618271000.00 ns, 18.4259 ns/op
WorkloadActual  16: 33554432 op, 619290600.00 ns, 18.4563 ns/op
WorkloadActual  17: 33554432 op, 616980100.00 ns, 18.3874 ns/op
WorkloadActual  18: 33554432 op, 619867900.00 ns, 18.4735 ns/op
WorkloadActual  19: 33554432 op, 622174700.00 ns, 18.5423 ns/op
WorkloadActual  20: 33554432 op, 618396700.00 ns, 18.4297 ns/op

// AfterActualRun
WorkloadResult   1: 33554432 op, 618255000.00 ns, 18.4254 ns/op
WorkloadResult   2: 33554432 op, 618133800.00 ns, 18.4218 ns/op
WorkloadResult   3: 33554432 op, 616095300.00 ns, 18.3611 ns/op
WorkloadResult   4: 33554432 op, 617326700.00 ns, 18.3978 ns/op
WorkloadResult   5: 33554432 op, 618428900.00 ns, 18.4306 ns/op
WorkloadResult   6: 33554432 op, 616216200.00 ns, 18.3647 ns/op
WorkloadResult   7: 33554432 op, 618417800.00 ns, 18.4303 ns/op
WorkloadResult   8: 33554432 op, 619171600.00 ns, 18.4528 ns/op
WorkloadResult   9: 33554432 op, 617835000.00 ns, 18.4129 ns/op
WorkloadResult  10: 33554432 op, 617824200.00 ns, 18.4126 ns/op
WorkloadResult  11: 33554432 op, 621515300.00 ns, 18.5226 ns/op
WorkloadResult  12: 33554432 op, 615910700.00 ns, 18.3556 ns/op
WorkloadResult  13: 33554432 op, 618271000.00 ns, 18.4259 ns/op
WorkloadResult  14: 33554432 op, 619290600.00 ns, 18.4563 ns/op
WorkloadResult  15: 33554432 op, 616980100.00 ns, 18.3874 ns/op
WorkloadResult  16: 33554432 op, 619867900.00 ns, 18.4735 ns/op
WorkloadResult  17: 33554432 op, 618396700.00 ns, 18.4297 ns/op

// AfterAll
// Benchmark Process 5584 has exited with code 0.

Mean = 18.446 ns, StdErr = 0.008 ns (0.04%), N = 55, StdDev = 0.059 ns
Min = 18.333 ns, Q1 = 18.398 ns, Median = 18.445 ns, Q3 = 18.482 ns, Max = 18.574 ns
IQR = 0.084 ns, LowerFence = 18.273 ns, UpperFence = 18.608 ns
ConfidenceInterval = [18.419 ns; 18.474 ns] (CI 99.9%), Margin = 0.028 ns (0.15% of Mean)
Skewness = 0.26, Kurtosis = 2.15, MValue = 2

// ** Remained 44 (97.8%) benchmark(s) to run. Estimated finish 2026-08-31 20:07 (0h 44m from now) **
Setup power plan (GUID: 8c5e7fda-e8bf-4a96-9a85-a6e23a8c635c FriendlyName: High performance)
// **************************
// Benchmark: SideMetadataBenchmarks.MapAndLoadControl: Job-TZWPHG(IterationCount=20, LaunchCount=3, WarmupCount=8) [LogReferenceCountBits=1]
// *** Execute ***
// Launch: 1 / 3
// Execute: dotnet side-metadata-benchmark-Job-TZWPHG-1.dll --ipcPort 50669 --benchmarkName "P21.SideMetadataBenchmarks.MapAndLoadControl(LogReferenceCountBits: 1)" --job "IterationCount=20, LaunchCount=3, WarmupCount=8" --diagnoserRunMode 0 --benchmarkId 1 in R:\artifacts\bin\side-metadata-benchmark\Release\net11.0\side-metadata-benchmark-Job-TZWPHG-1\bin\Release\net11.0
// BeforeAnythingElse

// Benchmark Process Environment Information:
// BenchmarkDotNet v0.16.0-preview.1
// Runtime=.NET 11.0.0 (11.0.0-preview.6.26359.118, 11.0.26.36018), X64 RyuJIT x86-64-v4
// GC=Concurrent Workstation
// HardwareIntrinsics=AVX512 BITALG+VBMI2+VNNI+VPOPCNTDQ,AVX512 IFMA+VBMI,AVX512 F+BW+CD+DQ+VL,AVX2+BMI1+BMI2+F16C+FMA+LZCNT+MOVBE,AVX,SSE3+SSSE3+SSE4.1+SSE4.2+POPCNT,X86Base+SSE+SSE2,AES+PCLMUL VectorSize=256
// Job: Job-TZWPHG(IterationCount=20, LaunchCount=3, WarmupCount=8)

WorkloadJitting  1: 4096 op, 128100.00 ns, 31.2744 ns/op
WorkloadJitting  2: 122880 op, 2313900.00 ns, 18.8306 ns/op
WorkloadJitting  3: 122880 op, 2302400.00 ns, 18.7370 ns/op
WorkloadJitting  4: 122880 op, 2263000.00 ns, 18.4163 ns/op
WorkloadJitting  5: 4096 op, 77000.00 ns, 18.7988 ns/op

WorkloadPilot    1: 4096 op, 77800.00 ns, 18.9941 ns/op

WorkloadPilot    1: 65536 op, 1210400.00 ns, 18.4692 ns/op
WorkloadPilot    2: 131072 op, 2455200.00 ns, 18.7317 ns/op
WorkloadPilot    3: 262144 op, 4873200.00 ns, 18.5898 ns/op
WorkloadPilot    4: 524288 op, 9594000.00 ns, 18.2991 ns/op
WorkloadPilot    5: 1048576 op, 19205200.00 ns, 18.3155 ns/op
WorkloadPilot    6: 2097152 op, 38662600.00 ns, 18.4358 ns/op
WorkloadPilot    7: 4194304 op, 76899800.00 ns, 18.3343 ns/op
WorkloadPilot    8: 8388608 op, 154813200.00 ns, 18.4552 ns/op
WorkloadPilot    9: 16777216 op, 307460100.00 ns, 18.3261 ns/op
WorkloadPilot   10: 33554432 op, 618179200.00 ns, 18.4232 ns/op

WorkloadWarmup   1: 33554432 op, 621865700.00 ns, 18.5330 ns/op
WorkloadWarmup   2: 33554432 op, 617159700.00 ns, 18.3928 ns/op
WorkloadWarmup   3: 33554432 op, 621827300.00 ns, 18.5319 ns/op
WorkloadWarmup   4: 33554432 op, 615533600.00 ns, 18.3443 ns/op
WorkloadWarmup   5: 33554432 op, 616761900.00 ns, 18.3809 ns/op
WorkloadWarmup   6: 33554432 op, 618074200.00 ns, 18.4200 ns/op
WorkloadWarmup   7: 33554432 op, 620597000.00 ns, 18.4952 ns/op
WorkloadWarmup   8: 33554432 op, 620939800.00 ns, 18.5054 ns/op

// BeforeActualRun
WorkloadActual   1: 33554432 op, 618600400.00 ns, 18.4357 ns/op
WorkloadActual   2: 33554432 op, 617828300.00 ns, 18.4127 ns/op
WorkloadActual   3: 33554432 op, 619042900.00 ns, 18.4489 ns/op
WorkloadActual   4: 33554432 op, 616219600.00 ns, 18.3648 ns/op
WorkloadActual   5: 33554432 op, 615853000.00 ns, 18.3538 ns/op
WorkloadActual   6: 33554432 op, 618875500.00 ns, 18.4439 ns/op
WorkloadActual   7: 33554432 op, 617603900.00 ns, 18.4060 ns/op
WorkloadActual   8: 33554432 op, 616742400.00 ns, 18.3804 ns/op
WorkloadActual   9: 33554432 op, 620323900.00 ns, 18.4871 ns/op
WorkloadActual  10: 33554432 op, 619768300.00 ns, 18.4705 ns/op
WorkloadActual  11: 33554432 op, 619224100.00 ns, 18.4543 ns/op
WorkloadActual  12: 33554432 op, 617066900.00 ns, 18.3900 ns/op
WorkloadActual  13: 33554432 op, 616415400.00 ns, 18.3706 ns/op
WorkloadActual  14: 33554432 op, 617362900.00 ns, 18.3988 ns/op
WorkloadActual  15: 33554432 op, 617221000.00 ns, 18.3946 ns/op
WorkloadActual  16: 33554432 op, 616905100.00 ns, 18.3852 ns/op
WorkloadActual  17: 33554432 op, 621475500.00 ns, 18.5214 ns/op
WorkloadActual  18: 33554432 op, 617962400.00 ns, 18.4167 ns/op
WorkloadActual  19: 33554432 op, 619792500.00 ns, 18.4713 ns/op
WorkloadActual  20: 33554432 op, 615238200.00 ns, 18.3355 ns/op

// AfterActualRun
WorkloadResult   1: 33554432 op, 618600400.00 ns, 18.4357 ns/op
WorkloadResult   2: 33554432 op, 617828300.00 ns, 18.4127 ns/op
WorkloadResult   3: 33554432 op, 619042900.00 ns, 18.4489 ns/op
WorkloadResult   4: 33554432 op, 616219600.00 ns, 18.3648 ns/op
WorkloadResult   5: 33554432 op, 615853000.00 ns, 18.3538 ns/op
WorkloadResult   6: 33554432 op, 618875500.00 ns, 18.4439 ns/op
WorkloadResult   7: 33554432 op, 617603900.00 ns, 18.4060 ns/op
WorkloadResult   8: 33554432 op, 616742400.00 ns, 18.3804 ns/op
WorkloadResult   9: 33554432 op, 620323900.00 ns, 18.4871 ns/op
WorkloadResult  10: 33554432 op, 619768300.00 ns, 18.4705 ns/op
WorkloadResult  11: 33554432 op, 619224100.00 ns, 18.4543 ns/op
WorkloadResult  12: 33554432 op, 617066900.00 ns, 18.3900 ns/op
WorkloadResult  13: 33554432 op, 616415400.00 ns, 18.3706 ns/op
WorkloadResult  14: 33554432 op, 617362900.00 ns, 18.3988 ns/op
WorkloadResult  15: 33554432 op, 617221000.00 ns, 18.3946 ns/op
WorkloadResult  16: 33554432 op, 616905100.00 ns, 18.3852 ns/op
WorkloadResult  17: 33554432 op, 621475500.00 ns, 18.5214 ns/op
WorkloadResult  18: 33554432 op, 617962400.00 ns, 18.4167 ns/op
WorkloadResult  19: 33554432 op, 619792500.00 ns, 18.4713 ns/op
WorkloadResult  20: 33554432 op, 615238200.00 ns, 18.3355 ns/op

// AfterAll
// Benchmark Process 36732 has exited with code 0.
// Launch: 2 / 3
// Execute: dotnet side-metadata-benchmark-Job-TZWPHG-1.dll --ipcPort 50695 --benchmarkName "P21.SideMetadataBenchmarks.MapAndLoadControl(LogReferenceCountBits: 1)" --job "IterationCount=20, LaunchCount=3, WarmupCount=8" --diagnoserRunMode 0 --benchmarkId 1 in R:\artifacts\bin\side-metadata-benchmark\Release\net11.0\side-metadata-benchmark-Job-TZWPHG-1\bin\Release\net11.0
// BeforeAnythingElse

// Benchmark Process Environment Information:
// BenchmarkDotNet v0.16.0-preview.1
// Runtime=.NET 11.0.0 (11.0.0-preview.6.26359.118, 11.0.26.36018), X64 RyuJIT x86-64-v4
// GC=Concurrent Workstation
// HardwareIntrinsics=AVX512 BITALG+VBMI2+VNNI+VPOPCNTDQ,AVX512 IFMA+VBMI,AVX512 F+BW+CD+DQ+VL,AVX2+BMI1+BMI2+F16C+FMA+LZCNT+MOVBE,AVX,SSE3+SSSE3+SSE4.1+SSE4.2+POPCNT,X86Base+SSE+SSE2,AES+PCLMUL VectorSize=256
// Job: Job-TZWPHG(IterationCount=20, LaunchCount=3, WarmupCount=8)

WorkloadJitting  1: 4096 op, 128200.00 ns, 31.2988 ns/op
WorkloadJitting  2: 122880 op, 2263700.00 ns, 18.4220 ns/op
WorkloadJitting  3: 122880 op, 2372100.00 ns, 19.3042 ns/op
WorkloadJitting  4: 122880 op, 2270300.00 ns, 18.4757 ns/op
WorkloadJitting  5: 4096 op, 77700.00 ns, 18.9697 ns/op

WorkloadPilot    1: 4096 op, 97400.00 ns, 23.7793 ns/op

WorkloadPilot    1: 65536 op, 1211700.00 ns, 18.4891 ns/op
WorkloadPilot    2: 131072 op, 2432200.00 ns, 18.5562 ns/op
WorkloadPilot    3: 262144 op, 4859300.00 ns, 18.5368 ns/op
WorkloadPilot    4: 524288 op, 9665900.00 ns, 18.4362 ns/op
WorkloadPilot    5: 1048576 op, 19193400.00 ns, 18.3043 ns/op
WorkloadPilot    6: 2097152 op, 38566900.00 ns, 18.3901 ns/op
WorkloadPilot    7: 4194304 op, 76884000.00 ns, 18.3306 ns/op
WorkloadPilot    8: 8388608 op, 155197500.00 ns, 18.5010 ns/op
WorkloadPilot    9: 16777216 op, 308780900.00 ns, 18.4048 ns/op
WorkloadPilot   10: 33554432 op, 620468400.00 ns, 18.4914 ns/op

WorkloadWarmup   1: 33554432 op, 619938000.00 ns, 18.4756 ns/op
WorkloadWarmup   2: 33554432 op, 617560200.00 ns, 18.4047 ns/op
WorkloadWarmup   3: 33554432 op, 619830200.00 ns, 18.4724 ns/op
WorkloadWarmup   4: 33554432 op, 625041500.00 ns, 18.6277 ns/op
WorkloadWarmup   5: 33554432 op, 616764900.00 ns, 18.3810 ns/op
WorkloadWarmup   6: 33554432 op, 619729900.00 ns, 18.4694 ns/op
WorkloadWarmup   7: 33554432 op, 619276800.00 ns, 18.4559 ns/op
WorkloadWarmup   8: 33554432 op, 618990900.00 ns, 18.4474 ns/op

// BeforeActualRun
WorkloadActual   1: 33554432 op, 616781600.00 ns, 18.3815 ns/op
WorkloadActual   2: 33554432 op, 616599300.00 ns, 18.3761 ns/op
WorkloadActual   3: 33554432 op, 616871200.00 ns, 18.3842 ns/op
WorkloadActual   4: 33554432 op, 615811700.00 ns, 18.3526 ns/op
WorkloadActual   5: 33554432 op, 617466100.00 ns, 18.4019 ns/op
WorkloadActual   6: 33554432 op, 616418000.00 ns, 18.3707 ns/op
WorkloadActual   7: 33554432 op, 618668100.00 ns, 18.4377 ns/op
WorkloadActual   8: 33554432 op, 619618100.00 ns, 18.4661 ns/op
WorkloadActual   9: 33554432 op, 617476500.00 ns, 18.4022 ns/op
WorkloadActual  10: 33554432 op, 618332800.00 ns, 18.4278 ns/op
WorkloadActual  11: 33554432 op, 615032500.00 ns, 18.3294 ns/op
WorkloadActual  12: 33554432 op, 616582000.00 ns, 18.3756 ns/op
WorkloadActual  13: 33554432 op, 617041700.00 ns, 18.3893 ns/op
WorkloadActual  14: 33554432 op, 623158900.00 ns, 18.5716 ns/op
WorkloadActual  15: 33554432 op, 620036000.00 ns, 18.4785 ns/op
WorkloadActual  16: 33554432 op, 617841200.00 ns, 18.4131 ns/op
WorkloadActual  17: 33554432 op, 617750200.00 ns, 18.4104 ns/op
WorkloadActual  18: 33554432 op, 621174000.00 ns, 18.5124 ns/op
WorkloadActual  19: 33554432 op, 619564000.00 ns, 18.4644 ns/op
WorkloadActual  20: 33554432 op, 618126400.00 ns, 18.4216 ns/op

// AfterActualRun
WorkloadResult   1: 33554432 op, 616781600.00 ns, 18.3815 ns/op
WorkloadResult   2: 33554432 op, 616599300.00 ns, 18.3761 ns/op
WorkloadResult   3: 33554432 op, 616871200.00 ns, 18.3842 ns/op
WorkloadResult   4: 33554432 op, 615811700.00 ns, 18.3526 ns/op
WorkloadResult   5: 33554432 op, 617466100.00 ns, 18.4019 ns/op
WorkloadResult   6: 33554432 op, 616418000.00 ns, 18.3707 ns/op
WorkloadResult   7: 33554432 op, 618668100.00 ns, 18.4377 ns/op
WorkloadResult   8: 33554432 op, 619618100.00 ns, 18.4661 ns/op
WorkloadResult   9: 33554432 op, 617476500.00 ns, 18.4022 ns/op
WorkloadResult  10: 33554432 op, 618332800.00 ns, 18.4278 ns/op
WorkloadResult  11: 33554432 op, 615032500.00 ns, 18.3294 ns/op
WorkloadResult  12: 33554432 op, 616582000.00 ns, 18.3756 ns/op
WorkloadResult  13: 33554432 op, 617041700.00 ns, 18.3893 ns/op
WorkloadResult  14: 33554432 op, 620036000.00 ns, 18.4785 ns/op
WorkloadResult  15: 33554432 op, 617841200.00 ns, 18.4131 ns/op
WorkloadResult  16: 33554432 op, 617750200.00 ns, 18.4104 ns/op
WorkloadResult  17: 33554432 op, 621174000.00 ns, 18.5124 ns/op
WorkloadResult  18: 33554432 op, 619564000.00 ns, 18.4644 ns/op
WorkloadResult  19: 33554432 op, 618126400.00 ns, 18.4216 ns/op

// AfterAll
// Benchmark Process 28060 has exited with code 0.
// Launch: 3 / 3
// Execute: dotnet side-metadata-benchmark-Job-TZWPHG-1.dll --ipcPort 50723 --benchmarkName "P21.SideMetadataBenchmarks.MapAndLoadControl(LogReferenceCountBits: 1)" --job "IterationCount=20, LaunchCount=3, WarmupCount=8" --diagnoserRunMode 0 --benchmarkId 1 in R:\artifacts\bin\side-metadata-benchmark\Release\net11.0\side-metadata-benchmark-Job-TZWPHG-1\bin\Release\net11.0
// BeforeAnythingElse

// Benchmark Process Environment Information:
// BenchmarkDotNet v0.16.0-preview.1
// Runtime=.NET 11.0.0 (11.0.0-preview.6.26359.118, 11.0.26.36018), X64 RyuJIT x86-64-v4
// GC=Concurrent Workstation
// HardwareIntrinsics=AVX512 BITALG+VBMI2+VNNI+VPOPCNTDQ,AVX512 IFMA+VBMI,AVX512 F+BW+CD+DQ+VL,AVX2+BMI1+BMI2+F16C+FMA+LZCNT+MOVBE,AVX,SSE3+SSSE3+SSE4.1+SSE4.2+POPCNT,X86Base+SSE+SSE2,AES+PCLMUL VectorSize=256
// Job: Job-TZWPHG(IterationCount=20, LaunchCount=3, WarmupCount=8)

WorkloadJitting  1: 4096 op, 164200.00 ns, 40.0879 ns/op
WorkloadJitting  2: 122880 op, 2331700.00 ns, 18.9754 ns/op
WorkloadJitting  3: 122880 op, 2909800.00 ns, 23.6800 ns/op
WorkloadJitting  4: 122880 op, 2252700.00 ns, 18.3325 ns/op
WorkloadJitting  5: 4096 op, 90700.00 ns, 22.1436 ns/op

WorkloadPilot    1: 4096 op, 77800.00 ns, 18.9941 ns/op

WorkloadPilot    1: 65536 op, 1233900.00 ns, 18.8278 ns/op
WorkloadPilot    2: 131072 op, 2428600.00 ns, 18.5287 ns/op
WorkloadPilot    3: 262144 op, 4860900.00 ns, 18.5429 ns/op
WorkloadPilot    4: 524288 op, 9599700.00 ns, 18.3100 ns/op
WorkloadPilot    5: 1048576 op, 19268700.00 ns, 18.3761 ns/op
WorkloadPilot    6: 2097152 op, 38447100.00 ns, 18.3330 ns/op
WorkloadPilot    7: 4194304 op, 76791400.00 ns, 18.3085 ns/op
WorkloadPilot    8: 8388608 op, 154026200.00 ns, 18.3614 ns/op
WorkloadPilot    9: 16777216 op, 307445700.00 ns, 18.3252 ns/op
WorkloadPilot   10: 33554432 op, 618764500.00 ns, 18.4406 ns/op

WorkloadWarmup   1: 33554432 op, 626848600.00 ns, 18.6815 ns/op
WorkloadWarmup   2: 33554432 op, 614843600.00 ns, 18.3238 ns/op
WorkloadWarmup   3: 33554432 op, 618928900.00 ns, 18.4455 ns/op
WorkloadWarmup   4: 33554432 op, 618578800.00 ns, 18.4351 ns/op
WorkloadWarmup   5: 33554432 op, 619529900.00 ns, 18.4634 ns/op
WorkloadWarmup   6: 33554432 op, 616047600.00 ns, 18.3596 ns/op
WorkloadWarmup   7: 33554432 op, 617873100.00 ns, 18.4141 ns/op
WorkloadWarmup   8: 33554432 op, 622547600.00 ns, 18.5534 ns/op

// BeforeActualRun
WorkloadActual   1: 33554432 op, 620214800.00 ns, 18.4838 ns/op
WorkloadActual   2: 33554432 op, 617797000.00 ns, 18.4118 ns/op
WorkloadActual   3: 33554432 op, 620373400.00 ns, 18.4886 ns/op
WorkloadActual   4: 33554432 op, 622444100.00 ns, 18.5503 ns/op
WorkloadActual   5: 33554432 op, 622956600.00 ns, 18.5656 ns/op
WorkloadActual   6: 33554432 op, 619192700.00 ns, 18.4534 ns/op
WorkloadActual   7: 33554432 op, 618661800.00 ns, 18.4376 ns/op
WorkloadActual   8: 33554432 op, 619655400.00 ns, 18.4672 ns/op
WorkloadActual   9: 33554432 op, 617659000.00 ns, 18.4077 ns/op
WorkloadActual  10: 33554432 op, 617434800.00 ns, 18.4010 ns/op
WorkloadActual  11: 33554432 op, 618237200.00 ns, 18.4249 ns/op
WorkloadActual  12: 33554432 op, 615295800.00 ns, 18.3372 ns/op
WorkloadActual  13: 33554432 op, 615231300.00 ns, 18.3353 ns/op
WorkloadActual  14: 33554432 op, 616868700.00 ns, 18.3841 ns/op
WorkloadActual  15: 33554432 op, 618149700.00 ns, 18.4223 ns/op
WorkloadActual  16: 33554432 op, 617713500.00 ns, 18.4093 ns/op
WorkloadActual  17: 33554432 op, 619188900.00 ns, 18.4533 ns/op
WorkloadActual  18: 33554432 op, 619249200.00 ns, 18.4551 ns/op
WorkloadActual  19: 33554432 op, 617558800.00 ns, 18.4047 ns/op
WorkloadActual  20: 33554432 op, 619196000.00 ns, 18.4535 ns/op

// AfterActualRun
WorkloadResult   1: 33554432 op, 620214800.00 ns, 18.4838 ns/op
WorkloadResult   2: 33554432 op, 617797000.00 ns, 18.4118 ns/op
WorkloadResult   3: 33554432 op, 620373400.00 ns, 18.4886 ns/op
WorkloadResult   4: 33554432 op, 619192700.00 ns, 18.4534 ns/op
WorkloadResult   5: 33554432 op, 618661800.00 ns, 18.4376 ns/op
WorkloadResult   6: 33554432 op, 619655400.00 ns, 18.4672 ns/op
WorkloadResult   7: 33554432 op, 617659000.00 ns, 18.4077 ns/op
WorkloadResult   8: 33554432 op, 617434800.00 ns, 18.4010 ns/op
WorkloadResult   9: 33554432 op, 618237200.00 ns, 18.4249 ns/op
WorkloadResult  10: 33554432 op, 615295800.00 ns, 18.3372 ns/op
WorkloadResult  11: 33554432 op, 615231300.00 ns, 18.3353 ns/op
WorkloadResult  12: 33554432 op, 616868700.00 ns, 18.3841 ns/op
WorkloadResult  13: 33554432 op, 618149700.00 ns, 18.4223 ns/op
WorkloadResult  14: 33554432 op, 617713500.00 ns, 18.4093 ns/op
WorkloadResult  15: 33554432 op, 619188900.00 ns, 18.4533 ns/op
WorkloadResult  16: 33554432 op, 619249200.00 ns, 18.4551 ns/op
WorkloadResult  17: 33554432 op, 617558800.00 ns, 18.4047 ns/op
WorkloadResult  18: 33554432 op, 619196000.00 ns, 18.4535 ns/op

// AfterAll
// Benchmark Process 8872 has exited with code 0.

Mean = 18.417 ns, StdErr = 0.006 ns (0.03%), N = 57, StdDev = 0.046 ns
Min = 18.329 ns, Q1 = 18.384 ns, Median = 18.412 ns, Q3 = 18.453 ns, Max = 18.521 ns
IQR = 0.069 ns, LowerFence = 18.280 ns, UpperFence = 18.557 ns
ConfidenceInterval = [18.396 ns; 18.438 ns] (CI 99.9%), Margin = 0.021 ns (0.11% of Mean)
Skewness = 0.13, Kurtosis = 2.37, MValue = 2

// ** Remained 43 (95.6%) benchmark(s) to run. Estimated finish 2026-08-31 20:06 (0h 42m from now) **
Setup power plan (GUID: 8c5e7fda-e8bf-4a96-9a85-a6e23a8c635c FriendlyName: High performance)
// **************************
// Benchmark: SideMetadataBenchmarks.PrecomputedLoad: Job-TZWPHG(IterationCount=20, LaunchCount=3, WarmupCount=8) [LogReferenceCountBits=1]
// *** Execute ***
// Launch: 1 / 3
// Execute: dotnet side-metadata-benchmark-Job-TZWPHG-1.dll --ipcPort 51348 --benchmarkName "P21.SideMetadataBenchmarks.PrecomputedLoad(LogReferenceCountBits: 1)" --job "IterationCount=20, LaunchCount=3, WarmupCount=8" --diagnoserRunMode 0 --benchmarkId 2 in R:\artifacts\bin\side-metadata-benchmark\Release\net11.0\side-metadata-benchmark-Job-TZWPHG-1\bin\Release\net11.0
// BeforeAnythingElse

// Benchmark Process Environment Information:
// BenchmarkDotNet v0.16.0-preview.1
// Runtime=.NET 11.0.0 (11.0.0-preview.6.26359.118, 11.0.26.36018), X64 RyuJIT x86-64-v4
// GC=Concurrent Workstation
// HardwareIntrinsics=AVX512 BITALG+VBMI2+VNNI+VPOPCNTDQ,AVX512 IFMA+VBMI,AVX512 F+BW+CD+DQ+VL,AVX2+BMI1+BMI2+F16C+FMA+LZCNT+MOVBE,AVX,SSE3+SSSE3+SSE4.1+SSE4.2+POPCNT,X86Base+SSE+SSE2,AES+PCLMUL VectorSize=256
// Job: Job-TZWPHG(IterationCount=20, LaunchCount=3, WarmupCount=8)

WorkloadJitting  1: 4096 op, 89500.00 ns, 21.8506 ns/op
WorkloadJitting  2: 122880 op, 78900.00 ns, 0.6421 ns/op
WorkloadJitting  3: 122880 op, 85000.00 ns, 0.6917 ns/op
WorkloadJitting  4: 122880 op, 92400.00 ns, 0.7520 ns/op
WorkloadJitting  5: 4096 op, 5600.00 ns, 1.3672 ns/op

WorkloadPilot    1: 4096 op, 3800.00 ns, 0.9277 ns/op

WorkloadPilot    1: 65536 op, 60700.00 ns, 0.9262 ns/op
WorkloadPilot    2: 131072 op, 106500.00 ns, 0.8125 ns/op
WorkloadPilot    3: 262144 op, 157700.00 ns, 0.6016 ns/op
WorkloadPilot    4: 524288 op, 313500.00 ns, 0.5980 ns/op
WorkloadPilot    5: 1048576 op, 620700.00 ns, 0.5919 ns/op
WorkloadPilot    6: 2097152 op, 1270200.00 ns, 0.6057 ns/op
WorkloadPilot    7: 4194304 op, 2476800.00 ns, 0.5905 ns/op
WorkloadPilot    8: 8388608 op, 4952800.00 ns, 0.5904 ns/op
WorkloadPilot    9: 16777216 op, 9909500.00 ns, 0.5907 ns/op
WorkloadPilot   10: 33554432 op, 21087800.00 ns, 0.6285 ns/op
WorkloadPilot   11: 67108864 op, 39628100.00 ns, 0.5905 ns/op
WorkloadPilot   12: 134217728 op, 79267900.00 ns, 0.5906 ns/op
WorkloadPilot   13: 268435456 op, 158267000.00 ns, 0.5896 ns/op
WorkloadPilot   14: 536870912 op, 321401600.00 ns, 0.5987 ns/op
WorkloadPilot   15: 1073741824 op, 635038300.00 ns, 0.5914 ns/op

WorkloadWarmup   1: 1073741824 op, 635306200.00 ns, 0.5917 ns/op
WorkloadWarmup   2: 1073741824 op, 645432700.00 ns, 0.6011 ns/op
WorkloadWarmup   3: 1073741824 op, 638153000.00 ns, 0.5943 ns/op
WorkloadWarmup   4: 1073741824 op, 639346800.00 ns, 0.5954 ns/op
WorkloadWarmup   5: 1073741824 op, 635731400.00 ns, 0.5921 ns/op
WorkloadWarmup   6: 1073741824 op, 637452700.00 ns, 0.5937 ns/op
WorkloadWarmup   7: 1073741824 op, 635085700.00 ns, 0.5915 ns/op
WorkloadWarmup   8: 1073741824 op, 638435300.00 ns, 0.5946 ns/op

// BeforeActualRun
WorkloadActual   1: 1073741824 op, 637200000.00 ns, 0.5934 ns/op
WorkloadActual   2: 1073741824 op, 636574400.00 ns, 0.5929 ns/op
WorkloadActual   3: 1073741824 op, 641945800.00 ns, 0.5979 ns/op
WorkloadActual   4: 1073741824 op, 633654000.00 ns, 0.5901 ns/op
WorkloadActual   5: 1073741824 op, 635960100.00 ns, 0.5923 ns/op
WorkloadActual   6: 1073741824 op, 633159600.00 ns, 0.5897 ns/op
WorkloadActual   7: 1073741824 op, 637762900.00 ns, 0.5940 ns/op
WorkloadActual   8: 1073741824 op, 634008000.00 ns, 0.5905 ns/op
WorkloadActual   9: 1073741824 op, 638162700.00 ns, 0.5943 ns/op
WorkloadActual  10: 1073741824 op, 634441500.00 ns, 0.5909 ns/op
WorkloadActual  11: 1073741824 op, 636551300.00 ns, 0.5928 ns/op
WorkloadActual  12: 1073741824 op, 636877900.00 ns, 0.5931 ns/op
WorkloadActual  13: 1073741824 op, 639622700.00 ns, 0.5957 ns/op
WorkloadActual  14: 1073741824 op, 636644000.00 ns, 0.5929 ns/op
WorkloadActual  15: 1073741824 op, 635522500.00 ns, 0.5919 ns/op
WorkloadActual  16: 1073741824 op, 633805700.00 ns, 0.5903 ns/op
WorkloadActual  17: 1073741824 op, 656271300.00 ns, 0.6112 ns/op
WorkloadActual  18: 1073741824 op, 633276500.00 ns, 0.5898 ns/op
WorkloadActual  19: 1073741824 op, 634466000.00 ns, 0.5909 ns/op
WorkloadActual  20: 1073741824 op, 634096300.00 ns, 0.5905 ns/op

// AfterActualRun
WorkloadResult   1: 1073741824 op, 637200000.00 ns, 0.5934 ns/op
WorkloadResult   2: 1073741824 op, 636574400.00 ns, 0.5929 ns/op
WorkloadResult   3: 1073741824 op, 641945800.00 ns, 0.5979 ns/op
WorkloadResult   4: 1073741824 op, 633654000.00 ns, 0.5901 ns/op
WorkloadResult   5: 1073741824 op, 635960100.00 ns, 0.5923 ns/op
WorkloadResult   6: 1073741824 op, 633159600.00 ns, 0.5897 ns/op
WorkloadResult   7: 1073741824 op, 637762900.00 ns, 0.5940 ns/op
WorkloadResult   8: 1073741824 op, 634008000.00 ns, 0.5905 ns/op
WorkloadResult   9: 1073741824 op, 638162700.00 ns, 0.5943 ns/op
WorkloadResult  10: 1073741824 op, 634441500.00 ns, 0.5909 ns/op
WorkloadResult  11: 1073741824 op, 636551300.00 ns, 0.5928 ns/op
WorkloadResult  12: 1073741824 op, 636877900.00 ns, 0.5931 ns/op
WorkloadResult  13: 1073741824 op, 639622700.00 ns, 0.5957 ns/op
WorkloadResult  14: 1073741824 op, 636644000.00 ns, 0.5929 ns/op
WorkloadResult  15: 1073741824 op, 635522500.00 ns, 0.5919 ns/op
WorkloadResult  16: 1073741824 op, 633805700.00 ns, 0.5903 ns/op
WorkloadResult  17: 1073741824 op, 633276500.00 ns, 0.5898 ns/op
WorkloadResult  18: 1073741824 op, 634466000.00 ns, 0.5909 ns/op
WorkloadResult  19: 1073741824 op, 634096300.00 ns, 0.5905 ns/op

// AfterAll
// Benchmark Process 34024 has exited with code 0.
// Launch: 2 / 3
// Execute: dotnet side-metadata-benchmark-Job-TZWPHG-1.dll --ipcPort 51381 --benchmarkName "P21.SideMetadataBenchmarks.PrecomputedLoad(LogReferenceCountBits: 1)" --job "IterationCount=20, LaunchCount=3, WarmupCount=8" --diagnoserRunMode 0 --benchmarkId 2 in R:\artifacts\bin\side-metadata-benchmark\Release\net11.0\side-metadata-benchmark-Job-TZWPHG-1\bin\Release\net11.0
// BeforeAnythingElse

// Benchmark Process Environment Information:
// BenchmarkDotNet v0.16.0-preview.1
// Runtime=.NET 11.0.0 (11.0.0-preview.6.26359.118, 11.0.26.36018), X64 RyuJIT x86-64-v4
// GC=Concurrent Workstation
// HardwareIntrinsics=AVX512 BITALG+VBMI2+VNNI+VPOPCNTDQ,AVX512 IFMA+VBMI,AVX512 F+BW+CD+DQ+VL,AVX2+BMI1+BMI2+F16C+FMA+LZCNT+MOVBE,AVX,SSE3+SSSE3+SSE4.1+SSE4.2+POPCNT,X86Base+SSE+SSE2,AES+PCLMUL VectorSize=256
// Job: Job-TZWPHG(IterationCount=20, LaunchCount=3, WarmupCount=8)

WorkloadJitting  1: 4096 op, 64900.00 ns, 15.8447 ns/op
WorkloadJitting  2: 122880 op, 102800.00 ns, 0.8366 ns/op
WorkloadJitting  3: 122880 op, 86000.00 ns, 0.6999 ns/op
WorkloadJitting  4: 122880 op, 91600.00 ns, 0.7454 ns/op
WorkloadJitting  5: 4096 op, 4700.00 ns, 1.1475 ns/op

WorkloadPilot    1: 4096 op, 3600.00 ns, 0.8789 ns/op

WorkloadPilot    1: 65536 op, 39600.00 ns, 0.6042 ns/op
WorkloadPilot    2: 131072 op, 79500.00 ns, 0.6065 ns/op
WorkloadPilot    3: 262144 op, 157500.00 ns, 0.6008 ns/op
WorkloadPilot    4: 524288 op, 320800.00 ns, 0.6119 ns/op
WorkloadPilot    5: 1048576 op, 615400.00 ns, 0.5869 ns/op
WorkloadPilot    6: 2097152 op, 1263300.00 ns, 0.6024 ns/op
WorkloadPilot    7: 4194304 op, 2527500.00 ns, 0.6026 ns/op
WorkloadPilot    8: 8388608 op, 4984700.00 ns, 0.5942 ns/op
WorkloadPilot    9: 16777216 op, 9905400.00 ns, 0.5904 ns/op
WorkloadPilot   10: 33554432 op, 19788700.00 ns, 0.5897 ns/op
WorkloadPilot   11: 67108864 op, 40648900.00 ns, 0.6057 ns/op
WorkloadPilot   12: 134217728 op, 79139900.00 ns, 0.5896 ns/op
WorkloadPilot   13: 268435456 op, 158886500.00 ns, 0.5919 ns/op
WorkloadPilot   14: 536870912 op, 320003600.00 ns, 0.5961 ns/op
WorkloadPilot   15: 1073741824 op, 636568300.00 ns, 0.5929 ns/op

WorkloadWarmup   1: 1073741824 op, 633000300.00 ns, 0.5895 ns/op
WorkloadWarmup   2: 1073741824 op, 635790600.00 ns, 0.5921 ns/op
WorkloadWarmup   3: 1073741824 op, 636655200.00 ns, 0.5929 ns/op
WorkloadWarmup   4: 1073741824 op, 637296000.00 ns, 0.5935 ns/op
WorkloadWarmup   5: 1073741824 op, 635086000.00 ns, 0.5915 ns/op
WorkloadWarmup   6: 1073741824 op, 638194600.00 ns, 0.5944 ns/op
WorkloadWarmup   7: 1073741824 op, 634108900.00 ns, 0.5906 ns/op
WorkloadWarmup   8: 1073741824 op, 637305700.00 ns, 0.5935 ns/op

// BeforeActualRun
WorkloadActual   1: 1073741824 op, 636187500.00 ns, 0.5925 ns/op
WorkloadActual   2: 1073741824 op, 636217800.00 ns, 0.5925 ns/op
WorkloadActual   3: 1073741824 op, 634933600.00 ns, 0.5913 ns/op
WorkloadActual   4: 1073741824 op, 635121000.00 ns, 0.5915 ns/op
WorkloadActual   5: 1073741824 op, 634057900.00 ns, 0.5905 ns/op
WorkloadActual   6: 1073741824 op, 637377700.00 ns, 0.5936 ns/op
WorkloadActual   7: 1073741824 op, 636200800.00 ns, 0.5925 ns/op
WorkloadActual   8: 1073741824 op, 633646000.00 ns, 0.5901 ns/op
WorkloadActual   9: 1073741824 op, 636186100.00 ns, 0.5925 ns/op
WorkloadActual  10: 1073741824 op, 635473200.00 ns, 0.5918 ns/op
WorkloadActual  11: 1073741824 op, 635289100.00 ns, 0.5917 ns/op
WorkloadActual  12: 1073741824 op, 642996300.00 ns, 0.5988 ns/op
WorkloadActual  13: 1073741824 op, 645479600.00 ns, 0.6011 ns/op
WorkloadActual  14: 1073741824 op, 634043900.00 ns, 0.5905 ns/op
WorkloadActual  15: 1073741824 op, 638631000.00 ns, 0.5948 ns/op
WorkloadActual  16: 1073741824 op, 633460600.00 ns, 0.5900 ns/op
WorkloadActual  17: 1073741824 op, 634917000.00 ns, 0.5913 ns/op
WorkloadActual  18: 1073741824 op, 633280200.00 ns, 0.5898 ns/op
WorkloadActual  19: 1073741824 op, 634532000.00 ns, 0.5910 ns/op
WorkloadActual  20: 1073741824 op, 635594700.00 ns, 0.5919 ns/op

// AfterActualRun
WorkloadResult   1: 1073741824 op, 636187500.00 ns, 0.5925 ns/op
WorkloadResult   2: 1073741824 op, 636217800.00 ns, 0.5925 ns/op
WorkloadResult   3: 1073741824 op, 634933600.00 ns, 0.5913 ns/op
WorkloadResult   4: 1073741824 op, 635121000.00 ns, 0.5915 ns/op
WorkloadResult   5: 1073741824 op, 634057900.00 ns, 0.5905 ns/op
WorkloadResult   6: 1073741824 op, 637377700.00 ns, 0.5936 ns/op
WorkloadResult   7: 1073741824 op, 636200800.00 ns, 0.5925 ns/op
WorkloadResult   8: 1073741824 op, 633646000.00 ns, 0.5901 ns/op
WorkloadResult   9: 1073741824 op, 636186100.00 ns, 0.5925 ns/op
WorkloadResult  10: 1073741824 op, 635473200.00 ns, 0.5918 ns/op
WorkloadResult  11: 1073741824 op, 635289100.00 ns, 0.5917 ns/op
WorkloadResult  12: 1073741824 op, 634043900.00 ns, 0.5905 ns/op
WorkloadResult  13: 1073741824 op, 638631000.00 ns, 0.5948 ns/op
WorkloadResult  14: 1073741824 op, 633460600.00 ns, 0.5900 ns/op
WorkloadResult  15: 1073741824 op, 634917000.00 ns, 0.5913 ns/op
WorkloadResult  16: 1073741824 op, 633280200.00 ns, 0.5898 ns/op
WorkloadResult  17: 1073741824 op, 634532000.00 ns, 0.5910 ns/op
WorkloadResult  18: 1073741824 op, 635594700.00 ns, 0.5919 ns/op

// AfterAll
// Benchmark Process 29644 has exited with code 0.
// Launch: 3 / 3
// Execute: dotnet side-metadata-benchmark-Job-TZWPHG-1.dll --ipcPort 51406 --benchmarkName "P21.SideMetadataBenchmarks.PrecomputedLoad(LogReferenceCountBits: 1)" --job "IterationCount=20, LaunchCount=3, WarmupCount=8" --diagnoserRunMode 0 --benchmarkId 2 in R:\artifacts\bin\side-metadata-benchmark\Release\net11.0\side-metadata-benchmark-Job-TZWPHG-1\bin\Release\net11.0
// BeforeAnythingElse

// Benchmark Process Environment Information:
// BenchmarkDotNet v0.16.0-preview.1
// Runtime=.NET 11.0.0 (11.0.0-preview.6.26359.118, 11.0.26.36018), X64 RyuJIT x86-64-v4
// GC=Concurrent Workstation
// HardwareIntrinsics=AVX512 BITALG+VBMI2+VNNI+VPOPCNTDQ,AVX512 IFMA+VBMI,AVX512 F+BW+CD+DQ+VL,AVX2+BMI1+BMI2+F16C+FMA+LZCNT+MOVBE,AVX,SSE3+SSSE3+SSE4.1+SSE4.2+POPCNT,X86Base+SSE+SSE2,AES+PCLMUL VectorSize=256
// Job: Job-TZWPHG(IterationCount=20, LaunchCount=3, WarmupCount=8)

WorkloadJitting  1: 4096 op, 63000.00 ns, 15.3809 ns/op
WorkloadJitting  2: 122880 op, 78900.00 ns, 0.6421 ns/op
WorkloadJitting  3: 122880 op, 93800.00 ns, 0.7633 ns/op
WorkloadJitting  4: 122880 op, 91800.00 ns, 0.7471 ns/op
WorkloadJitting  5: 4096 op, 5000.00 ns, 1.2207 ns/op

WorkloadPilot    1: 4096 op, 3800.00 ns, 0.9277 ns/op

WorkloadPilot    1: 65536 op, 39600.00 ns, 0.6042 ns/op
WorkloadPilot    2: 131072 op, 79400.00 ns, 0.6058 ns/op
WorkloadPilot    3: 262144 op, 157600.00 ns, 0.6012 ns/op
WorkloadPilot    4: 524288 op, 315100.00 ns, 0.6010 ns/op
WorkloadPilot    5: 1048576 op, 632200.00 ns, 0.6029 ns/op
WorkloadPilot    6: 2097152 op, 1226700.00 ns, 0.5849 ns/op
WorkloadPilot    7: 4194304 op, 2482300.00 ns, 0.5918 ns/op
WorkloadPilot    8: 8388608 op, 4978400.00 ns, 0.5935 ns/op
WorkloadPilot    9: 16777216 op, 9892900.00 ns, 0.5897 ns/op
WorkloadPilot   10: 33554432 op, 19810800.00 ns, 0.5904 ns/op
WorkloadPilot   11: 67108864 op, 40497800.00 ns, 0.6035 ns/op
WorkloadPilot   12: 134217728 op, 79278400.00 ns, 0.5907 ns/op
WorkloadPilot   13: 268435456 op, 159397600.00 ns, 0.5938 ns/op
WorkloadPilot   14: 536870912 op, 317788600.00 ns, 0.5919 ns/op
WorkloadPilot   15: 1073741824 op, 636851800.00 ns, 0.5931 ns/op

WorkloadWarmup   1: 1073741824 op, 636547800.00 ns, 0.5928 ns/op
WorkloadWarmup   2: 1073741824 op, 636021700.00 ns, 0.5923 ns/op
WorkloadWarmup   3: 1073741824 op, 635308800.00 ns, 0.5917 ns/op
WorkloadWarmup   4: 1073741824 op, 636720500.00 ns, 0.5930 ns/op
WorkloadWarmup   5: 1073741824 op, 635974600.00 ns, 0.5923 ns/op
WorkloadWarmup   6: 1073741824 op, 634429900.00 ns, 0.5909 ns/op
WorkloadWarmup   7: 1073741824 op, 635334200.00 ns, 0.5917 ns/op
WorkloadWarmup   8: 1073741824 op, 633466100.00 ns, 0.5900 ns/op

// BeforeActualRun
WorkloadActual   1: 1073741824 op, 635870300.00 ns, 0.5922 ns/op
WorkloadActual   2: 1073741824 op, 636038200.00 ns, 0.5924 ns/op
WorkloadActual   3: 1073741824 op, 635313300.00 ns, 0.5917 ns/op
WorkloadActual   4: 1073741824 op, 634902700.00 ns, 0.5913 ns/op
WorkloadActual   5: 1073741824 op, 636342900.00 ns, 0.5926 ns/op
WorkloadActual   6: 1073741824 op, 633916800.00 ns, 0.5904 ns/op
WorkloadActual   7: 1073741824 op, 633014500.00 ns, 0.5895 ns/op
WorkloadActual   8: 1073741824 op, 638039100.00 ns, 0.5942 ns/op
WorkloadActual   9: 1073741824 op, 645994500.00 ns, 0.6016 ns/op
WorkloadActual  10: 1073741824 op, 636722600.00 ns, 0.5930 ns/op
WorkloadActual  11: 1073741824 op, 637509900.00 ns, 0.5937 ns/op
WorkloadActual  12: 1073741824 op, 638032000.00 ns, 0.5942 ns/op
WorkloadActual  13: 1073741824 op, 635681400.00 ns, 0.5920 ns/op
WorkloadActual  14: 1073741824 op, 636433100.00 ns, 0.5927 ns/op
WorkloadActual  15: 1073741824 op, 634416600.00 ns, 0.5908 ns/op
WorkloadActual  16: 1073741824 op, 633901200.00 ns, 0.5904 ns/op
WorkloadActual  17: 1073741824 op, 634625100.00 ns, 0.5910 ns/op
WorkloadActual  18: 1073741824 op, 635145800.00 ns, 0.5915 ns/op
WorkloadActual  19: 1073741824 op, 638411200.00 ns, 0.5946 ns/op
WorkloadActual  20: 1073741824 op, 635419400.00 ns, 0.5918 ns/op

// AfterActualRun
WorkloadResult   1: 1073741824 op, 635870300.00 ns, 0.5922 ns/op
WorkloadResult   2: 1073741824 op, 636038200.00 ns, 0.5924 ns/op
WorkloadResult   3: 1073741824 op, 635313300.00 ns, 0.5917 ns/op
WorkloadResult   4: 1073741824 op, 634902700.00 ns, 0.5913 ns/op
WorkloadResult   5: 1073741824 op, 636342900.00 ns, 0.5926 ns/op
WorkloadResult   6: 1073741824 op, 633916800.00 ns, 0.5904 ns/op
WorkloadResult   7: 1073741824 op, 633014500.00 ns, 0.5895 ns/op
WorkloadResult   8: 1073741824 op, 638039100.00 ns, 0.5942 ns/op
WorkloadResult   9: 1073741824 op, 636722600.00 ns, 0.5930 ns/op
WorkloadResult  10: 1073741824 op, 637509900.00 ns, 0.5937 ns/op
WorkloadResult  11: 1073741824 op, 638032000.00 ns, 0.5942 ns/op
WorkloadResult  12: 1073741824 op, 635681400.00 ns, 0.5920 ns/op
WorkloadResult  13: 1073741824 op, 636433100.00 ns, 0.5927 ns/op
WorkloadResult  14: 1073741824 op, 634416600.00 ns, 0.5908 ns/op
WorkloadResult  15: 1073741824 op, 633901200.00 ns, 0.5904 ns/op
WorkloadResult  16: 1073741824 op, 634625100.00 ns, 0.5910 ns/op
WorkloadResult  17: 1073741824 op, 635145800.00 ns, 0.5915 ns/op
WorkloadResult  18: 1073741824 op, 638411200.00 ns, 0.5946 ns/op
WorkloadResult  19: 1073741824 op, 635419400.00 ns, 0.5918 ns/op

// AfterAll
// Benchmark Process 34948 has exited with code 0.

Mean = 0.592 ns, StdErr = 0.000 ns (0.04%), N = 56, StdDev = 0.002 ns
Min = 0.590 ns, Q1 = 0.591 ns, Median = 0.592 ns, Q3 = 0.593 ns, Max = 0.598 ns
IQR = 0.002 ns, LowerFence = 0.588 ns, UpperFence = 0.596 ns
ConfidenceInterval = [0.591 ns; 0.593 ns] (CI 99.9%), Margin = 0.001 ns (0.13% of Mean)
Skewness = 0.88, Kurtosis = 4.04, MValue = 2

// ** Remained 42 (93.3%) benchmark(s) to run. Estimated finish 2026-08-31 20:07 (0h 42m from now) **
Setup power plan (GUID: 8c5e7fda-e8bf-4a96-9a85-a6e23a8c635c FriendlyName: High performance)
// **************************
// Benchmark: SideMetadataBenchmarks.BitStore: Job-TZWPHG(IterationCount=20, LaunchCount=3, WarmupCount=8) [LogReferenceCountBits=1]
// *** Execute ***
// Launch: 1 / 3
// Execute: dotnet side-metadata-benchmark-Job-TZWPHG-1.dll --ipcPort 51427 --benchmarkName "P21.SideMetadataBenchmarks.BitStore(LogReferenceCountBits: 1)" --job "IterationCount=20, LaunchCount=3, WarmupCount=8" --diagnoserRunMode 0 --benchmarkId 3 in R:\artifacts\bin\side-metadata-benchmark\Release\net11.0\side-metadata-benchmark-Job-TZWPHG-1\bin\Release\net11.0
// BeforeAnythingElse

// Benchmark Process Environment Information:
// BenchmarkDotNet v0.16.0-preview.1
// Runtime=.NET 11.0.0 (11.0.0-preview.6.26359.118, 11.0.26.36018), X64 RyuJIT x86-64-v4
// GC=Concurrent Workstation
// HardwareIntrinsics=AVX512 BITALG+VBMI2+VNNI+VPOPCNTDQ,AVX512 IFMA+VBMI,AVX512 F+BW+CD+DQ+VL,AVX2+BMI1+BMI2+F16C+FMA+LZCNT+MOVBE,AVX,SSE3+SSSE3+SSE4.1+SSE4.2+POPCNT,X86Base+SSE+SSE2,AES+PCLMUL VectorSize=256
// Job: Job-TZWPHG(IterationCount=20, LaunchCount=3, WarmupCount=8)

WorkloadJitting  1: 4096 op, 158400.00 ns, 38.6719 ns/op
WorkloadJitting  2: 122880 op, 3194400.00 ns, 25.9961 ns/op
WorkloadJitting  3: 122880 op, 3213200.00 ns, 26.1491 ns/op
WorkloadJitting  4: 122880 op, 3994800.00 ns, 32.5098 ns/op
WorkloadJitting  5: 4096 op, 135700.00 ns, 33.1299 ns/op

WorkloadPilot    1: 4096 op, 111300.00 ns, 27.1729 ns/op

WorkloadPilot    1: 65536 op, 1778600.00 ns, 27.1393 ns/op
WorkloadPilot    2: 131072 op, 3459200.00 ns, 26.3916 ns/op
WorkloadPilot    3: 262144 op, 6896900.00 ns, 26.3096 ns/op
WorkloadPilot    4: 524288 op, 13756100.00 ns, 26.2377 ns/op
WorkloadPilot    5: 1048576 op, 27560400.00 ns, 26.2836 ns/op
WorkloadPilot    6: 2097152 op, 55259700.00 ns, 26.3499 ns/op
WorkloadPilot    7: 4194304 op, 110356300.00 ns, 26.3110 ns/op
WorkloadPilot    8: 8388608 op, 222495100.00 ns, 26.5235 ns/op
WorkloadPilot    9: 16777216 op, 447925100.00 ns, 26.6984 ns/op
WorkloadPilot   10: 33554432 op, 885810700.00 ns, 26.3992 ns/op

WorkloadWarmup   1: 33554432 op, 883529300.00 ns, 26.3312 ns/op
WorkloadWarmup   2: 33554432 op, 886738400.00 ns, 26.4269 ns/op
WorkloadWarmup   3: 33554432 op, 887124300.00 ns, 26.4384 ns/op
WorkloadWarmup   4: 33554432 op, 885181800.00 ns, 26.3805 ns/op
WorkloadWarmup   5: 33554432 op, 885947000.00 ns, 26.4033 ns/op
WorkloadWarmup   6: 33554432 op, 885118800.00 ns, 26.3786 ns/op
WorkloadWarmup   7: 33554432 op, 887504400.00 ns, 26.4497 ns/op
WorkloadWarmup   8: 33554432 op, 892934000.00 ns, 26.6115 ns/op

// BeforeActualRun
WorkloadActual   1: 33554432 op, 886818400.00 ns, 26.4292 ns/op
WorkloadActual   2: 33554432 op, 886782000.00 ns, 26.4282 ns/op
WorkloadActual   3: 33554432 op, 884643500.00 ns, 26.3644 ns/op
WorkloadActual   4: 33554432 op, 884970600.00 ns, 26.3742 ns/op
WorkloadActual   5: 33554432 op, 886074200.00 ns, 26.4071 ns/op
WorkloadActual   6: 33554432 op, 887293800.00 ns, 26.4434 ns/op
WorkloadActual   7: 33554432 op, 886499000.00 ns, 26.4197 ns/op
WorkloadActual   8: 33554432 op, 884565600.00 ns, 26.3621 ns/op
WorkloadActual   9: 33554432 op, 883001800.00 ns, 26.3155 ns/op
WorkloadActual  10: 33554432 op, 885538100.00 ns, 26.3911 ns/op
WorkloadActual  11: 33554432 op, 886547200.00 ns, 26.4212 ns/op
WorkloadActual  12: 33554432 op, 884955200.00 ns, 26.3737 ns/op
WorkloadActual  13: 33554432 op, 886956900.00 ns, 26.4334 ns/op
WorkloadActual  14: 33554432 op, 888095400.00 ns, 26.4673 ns/op
WorkloadActual  15: 33554432 op, 884522900.00 ns, 26.3608 ns/op
WorkloadActual  16: 33554432 op, 886062300.00 ns, 26.4067 ns/op
WorkloadActual  17: 33554432 op, 886736200.00 ns, 26.4268 ns/op
WorkloadActual  18: 33554432 op, 885125100.00 ns, 26.3788 ns/op
WorkloadActual  19: 33554432 op, 888756300.00 ns, 26.4870 ns/op
WorkloadActual  20: 33554432 op, 887060000.00 ns, 26.4364 ns/op

// AfterActualRun
WorkloadResult   1: 33554432 op, 886818400.00 ns, 26.4292 ns/op
WorkloadResult   2: 33554432 op, 886782000.00 ns, 26.4282 ns/op
WorkloadResult   3: 33554432 op, 884643500.00 ns, 26.3644 ns/op
WorkloadResult   4: 33554432 op, 884970600.00 ns, 26.3742 ns/op
WorkloadResult   5: 33554432 op, 886074200.00 ns, 26.4071 ns/op
WorkloadResult   6: 33554432 op, 887293800.00 ns, 26.4434 ns/op
WorkloadResult   7: 33554432 op, 886499000.00 ns, 26.4197 ns/op
WorkloadResult   8: 33554432 op, 884565600.00 ns, 26.3621 ns/op
WorkloadResult   9: 33554432 op, 883001800.00 ns, 26.3155 ns/op
WorkloadResult  10: 33554432 op, 885538100.00 ns, 26.3911 ns/op
WorkloadResult  11: 33554432 op, 886547200.00 ns, 26.4212 ns/op
WorkloadResult  12: 33554432 op, 884955200.00 ns, 26.3737 ns/op
WorkloadResult  13: 33554432 op, 886956900.00 ns, 26.4334 ns/op
WorkloadResult  14: 33554432 op, 888095400.00 ns, 26.4673 ns/op
WorkloadResult  15: 33554432 op, 884522900.00 ns, 26.3608 ns/op
WorkloadResult  16: 33554432 op, 886062300.00 ns, 26.4067 ns/op
WorkloadResult  17: 33554432 op, 886736200.00 ns, 26.4268 ns/op
WorkloadResult  18: 33554432 op, 885125100.00 ns, 26.3788 ns/op
WorkloadResult  19: 33554432 op, 888756300.00 ns, 26.4870 ns/op
WorkloadResult  20: 33554432 op, 887060000.00 ns, 26.4364 ns/op

// AfterAll
// Benchmark Process 31564 has exited with code 0.
// Launch: 2 / 3
// Execute: dotnet side-metadata-benchmark-Job-TZWPHG-1.dll --ipcPort 51459 --benchmarkName "P21.SideMetadataBenchmarks.BitStore(LogReferenceCountBits: 1)" --job "IterationCount=20, LaunchCount=3, WarmupCount=8" --diagnoserRunMode 0 --benchmarkId 3 in R:\artifacts\bin\side-metadata-benchmark\Release\net11.0\side-metadata-benchmark-Job-TZWPHG-1\bin\Release\net11.0
// BeforeAnythingElse

// Benchmark Process Environment Information:
// BenchmarkDotNet v0.16.0-preview.1
// Runtime=.NET 11.0.0 (11.0.0-preview.6.26359.118, 11.0.26.36018), X64 RyuJIT x86-64-v4
// GC=Concurrent Workstation
// HardwareIntrinsics=AVX512 BITALG+VBMI2+VNNI+VPOPCNTDQ,AVX512 IFMA+VBMI,AVX512 F+BW+CD+DQ+VL,AVX2+BMI1+BMI2+F16C+FMA+LZCNT+MOVBE,AVX,SSE3+SSSE3+SSE4.1+SSE4.2+POPCNT,X86Base+SSE+SSE2,AES+PCLMUL VectorSize=256
// Job: Job-TZWPHG(IterationCount=20, LaunchCount=3, WarmupCount=8)

WorkloadJitting  1: 4096 op, 167700.00 ns, 40.9424 ns/op
WorkloadJitting  2: 122880 op, 3413900.00 ns, 27.7824 ns/op
WorkloadJitting  3: 122880 op, 3452200.00 ns, 28.0941 ns/op
WorkloadJitting  4: 122880 op, 3147500.00 ns, 25.6144 ns/op
WorkloadJitting  5: 4096 op, 127100.00 ns, 31.0303 ns/op

WorkloadPilot    1: 4096 op, 107800.00 ns, 26.3184 ns/op

WorkloadPilot    1: 65536 op, 1685400.00 ns, 25.7172 ns/op
WorkloadPilot    2: 131072 op, 3401900.00 ns, 25.9544 ns/op
WorkloadPilot    3: 262144 op, 6776100.00 ns, 25.8488 ns/op
WorkloadPilot    4: 524288 op, 13486700.00 ns, 25.7238 ns/op
WorkloadPilot    5: 1048576 op, 27002500.00 ns, 25.7516 ns/op
WorkloadPilot    6: 2097152 op, 53910800.00 ns, 25.7067 ns/op
WorkloadPilot    7: 4194304 op, 108783500.00 ns, 25.9360 ns/op
WorkloadPilot    8: 8388608 op, 217826800.00 ns, 25.9670 ns/op
WorkloadPilot    9: 16777216 op, 432998000.00 ns, 25.8087 ns/op
WorkloadPilot   10: 33554432 op, 867147500.00 ns, 25.8430 ns/op

WorkloadWarmup   1: 33554432 op, 864204300.00 ns, 25.7553 ns/op
WorkloadWarmup   2: 33554432 op, 865081000.00 ns, 25.7814 ns/op
WorkloadWarmup   3: 33554432 op, 861887900.00 ns, 25.6863 ns/op
WorkloadWarmup   4: 33554432 op, 865431300.00 ns, 25.7919 ns/op
WorkloadWarmup   5: 33554432 op, 867384100.00 ns, 25.8501 ns/op
WorkloadWarmup   6: 33554432 op, 866478800.00 ns, 25.8231 ns/op
WorkloadWarmup   7: 33554432 op, 867380400.00 ns, 25.8500 ns/op
WorkloadWarmup   8: 33554432 op, 868267800.00 ns, 25.8764 ns/op

// BeforeActualRun
WorkloadActual   1: 33554432 op, 862733800.00 ns, 25.7115 ns/op
WorkloadActual   2: 33554432 op, 864441600.00 ns, 25.7624 ns/op
WorkloadActual   3: 33554432 op, 864548700.00 ns, 25.7656 ns/op
WorkloadActual   4: 33554432 op, 868095200.00 ns, 25.8713 ns/op
WorkloadActual   5: 33554432 op, 864929800.00 ns, 25.7769 ns/op
WorkloadActual   6: 33554432 op, 863805900.00 ns, 25.7434 ns/op
WorkloadActual   7: 33554432 op, 867452400.00 ns, 25.8521 ns/op
WorkloadActual   8: 33554432 op, 866127600.00 ns, 25.8126 ns/op
WorkloadActual   9: 33554432 op, 871870700.00 ns, 25.9838 ns/op
WorkloadActual  10: 33554432 op, 866265400.00 ns, 25.8167 ns/op
WorkloadActual  11: 33554432 op, 863878700.00 ns, 25.7456 ns/op
WorkloadActual  12: 33554432 op, 869125400.00 ns, 25.9020 ns/op
WorkloadActual  13: 33554432 op, 864081900.00 ns, 25.7516 ns/op
WorkloadActual  14: 33554432 op, 867163200.00 ns, 25.8435 ns/op
WorkloadActual  15: 33554432 op, 869184600.00 ns, 25.9037 ns/op
WorkloadActual  16: 33554432 op, 868956100.00 ns, 25.8969 ns/op
WorkloadActual  17: 33554432 op, 866136900.00 ns, 25.8129 ns/op
WorkloadActual  18: 33554432 op, 866348500.00 ns, 25.8192 ns/op
WorkloadActual  19: 33554432 op, 867632200.00 ns, 25.8575 ns/op
WorkloadActual  20: 33554432 op, 865563600.00 ns, 25.7958 ns/op

// AfterActualRun
WorkloadResult   1: 33554432 op, 862733800.00 ns, 25.7115 ns/op
WorkloadResult   2: 33554432 op, 864441600.00 ns, 25.7624 ns/op
WorkloadResult   3: 33554432 op, 864548700.00 ns, 25.7656 ns/op
WorkloadResult   4: 33554432 op, 868095200.00 ns, 25.8713 ns/op
WorkloadResult   5: 33554432 op, 864929800.00 ns, 25.7769 ns/op
WorkloadResult   6: 33554432 op, 863805900.00 ns, 25.7434 ns/op
WorkloadResult   7: 33554432 op, 867452400.00 ns, 25.8521 ns/op
WorkloadResult   8: 33554432 op, 866127600.00 ns, 25.8126 ns/op
WorkloadResult   9: 33554432 op, 871870700.00 ns, 25.9838 ns/op
WorkloadResult  10: 33554432 op, 866265400.00 ns, 25.8167 ns/op
WorkloadResult  11: 33554432 op, 863878700.00 ns, 25.7456 ns/op
WorkloadResult  12: 33554432 op, 869125400.00 ns, 25.9020 ns/op
WorkloadResult  13: 33554432 op, 864081900.00 ns, 25.7516 ns/op
WorkloadResult  14: 33554432 op, 867163200.00 ns, 25.8435 ns/op
WorkloadResult  15: 33554432 op, 869184600.00 ns, 25.9037 ns/op
WorkloadResult  16: 33554432 op, 868956100.00 ns, 25.8969 ns/op
WorkloadResult  17: 33554432 op, 866136900.00 ns, 25.8129 ns/op
WorkloadResult  18: 33554432 op, 866348500.00 ns, 25.8192 ns/op
WorkloadResult  19: 33554432 op, 867632200.00 ns, 25.8575 ns/op
WorkloadResult  20: 33554432 op, 865563600.00 ns, 25.7958 ns/op

// AfterAll
// Benchmark Process 8020 has exited with code 0.
// Launch: 3 / 3
// Execute: dotnet side-metadata-benchmark-Job-TZWPHG-1.dll --ipcPort 51492 --benchmarkName "P21.SideMetadataBenchmarks.BitStore(LogReferenceCountBits: 1)" --job "IterationCount=20, LaunchCount=3, WarmupCount=8" --diagnoserRunMode 0 --benchmarkId 3 in R:\artifacts\bin\side-metadata-benchmark\Release\net11.0\side-metadata-benchmark-Job-TZWPHG-1\bin\Release\net11.0
// BeforeAnythingElse

// Benchmark Process Environment Information:
// BenchmarkDotNet v0.16.0-preview.1
// Runtime=.NET 11.0.0 (11.0.0-preview.6.26359.118, 11.0.26.36018), X64 RyuJIT x86-64-v4
// GC=Concurrent Workstation
// HardwareIntrinsics=AVX512 BITALG+VBMI2+VNNI+VPOPCNTDQ,AVX512 IFMA+VBMI,AVX512 F+BW+CD+DQ+VL,AVX2+BMI1+BMI2+F16C+FMA+LZCNT+MOVBE,AVX,SSE3+SSSE3+SSE4.1+SSE4.2+POPCNT,X86Base+SSE+SSE2,AES+PCLMUL VectorSize=256
// Job: Job-TZWPHG(IterationCount=20, LaunchCount=3, WarmupCount=8)

WorkloadJitting  1: 4096 op, 182000.00 ns, 44.4336 ns/op
WorkloadJitting  2: 122880 op, 3172500.00 ns, 25.8179 ns/op
WorkloadJitting  3: 122880 op, 3189200.00 ns, 25.9538 ns/op
WorkloadJitting  4: 122880 op, 3244300.00 ns, 26.4022 ns/op
WorkloadJitting  5: 4096 op, 108800.00 ns, 26.5625 ns/op

WorkloadPilot    1: 4096 op, 112700.00 ns, 27.5146 ns/op

WorkloadPilot    1: 65536 op, 1773600.00 ns, 27.0630 ns/op
WorkloadPilot    2: 131072 op, 3455000.00 ns, 26.3596 ns/op
WorkloadPilot    3: 262144 op, 6898500.00 ns, 26.3157 ns/op
WorkloadPilot    4: 524288 op, 13792200.00 ns, 26.3065 ns/op
WorkloadPilot    5: 1048576 op, 27563600.00 ns, 26.2867 ns/op
WorkloadPilot    6: 2097152 op, 54996800.00 ns, 26.2245 ns/op
WorkloadPilot    7: 4194304 op, 110084900.00 ns, 26.2463 ns/op
WorkloadPilot    8: 8388608 op, 221301000.00 ns, 26.3811 ns/op
WorkloadPilot    9: 16777216 op, 440835500.00 ns, 26.2758 ns/op
WorkloadPilot   10: 33554432 op, 886998200.00 ns, 26.4346 ns/op

WorkloadWarmup   1: 33554432 op, 888237100.00 ns, 26.4715 ns/op
WorkloadWarmup   2: 33554432 op, 884843200.00 ns, 26.3704 ns/op
WorkloadWarmup   3: 33554432 op, 889193100.00 ns, 26.5000 ns/op
WorkloadWarmup   4: 33554432 op, 888401400.00 ns, 26.4764 ns/op
WorkloadWarmup   5: 33554432 op, 890738900.00 ns, 26.5461 ns/op
WorkloadWarmup   6: 33554432 op, 893043300.00 ns, 26.6148 ns/op
WorkloadWarmup   7: 33554432 op, 885703700.00 ns, 26.3960 ns/op
WorkloadWarmup   8: 33554432 op, 884229000.00 ns, 26.3521 ns/op

// BeforeActualRun
WorkloadActual   1: 33554432 op, 887426400.00 ns, 26.4474 ns/op
WorkloadActual   2: 33554432 op, 886487000.00 ns, 26.4194 ns/op
WorkloadActual   3: 33554432 op, 885267400.00 ns, 26.3830 ns/op
WorkloadActual   4: 33554432 op, 889964000.00 ns, 26.5230 ns/op
WorkloadActual   5: 33554432 op, 886106500.00 ns, 26.4080 ns/op
WorkloadActual   6: 33554432 op, 883156300.00 ns, 26.3201 ns/op
WorkloadActual   7: 33554432 op, 886081200.00 ns, 26.4073 ns/op
WorkloadActual   8: 33554432 op, 887674200.00 ns, 26.4548 ns/op
WorkloadActual   9: 33554432 op, 883320900.00 ns, 26.3250 ns/op
WorkloadActual  10: 33554432 op, 885383000.00 ns, 26.3865 ns/op
WorkloadActual  11: 33554432 op, 886491200.00 ns, 26.4195 ns/op
WorkloadActual  12: 33554432 op, 886739700.00 ns, 26.4269 ns/op
WorkloadActual  13: 33554432 op, 887658600.00 ns, 26.4543 ns/op
WorkloadActual  14: 33554432 op, 885244400.00 ns, 26.3823 ns/op
WorkloadActual  15: 33554432 op, 888150200.00 ns, 26.4689 ns/op
WorkloadActual  16: 33554432 op, 886023400.00 ns, 26.4056 ns/op
WorkloadActual  17: 33554432 op, 884313100.00 ns, 26.3546 ns/op
WorkloadActual  18: 33554432 op, 895859300.00 ns, 26.6987 ns/op
WorkloadActual  19: 33554432 op, 881481500.00 ns, 26.2702 ns/op
WorkloadActual  20: 33554432 op, 884055900.00 ns, 26.3469 ns/op

// AfterActualRun
WorkloadResult   1: 33554432 op, 887426400.00 ns, 26.4474 ns/op
WorkloadResult   2: 33554432 op, 886487000.00 ns, 26.4194 ns/op
WorkloadResult   3: 33554432 op, 885267400.00 ns, 26.3830 ns/op
WorkloadResult   4: 33554432 op, 889964000.00 ns, 26.5230 ns/op
WorkloadResult   5: 33554432 op, 886106500.00 ns, 26.4080 ns/op
WorkloadResult   6: 33554432 op, 883156300.00 ns, 26.3201 ns/op
WorkloadResult   7: 33554432 op, 886081200.00 ns, 26.4073 ns/op
WorkloadResult   8: 33554432 op, 887674200.00 ns, 26.4548 ns/op
WorkloadResult   9: 33554432 op, 883320900.00 ns, 26.3250 ns/op
WorkloadResult  10: 33554432 op, 885383000.00 ns, 26.3865 ns/op
WorkloadResult  11: 33554432 op, 886491200.00 ns, 26.4195 ns/op
WorkloadResult  12: 33554432 op, 886739700.00 ns, 26.4269 ns/op
WorkloadResult  13: 33554432 op, 887658600.00 ns, 26.4543 ns/op
WorkloadResult  14: 33554432 op, 885244400.00 ns, 26.3823 ns/op
WorkloadResult  15: 33554432 op, 888150200.00 ns, 26.4689 ns/op
WorkloadResult  16: 33554432 op, 886023400.00 ns, 26.4056 ns/op
WorkloadResult  17: 33554432 op, 884313100.00 ns, 26.3546 ns/op
WorkloadResult  18: 33554432 op, 881481500.00 ns, 26.2702 ns/op
WorkloadResult  19: 33554432 op, 884055900.00 ns, 26.3469 ns/op

// AfterAll
// Benchmark Process 38016 has exited with code 0.

Mean = 26.206 ns, StdErr = 0.037 ns (0.14%), N = 59, StdDev = 0.284 ns
Min = 25.711 ns, Q1 = 25.864 ns, Median = 26.374 ns, Q3 = 26.420 ns, Max = 26.523 ns
IQR = 0.556 ns, LowerFence = 25.030 ns, UpperFence = 27.255 ns
ConfidenceInterval = [26.078 ns; 26.334 ns] (CI 99.9%), Margin = 0.128 ns (0.49% of Mean)
Skewness = -0.66, Kurtosis = 1.56, MValue = 2

// ** Remained 41 (91.1%) benchmark(s) to run. Estimated finish 2026-08-31 20:11 (0h 45m from now) **
Setup power plan (GUID: 8c5e7fda-e8bf-4a96-9a85-a6e23a8c635c FriendlyName: High performance)
// **************************
// Benchmark: SideMetadataBenchmarks.ReferenceCountUpdate: Job-TZWPHG(IterationCount=20, LaunchCount=3, WarmupCount=8) [LogReferenceCountBits=1]
// *** Execute ***
// Launch: 1 / 3
// Execute: dotnet side-metadata-benchmark-Job-TZWPHG-1.dll --ipcPort 63797 --benchmarkName "P21.SideMetadataBenchmarks.ReferenceCountUpdate(LogReferenceCountBits: 1)" --job "IterationCount=20, LaunchCount=3, WarmupCount=8" --diagnoserRunMode 0 --benchmarkId 4 in R:\artifacts\bin\side-metadata-benchmark\Release\net11.0\side-metadata-benchmark-Job-TZWPHG-1\bin\Release\net11.0
// BeforeAnythingElse

// Benchmark Process Environment Information:
// BenchmarkDotNet v0.16.0-preview.1
// Runtime=.NET 11.0.0 (11.0.0-preview.6.26359.118, 11.0.26.36018), X64 RyuJIT x86-64-v4
// GC=Concurrent Workstation
// HardwareIntrinsics=AVX512 BITALG+VBMI2+VNNI+VPOPCNTDQ,AVX512 IFMA+VBMI,AVX512 F+BW+CD+DQ+VL,AVX2+BMI1+BMI2+F16C+FMA+LZCNT+MOVBE,AVX,SSE3+SSSE3+SSE4.1+SSE4.2+POPCNT,X86Base+SSE+SSE2,AES+PCLMUL VectorSize=256
// Job: Job-TZWPHG(IterationCount=20, LaunchCount=3, WarmupCount=8)

WorkloadJitting  1: 4096 op, 115000.00 ns, 28.0762 ns/op
WorkloadJitting  2: 122880 op, 1808600.00 ns, 14.7184 ns/op
WorkloadJitting  3: 122880 op, 1820200.00 ns, 14.8128 ns/op
WorkloadJitting  4: 122880 op, 1806500.00 ns, 14.7013 ns/op
WorkloadJitting  5: 4096 op, 62000.00 ns, 15.1367 ns/op

WorkloadPilot    1: 4096 op, 62100.00 ns, 15.1611 ns/op

WorkloadPilot    1: 65536 op, 969100.00 ns, 14.7873 ns/op
WorkloadPilot    2: 131072 op, 1941200.00 ns, 14.8102 ns/op
WorkloadPilot    3: 262144 op, 4076900.00 ns, 15.5521 ns/op
WorkloadPilot    4: 524288 op, 7735800.00 ns, 14.7549 ns/op
WorkloadPilot    5: 1048576 op, 15329700.00 ns, 14.6195 ns/op
WorkloadPilot    6: 2097152 op, 30635800.00 ns, 14.6083 ns/op
WorkloadPilot    7: 4194304 op, 61582400.00 ns, 14.6824 ns/op
WorkloadPilot    8: 8388608 op, 123639400.00 ns, 14.7390 ns/op
WorkloadPilot    9: 16777216 op, 248709300.00 ns, 14.8242 ns/op
WorkloadPilot   10: 33554432 op, 492526700.00 ns, 14.6784 ns/op
WorkloadPilot   11: 67108864 op, 993426400.00 ns, 14.8032 ns/op

WorkloadWarmup   1: 67108864 op, 989036000.00 ns, 14.7378 ns/op
WorkloadWarmup   2: 67108864 op, 985918300.00 ns, 14.6913 ns/op
WorkloadWarmup   3: 67108864 op, 990688800.00 ns, 14.7624 ns/op
WorkloadWarmup   4: 67108864 op, 984172400.00 ns, 14.6653 ns/op
WorkloadWarmup   5: 67108864 op, 987221200.00 ns, 14.7107 ns/op
WorkloadWarmup   6: 67108864 op, 986752300.00 ns, 14.7038 ns/op
WorkloadWarmup   7: 67108864 op, 988732500.00 ns, 14.7333 ns/op
WorkloadWarmup   8: 67108864 op, 989468600.00 ns, 14.7442 ns/op

// BeforeActualRun
WorkloadActual   1: 67108864 op, 987738300.00 ns, 14.7184 ns/op
WorkloadActual   2: 67108864 op, 986513000.00 ns, 14.7002 ns/op
WorkloadActual   3: 67108864 op, 983951100.00 ns, 14.6620 ns/op
WorkloadActual   4: 67108864 op, 986690400.00 ns, 14.7028 ns/op
WorkloadActual   5: 67108864 op, 1011150800.00 ns, 15.0673 ns/op
WorkloadActual   6: 67108864 op, 989777200.00 ns, 14.7488 ns/op
WorkloadActual   7: 67108864 op, 990266200.00 ns, 14.7561 ns/op
WorkloadActual   8: 67108864 op, 987339300.00 ns, 14.7125 ns/op
WorkloadActual   9: 67108864 op, 983993400.00 ns, 14.6626 ns/op
WorkloadActual  10: 67108864 op, 985715700.00 ns, 14.6883 ns/op
WorkloadActual  11: 67108864 op, 983526600.00 ns, 14.6557 ns/op
WorkloadActual  12: 67108864 op, 985386200.00 ns, 14.6834 ns/op
WorkloadActual  13: 67108864 op, 988462600.00 ns, 14.7292 ns/op
WorkloadActual  14: 67108864 op, 990414800.00 ns, 14.7583 ns/op
WorkloadActual  15: 67108864 op, 984958300.00 ns, 14.6770 ns/op
WorkloadActual  16: 67108864 op, 988980400.00 ns, 14.7370 ns/op
WorkloadActual  17: 67108864 op, 990783400.00 ns, 14.7638 ns/op
WorkloadActual  18: 67108864 op, 988946100.00 ns, 14.7364 ns/op
WorkloadActual  19: 67108864 op, 987161000.00 ns, 14.7098 ns/op
WorkloadActual  20: 67108864 op, 986431200.00 ns, 14.6990 ns/op

// AfterActualRun
WorkloadResult   1: 67108864 op, 987738300.00 ns, 14.7184 ns/op
WorkloadResult   2: 67108864 op, 986513000.00 ns, 14.7002 ns/op
WorkloadResult   3: 67108864 op, 983951100.00 ns, 14.6620 ns/op
WorkloadResult   4: 67108864 op, 986690400.00 ns, 14.7028 ns/op
WorkloadResult   5: 67108864 op, 989777200.00 ns, 14.7488 ns/op
WorkloadResult   6: 67108864 op, 990266200.00 ns, 14.7561 ns/op
WorkloadResult   7: 67108864 op, 987339300.00 ns, 14.7125 ns/op
WorkloadResult   8: 67108864 op, 983993400.00 ns, 14.6626 ns/op
WorkloadResult   9: 67108864 op, 985715700.00 ns, 14.6883 ns/op
WorkloadResult  10: 67108864 op, 983526600.00 ns, 14.6557 ns/op
WorkloadResult  11: 67108864 op, 985386200.00 ns, 14.6834 ns/op
WorkloadResult  12: 67108864 op, 988462600.00 ns, 14.7292 ns/op
WorkloadResult  13: 67108864 op, 990414800.00 ns, 14.7583 ns/op
WorkloadResult  14: 67108864 op, 984958300.00 ns, 14.6770 ns/op
WorkloadResult  15: 67108864 op, 988980400.00 ns, 14.7370 ns/op
WorkloadResult  16: 67108864 op, 990783400.00 ns, 14.7638 ns/op
WorkloadResult  17: 67108864 op, 988946100.00 ns, 14.7364 ns/op
WorkloadResult  18: 67108864 op, 987161000.00 ns, 14.7098 ns/op
WorkloadResult  19: 67108864 op, 986431200.00 ns, 14.6990 ns/op

// AfterAll
// Benchmark Process 38724 has exited with code 0.
// Launch: 2 / 3
// Execute: dotnet side-metadata-benchmark-Job-TZWPHG-1.dll --ipcPort 63830 --benchmarkName "P21.SideMetadataBenchmarks.ReferenceCountUpdate(LogReferenceCountBits: 1)" --job "IterationCount=20, LaunchCount=3, WarmupCount=8" --diagnoserRunMode 0 --benchmarkId 4 in R:\artifacts\bin\side-metadata-benchmark\Release\net11.0\side-metadata-benchmark-Job-TZWPHG-1\bin\Release\net11.0
// BeforeAnythingElse

// Benchmark Process Environment Information:
// BenchmarkDotNet v0.16.0-preview.1
// Runtime=.NET 11.0.0 (11.0.0-preview.6.26359.118, 11.0.26.36018), X64 RyuJIT x86-64-v4
// GC=Concurrent Workstation
// HardwareIntrinsics=AVX512 BITALG+VBMI2+VNNI+VPOPCNTDQ,AVX512 IFMA+VBMI,AVX512 F+BW+CD+DQ+VL,AVX2+BMI1+BMI2+F16C+FMA+LZCNT+MOVBE,AVX,SSE3+SSSE3+SSE4.1+SSE4.2+POPCNT,X86Base+SSE+SSE2,AES+PCLMUL VectorSize=256
// Job: Job-TZWPHG(IterationCount=20, LaunchCount=3, WarmupCount=8)

WorkloadJitting  1: 4096 op, 113900.00 ns, 27.8076 ns/op
WorkloadJitting  2: 122880 op, 1829100.00 ns, 14.8853 ns/op
WorkloadJitting  3: 122880 op, 1782000.00 ns, 14.5020 ns/op
WorkloadJitting  4: 122880 op, 1805800.00 ns, 14.6956 ns/op
WorkloadJitting  5: 4096 op, 64300.00 ns, 15.6982 ns/op

WorkloadPilot    1: 4096 op, 62700.00 ns, 15.3076 ns/op

WorkloadPilot    1: 65536 op, 980400.00 ns, 14.9597 ns/op
WorkloadPilot    2: 131072 op, 1950300.00 ns, 14.8796 ns/op
WorkloadPilot    3: 262144 op, 3912300.00 ns, 14.9242 ns/op
WorkloadPilot    4: 524288 op, 7737000.00 ns, 14.7572 ns/op
WorkloadPilot    5: 1048576 op, 15451800.00 ns, 14.7360 ns/op
WorkloadPilot    6: 2097152 op, 31345400.00 ns, 14.9467 ns/op
WorkloadPilot    7: 4194304 op, 61882300.00 ns, 14.7539 ns/op
WorkloadPilot    8: 8388608 op, 123754400.00 ns, 14.7527 ns/op
WorkloadPilot    9: 16777216 op, 248531700.00 ns, 14.8136 ns/op
WorkloadPilot   10: 33554432 op, 502030700.00 ns, 14.9617 ns/op

WorkloadWarmup   1: 33554432 op, 499617500.00 ns, 14.8898 ns/op
WorkloadWarmup   2: 33554432 op, 499833200.00 ns, 14.8962 ns/op
WorkloadWarmup   3: 33554432 op, 496857200.00 ns, 14.8075 ns/op
WorkloadWarmup   4: 33554432 op, 501009800.00 ns, 14.9313 ns/op
WorkloadWarmup   5: 33554432 op, 498355100.00 ns, 14.8521 ns/op
WorkloadWarmup   6: 33554432 op, 495270600.00 ns, 14.7602 ns/op
WorkloadWarmup   7: 33554432 op, 497639400.00 ns, 14.8308 ns/op
WorkloadWarmup   8: 33554432 op, 498097500.00 ns, 14.8445 ns/op

// BeforeActualRun
WorkloadActual   1: 33554432 op, 498491800.00 ns, 14.8562 ns/op
WorkloadActual   2: 33554432 op, 499905800.00 ns, 14.8984 ns/op
WorkloadActual   3: 33554432 op, 498353600.00 ns, 14.8521 ns/op
WorkloadActual   4: 33554432 op, 502067500.00 ns, 14.9628 ns/op
WorkloadActual   5: 33554432 op, 498183100.00 ns, 14.8470 ns/op
WorkloadActual   6: 33554432 op, 493589000.00 ns, 14.7101 ns/op
WorkloadActual   7: 33554432 op, 496993300.00 ns, 14.8116 ns/op
WorkloadActual   8: 33554432 op, 498955800.00 ns, 14.8700 ns/op
WorkloadActual   9: 33554432 op, 499363000.00 ns, 14.8822 ns/op
WorkloadActual  10: 33554432 op, 498795400.00 ns, 14.8653 ns/op
WorkloadActual  11: 33554432 op, 502649500.00 ns, 14.9801 ns/op
WorkloadActual  12: 33554432 op, 495309800.00 ns, 14.7614 ns/op
WorkloadActual  13: 33554432 op, 498003400.00 ns, 14.8417 ns/op
WorkloadActual  14: 33554432 op, 498886300.00 ns, 14.8680 ns/op
WorkloadActual  15: 33554432 op, 495777200.00 ns, 14.7753 ns/op
WorkloadActual  16: 33554432 op, 498845400.00 ns, 14.8668 ns/op
WorkloadActual  17: 33554432 op, 496005200.00 ns, 14.7821 ns/op
WorkloadActual  18: 33554432 op, 499138500.00 ns, 14.8755 ns/op
WorkloadActual  19: 33554432 op, 498740400.00 ns, 14.8636 ns/op
WorkloadActual  20: 33554432 op, 497897700.00 ns, 14.8385 ns/op

// AfterActualRun
WorkloadResult   1: 33554432 op, 498491800.00 ns, 14.8562 ns/op
WorkloadResult   2: 33554432 op, 499905800.00 ns, 14.8984 ns/op
WorkloadResult   3: 33554432 op, 498353600.00 ns, 14.8521 ns/op
WorkloadResult   4: 33554432 op, 498183100.00 ns, 14.8470 ns/op
WorkloadResult   5: 33554432 op, 493589000.00 ns, 14.7101 ns/op
WorkloadResult   6: 33554432 op, 496993300.00 ns, 14.8116 ns/op
WorkloadResult   7: 33554432 op, 498955800.00 ns, 14.8700 ns/op
WorkloadResult   8: 33554432 op, 499363000.00 ns, 14.8822 ns/op
WorkloadResult   9: 33554432 op, 498795400.00 ns, 14.8653 ns/op
WorkloadResult  10: 33554432 op, 495309800.00 ns, 14.7614 ns/op
WorkloadResult  11: 33554432 op, 498003400.00 ns, 14.8417 ns/op
WorkloadResult  12: 33554432 op, 498886300.00 ns, 14.8680 ns/op
WorkloadResult  13: 33554432 op, 495777200.00 ns, 14.7753 ns/op
WorkloadResult  14: 33554432 op, 498845400.00 ns, 14.8668 ns/op
WorkloadResult  15: 33554432 op, 496005200.00 ns, 14.7821 ns/op
WorkloadResult  16: 33554432 op, 499138500.00 ns, 14.8755 ns/op
WorkloadResult  17: 33554432 op, 498740400.00 ns, 14.8636 ns/op
WorkloadResult  18: 33554432 op, 497897700.00 ns, 14.8385 ns/op

// AfterAll
// Benchmark Process 23668 has exited with code 0.
// Launch: 3 / 3
// Execute: dotnet side-metadata-benchmark-Job-TZWPHG-1.dll --ipcPort 63259 --benchmarkName "P21.SideMetadataBenchmarks.ReferenceCountUpdate(LogReferenceCountBits: 1)" --job "IterationCount=20, LaunchCount=3, WarmupCount=8" --diagnoserRunMode 0 --benchmarkId 4 in R:\artifacts\bin\side-metadata-benchmark\Release\net11.0\side-metadata-benchmark-Job-TZWPHG-1\bin\Release\net11.0
// BeforeAnythingElse

// Benchmark Process Environment Information:
// BenchmarkDotNet v0.16.0-preview.1
// Runtime=.NET 11.0.0 (11.0.0-preview.6.26359.118, 11.0.26.36018), X64 RyuJIT x86-64-v4
// GC=Concurrent Workstation
// HardwareIntrinsics=AVX512 BITALG+VBMI2+VNNI+VPOPCNTDQ,AVX512 IFMA+VBMI,AVX512 F+BW+CD+DQ+VL,AVX2+BMI1+BMI2+F16C+FMA+LZCNT+MOVBE,AVX,SSE3+SSSE3+SSE4.1+SSE4.2+POPCNT,X86Base+SSE+SSE2,AES+PCLMUL VectorSize=256
// Job: Job-TZWPHG(IterationCount=20, LaunchCount=3, WarmupCount=8)

WorkloadJitting  1: 4096 op, 118200.00 ns, 28.8574 ns/op
WorkloadJitting  2: 122880 op, 1838700.00 ns, 14.9634 ns/op
WorkloadJitting  3: 122880 op, 1845200.00 ns, 15.0163 ns/op
WorkloadJitting  4: 122880 op, 1774900.00 ns, 14.4442 ns/op
WorkloadJitting  5: 4096 op, 62600.00 ns, 15.2832 ns/op

WorkloadPilot    1: 4096 op, 60200.00 ns, 14.6973 ns/op

WorkloadPilot    1: 65536 op, 947000.00 ns, 14.4501 ns/op
WorkloadPilot    2: 131072 op, 1938300.00 ns, 14.7881 ns/op
WorkloadPilot    3: 262144 op, 3907500.00 ns, 14.9059 ns/op
WorkloadPilot    4: 524288 op, 7830500.00 ns, 14.9355 ns/op
WorkloadPilot    5: 1048576 op, 15433800.00 ns, 14.7188 ns/op
WorkloadPilot    6: 2097152 op, 31105300.00 ns, 14.8322 ns/op
WorkloadPilot    7: 4194304 op, 61475000.00 ns, 14.6568 ns/op
WorkloadPilot    8: 8388608 op, 123162700.00 ns, 14.6821 ns/op
WorkloadPilot    9: 16777216 op, 246124400.00 ns, 14.6702 ns/op
WorkloadPilot   10: 33554432 op, 493008700.00 ns, 14.6928 ns/op
WorkloadPilot   11: 67108864 op, 996047500.00 ns, 14.8423 ns/op

WorkloadWarmup   1: 67108864 op, 990035100.00 ns, 14.7527 ns/op
WorkloadWarmup   2: 67108864 op, 992664900.00 ns, 14.7919 ns/op
WorkloadWarmup   3: 67108864 op, 991429300.00 ns, 14.7734 ns/op
WorkloadWarmup   4: 67108864 op, 990405800.00 ns, 14.7582 ns/op
WorkloadWarmup   5: 67108864 op, 992228400.00 ns, 14.7854 ns/op
WorkloadWarmup   6: 67108864 op, 991801400.00 ns, 14.7790 ns/op
WorkloadWarmup   7: 67108864 op, 991433500.00 ns, 14.7735 ns/op
WorkloadWarmup   8: 67108864 op, 988044900.00 ns, 14.7230 ns/op

// BeforeActualRun
WorkloadActual   1: 67108864 op, 990677600.00 ns, 14.7622 ns/op
WorkloadActual   2: 67108864 op, 989614300.00 ns, 14.7464 ns/op
WorkloadActual   3: 67108864 op, 990260200.00 ns, 14.7560 ns/op
WorkloadActual   4: 67108864 op, 992575300.00 ns, 14.7905 ns/op
WorkloadActual   5: 67108864 op, 987632800.00 ns, 14.7169 ns/op
WorkloadActual   6: 67108864 op, 991803300.00 ns, 14.7790 ns/op
WorkloadActual   7: 67108864 op, 998305300.00 ns, 14.8759 ns/op
WorkloadActual   8: 67108864 op, 993842500.00 ns, 14.8094 ns/op
WorkloadActual   9: 67108864 op, 994056000.00 ns, 14.8126 ns/op
WorkloadActual  10: 67108864 op, 990478000.00 ns, 14.7593 ns/op
WorkloadActual  11: 67108864 op, 1002898200.00 ns, 14.9443 ns/op
WorkloadActual  12: 67108864 op, 989136000.00 ns, 14.7393 ns/op
WorkloadActual  13: 67108864 op, 997430400.00 ns, 14.8629 ns/op
WorkloadActual  14: 67108864 op, 993971000.00 ns, 14.8113 ns/op
WorkloadActual  15: 67108864 op, 995808300.00 ns, 14.8387 ns/op
WorkloadActual  16: 67108864 op, 991704700.00 ns, 14.7776 ns/op
WorkloadActual  17: 67108864 op, 990927900.00 ns, 14.7660 ns/op
WorkloadActual  18: 67108864 op, 991036800.00 ns, 14.7676 ns/op
WorkloadActual  19: 67108864 op, 992648600.00 ns, 14.7916 ns/op
WorkloadActual  20: 67108864 op, 994938100.00 ns, 14.8257 ns/op

// AfterActualRun
WorkloadResult   1: 67108864 op, 990677600.00 ns, 14.7622 ns/op
WorkloadResult   2: 67108864 op, 989614300.00 ns, 14.7464 ns/op
WorkloadResult   3: 67108864 op, 990260200.00 ns, 14.7560 ns/op
WorkloadResult   4: 67108864 op, 992575300.00 ns, 14.7905 ns/op
WorkloadResult   5: 67108864 op, 987632800.00 ns, 14.7169 ns/op
WorkloadResult   6: 67108864 op, 991803300.00 ns, 14.7790 ns/op
WorkloadResult   7: 67108864 op, 998305300.00 ns, 14.8759 ns/op
WorkloadResult   8: 67108864 op, 993842500.00 ns, 14.8094 ns/op
WorkloadResult   9: 67108864 op, 994056000.00 ns, 14.8126 ns/op
WorkloadResult  10: 67108864 op, 990478000.00 ns, 14.7593 ns/op
WorkloadResult  11: 67108864 op, 989136000.00 ns, 14.7393 ns/op
WorkloadResult  12: 67108864 op, 997430400.00 ns, 14.8629 ns/op
WorkloadResult  13: 67108864 op, 993971000.00 ns, 14.8113 ns/op
WorkloadResult  14: 67108864 op, 995808300.00 ns, 14.8387 ns/op
WorkloadResult  15: 67108864 op, 991704700.00 ns, 14.7776 ns/op
WorkloadResult  16: 67108864 op, 990927900.00 ns, 14.7660 ns/op
WorkloadResult  17: 67108864 op, 991036800.00 ns, 14.7676 ns/op
WorkloadResult  18: 67108864 op, 992648600.00 ns, 14.7916 ns/op
WorkloadResult  19: 67108864 op, 994938100.00 ns, 14.8257 ns/op

// AfterAll
// Benchmark Process 17516 has exited with code 0.

Mean = 14.778 ns, StdErr = 0.009 ns (0.06%), N = 56, StdDev = 0.067 ns
Min = 14.656 ns, Q1 = 14.727 ns, Median = 14.767 ns, Q3 = 14.839 ns, Max = 14.898 ns
IQR = 0.113 ns, LowerFence = 14.557 ns, UpperFence = 15.009 ns
ConfidenceInterval = [14.747 ns; 14.809 ns] (CI 99.9%), Margin = 0.031 ns (0.21% of Mean)
Skewness = 0.03, Kurtosis = 1.85, MValue = 2

// ** Remained 40 (88.9%) benchmark(s) to run. Estimated finish 2026-08-31 20:13 (0h 45m from now) **
Setup power plan (GUID: 8c5e7fda-e8bf-4a96-9a85-a6e23a8c635c FriendlyName: High performance)
// **************************
// Benchmark: SideMetadataBenchmarks.ByteUpdate: Job-TZWPHG(IterationCount=20, LaunchCount=3, WarmupCount=8) [LogReferenceCountBits=1]
// *** Execute ***
// Launch: 1 / 3
// Execute: dotnet side-metadata-benchmark-Job-TZWPHG-1.dll --ipcPort 63293 --benchmarkName "P21.SideMetadataBenchmarks.ByteUpdate(LogReferenceCountBits: 1)" --job "IterationCount=20, LaunchCount=3, WarmupCount=8" --diagnoserRunMode 0 --benchmarkId 5 in R:\artifacts\bin\side-metadata-benchmark\Release\net11.0\side-metadata-benchmark-Job-TZWPHG-1\bin\Release\net11.0
// BeforeAnythingElse

// Benchmark Process Environment Information:
// BenchmarkDotNet v0.16.0-preview.1
// Runtime=.NET 11.0.0 (11.0.0-preview.6.26359.118, 11.0.26.36018), X64 RyuJIT x86-64-v4
// GC=Concurrent Workstation
// HardwareIntrinsics=AVX512 BITALG+VBMI2+VNNI+VPOPCNTDQ,AVX512 IFMA+VBMI,AVX512 F+BW+CD+DQ+VL,AVX2+BMI1+BMI2+F16C+FMA+LZCNT+MOVBE,AVX,SSE3+SSSE3+SSE4.1+SSE4.2+POPCNT,X86Base+SSE+SSE2,AES+PCLMUL VectorSize=256
// Job: Job-TZWPHG(IterationCount=20, LaunchCount=3, WarmupCount=8)

WorkloadJitting  1: 4096 op, 170900.00 ns, 41.7236 ns/op
WorkloadJitting  2: 122880 op, 3490700.00 ns, 28.4074 ns/op
WorkloadJitting  3: 122880 op, 3492400.00 ns, 28.4212 ns/op
WorkloadJitting  4: 122880 op, 3239500.00 ns, 26.3631 ns/op
WorkloadJitting  5: 4096 op, 110600.00 ns, 27.0020 ns/op

WorkloadPilot    1: 4096 op, 110300.00 ns, 26.9287 ns/op

WorkloadPilot    1: 65536 op, 1759000.00 ns, 26.8402 ns/op
WorkloadPilot    2: 131072 op, 3484500.00 ns, 26.5846 ns/op
WorkloadPilot    3: 262144 op, 6930700.00 ns, 26.4385 ns/op
WorkloadPilot    4: 524288 op, 13878200.00 ns, 26.4706 ns/op
WorkloadPilot    5: 1048576 op, 27631200.00 ns, 26.3512 ns/op
WorkloadPilot    6: 2097152 op, 54978100.00 ns, 26.2156 ns/op
WorkloadPilot    7: 4194304 op, 110053000.00 ns, 26.2387 ns/op
WorkloadPilot    8: 8388608 op, 221446000.00 ns, 26.3984 ns/op
WorkloadPilot    9: 16777216 op, 441550000.00 ns, 26.3184 ns/op
WorkloadPilot   10: 33554432 op, 884939300.00 ns, 26.3732 ns/op

WorkloadWarmup   1: 33554432 op, 886780600.00 ns, 26.4281 ns/op
WorkloadWarmup   2: 33554432 op, 887304600.00 ns, 26.4437 ns/op
WorkloadWarmup   3: 33554432 op, 882487700.00 ns, 26.3002 ns/op
WorkloadWarmup   4: 33554432 op, 886600300.00 ns, 26.4227 ns/op
WorkloadWarmup   5: 33554432 op, 883141300.00 ns, 26.3197 ns/op
WorkloadWarmup   6: 33554432 op, 889544600.00 ns, 26.5105 ns/op
WorkloadWarmup   7: 33554432 op, 886436700.00 ns, 26.4179 ns/op
WorkloadWarmup   8: 33554432 op, 889289700.00 ns, 26.5029 ns/op

// BeforeActualRun
WorkloadActual   1: 33554432 op, 881276500.00 ns, 26.2641 ns/op
WorkloadActual   2: 33554432 op, 882844900.00 ns, 26.3108 ns/op
WorkloadActual   3: 33554432 op, 883978300.00 ns, 26.3446 ns/op
WorkloadActual   4: 33554432 op, 885756700.00 ns, 26.3976 ns/op
WorkloadActual   5: 33554432 op, 886169600.00 ns, 26.4099 ns/op
WorkloadActual   6: 33554432 op, 888043200.00 ns, 26.4657 ns/op
WorkloadActual   7: 33554432 op, 887619000.00 ns, 26.4531 ns/op
WorkloadActual   8: 33554432 op, 886589700.00 ns, 26.4224 ns/op
WorkloadActual   9: 33554432 op, 893141500.00 ns, 26.6177 ns/op
WorkloadActual  10: 33554432 op, 885623500.00 ns, 26.3936 ns/op
WorkloadActual  11: 33554432 op, 883411900.00 ns, 26.3277 ns/op
WorkloadActual  12: 33554432 op, 889616200.00 ns, 26.5126 ns/op
WorkloadActual  13: 33554432 op, 882736900.00 ns, 26.3076 ns/op
WorkloadActual  14: 33554432 op, 884797400.00 ns, 26.3690 ns/op
WorkloadActual  15: 33554432 op, 883458800.00 ns, 26.3291 ns/op
WorkloadActual  16: 33554432 op, 885515400.00 ns, 26.3904 ns/op
WorkloadActual  17: 33554432 op, 887307300.00 ns, 26.4438 ns/op
WorkloadActual  18: 33554432 op, 889306600.00 ns, 26.5034 ns/op
WorkloadActual  19: 33554432 op, 885746100.00 ns, 26.3973 ns/op
WorkloadActual  20: 33554432 op, 884794300.00 ns, 26.3689 ns/op

// AfterActualRun
WorkloadResult   1: 33554432 op, 881276500.00 ns, 26.2641 ns/op
WorkloadResult   2: 33554432 op, 882844900.00 ns, 26.3108 ns/op
WorkloadResult   3: 33554432 op, 883978300.00 ns, 26.3446 ns/op
WorkloadResult   4: 33554432 op, 885756700.00 ns, 26.3976 ns/op
WorkloadResult   5: 33554432 op, 886169600.00 ns, 26.4099 ns/op
WorkloadResult   6: 33554432 op, 888043200.00 ns, 26.4657 ns/op
WorkloadResult   7: 33554432 op, 887619000.00 ns, 26.4531 ns/op
WorkloadResult   8: 33554432 op, 886589700.00 ns, 26.4224 ns/op
WorkloadResult   9: 33554432 op, 885623500.00 ns, 26.3936 ns/op
WorkloadResult  10: 33554432 op, 883411900.00 ns, 26.3277 ns/op
WorkloadResult  11: 33554432 op, 889616200.00 ns, 26.5126 ns/op
WorkloadResult  12: 33554432 op, 882736900.00 ns, 26.3076 ns/op
WorkloadResult  13: 33554432 op, 884797400.00 ns, 26.3690 ns/op
WorkloadResult  14: 33554432 op, 883458800.00 ns, 26.3291 ns/op
WorkloadResult  15: 33554432 op, 885515400.00 ns, 26.3904 ns/op
WorkloadResult  16: 33554432 op, 887307300.00 ns, 26.4438 ns/op
WorkloadResult  17: 33554432 op, 889306600.00 ns, 26.5034 ns/op
WorkloadResult  18: 33554432 op, 885746100.00 ns, 26.3973 ns/op
WorkloadResult  19: 33554432 op, 884794300.00 ns, 26.3689 ns/op

// AfterAll
// Benchmark Process 37296 has exited with code 0.
// Launch: 2 / 3
// Execute: dotnet side-metadata-benchmark-Job-TZWPHG-1.dll --ipcPort 63324 --benchmarkName "P21.SideMetadataBenchmarks.ByteUpdate(LogReferenceCountBits: 1)" --job "IterationCount=20, LaunchCount=3, WarmupCount=8" --diagnoserRunMode 0 --benchmarkId 5 in R:\artifacts\bin\side-metadata-benchmark\Release\net11.0\side-metadata-benchmark-Job-TZWPHG-1\bin\Release\net11.0
// BeforeAnythingElse

// Benchmark Process Environment Information:
// BenchmarkDotNet v0.16.0-preview.1
// Runtime=.NET 11.0.0 (11.0.0-preview.6.26359.118, 11.0.26.36018), X64 RyuJIT x86-64-v4
// GC=Concurrent Workstation
// HardwareIntrinsics=AVX512 BITALG+VBMI2+VNNI+VPOPCNTDQ,AVX512 IFMA+VBMI,AVX512 F+BW+CD+DQ+VL,AVX2+BMI1+BMI2+F16C+FMA+LZCNT+MOVBE,AVX,SSE3+SSSE3+SSE4.1+SSE4.2+POPCNT,X86Base+SSE+SSE2,AES+PCLMUL VectorSize=256
// Job: Job-TZWPHG(IterationCount=20, LaunchCount=3, WarmupCount=8)

WorkloadJitting  1: 4096 op, 165900.00 ns, 40.5029 ns/op
WorkloadJitting  2: 122880 op, 3333300.00 ns, 27.1265 ns/op
WorkloadJitting  3: 122880 op, 3317300.00 ns, 26.9963 ns/op
WorkloadJitting  4: 122880 op, 4024700.00 ns, 32.7531 ns/op
WorkloadJitting  5: 4096 op, 117400.00 ns, 28.6621 ns/op

WorkloadPilot    1: 4096 op, 116700.00 ns, 28.4912 ns/op

WorkloadPilot    1: 65536 op, 1880200.00 ns, 28.6896 ns/op
WorkloadPilot    2: 131072 op, 3800600.00 ns, 28.9963 ns/op
WorkloadPilot    3: 262144 op, 7441300.00 ns, 28.3863 ns/op
WorkloadPilot    4: 524288 op, 14913000.00 ns, 28.4443 ns/op
WorkloadPilot    5: 1048576 op, 29805000.00 ns, 28.4243 ns/op
WorkloadPilot    6: 2097152 op, 60922100.00 ns, 29.0499 ns/op
WorkloadPilot    7: 4194304 op, 120782200.00 ns, 28.7967 ns/op
WorkloadPilot    8: 8388608 op, 238771000.00 ns, 28.4637 ns/op
WorkloadPilot    9: 16777216 op, 481919000.00 ns, 28.7246 ns/op
WorkloadPilot   10: 33554432 op, 956828800.00 ns, 28.5157 ns/op

WorkloadWarmup   1: 33554432 op, 959024900.00 ns, 28.5812 ns/op
WorkloadWarmup   2: 33554432 op, 960765100.00 ns, 28.6330 ns/op
WorkloadWarmup   3: 33554432 op, 958484200.00 ns, 28.5651 ns/op
WorkloadWarmup   4: 33554432 op, 958715000.00 ns, 28.5719 ns/op
WorkloadWarmup   5: 33554432 op, 957527600.00 ns, 28.5365 ns/op
WorkloadWarmup   6: 33554432 op, 963730300.00 ns, 28.7214 ns/op
WorkloadWarmup   7: 33554432 op, 957656400.00 ns, 28.5404 ns/op
WorkloadWarmup   8: 33554432 op, 959360200.00 ns, 28.5912 ns/op

// BeforeActualRun
WorkloadActual   1: 33554432 op, 959458800.00 ns, 28.5941 ns/op
WorkloadActual   2: 33554432 op, 959168600.00 ns, 28.5855 ns/op
WorkloadActual   3: 33554432 op, 959562200.00 ns, 28.5972 ns/op
WorkloadActual   4: 33554432 op, 960714700.00 ns, 28.6315 ns/op
WorkloadActual   5: 33554432 op, 964918900.00 ns, 28.7568 ns/op
WorkloadActual   6: 33554432 op, 961736300.00 ns, 28.6620 ns/op
WorkloadActual   7: 33554432 op, 963177400.00 ns, 28.7049 ns/op
WorkloadActual   8: 33554432 op, 959316300.00 ns, 28.5899 ns/op
WorkloadActual   9: 33554432 op, 956597600.00 ns, 28.5088 ns/op
WorkloadActual  10: 33554432 op, 957959100.00 ns, 28.5494 ns/op
WorkloadActual  11: 33554432 op, 959843200.00 ns, 28.6056 ns/op
WorkloadActual  12: 33554432 op, 962088700.00 ns, 28.6725 ns/op
WorkloadActual  13: 33554432 op, 960442900.00 ns, 28.6234 ns/op
WorkloadActual  14: 33554432 op, 959436400.00 ns, 28.5934 ns/op
WorkloadActual  15: 33554432 op, 959695200.00 ns, 28.6011 ns/op
WorkloadActual  16: 33554432 op, 961390700.00 ns, 28.6517 ns/op
WorkloadActual  17: 33554432 op, 957712300.00 ns, 28.5421 ns/op
WorkloadActual  18: 33554432 op, 959640700.00 ns, 28.5995 ns/op
WorkloadActual  19: 33554432 op, 959575000.00 ns, 28.5976 ns/op
WorkloadActual  20: 33554432 op, 958479200.00 ns, 28.5649 ns/op

// AfterActualRun
WorkloadResult   1: 33554432 op, 959458800.00 ns, 28.5941 ns/op
WorkloadResult   2: 33554432 op, 959168600.00 ns, 28.5855 ns/op
WorkloadResult   3: 33554432 op, 959562200.00 ns, 28.5972 ns/op
WorkloadResult   4: 33554432 op, 960714700.00 ns, 28.6315 ns/op
WorkloadResult   5: 33554432 op, 961736300.00 ns, 28.6620 ns/op
WorkloadResult   6: 33554432 op, 963177400.00 ns, 28.7049 ns/op
WorkloadResult   7: 33554432 op, 959316300.00 ns, 28.5899 ns/op
WorkloadResult   8: 33554432 op, 956597600.00 ns, 28.5088 ns/op
WorkloadResult   9: 33554432 op, 957959100.00 ns, 28.5494 ns/op
WorkloadResult  10: 33554432 op, 959843200.00 ns, 28.6056 ns/op
WorkloadResult  11: 33554432 op, 962088700.00 ns, 28.6725 ns/op
WorkloadResult  12: 33554432 op, 960442900.00 ns, 28.6234 ns/op
WorkloadResult  13: 33554432 op, 959436400.00 ns, 28.5934 ns/op
WorkloadResult  14: 33554432 op, 959695200.00 ns, 28.6011 ns/op
WorkloadResult  15: 33554432 op, 961390700.00 ns, 28.6517 ns/op
WorkloadResult  16: 33554432 op, 957712300.00 ns, 28.5421 ns/op
WorkloadResult  17: 33554432 op, 959640700.00 ns, 28.5995 ns/op
WorkloadResult  18: 33554432 op, 959575000.00 ns, 28.5976 ns/op
WorkloadResult  19: 33554432 op, 958479200.00 ns, 28.5649 ns/op

// AfterAll
// Benchmark Process 13492 has exited with code 0.
// Launch: 3 / 3
// Execute: dotnet side-metadata-benchmark-Job-TZWPHG-1.dll --ipcPort 63356 --benchmarkName "P21.SideMetadataBenchmarks.ByteUpdate(LogReferenceCountBits: 1)" --job "IterationCount=20, LaunchCount=3, WarmupCount=8" --diagnoserRunMode 0 --benchmarkId 5 in R:\artifacts\bin\side-metadata-benchmark\Release\net11.0\side-metadata-benchmark-Job-TZWPHG-1\bin\Release\net11.0
// BeforeAnythingElse

// Benchmark Process Environment Information:
// BenchmarkDotNet v0.16.0-preview.1
// Runtime=.NET 11.0.0 (11.0.0-preview.6.26359.118, 11.0.26.36018), X64 RyuJIT x86-64-v4
// GC=Concurrent Workstation
// HardwareIntrinsics=AVX512 BITALG+VBMI2+VNNI+VPOPCNTDQ,AVX512 IFMA+VBMI,AVX512 F+BW+CD+DQ+VL,AVX2+BMI1+BMI2+F16C+FMA+LZCNT+MOVBE,AVX,SSE3+SSSE3+SSE4.1+SSE4.2+POPCNT,X86Base+SSE+SSE2,AES+PCLMUL VectorSize=256
// Job: Job-TZWPHG(IterationCount=20, LaunchCount=3, WarmupCount=8)

WorkloadJitting  1: 4096 op, 170600.00 ns, 41.6504 ns/op
WorkloadJitting  2: 122880 op, 3514200.00 ns, 28.5986 ns/op
WorkloadJitting  3: 122880 op, 4132700.00 ns, 33.6320 ns/op
WorkloadJitting  4: 122880 op, 3270200.00 ns, 26.6130 ns/op
WorkloadJitting  5: 4096 op, 135400.00 ns, 33.0566 ns/op

WorkloadPilot    1: 4096 op, 115600.00 ns, 28.2227 ns/op

WorkloadPilot    1: 65536 op, 1730900.00 ns, 26.4114 ns/op
WorkloadPilot    2: 131072 op, 3444500.00 ns, 26.2794 ns/op
WorkloadPilot    3: 262144 op, 6895100.00 ns, 26.3027 ns/op
WorkloadPilot    4: 524288 op, 13747500.00 ns, 26.2213 ns/op
WorkloadPilot    5: 1048576 op, 27595700.00 ns, 26.3173 ns/op
WorkloadPilot    6: 2097152 op, 55159400.00 ns, 26.3021 ns/op
WorkloadPilot    7: 4194304 op, 111635900.00 ns, 26.6161 ns/op
WorkloadPilot    8: 8388608 op, 221035800.00 ns, 26.3495 ns/op
WorkloadPilot    9: 16777216 op, 441328900.00 ns, 26.3053 ns/op
WorkloadPilot   10: 33554432 op, 887303000.00 ns, 26.4437 ns/op

WorkloadWarmup   1: 33554432 op, 895582500.00 ns, 26.6904 ns/op
WorkloadWarmup   2: 33554432 op, 881181700.00 ns, 26.2613 ns/op
WorkloadWarmup   3: 33554432 op, 884973700.00 ns, 26.3743 ns/op
WorkloadWarmup   4: 33554432 op, 887438000.00 ns, 26.4477 ns/op
WorkloadWarmup   5: 33554432 op, 886024700.00 ns, 26.4056 ns/op
WorkloadWarmup   6: 33554432 op, 884485200.00 ns, 26.3597 ns/op
WorkloadWarmup   7: 33554432 op, 881296700.00 ns, 26.2647 ns/op
WorkloadWarmup   8: 33554432 op, 884924900.00 ns, 26.3728 ns/op

// BeforeActualRun
WorkloadActual   1: 33554432 op, 883470000.00 ns, 26.3295 ns/op
WorkloadActual   2: 33554432 op, 884055400.00 ns, 26.3469 ns/op
WorkloadActual   3: 33554432 op, 883606900.00 ns, 26.3335 ns/op
WorkloadActual   4: 33554432 op, 883882900.00 ns, 26.3418 ns/op
WorkloadActual   5: 33554432 op, 884040900.00 ns, 26.3465 ns/op
WorkloadActual   6: 33554432 op, 883911500.00 ns, 26.3426 ns/op
WorkloadActual   7: 33554432 op, 884509100.00 ns, 26.3604 ns/op
WorkloadActual   8: 33554432 op, 883524600.00 ns, 26.3311 ns/op
WorkloadActual   9: 33554432 op, 885987400.00 ns, 26.4045 ns/op
WorkloadActual  10: 33554432 op, 882959700.00 ns, 26.3142 ns/op
WorkloadActual  11: 33554432 op, 882270300.00 ns, 26.2937 ns/op
WorkloadActual  12: 33554432 op, 883960500.00 ns, 26.3441 ns/op
WorkloadActual  13: 33554432 op, 890187200.00 ns, 26.5296 ns/op
WorkloadActual  14: 33554432 op, 887695200.00 ns, 26.4554 ns/op
WorkloadActual  15: 33554432 op, 892973900.00 ns, 26.6127 ns/op
WorkloadActual  16: 33554432 op, 883355300.00 ns, 26.3260 ns/op
WorkloadActual  17: 33554432 op, 885988200.00 ns, 26.4045 ns/op
WorkloadActual  18: 33554432 op, 883761300.00 ns, 26.3381 ns/op
WorkloadActual  19: 33554432 op, 883389300.00 ns, 26.3271 ns/op
WorkloadActual  20: 33554432 op, 886243200.00 ns, 26.4121 ns/op

// AfterActualRun
WorkloadResult   1: 33554432 op, 883470000.00 ns, 26.3295 ns/op
WorkloadResult   2: 33554432 op, 884055400.00 ns, 26.3469 ns/op
WorkloadResult   3: 33554432 op, 883606900.00 ns, 26.3335 ns/op
WorkloadResult   4: 33554432 op, 883882900.00 ns, 26.3418 ns/op
WorkloadResult   5: 33554432 op, 884040900.00 ns, 26.3465 ns/op
WorkloadResult   6: 33554432 op, 883911500.00 ns, 26.3426 ns/op
WorkloadResult   7: 33554432 op, 884509100.00 ns, 26.3604 ns/op
WorkloadResult   8: 33554432 op, 883524600.00 ns, 26.3311 ns/op
WorkloadResult   9: 33554432 op, 885987400.00 ns, 26.4045 ns/op
WorkloadResult  10: 33554432 op, 882959700.00 ns, 26.3142 ns/op
WorkloadResult  11: 33554432 op, 882270300.00 ns, 26.2937 ns/op
WorkloadResult  12: 33554432 op, 883960500.00 ns, 26.3441 ns/op
WorkloadResult  13: 33554432 op, 887695200.00 ns, 26.4554 ns/op
WorkloadResult  14: 33554432 op, 883355300.00 ns, 26.3260 ns/op
WorkloadResult  15: 33554432 op, 885988200.00 ns, 26.4045 ns/op
WorkloadResult  16: 33554432 op, 883761300.00 ns, 26.3381 ns/op
WorkloadResult  17: 33554432 op, 883389300.00 ns, 26.3271 ns/op
WorkloadResult  18: 33554432 op, 886243200.00 ns, 26.4121 ns/op

// AfterAll
// Benchmark Process 19056 has exited with code 0.

Mean = 27.129 ns, StdErr = 0.143 ns (0.53%), N = 56, StdDev = 1.068 ns
Min = 26.264 ns, Q1 = 26.342 ns, Median = 26.407 ns, Q3 = 28.587 ns, Max = 28.705 ns
IQR = 2.244 ns, LowerFence = 22.976 ns, UpperFence = 31.953 ns
ConfidenceInterval = [26.633 ns; 27.625 ns] (CI 99.9%), Margin = 0.496 ns (1.83% of Mean)
Skewness = 0.66, Kurtosis = 1.41, MValue = 3.03

// ** Remained 39 (86.7%) benchmark(s) to run. Estimated finish 2026-08-31 20:15 (0h 46m from now) **
Setup power plan (GUID: 8c5e7fda-e8bf-4a96-9a85-a6e23a8c635c FriendlyName: High performance)
// **************************
// Benchmark: SideMetadataBenchmarks.BulkRead64KiB: Job-TZWPHG(IterationCount=20, LaunchCount=3, WarmupCount=8) [LogReferenceCountBits=1]
// *** Execute ***
// Launch: 1 / 3
// Execute: dotnet side-metadata-benchmark-Job-TZWPHG-1.dll --ipcPort 63385 --benchmarkName "P21.SideMetadataBenchmarks.BulkRead64KiB(LogReferenceCountBits: 1)" --job "IterationCount=20, LaunchCount=3, WarmupCount=8" --diagnoserRunMode 0 --benchmarkId 6 in R:\artifacts\bin\side-metadata-benchmark\Release\net11.0\side-metadata-benchmark-Job-TZWPHG-1\bin\Release\net11.0
// BeforeAnythingElse

// Benchmark Process Environment Information:
// BenchmarkDotNet v0.16.0-preview.1
// Runtime=.NET 11.0.0 (11.0.0-preview.6.26359.118, 11.0.26.36018), X64 RyuJIT x86-64-v4
// GC=Concurrent Workstation
// HardwareIntrinsics=AVX512 BITALG+VBMI2+VNNI+VPOPCNTDQ,AVX512 IFMA+VBMI,AVX512 F+BW+CD+DQ+VL,AVX2+BMI1+BMI2+F16C+FMA+LZCNT+MOVBE,AVX,SSE3+SSSE3+SSE4.1+SSE4.2+POPCNT,X86Base+SSE+SSE2,AES+PCLMUL VectorSize=256
// Job: Job-TZWPHG(IterationCount=20, LaunchCount=3, WarmupCount=8)

WorkloadJitting  1: 8 op, 68000.00 ns, 8.5000 us/op
WorkloadJitting  2: 240 op, 449500.00 ns, 1.8729 us/op
WorkloadJitting  3: 240 op, 510500.00 ns, 2.1271 us/op
WorkloadJitting  4: 240 op, 442300.00 ns, 1.8429 us/op
WorkloadJitting  5: 8 op, 17000.00 ns, 2.1250 us/op

WorkloadPilot    1: 8 op, 16300.00 ns, 2.0375 us/op

WorkloadPilot    1: 128 op, 234700.00 ns, 1.8336 us/op
WorkloadPilot    2: 256 op, 487200.00 ns, 1.9031 us/op
WorkloadPilot    3: 512 op, 950000.00 ns, 1.8555 us/op
WorkloadPilot    4: 1024 op, 1926600.00 ns, 1.8814 us/op
WorkloadPilot    5: 2048 op, 3804500.00 ns, 1.8577 us/op
WorkloadPilot    6: 4096 op, 7587300.00 ns, 1.8524 us/op
WorkloadPilot    7: 8192 op, 15110500.00 ns, 1.8445 us/op
WorkloadPilot    8: 16384 op, 31367700.00 ns, 1.9145 us/op
WorkloadPilot    9: 32768 op, 60542200.00 ns, 1.8476 us/op
WorkloadPilot   10: 65536 op, 122143300.00 ns, 1.8638 us/op
WorkloadPilot   11: 131072 op, 243643400.00 ns, 1.8589 us/op
WorkloadPilot   12: 262144 op, 488270500.00 ns, 1.8626 us/op
WorkloadPilot   13: 524288 op, 973021800.00 ns, 1.8559 us/op

WorkloadWarmup   1: 524288 op, 971017500.00 ns, 1.8521 us/op
WorkloadWarmup   2: 524288 op, 972193900.00 ns, 1.8543 us/op
WorkloadWarmup   3: 524288 op, 973386400.00 ns, 1.8566 us/op
WorkloadWarmup   4: 524288 op, 971532100.00 ns, 1.8531 us/op
WorkloadWarmup   5: 524288 op, 971691200.00 ns, 1.8534 us/op
WorkloadWarmup   6: 524288 op, 973149900.00 ns, 1.8561 us/op
WorkloadWarmup   7: 524288 op, 973120000.00 ns, 1.8561 us/op
WorkloadWarmup   8: 524288 op, 974919200.00 ns, 1.8595 us/op

// BeforeActualRun
WorkloadActual   1: 524288 op, 972517300.00 ns, 1.8549 us/op
WorkloadActual   2: 524288 op, 971684700.00 ns, 1.8533 us/op
WorkloadActual   3: 524288 op, 972249800.00 ns, 1.8544 us/op
WorkloadActual   4: 524288 op, 971473400.00 ns, 1.8529 us/op
WorkloadActual   5: 524288 op, 972601600.00 ns, 1.8551 us/op
WorkloadActual   6: 524288 op, 970589800.00 ns, 1.8513 us/op
WorkloadActual   7: 524288 op, 971000800.00 ns, 1.8520 us/op
WorkloadActual   8: 524288 op, 972769200.00 ns, 1.8554 us/op
WorkloadActual   9: 524288 op, 972051000.00 ns, 1.8540 us/op
WorkloadActual  10: 524288 op, 976313500.00 ns, 1.8622 us/op
WorkloadActual  11: 524288 op, 971020000.00 ns, 1.8521 us/op
WorkloadActual  12: 524288 op, 972709300.00 ns, 1.8553 us/op
WorkloadActual  13: 524288 op, 971256200.00 ns, 1.8525 us/op
WorkloadActual  14: 524288 op, 973234300.00 ns, 1.8563 us/op
WorkloadActual  15: 524288 op, 970659800.00 ns, 1.8514 us/op
WorkloadActual  16: 524288 op, 973189000.00 ns, 1.8562 us/op
WorkloadActual  17: 524288 op, 974451900.00 ns, 1.8586 us/op
WorkloadActual  18: 524288 op, 974582300.00 ns, 1.8589 us/op
WorkloadActual  19: 524288 op, 969457100.00 ns, 1.8491 us/op
WorkloadActual  20: 524288 op, 974368200.00 ns, 1.8585 us/op

// AfterActualRun
WorkloadResult   1: 524288 op, 972517300.00 ns, 1.8549 us/op
WorkloadResult   2: 524288 op, 971684700.00 ns, 1.8533 us/op
WorkloadResult   3: 524288 op, 972249800.00 ns, 1.8544 us/op
WorkloadResult   4: 524288 op, 971473400.00 ns, 1.8529 us/op
WorkloadResult   5: 524288 op, 972601600.00 ns, 1.8551 us/op
WorkloadResult   6: 524288 op, 970589800.00 ns, 1.8513 us/op
WorkloadResult   7: 524288 op, 971000800.00 ns, 1.8520 us/op
WorkloadResult   8: 524288 op, 972769200.00 ns, 1.8554 us/op
WorkloadResult   9: 524288 op, 972051000.00 ns, 1.8540 us/op
WorkloadResult  10: 524288 op, 971020000.00 ns, 1.8521 us/op
WorkloadResult  11: 524288 op, 972709300.00 ns, 1.8553 us/op
WorkloadResult  12: 524288 op, 971256200.00 ns, 1.8525 us/op
WorkloadResult  13: 524288 op, 973234300.00 ns, 1.8563 us/op
WorkloadResult  14: 524288 op, 970659800.00 ns, 1.8514 us/op
WorkloadResult  15: 524288 op, 973189000.00 ns, 1.8562 us/op
WorkloadResult  16: 524288 op, 974451900.00 ns, 1.8586 us/op
WorkloadResult  17: 524288 op, 974582300.00 ns, 1.8589 us/op
WorkloadResult  18: 524288 op, 969457100.00 ns, 1.8491 us/op
WorkloadResult  19: 524288 op, 974368200.00 ns, 1.8585 us/op

// AfterAll
// Benchmark Process 4008 has exited with code 0.
// Launch: 2 / 3
// Execute: dotnet side-metadata-benchmark-Job-TZWPHG-1.dll --ipcPort 63420 --benchmarkName "P21.SideMetadataBenchmarks.BulkRead64KiB(LogReferenceCountBits: 1)" --job "IterationCount=20, LaunchCount=3, WarmupCount=8" --diagnoserRunMode 0 --benchmarkId 6 in R:\artifacts\bin\side-metadata-benchmark\Release\net11.0\side-metadata-benchmark-Job-TZWPHG-1\bin\Release\net11.0
// BeforeAnythingElse

// Benchmark Process Environment Information:
// BenchmarkDotNet v0.16.0-preview.1
// Runtime=.NET 11.0.0 (11.0.0-preview.6.26359.118, 11.0.26.36018), X64 RyuJIT x86-64-v4
// GC=Concurrent Workstation
// HardwareIntrinsics=AVX512 BITALG+VBMI2+VNNI+VPOPCNTDQ,AVX512 IFMA+VBMI,AVX512 F+BW+CD+DQ+VL,AVX2+BMI1+BMI2+F16C+FMA+LZCNT+MOVBE,AVX,SSE3+SSSE3+SSE4.1+SSE4.2+POPCNT,X86Base+SSE+SSE2,AES+PCLMUL VectorSize=256
// Job: Job-TZWPHG(IterationCount=20, LaunchCount=3, WarmupCount=8)

WorkloadJitting  1: 8 op, 67900.00 ns, 8.4875 us/op
WorkloadJitting  2: 240 op, 385900.00 ns, 1.6079 us/op
WorkloadJitting  3: 240 op, 467000.00 ns, 1.9458 us/op
WorkloadJitting  4: 240 op, 552300.00 ns, 2.3013 us/op
WorkloadJitting  5: 8 op, 17500.00 ns, 2.1875 us/op

WorkloadPilot    1: 8 op, 17100.00 ns, 2.1375 us/op

WorkloadPilot    1: 128 op, 235100.00 ns, 1.8367 us/op
WorkloadPilot    2: 256 op, 494900.00 ns, 1.9332 us/op
WorkloadPilot    3: 512 op, 959600.00 ns, 1.8742 us/op
WorkloadPilot    4: 1024 op, 1910700.00 ns, 1.8659 us/op
WorkloadPilot    5: 2048 op, 3804400.00 ns, 1.8576 us/op
WorkloadPilot    6: 4096 op, 7596600.00 ns, 1.8546 us/op
WorkloadPilot    7: 8192 op, 15151400.00 ns, 1.8495 us/op
WorkloadPilot    8: 16384 op, 30669200.00 ns, 1.8719 us/op
WorkloadPilot    9: 32768 op, 60508800.00 ns, 1.8466 us/op
WorkloadPilot   10: 65536 op, 121006200.00 ns, 1.8464 us/op
WorkloadPilot   11: 131072 op, 243615700.00 ns, 1.8586 us/op
WorkloadPilot   12: 262144 op, 487026300.00 ns, 1.8579 us/op
WorkloadPilot   13: 524288 op, 972088800.00 ns, 1.8541 us/op

WorkloadWarmup   1: 524288 op, 970392600.00 ns, 1.8509 us/op
WorkloadWarmup   2: 524288 op, 969171700.00 ns, 1.8485 us/op
WorkloadWarmup   3: 524288 op, 971045400.00 ns, 1.8521 us/op
WorkloadWarmup   4: 524288 op, 972318500.00 ns, 1.8546 us/op
WorkloadWarmup   5: 524288 op, 975031700.00 ns, 1.8597 us/op
WorkloadWarmup   6: 524288 op, 972891700.00 ns, 1.8556 us/op
WorkloadWarmup   7: 524288 op, 972576400.00 ns, 1.8550 us/op
WorkloadWarmup   8: 524288 op, 973595600.00 ns, 1.8570 us/op

// BeforeActualRun
WorkloadActual   1: 524288 op, 975732700.00 ns, 1.8611 us/op
WorkloadActual   2: 524288 op, 971501900.00 ns, 1.8530 us/op
WorkloadActual   3: 524288 op, 973883400.00 ns, 1.8575 us/op
WorkloadActual   4: 524288 op, 972148000.00 ns, 1.8542 us/op
WorkloadActual   5: 524288 op, 976995600.00 ns, 1.8635 us/op
WorkloadActual   6: 524288 op, 971406500.00 ns, 1.8528 us/op
WorkloadActual   7: 524288 op, 973633600.00 ns, 1.8571 us/op
WorkloadActual   8: 524288 op, 974451200.00 ns, 1.8586 us/op
WorkloadActual   9: 524288 op, 971451300.00 ns, 1.8529 us/op
WorkloadActual  10: 524288 op, 971394100.00 ns, 1.8528 us/op
WorkloadActual  11: 524288 op, 973840200.00 ns, 1.8575 us/op
WorkloadActual  12: 524288 op, 970007500.00 ns, 1.8501 us/op
WorkloadActual  13: 524288 op, 974289600.00 ns, 1.8583 us/op
WorkloadActual  14: 524288 op, 977224400.00 ns, 1.8639 us/op
WorkloadActual  15: 524288 op, 972528800.00 ns, 1.8550 us/op
WorkloadActual  16: 524288 op, 973515500.00 ns, 1.8568 us/op
WorkloadActual  17: 524288 op, 974769500.00 ns, 1.8592 us/op
WorkloadActual  18: 524288 op, 973035500.00 ns, 1.8559 us/op
WorkloadActual  19: 524288 op, 973825300.00 ns, 1.8574 us/op
WorkloadActual  20: 524288 op, 970134300.00 ns, 1.8504 us/op

// AfterActualRun
WorkloadResult   1: 524288 op, 975732700.00 ns, 1.8611 us/op
WorkloadResult   2: 524288 op, 971501900.00 ns, 1.8530 us/op
WorkloadResult   3: 524288 op, 973883400.00 ns, 1.8575 us/op
WorkloadResult   4: 524288 op, 972148000.00 ns, 1.8542 us/op
WorkloadResult   5: 524288 op, 976995600.00 ns, 1.8635 us/op
WorkloadResult   6: 524288 op, 971406500.00 ns, 1.8528 us/op
WorkloadResult   7: 524288 op, 973633600.00 ns, 1.8571 us/op
WorkloadResult   8: 524288 op, 974451200.00 ns, 1.8586 us/op
WorkloadResult   9: 524288 op, 971451300.00 ns, 1.8529 us/op
WorkloadResult  10: 524288 op, 971394100.00 ns, 1.8528 us/op
WorkloadResult  11: 524288 op, 973840200.00 ns, 1.8575 us/op
WorkloadResult  12: 524288 op, 970007500.00 ns, 1.8501 us/op
WorkloadResult  13: 524288 op, 974289600.00 ns, 1.8583 us/op
WorkloadResult  14: 524288 op, 977224400.00 ns, 1.8639 us/op
WorkloadResult  15: 524288 op, 972528800.00 ns, 1.8550 us/op
WorkloadResult  16: 524288 op, 973515500.00 ns, 1.8568 us/op
WorkloadResult  17: 524288 op, 974769500.00 ns, 1.8592 us/op
WorkloadResult  18: 524288 op, 973035500.00 ns, 1.8559 us/op
WorkloadResult  19: 524288 op, 973825300.00 ns, 1.8574 us/op
WorkloadResult  20: 524288 op, 970134300.00 ns, 1.8504 us/op

// AfterAll
// Benchmark Process 33420 has exited with code 0.
// Launch: 3 / 3
// Execute: dotnet side-metadata-benchmark-Job-TZWPHG-1.dll --ipcPort 63552 --benchmarkName "P21.SideMetadataBenchmarks.BulkRead64KiB(LogReferenceCountBits: 1)" --job "IterationCount=20, LaunchCount=3, WarmupCount=8" --diagnoserRunMode 0 --benchmarkId 6 in R:\artifacts\bin\side-metadata-benchmark\Release\net11.0\side-metadata-benchmark-Job-TZWPHG-1\bin\Release\net11.0
// BeforeAnythingElse

// Benchmark Process Environment Information:
// BenchmarkDotNet v0.16.0-preview.1
// Runtime=.NET 11.0.0 (11.0.0-preview.6.26359.118, 11.0.26.36018), X64 RyuJIT x86-64-v4
// GC=Concurrent Workstation
// HardwareIntrinsics=AVX512 BITALG+VBMI2+VNNI+VPOPCNTDQ,AVX512 IFMA+VBMI,AVX512 F+BW+CD+DQ+VL,AVX2+BMI1+BMI2+F16C+FMA+LZCNT+MOVBE,AVX,SSE3+SSSE3+SSE4.1+SSE4.2+POPCNT,X86Base+SSE+SSE2,AES+PCLMUL VectorSize=256
// Job: Job-TZWPHG(IterationCount=20, LaunchCount=3, WarmupCount=8)

WorkloadJitting  1: 8 op, 93800.00 ns, 11.7250 us/op
WorkloadJitting  2: 240 op, 399500.00 ns, 1.6646 us/op
WorkloadJitting  3: 240 op, 391000.00 ns, 1.6292 us/op
WorkloadJitting  4: 240 op, 459100.00 ns, 1.9129 us/op
WorkloadJitting  5: 8 op, 17300.00 ns, 2.1625 us/op

WorkloadPilot    1: 8 op, 15900.00 ns, 1.9875 us/op

WorkloadPilot    1: 128 op, 236000.00 ns, 1.8438 us/op
WorkloadPilot    2: 256 op, 478900.00 ns, 1.8707 us/op
WorkloadPilot    3: 512 op, 1169300.00 ns, 2.2838 us/op
WorkloadPilot    4: 1024 op, 1975000.00 ns, 1.9287 us/op
WorkloadPilot    5: 2048 op, 3810200.00 ns, 1.8604 us/op
WorkloadPilot    6: 4096 op, 7573600.00 ns, 1.8490 us/op
WorkloadPilot    7: 8192 op, 15122200.00 ns, 1.8460 us/op
WorkloadPilot    8: 16384 op, 30280300.00 ns, 1.8482 us/op
WorkloadPilot    9: 32768 op, 61366900.00 ns, 1.8728 us/op
WorkloadPilot   10: 65536 op, 121331500.00 ns, 1.8514 us/op
WorkloadPilot   11: 131072 op, 243709900.00 ns, 1.8594 us/op
WorkloadPilot   12: 262144 op, 487656000.00 ns, 1.8603 us/op
WorkloadPilot   13: 524288 op, 972834900.00 ns, 1.8555 us/op

WorkloadWarmup   1: 524288 op, 972224700.00 ns, 1.8544 us/op
WorkloadWarmup   2: 524288 op, 972357800.00 ns, 1.8546 us/op
WorkloadWarmup   3: 524288 op, 972995000.00 ns, 1.8558 us/op
WorkloadWarmup   4: 524288 op, 972013700.00 ns, 1.8540 us/op
WorkloadWarmup   5: 524288 op, 973768800.00 ns, 1.8573 us/op
WorkloadWarmup   6: 524288 op, 971636600.00 ns, 1.8532 us/op
WorkloadWarmup   7: 524288 op, 969168100.00 ns, 1.8485 us/op
WorkloadWarmup   8: 524288 op, 971531900.00 ns, 1.8531 us/op

// BeforeActualRun
WorkloadActual   1: 524288 op, 972425100.00 ns, 1.8548 us/op
WorkloadActual   2: 524288 op, 973145000.00 ns, 1.8561 us/op
WorkloadActual   3: 524288 op, 973157000.00 ns, 1.8561 us/op
WorkloadActual   4: 524288 op, 972153900.00 ns, 1.8542 us/op
WorkloadActual   5: 524288 op, 973168600.00 ns, 1.8562 us/op
WorkloadActual   6: 524288 op, 972200700.00 ns, 1.8543 us/op
WorkloadActual   7: 524288 op, 972453800.00 ns, 1.8548 us/op
WorkloadActual   8: 524288 op, 973788300.00 ns, 1.8574 us/op
WorkloadActual   9: 524288 op, 972099100.00 ns, 1.8541 us/op
WorkloadActual  10: 524288 op, 972398400.00 ns, 1.8547 us/op
WorkloadActual  11: 524288 op, 972280200.00 ns, 1.8545 us/op
WorkloadActual  12: 524288 op, 974284000.00 ns, 1.8583 us/op
WorkloadActual  13: 524288 op, 973478100.00 ns, 1.8568 us/op
WorkloadActual  14: 524288 op, 976231100.00 ns, 1.8620 us/op
WorkloadActual  15: 524288 op, 973735400.00 ns, 1.8573 us/op
WorkloadActual  16: 524288 op, 976081100.00 ns, 1.8617 us/op
WorkloadActual  17: 524288 op, 972573000.00 ns, 1.8550 us/op
WorkloadActual  18: 524288 op, 974101300.00 ns, 1.8580 us/op
WorkloadActual  19: 524288 op, 970622200.00 ns, 1.8513 us/op
WorkloadActual  20: 524288 op, 970296000.00 ns, 1.8507 us/op

// AfterActualRun
WorkloadResult   1: 524288 op, 972425100.00 ns, 1.8548 us/op
WorkloadResult   2: 524288 op, 973145000.00 ns, 1.8561 us/op
WorkloadResult   3: 524288 op, 973157000.00 ns, 1.8561 us/op
WorkloadResult   4: 524288 op, 972153900.00 ns, 1.8542 us/op
WorkloadResult   5: 524288 op, 973168600.00 ns, 1.8562 us/op
WorkloadResult   6: 524288 op, 972200700.00 ns, 1.8543 us/op
WorkloadResult   7: 524288 op, 972453800.00 ns, 1.8548 us/op
WorkloadResult   8: 524288 op, 973788300.00 ns, 1.8574 us/op
WorkloadResult   9: 524288 op, 972099100.00 ns, 1.8541 us/op
WorkloadResult  10: 524288 op, 972398400.00 ns, 1.8547 us/op
WorkloadResult  11: 524288 op, 972280200.00 ns, 1.8545 us/op
WorkloadResult  12: 524288 op, 974284000.00 ns, 1.8583 us/op
WorkloadResult  13: 524288 op, 973478100.00 ns, 1.8568 us/op
WorkloadResult  14: 524288 op, 973735400.00 ns, 1.8573 us/op
WorkloadResult  15: 524288 op, 972573000.00 ns, 1.8550 us/op
WorkloadResult  16: 524288 op, 974101300.00 ns, 1.8580 us/op
WorkloadResult  17: 524288 op, 970622200.00 ns, 1.8513 us/op
WorkloadResult  18: 524288 op, 970296000.00 ns, 1.8507 us/op

// AfterAll
// Benchmark Process 5264 has exited with code 0.

Mean = 1.855 us, StdErr = 0.000 us (0.02%), N = 57, StdDev = 0.003 us
Min = 1.849 us, Q1 = 1.853 us, Median = 1.855 us, Q3 = 1.857 us, Max = 1.864 us
IQR = 0.004 us, LowerFence = 1.846 us, UpperFence = 1.864 us
ConfidenceInterval = [1.854 us; 1.857 us] (CI 99.9%), Margin = 0.001 us (0.08% of Mean)
Skewness = 0.42, Kurtosis = 3.32, MValue = 2

// ** Remained 38 (84.4%) benchmark(s) to run. Estimated finish 2026-08-31 20:17 (0h 47m from now) **
Setup power plan (GUID: 8c5e7fda-e8bf-4a96-9a85-a6e23a8c635c FriendlyName: High performance)
// **************************
// Benchmark: SideMetadataBenchmarks.SparseBulkRead64B: Job-TZWPHG(IterationCount=20, LaunchCount=3, WarmupCount=8) [LogReferenceCountBits=1]
// *** Execute ***
// Launch: 1 / 3
// Execute: dotnet side-metadata-benchmark-Job-TZWPHG-1.dll --ipcPort 57149 --benchmarkName "P21.SideMetadataBenchmarks.SparseBulkRead64B(LogReferenceCountBits: 1)" --job "IterationCount=20, LaunchCount=3, WarmupCount=8" --diagnoserRunMode 0 --benchmarkId 7 in R:\artifacts\bin\side-metadata-benchmark\Release\net11.0\side-metadata-benchmark-Job-TZWPHG-1\bin\Release\net11.0
// BeforeAnythingElse

// Benchmark Process Environment Information:
// BenchmarkDotNet v0.16.0-preview.1
// Runtime=.NET 11.0.0 (11.0.0-preview.6.26359.118, 11.0.26.36018), X64 RyuJIT x86-64-v4
// GC=Concurrent Workstation
// HardwareIntrinsics=AVX512 BITALG+VBMI2+VNNI+VPOPCNTDQ,AVX512 IFMA+VBMI,AVX512 F+BW+CD+DQ+VL,AVX2+BMI1+BMI2+F16C+FMA+LZCNT+MOVBE,AVX,SSE3+SSSE3+SSE4.1+SSE4.2+POPCNT,X86Base+SSE+SSE2,AES+PCLMUL VectorSize=256
// Job: Job-TZWPHG(IterationCount=20, LaunchCount=3, WarmupCount=8)

WorkloadJitting  1: 4096 op, 189800.00 ns, 46.3379 ns/op
WorkloadJitting  2: 122880 op, 3741400.00 ns, 30.4476 ns/op
WorkloadJitting  3: 122880 op, 3782300.00 ns, 30.7804 ns/op
WorkloadJitting  4: 122880 op, 3809800.00 ns, 31.0042 ns/op
WorkloadJitting  5: 4096 op, 126500.00 ns, 30.8838 ns/op

WorkloadPilot    1: 4096 op, 172100.00 ns, 42.0166 ns/op

WorkloadPilot    1: 65536 op, 2107500.00 ns, 32.1579 ns/op
WorkloadPilot    2: 131072 op, 4216900.00 ns, 32.1724 ns/op
WorkloadPilot    3: 262144 op, 8252800.00 ns, 31.4819 ns/op
WorkloadPilot    4: 524288 op, 16356600.00 ns, 31.1977 ns/op
WorkloadPilot    5: 1048576 op, 32987000.00 ns, 31.4589 ns/op
WorkloadPilot    6: 2097152 op, 65029600.00 ns, 31.0085 ns/op
WorkloadPilot    7: 4194304 op, 132131100.00 ns, 31.5025 ns/op
WorkloadPilot    8: 8388608 op, 262177500.00 ns, 31.2540 ns/op
WorkloadPilot    9: 16777216 op, 516994200.00 ns, 30.8153 ns/op

WorkloadWarmup   1: 16777216 op, 515443400.00 ns, 30.7228 ns/op
WorkloadWarmup   2: 16777216 op, 514362400.00 ns, 30.6584 ns/op
WorkloadWarmup   3: 16777216 op, 513702900.00 ns, 30.6191 ns/op
WorkloadWarmup   4: 16777216 op, 515032300.00 ns, 30.6983 ns/op
WorkloadWarmup   5: 16777216 op, 525857800.00 ns, 31.3436 ns/op
WorkloadWarmup   6: 16777216 op, 522584100.00 ns, 31.1484 ns/op
WorkloadWarmup   7: 16777216 op, 525609300.00 ns, 31.3288 ns/op
WorkloadWarmup   8: 16777216 op, 530169200.00 ns, 31.6005 ns/op

// BeforeActualRun
WorkloadActual   1: 16777216 op, 517867100.00 ns, 30.8673 ns/op
WorkloadActual   2: 16777216 op, 513900700.00 ns, 30.6309 ns/op
WorkloadActual   3: 16777216 op, 518064400.00 ns, 30.8790 ns/op
WorkloadActual   4: 16777216 op, 513771100.00 ns, 30.6231 ns/op
WorkloadActual   5: 16777216 op, 512998100.00 ns, 30.5771 ns/op
WorkloadActual   6: 16777216 op, 512365300.00 ns, 30.5394 ns/op
WorkloadActual   7: 16777216 op, 513875200.00 ns, 30.6293 ns/op
WorkloadActual   8: 16777216 op, 512620300.00 ns, 30.5546 ns/op
WorkloadActual   9: 16777216 op, 517381900.00 ns, 30.8384 ns/op
WorkloadActual  10: 16777216 op, 513563100.00 ns, 30.6107 ns/op
WorkloadActual  11: 16777216 op, 513773500.00 ns, 30.6233 ns/op
WorkloadActual  12: 16777216 op, 514507800.00 ns, 30.6671 ns/op
WorkloadActual  13: 16777216 op, 515872600.00 ns, 30.7484 ns/op
WorkloadActual  14: 16777216 op, 514864700.00 ns, 30.6883 ns/op
WorkloadActual  15: 16777216 op, 513598800.00 ns, 30.6129 ns/op
WorkloadActual  16: 16777216 op, 515172300.00 ns, 30.7067 ns/op
WorkloadActual  17: 16777216 op, 514866400.00 ns, 30.6884 ns/op
WorkloadActual  18: 16777216 op, 514829900.00 ns, 30.6863 ns/op
WorkloadActual  19: 16777216 op, 514245300.00 ns, 30.6514 ns/op
WorkloadActual  20: 16777216 op, 514024900.00 ns, 30.6383 ns/op

// AfterActualRun
WorkloadResult   1: 16777216 op, 513900700.00 ns, 30.6309 ns/op
WorkloadResult   2: 16777216 op, 513771100.00 ns, 30.6231 ns/op
WorkloadResult   3: 16777216 op, 512998100.00 ns, 30.5771 ns/op
WorkloadResult   4: 16777216 op, 512365300.00 ns, 30.5394 ns/op
WorkloadResult   5: 16777216 op, 513875200.00 ns, 30.6293 ns/op
WorkloadResult   6: 16777216 op, 512620300.00 ns, 30.5546 ns/op
WorkloadResult   7: 16777216 op, 513563100.00 ns, 30.6107 ns/op
WorkloadResult   8: 16777216 op, 513773500.00 ns, 30.6233 ns/op
WorkloadResult   9: 16777216 op, 514507800.00 ns, 30.6671 ns/op
WorkloadResult  10: 16777216 op, 515872600.00 ns, 30.7484 ns/op
WorkloadResult  11: 16777216 op, 514864700.00 ns, 30.6883 ns/op
WorkloadResult  12: 16777216 op, 513598800.00 ns, 30.6129 ns/op
WorkloadResult  13: 16777216 op, 515172300.00 ns, 30.7067 ns/op
WorkloadResult  14: 16777216 op, 514866400.00 ns, 30.6884 ns/op
WorkloadResult  15: 16777216 op, 514829900.00 ns, 30.6863 ns/op
WorkloadResult  16: 16777216 op, 514245300.00 ns, 30.6514 ns/op
WorkloadResult  17: 16777216 op, 514024900.00 ns, 30.6383 ns/op

// AfterAll
// Benchmark Process 22592 has exited with code 0.
// Launch: 2 / 3
// Execute: dotnet side-metadata-benchmark-Job-TZWPHG-1.dll --ipcPort 57168 --benchmarkName "P21.SideMetadataBenchmarks.SparseBulkRead64B(LogReferenceCountBits: 1)" --job "IterationCount=20, LaunchCount=3, WarmupCount=8" --diagnoserRunMode 0 --benchmarkId 7 in R:\artifacts\bin\side-metadata-benchmark\Release\net11.0\side-metadata-benchmark-Job-TZWPHG-1\bin\Release\net11.0
// BeforeAnythingElse

// Benchmark Process Environment Information:
// BenchmarkDotNet v0.16.0-preview.1
// Runtime=.NET 11.0.0 (11.0.0-preview.6.26359.118, 11.0.26.36018), X64 RyuJIT x86-64-v4
// GC=Concurrent Workstation
// HardwareIntrinsics=AVX512 BITALG+VBMI2+VNNI+VPOPCNTDQ,AVX512 IFMA+VBMI,AVX512 F+BW+CD+DQ+VL,AVX2+BMI1+BMI2+F16C+FMA+LZCNT+MOVBE,AVX,SSE3+SSSE3+SSE4.1+SSE4.2+POPCNT,X86Base+SSE+SSE2,AES+PCLMUL VectorSize=256
// Job: Job-TZWPHG(IterationCount=20, LaunchCount=3, WarmupCount=8)

WorkloadJitting  1: 4096 op, 198300.00 ns, 48.4131 ns/op
WorkloadJitting  2: 122880 op, 3736300.00 ns, 30.4061 ns/op
WorkloadJitting  3: 122880 op, 3774700.00 ns, 30.7186 ns/op
WorkloadJitting  4: 122880 op, 3726000.00 ns, 30.3223 ns/op
WorkloadJitting  5: 4096 op, 145000.00 ns, 35.4004 ns/op

WorkloadPilot    1: 4096 op, 125900.00 ns, 30.7373 ns/op

WorkloadPilot    1: 65536 op, 2004600.00 ns, 30.5878 ns/op
WorkloadPilot    2: 131072 op, 4002800.00 ns, 30.5389 ns/op
WorkloadPilot    3: 262144 op, 7980200.00 ns, 30.4420 ns/op
WorkloadPilot    4: 524288 op, 16080200.00 ns, 30.6705 ns/op
WorkloadPilot    5: 1048576 op, 33067700.00 ns, 31.5358 ns/op
WorkloadPilot    6: 2097152 op, 64193900.00 ns, 30.6100 ns/op
WorkloadPilot    7: 4194304 op, 128378100.00 ns, 30.6077 ns/op
WorkloadPilot    8: 8388608 op, 258651800.00 ns, 30.8337 ns/op
WorkloadPilot    9: 16777216 op, 513754200.00 ns, 30.6221 ns/op

WorkloadWarmup   1: 16777216 op, 513979200.00 ns, 30.6355 ns/op
WorkloadWarmup   2: 16777216 op, 514575400.00 ns, 30.6711 ns/op
WorkloadWarmup   3: 16777216 op, 514002900.00 ns, 30.6370 ns/op
WorkloadWarmup   4: 16777216 op, 513363000.00 ns, 30.5988 ns/op
WorkloadWarmup   5: 16777216 op, 513477200.00 ns, 30.6056 ns/op
WorkloadWarmup   6: 16777216 op, 514946500.00 ns, 30.6932 ns/op
WorkloadWarmup   7: 16777216 op, 513644100.00 ns, 30.6156 ns/op
WorkloadWarmup   8: 16777216 op, 520526600.00 ns, 31.0258 ns/op

// BeforeActualRun
WorkloadActual   1: 16777216 op, 515212000.00 ns, 30.7090 ns/op
WorkloadActual   2: 16777216 op, 515605800.00 ns, 30.7325 ns/op
WorkloadActual   3: 16777216 op, 515338100.00 ns, 30.7165 ns/op
WorkloadActual   4: 16777216 op, 513868000.00 ns, 30.6289 ns/op
WorkloadActual   5: 16777216 op, 516409100.00 ns, 30.7804 ns/op
WorkloadActual   6: 16777216 op, 517140600.00 ns, 30.8240 ns/op
WorkloadActual   7: 16777216 op, 514625400.00 ns, 30.6741 ns/op
WorkloadActual   8: 16777216 op, 514979200.00 ns, 30.6952 ns/op
WorkloadActual   9: 16777216 op, 513793900.00 ns, 30.6245 ns/op
WorkloadActual  10: 16777216 op, 515260800.00 ns, 30.7119 ns/op
WorkloadActual  11: 16777216 op, 513236800.00 ns, 30.5913 ns/op
WorkloadActual  12: 16777216 op, 514608900.00 ns, 30.6731 ns/op
WorkloadActual  13: 16777216 op, 514891400.00 ns, 30.6899 ns/op
WorkloadActual  14: 16777216 op, 512895000.00 ns, 30.5709 ns/op
WorkloadActual  15: 16777216 op, 516198800.00 ns, 30.7678 ns/op
WorkloadActual  16: 16777216 op, 513311800.00 ns, 30.5958 ns/op
WorkloadActual  17: 16777216 op, 512955100.00 ns, 30.5745 ns/op
WorkloadActual  18: 16777216 op, 513393500.00 ns, 30.6006 ns/op
WorkloadActual  19: 16777216 op, 515001800.00 ns, 30.6965 ns/op
WorkloadActual  20: 16777216 op, 515298400.00 ns, 30.7142 ns/op

// AfterActualRun
WorkloadResult   1: 16777216 op, 515212000.00 ns, 30.7090 ns/op
WorkloadResult   2: 16777216 op, 515605800.00 ns, 30.7325 ns/op
WorkloadResult   3: 16777216 op, 515338100.00 ns, 30.7165 ns/op
WorkloadResult   4: 16777216 op, 513868000.00 ns, 30.6289 ns/op
WorkloadResult   5: 16777216 op, 516409100.00 ns, 30.7804 ns/op
WorkloadResult   6: 16777216 op, 517140600.00 ns, 30.8240 ns/op
WorkloadResult   7: 16777216 op, 514625400.00 ns, 30.6741 ns/op
WorkloadResult   8: 16777216 op, 514979200.00 ns, 30.6952 ns/op
WorkloadResult   9: 16777216 op, 513793900.00 ns, 30.6245 ns/op
WorkloadResult  10: 16777216 op, 515260800.00 ns, 30.7119 ns/op
WorkloadResult  11: 16777216 op, 513236800.00 ns, 30.5913 ns/op
WorkloadResult  12: 16777216 op, 514608900.00 ns, 30.6731 ns/op
WorkloadResult  13: 16777216 op, 514891400.00 ns, 30.6899 ns/op
WorkloadResult  14: 16777216 op, 512895000.00 ns, 30.5709 ns/op
WorkloadResult  15: 16777216 op, 516198800.00 ns, 30.7678 ns/op
WorkloadResult  16: 16777216 op, 513311800.00 ns, 30.5958 ns/op
WorkloadResult  17: 16777216 op, 512955100.00 ns, 30.5745 ns/op
WorkloadResult  18: 16777216 op, 513393500.00 ns, 30.6006 ns/op
WorkloadResult  19: 16777216 op, 515001800.00 ns, 30.6965 ns/op
WorkloadResult  20: 16777216 op, 515298400.00 ns, 30.7142 ns/op

// AfterAll
// Benchmark Process 20668 has exited with code 0.
// Launch: 3 / 3
// Execute: dotnet side-metadata-benchmark-Job-TZWPHG-1.dll --ipcPort 57198 --benchmarkName "P21.SideMetadataBenchmarks.SparseBulkRead64B(LogReferenceCountBits: 1)" --job "IterationCount=20, LaunchCount=3, WarmupCount=8" --diagnoserRunMode 0 --benchmarkId 7 in R:\artifacts\bin\side-metadata-benchmark\Release\net11.0\side-metadata-benchmark-Job-TZWPHG-1\bin\Release\net11.0
// BeforeAnythingElse

// Benchmark Process Environment Information:
// BenchmarkDotNet v0.16.0-preview.1
// Runtime=.NET 11.0.0 (11.0.0-preview.6.26359.118, 11.0.26.36018), X64 RyuJIT x86-64-v4
// GC=Concurrent Workstation
// HardwareIntrinsics=AVX512 BITALG+VBMI2+VNNI+VPOPCNTDQ,AVX512 IFMA+VBMI,AVX512 F+BW+CD+DQ+VL,AVX2+BMI1+BMI2+F16C+FMA+LZCNT+MOVBE,AVX,SSE3+SSSE3+SSE4.1+SSE4.2+POPCNT,X86Base+SSE+SSE2,AES+PCLMUL VectorSize=256
// Job: Job-TZWPHG(IterationCount=20, LaunchCount=3, WarmupCount=8)

WorkloadJitting  1: 4096 op, 201700.00 ns, 49.2432 ns/op
WorkloadJitting  2: 122880 op, 4076600.00 ns, 33.1755 ns/op
WorkloadJitting  3: 122880 op, 4062600.00 ns, 33.0615 ns/op
WorkloadJitting  4: 122880 op, 3715500.00 ns, 30.2368 ns/op
WorkloadJitting  5: 4096 op, 128200.00 ns, 31.2988 ns/op

WorkloadPilot    1: 4096 op, 126900.00 ns, 30.9814 ns/op

WorkloadPilot    1: 65536 op, 1993800.00 ns, 30.4230 ns/op
WorkloadPilot    2: 131072 op, 4009500.00 ns, 30.5901 ns/op
WorkloadPilot    3: 262144 op, 8017400.00 ns, 30.5840 ns/op
WorkloadPilot    4: 524288 op, 15791100.00 ns, 30.1191 ns/op
WorkloadPilot    5: 1048576 op, 31586900.00 ns, 30.1236 ns/op
WorkloadPilot    6: 2097152 op, 64333000.00 ns, 30.6764 ns/op
WorkloadPilot    7: 4194304 op, 126419600.00 ns, 30.1408 ns/op
WorkloadPilot    8: 8388608 op, 253909200.00 ns, 30.2683 ns/op
WorkloadPilot    9: 16777216 op, 508549700.00 ns, 30.3119 ns/op

WorkloadWarmup   1: 16777216 op, 508597600.00 ns, 30.3148 ns/op
WorkloadWarmup   2: 16777216 op, 506602200.00 ns, 30.1958 ns/op
WorkloadWarmup   3: 16777216 op, 509494400.00 ns, 30.3682 ns/op
WorkloadWarmup   4: 16777216 op, 510928200.00 ns, 30.4537 ns/op
WorkloadWarmup   5: 16777216 op, 509736900.00 ns, 30.3827 ns/op
WorkloadWarmup   6: 16777216 op, 506554300.00 ns, 30.1930 ns/op
WorkloadWarmup   7: 16777216 op, 511841000.00 ns, 30.5081 ns/op
WorkloadWarmup   8: 16777216 op, 509332300.00 ns, 30.3586 ns/op

// BeforeActualRun
WorkloadActual   1: 16777216 op, 512761400.00 ns, 30.5630 ns/op
WorkloadActual   2: 16777216 op, 512274000.00 ns, 30.5339 ns/op
WorkloadActual   3: 16777216 op, 507733700.00 ns, 30.2633 ns/op
WorkloadActual   4: 16777216 op, 509214500.00 ns, 30.3515 ns/op
WorkloadActual   5: 16777216 op, 508325300.00 ns, 30.2985 ns/op
WorkloadActual   6: 16777216 op, 510105600.00 ns, 30.4047 ns/op
WorkloadActual   7: 16777216 op, 511284700.00 ns, 30.4749 ns/op
WorkloadActual   8: 16777216 op, 506637800.00 ns, 30.1980 ns/op
WorkloadActual   9: 16777216 op, 507559800.00 ns, 30.2529 ns/op
WorkloadActual  10: 16777216 op, 509341600.00 ns, 30.3591 ns/op
WorkloadActual  11: 16777216 op, 509166400.00 ns, 30.3487 ns/op
WorkloadActual  12: 16777216 op, 505371300.00 ns, 30.1225 ns/op
WorkloadActual  13: 16777216 op, 509611800.00 ns, 30.3752 ns/op
WorkloadActual  14: 16777216 op, 509817600.00 ns, 30.3875 ns/op
WorkloadActual  15: 16777216 op, 509955600.00 ns, 30.3957 ns/op
WorkloadActual  16: 16777216 op, 524364800.00 ns, 31.2546 ns/op
WorkloadActual  17: 16777216 op, 513521500.00 ns, 30.6083 ns/op
WorkloadActual  18: 16777216 op, 511477700.00 ns, 30.4864 ns/op
WorkloadActual  19: 16777216 op, 510428800.00 ns, 30.4239 ns/op
WorkloadActual  20: 16777216 op, 517865900.00 ns, 30.8672 ns/op

// AfterActualRun
WorkloadResult   1: 16777216 op, 512761400.00 ns, 30.5630 ns/op
WorkloadResult   2: 16777216 op, 512274000.00 ns, 30.5339 ns/op
WorkloadResult   3: 16777216 op, 507733700.00 ns, 30.2633 ns/op
WorkloadResult   4: 16777216 op, 509214500.00 ns, 30.3515 ns/op
WorkloadResult   5: 16777216 op, 508325300.00 ns, 30.2985 ns/op
WorkloadResult   6: 16777216 op, 510105600.00 ns, 30.4047 ns/op
WorkloadResult   7: 16777216 op, 511284700.00 ns, 30.4749 ns/op
WorkloadResult   8: 16777216 op, 506637800.00 ns, 30.1980 ns/op
WorkloadResult   9: 16777216 op, 507559800.00 ns, 30.2529 ns/op
WorkloadResult  10: 16777216 op, 509341600.00 ns, 30.3591 ns/op
WorkloadResult  11: 16777216 op, 509166400.00 ns, 30.3487 ns/op
WorkloadResult  12: 16777216 op, 505371300.00 ns, 30.1225 ns/op
WorkloadResult  13: 16777216 op, 509611800.00 ns, 30.3752 ns/op
WorkloadResult  14: 16777216 op, 509817600.00 ns, 30.3875 ns/op
WorkloadResult  15: 16777216 op, 509955600.00 ns, 30.3957 ns/op
WorkloadResult  16: 16777216 op, 513521500.00 ns, 30.6083 ns/op
WorkloadResult  17: 16777216 op, 511477700.00 ns, 30.4864 ns/op
WorkloadResult  18: 16777216 op, 510428800.00 ns, 30.4239 ns/op

// AfterAll
// Benchmark Process 24268 has exited with code 0.

Mean = 30.569 ns, StdErr = 0.022 ns (0.07%), N = 55, StdDev = 0.160 ns
Min = 30.122 ns, Q1 = 30.481 ns, Median = 30.613 ns, Q3 = 30.688 ns, Max = 30.824 ns
IQR = 0.208 ns, LowerFence = 30.169 ns, UpperFence = 31.000 ns
ConfidenceInterval = [30.494 ns; 30.644 ns] (CI 99.9%), Margin = 0.075 ns (0.25% of Mean)
Skewness = -0.9, Kurtosis = 2.99, MValue = 2

// ** Remained 37 (82.2%) benchmark(s) to run. Estimated finish 2026-08-31 20:15 (0h 43m from now) **
Setup power plan (GUID: 8c5e7fda-e8bf-4a96-9a85-a6e23a8c635c FriendlyName: High performance)
// **************************
// Benchmark: SideMetadataBenchmarks.Reset4KiB: Job-TZWPHG(IterationCount=20, LaunchCount=3, WarmupCount=8) [LogReferenceCountBits=1]
// *** Execute ***
// Launch: 1 / 3
// Execute: dotnet side-metadata-benchmark-Job-TZWPHG-1.dll --ipcPort 55636 --benchmarkName "P21.SideMetadataBenchmarks.Reset4KiB(LogReferenceCountBits: 1)" --job "IterationCount=20, LaunchCount=3, WarmupCount=8" --diagnoserRunMode 0 --benchmarkId 8 in R:\artifacts\bin\side-metadata-benchmark\Release\net11.0\side-metadata-benchmark-Job-TZWPHG-1\bin\Release\net11.0
// BeforeAnythingElse

// Benchmark Process Environment Information:
// BenchmarkDotNet v0.16.0-preview.1
// Runtime=.NET 11.0.0 (11.0.0-preview.6.26359.118, 11.0.26.36018), X64 RyuJIT x86-64-v4
// GC=Concurrent Workstation
// HardwareIntrinsics=AVX512 BITALG+VBMI2+VNNI+VPOPCNTDQ,AVX512 IFMA+VBMI,AVX512 F+BW+CD+DQ+VL,AVX2+BMI1+BMI2+F16C+FMA+LZCNT+MOVBE,AVX,SSE3+SSSE3+SSE4.1+SSE4.2+POPCNT,X86Base+SSE+SSE2,AES+PCLMUL VectorSize=256
// Job: Job-TZWPHG(IterationCount=20, LaunchCount=3, WarmupCount=8)

WorkloadJitting  1: 32 op, 58300.00 ns, 1.8219 us/op
WorkloadJitting  2: 960 op, 53900.00 ns, 56.1458 ns/op
WorkloadJitting  3: 960 op, 62100.00 ns, 64.6875 ns/op
WorkloadJitting  4: 960 op, 50600.00 ns, 52.7083 ns/op
WorkloadJitting  5: 32 op, 4300.00 ns, 134.3750 ns/op

WorkloadPilot    1: 32 op, 3700.00 ns, 115.6250 ns/op

WorkloadPilot    1: 512 op, 26600.00 ns, 51.9531 ns/op
WorkloadPilot    2: 1024 op, 52200.00 ns, 50.9766 ns/op
WorkloadPilot    3: 2048 op, 105700.00 ns, 51.6113 ns/op
WorkloadPilot    4: 4096 op, 207200.00 ns, 50.5859 ns/op
WorkloadPilot    5: 8192 op, 411900.00 ns, 50.2808 ns/op
WorkloadPilot    6: 16384 op, 823600.00 ns, 50.2686 ns/op
WorkloadPilot    7: 32768 op, 1677800.00 ns, 51.2024 ns/op
WorkloadPilot    8: 65536 op, 3245700.00 ns, 49.5255 ns/op
WorkloadPilot    9: 131072 op, 6579300.00 ns, 50.1961 ns/op
WorkloadPilot   10: 262144 op, 13026200.00 ns, 49.6910 ns/op
WorkloadPilot   11: 524288 op, 26396700.00 ns, 50.3477 ns/op
WorkloadPilot   12: 1048576 op, 52062700.00 ns, 49.6509 ns/op
WorkloadPilot   13: 2097152 op, 104866300.00 ns, 50.0041 ns/op
WorkloadPilot   14: 4194304 op, 209632100.00 ns, 49.9802 ns/op
WorkloadPilot   15: 8388608 op, 420323300.00 ns, 50.1064 ns/op
WorkloadPilot   16: 16777216 op, 835089700.00 ns, 49.7752 ns/op

WorkloadWarmup   1: 16777216 op, 834664100.00 ns, 49.7499 ns/op
WorkloadWarmup   2: 16777216 op, 833902000.00 ns, 49.7044 ns/op
WorkloadWarmup   3: 16777216 op, 836154600.00 ns, 49.8387 ns/op
WorkloadWarmup   4: 16777216 op, 838435200.00 ns, 49.9746 ns/op
WorkloadWarmup   5: 16777216 op, 836551300.00 ns, 49.8623 ns/op
WorkloadWarmup   6: 16777216 op, 834831800.00 ns, 49.7599 ns/op
WorkloadWarmup   7: 16777216 op, 835245100.00 ns, 49.7845 ns/op
WorkloadWarmup   8: 16777216 op, 836286900.00 ns, 49.8466 ns/op

// BeforeActualRun
WorkloadActual   1: 16777216 op, 848054700.00 ns, 50.5480 ns/op
WorkloadActual   2: 16777216 op, 833933300.00 ns, 49.7063 ns/op
WorkloadActual   3: 16777216 op, 834799400.00 ns, 49.7579 ns/op
WorkloadActual   4: 16777216 op, 840547400.00 ns, 50.1005 ns/op
WorkloadActual   5: 16777216 op, 836960700.00 ns, 49.8867 ns/op
WorkloadActual   6: 16777216 op, 833275300.00 ns, 49.6671 ns/op
WorkloadActual   7: 16777216 op, 836493800.00 ns, 49.8589 ns/op
WorkloadActual   8: 16777216 op, 836241400.00 ns, 49.8439 ns/op
WorkloadActual   9: 16777216 op, 842950700.00 ns, 50.2438 ns/op
WorkloadActual  10: 16777216 op, 837216800.00 ns, 49.9020 ns/op
WorkloadActual  11: 16777216 op, 836405000.00 ns, 49.8536 ns/op
WorkloadActual  12: 16777216 op, 836408100.00 ns, 49.8538 ns/op
WorkloadActual  13: 16777216 op, 835612800.00 ns, 49.8064 ns/op
WorkloadActual  14: 16777216 op, 839876000.00 ns, 50.0605 ns/op
WorkloadActual  15: 16777216 op, 836014100.00 ns, 49.8303 ns/op
WorkloadActual  16: 16777216 op, 836003000.00 ns, 49.8297 ns/op
WorkloadActual  17: 16777216 op, 833136000.00 ns, 49.6588 ns/op
WorkloadActual  18: 16777216 op, 835107200.00 ns, 49.7763 ns/op
WorkloadActual  19: 16777216 op, 836056700.00 ns, 49.8329 ns/op
WorkloadActual  20: 16777216 op, 837047100.00 ns, 49.8919 ns/op

// AfterActualRun
WorkloadResult   1: 16777216 op, 833933300.00 ns, 49.7063 ns/op
WorkloadResult   2: 16777216 op, 834799400.00 ns, 49.7579 ns/op
WorkloadResult   3: 16777216 op, 836960700.00 ns, 49.8867 ns/op
WorkloadResult   4: 16777216 op, 833275300.00 ns, 49.6671 ns/op
WorkloadResult   5: 16777216 op, 836493800.00 ns, 49.8589 ns/op
WorkloadResult   6: 16777216 op, 836241400.00 ns, 49.8439 ns/op
WorkloadResult   7: 16777216 op, 837216800.00 ns, 49.9020 ns/op
WorkloadResult   8: 16777216 op, 836405000.00 ns, 49.8536 ns/op
WorkloadResult   9: 16777216 op, 836408100.00 ns, 49.8538 ns/op
WorkloadResult  10: 16777216 op, 835612800.00 ns, 49.8064 ns/op
WorkloadResult  11: 16777216 op, 836014100.00 ns, 49.8303 ns/op
WorkloadResult  12: 16777216 op, 836003000.00 ns, 49.8297 ns/op
WorkloadResult  13: 16777216 op, 833136000.00 ns, 49.6588 ns/op
WorkloadResult  14: 16777216 op, 835107200.00 ns, 49.7763 ns/op
WorkloadResult  15: 16777216 op, 836056700.00 ns, 49.8329 ns/op
WorkloadResult  16: 16777216 op, 837047100.00 ns, 49.8919 ns/op

// AfterAll
// Benchmark Process 36768 has exited with code 0.
// Launch: 2 / 3
// Execute: dotnet side-metadata-benchmark-Job-TZWPHG-1.dll --ipcPort 55673 --benchmarkName "P21.SideMetadataBenchmarks.Reset4KiB(LogReferenceCountBits: 1)" --job "IterationCount=20, LaunchCount=3, WarmupCount=8" --diagnoserRunMode 0 --benchmarkId 8 in R:\artifacts\bin\side-metadata-benchmark\Release\net11.0\side-metadata-benchmark-Job-TZWPHG-1\bin\Release\net11.0
// BeforeAnythingElse

// Benchmark Process Environment Information:
// BenchmarkDotNet v0.16.0-preview.1
// Runtime=.NET 11.0.0 (11.0.0-preview.6.26359.118, 11.0.26.36018), X64 RyuJIT x86-64-v4
// GC=Concurrent Workstation
// HardwareIntrinsics=AVX512 BITALG+VBMI2+VNNI+VPOPCNTDQ,AVX512 IFMA+VBMI,AVX512 F+BW+CD+DQ+VL,AVX2+BMI1+BMI2+F16C+FMA+LZCNT+MOVBE,AVX,SSE3+SSSE3+SSE4.1+SSE4.2+POPCNT,X86Base+SSE+SSE2,AES+PCLMUL VectorSize=256
// Job: Job-TZWPHG(IterationCount=20, LaunchCount=3, WarmupCount=8)

WorkloadJitting  1: 32 op, 60400.00 ns, 1.8875 us/op
WorkloadJitting  2: 960 op, 53100.00 ns, 55.3125 ns/op
WorkloadJitting  3: 960 op, 59400.00 ns, 61.8750 ns/op
WorkloadJitting  4: 960 op, 49600.00 ns, 51.6667 ns/op
WorkloadJitting  5: 32 op, 4600.00 ns, 143.7500 ns/op

WorkloadPilot    1: 32 op, 3100.00 ns, 96.8750 ns/op

WorkloadPilot    1: 512 op, 26600.00 ns, 51.9531 ns/op
WorkloadPilot    2: 1024 op, 52900.00 ns, 51.6602 ns/op
WorkloadPilot    3: 2048 op, 104300.00 ns, 50.9277 ns/op
WorkloadPilot    4: 4096 op, 230500.00 ns, 56.2744 ns/op
WorkloadPilot    5: 8192 op, 410100.00 ns, 50.0610 ns/op
WorkloadPilot    6: 16384 op, 840100.00 ns, 51.2756 ns/op
WorkloadPilot    7: 32768 op, 1636700.00 ns, 49.9481 ns/op
WorkloadPilot    8: 65536 op, 3276900.00 ns, 50.0015 ns/op
WorkloadPilot    9: 131072 op, 6498400.00 ns, 49.5789 ns/op
WorkloadPilot   10: 262144 op, 13530500.00 ns, 51.6148 ns/op
WorkloadPilot   11: 524288 op, 26495500.00 ns, 50.5362 ns/op
WorkloadPilot   12: 1048576 op, 52234200.00 ns, 49.8144 ns/op
WorkloadPilot   13: 2097152 op, 105127500.00 ns, 50.1287 ns/op
WorkloadPilot   14: 4194304 op, 208678800.00 ns, 49.7529 ns/op
WorkloadPilot   15: 8388608 op, 416977800.00 ns, 49.7076 ns/op
WorkloadPilot   16: 16777216 op, 837380700.00 ns, 49.9118 ns/op

WorkloadWarmup   1: 16777216 op, 835210000.00 ns, 49.7824 ns/op
WorkloadWarmup   2: 16777216 op, 835249200.00 ns, 49.7847 ns/op
WorkloadWarmup   3: 16777216 op, 835288400.00 ns, 49.7871 ns/op
WorkloadWarmup   4: 16777216 op, 834958200.00 ns, 49.7674 ns/op
WorkloadWarmup   5: 16777216 op, 843005400.00 ns, 50.2470 ns/op
WorkloadWarmup   6: 16777216 op, 835533500.00 ns, 49.8017 ns/op
WorkloadWarmup   7: 16777216 op, 835103100.00 ns, 49.7760 ns/op
WorkloadWarmup   8: 16777216 op, 839265900.00 ns, 50.0241 ns/op

// BeforeActualRun
WorkloadActual   1: 16777216 op, 836184000.00 ns, 49.8405 ns/op
WorkloadActual   2: 16777216 op, 835249100.00 ns, 49.7847 ns/op
WorkloadActual   3: 16777216 op, 835478400.00 ns, 49.7984 ns/op
WorkloadActual   4: 16777216 op, 831220700.00 ns, 49.5446 ns/op
WorkloadActual   5: 16777216 op, 833077300.00 ns, 49.6553 ns/op
WorkloadActual   6: 16777216 op, 838126500.00 ns, 49.9562 ns/op
WorkloadActual   7: 16777216 op, 839548700.00 ns, 50.0410 ns/op
WorkloadActual   8: 16777216 op, 838620900.00 ns, 49.9857 ns/op
WorkloadActual   9: 16777216 op, 836989200.00 ns, 49.8884 ns/op
WorkloadActual  10: 16777216 op, 837315500.00 ns, 49.9079 ns/op
WorkloadActual  11: 16777216 op, 843066300.00 ns, 50.2507 ns/op
WorkloadActual  12: 16777216 op, 837326100.00 ns, 49.9085 ns/op
WorkloadActual  13: 16777216 op, 834447300.00 ns, 49.7369 ns/op
WorkloadActual  14: 16777216 op, 836220700.00 ns, 49.8426 ns/op
WorkloadActual  15: 16777216 op, 834132000.00 ns, 49.7181 ns/op
WorkloadActual  16: 16777216 op, 835847700.00 ns, 49.8204 ns/op
WorkloadActual  17: 16777216 op, 834117500.00 ns, 49.7173 ns/op
WorkloadActual  18: 16777216 op, 837942800.00 ns, 49.9453 ns/op
WorkloadActual  19: 16777216 op, 833790200.00 ns, 49.6978 ns/op
WorkloadActual  20: 16777216 op, 836956900.00 ns, 49.8865 ns/op

// AfterActualRun
WorkloadResult   1: 16777216 op, 836184000.00 ns, 49.8405 ns/op
WorkloadResult   2: 16777216 op, 835249100.00 ns, 49.7847 ns/op
WorkloadResult   3: 16777216 op, 835478400.00 ns, 49.7984 ns/op
WorkloadResult   4: 16777216 op, 831220700.00 ns, 49.5446 ns/op
WorkloadResult   5: 16777216 op, 833077300.00 ns, 49.6553 ns/op
WorkloadResult   6: 16777216 op, 838126500.00 ns, 49.9562 ns/op
WorkloadResult   7: 16777216 op, 839548700.00 ns, 50.0410 ns/op
WorkloadResult   8: 16777216 op, 838620900.00 ns, 49.9857 ns/op
WorkloadResult   9: 16777216 op, 836989200.00 ns, 49.8884 ns/op
WorkloadResult  10: 16777216 op, 837315500.00 ns, 49.9079 ns/op
WorkloadResult  11: 16777216 op, 837326100.00 ns, 49.9085 ns/op
WorkloadResult  12: 16777216 op, 834447300.00 ns, 49.7369 ns/op
WorkloadResult  13: 16777216 op, 836220700.00 ns, 49.8426 ns/op
WorkloadResult  14: 16777216 op, 834132000.00 ns, 49.7181 ns/op
WorkloadResult  15: 16777216 op, 835847700.00 ns, 49.8204 ns/op
WorkloadResult  16: 16777216 op, 834117500.00 ns, 49.7173 ns/op
WorkloadResult  17: 16777216 op, 837942800.00 ns, 49.9453 ns/op
WorkloadResult  18: 16777216 op, 833790200.00 ns, 49.6978 ns/op
WorkloadResult  19: 16777216 op, 836956900.00 ns, 49.8865 ns/op

// AfterAll
// Benchmark Process 35240 has exited with code 0.
// Launch: 3 / 3
// Execute: dotnet side-metadata-benchmark-Job-TZWPHG-1.dll --ipcPort 55711 --benchmarkName "P21.SideMetadataBenchmarks.Reset4KiB(LogReferenceCountBits: 1)" --job "IterationCount=20, LaunchCount=3, WarmupCount=8" --diagnoserRunMode 0 --benchmarkId 8 in R:\artifacts\bin\side-metadata-benchmark\Release\net11.0\side-metadata-benchmark-Job-TZWPHG-1\bin\Release\net11.0
// BeforeAnythingElse

// Benchmark Process Environment Information:
// BenchmarkDotNet v0.16.0-preview.1
// Runtime=.NET 11.0.0 (11.0.0-preview.6.26359.118, 11.0.26.36018), X64 RyuJIT x86-64-v4
// GC=Concurrent Workstation
// HardwareIntrinsics=AVX512 BITALG+VBMI2+VNNI+VPOPCNTDQ,AVX512 IFMA+VBMI,AVX512 F+BW+CD+DQ+VL,AVX2+BMI1+BMI2+F16C+FMA+LZCNT+MOVBE,AVX,SSE3+SSSE3+SSE4.1+SSE4.2+POPCNT,X86Base+SSE+SSE2,AES+PCLMUL VectorSize=256
// Job: Job-TZWPHG(IterationCount=20, LaunchCount=3, WarmupCount=8)

WorkloadJitting  1: 32 op, 84900.00 ns, 2.6531 us/op
WorkloadJitting  2: 960 op, 53200.00 ns, 55.4167 ns/op
WorkloadJitting  3: 960 op, 61900.00 ns, 64.4792 ns/op
WorkloadJitting  4: 960 op, 62400.00 ns, 65.0000 ns/op
WorkloadJitting  5: 32 op, 4500.00 ns, 140.6250 ns/op

WorkloadPilot    1: 32 op, 2900.00 ns, 90.6250 ns/op

WorkloadPilot    1: 512 op, 26100.00 ns, 50.9766 ns/op
WorkloadPilot    2: 1024 op, 52100.00 ns, 50.8789 ns/op
WorkloadPilot    3: 2048 op, 105600.00 ns, 51.5625 ns/op
WorkloadPilot    4: 4096 op, 204600.00 ns, 49.9512 ns/op
WorkloadPilot    5: 8192 op, 422500.00 ns, 51.5747 ns/op
WorkloadPilot    6: 16384 op, 1033600.00 ns, 63.0859 ns/op
WorkloadPilot    7: 32768 op, 1846300.00 ns, 56.3446 ns/op
WorkloadPilot    8: 65536 op, 3287800.00 ns, 50.1678 ns/op
WorkloadPilot    9: 131072 op, 6496500.00 ns, 49.5644 ns/op
WorkloadPilot   10: 262144 op, 12991100.00 ns, 49.5571 ns/op
WorkloadPilot   11: 524288 op, 26069500.00 ns, 49.7236 ns/op
WorkloadPilot   12: 1048576 op, 51933000.00 ns, 49.5272 ns/op
WorkloadPilot   13: 2097152 op, 103838900.00 ns, 49.5142 ns/op
WorkloadPilot   14: 4194304 op, 207793900.00 ns, 49.5419 ns/op
WorkloadPilot   15: 8388608 op, 418884100.00 ns, 49.9349 ns/op
WorkloadPilot   16: 16777216 op, 833955300.00 ns, 49.7076 ns/op

WorkloadWarmup   1: 16777216 op, 836629000.00 ns, 49.8670 ns/op
WorkloadWarmup   2: 16777216 op, 837904200.00 ns, 49.9430 ns/op
WorkloadWarmup   3: 16777216 op, 835264500.00 ns, 49.7856 ns/op
WorkloadWarmup   4: 16777216 op, 835117600.00 ns, 49.7769 ns/op
WorkloadWarmup   5: 16777216 op, 836449800.00 ns, 49.8563 ns/op
WorkloadWarmup   6: 16777216 op, 837420300.00 ns, 49.9141 ns/op
WorkloadWarmup   7: 16777216 op, 832643900.00 ns, 49.6294 ns/op
WorkloadWarmup   8: 16777216 op, 835618600.00 ns, 49.8067 ns/op

// BeforeActualRun
WorkloadActual   1: 16777216 op, 838215800.00 ns, 49.9616 ns/op
WorkloadActual   2: 16777216 op, 830775300.00 ns, 49.5181 ns/op
WorkloadActual   3: 16777216 op, 835181300.00 ns, 49.7807 ns/op
WorkloadActual   4: 16777216 op, 834091800.00 ns, 49.7157 ns/op
WorkloadActual   5: 16777216 op, 838269400.00 ns, 49.9647 ns/op
WorkloadActual   6: 16777216 op, 833477500.00 ns, 49.6791 ns/op
WorkloadActual   7: 16777216 op, 840657200.00 ns, 50.1071 ns/op
WorkloadActual   8: 16777216 op, 835383600.00 ns, 49.7927 ns/op
WorkloadActual   9: 16777216 op, 834407300.00 ns, 49.7346 ns/op
WorkloadActual  10: 16777216 op, 837694600.00 ns, 49.9305 ns/op
WorkloadActual  11: 16777216 op, 836953600.00 ns, 49.8863 ns/op
WorkloadActual  12: 16777216 op, 836086700.00 ns, 49.8347 ns/op
WorkloadActual  13: 16777216 op, 835178100.00 ns, 49.7805 ns/op
WorkloadActual  14: 16777216 op, 834138900.00 ns, 49.7186 ns/op
WorkloadActual  15: 16777216 op, 838874700.00 ns, 50.0008 ns/op
WorkloadActual  16: 16777216 op, 832728600.00 ns, 49.6345 ns/op
WorkloadActual  17: 16777216 op, 833000800.00 ns, 49.6507 ns/op
WorkloadActual  18: 16777216 op, 838146500.00 ns, 49.9574 ns/op
WorkloadActual  19: 16777216 op, 832836500.00 ns, 49.6409 ns/op
WorkloadActual  20: 16777216 op, 836774600.00 ns, 49.8757 ns/op

// AfterActualRun
WorkloadResult   1: 16777216 op, 838215800.00 ns, 49.9616 ns/op
WorkloadResult   2: 16777216 op, 830775300.00 ns, 49.5181 ns/op
WorkloadResult   3: 16777216 op, 835181300.00 ns, 49.7807 ns/op
WorkloadResult   4: 16777216 op, 834091800.00 ns, 49.7157 ns/op
WorkloadResult   5: 16777216 op, 838269400.00 ns, 49.9647 ns/op
WorkloadResult   6: 16777216 op, 833477500.00 ns, 49.6791 ns/op
WorkloadResult   7: 16777216 op, 840657200.00 ns, 50.1071 ns/op
WorkloadResult   8: 16777216 op, 835383600.00 ns, 49.7927 ns/op
WorkloadResult   9: 16777216 op, 834407300.00 ns, 49.7346 ns/op
WorkloadResult  10: 16777216 op, 837694600.00 ns, 49.9305 ns/op
WorkloadResult  11: 16777216 op, 836953600.00 ns, 49.8863 ns/op
WorkloadResult  12: 16777216 op, 836086700.00 ns, 49.8347 ns/op
WorkloadResult  13: 16777216 op, 835178100.00 ns, 49.7805 ns/op
WorkloadResult  14: 16777216 op, 834138900.00 ns, 49.7186 ns/op
WorkloadResult  15: 16777216 op, 838874700.00 ns, 50.0008 ns/op
WorkloadResult  16: 16777216 op, 832728600.00 ns, 49.6345 ns/op
WorkloadResult  17: 16777216 op, 833000800.00 ns, 49.6507 ns/op
WorkloadResult  18: 16777216 op, 838146500.00 ns, 49.9574 ns/op
WorkloadResult  19: 16777216 op, 832836500.00 ns, 49.6409 ns/op
WorkloadResult  20: 16777216 op, 836774600.00 ns, 49.8757 ns/op

// AfterAll
// Benchmark Process 23192 has exited with code 0.

Mean = 49.815 ns, StdErr = 0.016 ns (0.03%), N = 55, StdDev = 0.122 ns
Min = 49.518 ns, Q1 = 49.718 ns, Median = 49.830 ns, Q3 = 49.890 ns, Max = 50.107 ns
IQR = 0.172 ns, LowerFence = 49.461 ns, UpperFence = 50.148 ns
ConfidenceInterval = [49.757 ns; 49.872 ns] (CI 99.9%), Margin = 0.057 ns (0.11% of Mean)
Skewness = -0.13, Kurtosis = 2.72, MValue = 2

// ** Remained 36 (80.0%) benchmark(s) to run. Estimated finish 2026-08-31 20:16 (0h 43m from now) **
Setup power plan (GUID: 8c5e7fda-e8bf-4a96-9a85-a6e23a8c635c FriendlyName: High performance)
// **************************
// Benchmark: SideMetadataBenchmarks.Reset64KiB: Job-TZWPHG(IterationCount=20, LaunchCount=3, WarmupCount=8) [LogReferenceCountBits=1]
// *** Execute ***
// Launch: 1 / 3
// Execute: dotnet side-metadata-benchmark-Job-TZWPHG-1.dll --ipcPort 55736 --benchmarkName "P21.SideMetadataBenchmarks.Reset64KiB(LogReferenceCountBits: 1)" --job "IterationCount=20, LaunchCount=3, WarmupCount=8" --diagnoserRunMode 0 --benchmarkId 9 in R:\artifacts\bin\side-metadata-benchmark\Release\net11.0\side-metadata-benchmark-Job-TZWPHG-1\bin\Release\net11.0
// BeforeAnythingElse

// Benchmark Process Environment Information:
// BenchmarkDotNet v0.16.0-preview.1
// Runtime=.NET 11.0.0 (11.0.0-preview.6.26359.118, 11.0.26.36018), X64 RyuJIT x86-64-v4
// GC=Concurrent Workstation
// HardwareIntrinsics=AVX512 BITALG+VBMI2+VNNI+VPOPCNTDQ,AVX512 IFMA+VBMI,AVX512 F+BW+CD+DQ+VL,AVX2+BMI1+BMI2+F16C+FMA+LZCNT+MOVBE,AVX,SSE3+SSSE3+SSE4.1+SSE4.2+POPCNT,X86Base+SSE+SSE2,AES+PCLMUL VectorSize=256
// Job: Job-TZWPHG(IterationCount=20, LaunchCount=3, WarmupCount=8)

WorkloadJitting  1: 32 op, 60300.00 ns, 1.8844 us/op
WorkloadJitting  2: 960 op, 166700.00 ns, 173.6458 ns/op
WorkloadJitting  3: 960 op, 175100.00 ns, 182.3958 ns/op
WorkloadJitting  4: 960 op, 161900.00 ns, 168.6458 ns/op
WorkloadJitting  5: 32 op, 7900.00 ns, 246.8750 ns/op

WorkloadPilot    1: 32 op, 12000.00 ns, 375.0000 ns/op

WorkloadPilot    1: 512 op, 86600.00 ns, 169.1406 ns/op
WorkloadPilot    2: 1024 op, 174700.00 ns, 170.6055 ns/op
WorkloadPilot    3: 2048 op, 406700.00 ns, 198.5840 ns/op
WorkloadPilot    4: 4096 op, 717200.00 ns, 175.0977 ns/op
WorkloadPilot    5: 8192 op, 1392400.00 ns, 169.9707 ns/op
WorkloadPilot    6: 16384 op, 2817200.00 ns, 171.9482 ns/op
WorkloadPilot    7: 32768 op, 5584100.00 ns, 170.4132 ns/op
WorkloadPilot    8: 65536 op, 10917000.00 ns, 166.5802 ns/op
WorkloadPilot    9: 131072 op, 25656600.00 ns, 195.7443 ns/op
WorkloadPilot   10: 262144 op, 43798300.00 ns, 167.0773 ns/op
WorkloadPilot   11: 524288 op, 87587600.00 ns, 167.0601 ns/op
WorkloadPilot   12: 1048576 op, 175159800.00 ns, 167.0454 ns/op
WorkloadPilot   13: 2097152 op, 350891600.00 ns, 167.3182 ns/op
WorkloadPilot   14: 4194304 op, 702274700.00 ns, 167.4353 ns/op

WorkloadWarmup   1: 4194304 op, 703269700.00 ns, 167.6726 ns/op
WorkloadWarmup   2: 4194304 op, 704073000.00 ns, 167.8641 ns/op
WorkloadWarmup   3: 4194304 op, 701364000.00 ns, 167.2182 ns/op
WorkloadWarmup   4: 4194304 op, 701466500.00 ns, 167.2426 ns/op
WorkloadWarmup   5: 4194304 op, 703697600.00 ns, 167.7746 ns/op
WorkloadWarmup   6: 4194304 op, 702667400.00 ns, 167.5290 ns/op
WorkloadWarmup   7: 4194304 op, 707135300.00 ns, 168.5942 ns/op
WorkloadWarmup   8: 4194304 op, 699463900.00 ns, 166.7652 ns/op

// BeforeActualRun
WorkloadActual   1: 4194304 op, 701642100.00 ns, 167.2845 ns/op
WorkloadActual   2: 4194304 op, 701480700.00 ns, 167.2460 ns/op
WorkloadActual   3: 4194304 op, 705233500.00 ns, 168.1408 ns/op
WorkloadActual   4: 4194304 op, 700880200.00 ns, 167.1029 ns/op
WorkloadActual   5: 4194304 op, 702004800.00 ns, 167.3710 ns/op
WorkloadActual   6: 4194304 op, 705570100.00 ns, 168.2210 ns/op
WorkloadActual   7: 4194304 op, 701063200.00 ns, 167.1465 ns/op
WorkloadActual   8: 4194304 op, 711247700.00 ns, 169.5747 ns/op
WorkloadActual   9: 4194304 op, 705105500.00 ns, 168.1103 ns/op
WorkloadActual  10: 4194304 op, 700683100.00 ns, 167.0559 ns/op
WorkloadActual  11: 4194304 op, 704568900.00 ns, 167.9823 ns/op
WorkloadActual  12: 4194304 op, 703982300.00 ns, 167.8425 ns/op
WorkloadActual  13: 4194304 op, 704232300.00 ns, 167.9021 ns/op
WorkloadActual  14: 4194304 op, 701365200.00 ns, 167.2185 ns/op
WorkloadActual  15: 4194304 op, 704005800.00 ns, 167.8481 ns/op
WorkloadActual  16: 4194304 op, 707781300.00 ns, 168.7482 ns/op
WorkloadActual  17: 4194304 op, 702322500.00 ns, 167.4467 ns/op
WorkloadActual  18: 4194304 op, 706766000.00 ns, 168.5061 ns/op
WorkloadActual  19: 4194304 op, 701844700.00 ns, 167.3328 ns/op
WorkloadActual  20: 4194304 op, 703497400.00 ns, 167.7269 ns/op

// AfterActualRun
WorkloadResult   1: 4194304 op, 701642100.00 ns, 167.2845 ns/op
WorkloadResult   2: 4194304 op, 701480700.00 ns, 167.2460 ns/op
WorkloadResult   3: 4194304 op, 705233500.00 ns, 168.1408 ns/op
WorkloadResult   4: 4194304 op, 700880200.00 ns, 167.1029 ns/op
WorkloadResult   5: 4194304 op, 702004800.00 ns, 167.3710 ns/op
WorkloadResult   6: 4194304 op, 705570100.00 ns, 168.2210 ns/op
WorkloadResult   7: 4194304 op, 701063200.00 ns, 167.1465 ns/op
WorkloadResult   8: 4194304 op, 705105500.00 ns, 168.1103 ns/op
WorkloadResult   9: 4194304 op, 700683100.00 ns, 167.0559 ns/op
WorkloadResult  10: 4194304 op, 704568900.00 ns, 167.9823 ns/op
WorkloadResult  11: 4194304 op, 703982300.00 ns, 167.8425 ns/op
WorkloadResult  12: 4194304 op, 704232300.00 ns, 167.9021 ns/op
WorkloadResult  13: 4194304 op, 701365200.00 ns, 167.2185 ns/op
WorkloadResult  14: 4194304 op, 704005800.00 ns, 167.8481 ns/op
WorkloadResult  15: 4194304 op, 707781300.00 ns, 168.7482 ns/op
WorkloadResult  16: 4194304 op, 702322500.00 ns, 167.4467 ns/op
WorkloadResult  17: 4194304 op, 706766000.00 ns, 168.5061 ns/op
WorkloadResult  18: 4194304 op, 701844700.00 ns, 167.3328 ns/op
WorkloadResult  19: 4194304 op, 703497400.00 ns, 167.7269 ns/op

// AfterAll
// Benchmark Process 13504 has exited with code 0.
// Launch: 2 / 3
// Execute: dotnet side-metadata-benchmark-Job-TZWPHG-1.dll --ipcPort 55770 --benchmarkName "P21.SideMetadataBenchmarks.Reset64KiB(LogReferenceCountBits: 1)" --job "IterationCount=20, LaunchCount=3, WarmupCount=8" --diagnoserRunMode 0 --benchmarkId 9 in R:\artifacts\bin\side-metadata-benchmark\Release\net11.0\side-metadata-benchmark-Job-TZWPHG-1\bin\Release\net11.0
// BeforeAnythingElse

// Benchmark Process Environment Information:
// BenchmarkDotNet v0.16.0-preview.1
// Runtime=.NET 11.0.0 (11.0.0-preview.6.26359.118, 11.0.26.36018), X64 RyuJIT x86-64-v4
// GC=Concurrent Workstation
// HardwareIntrinsics=AVX512 BITALG+VBMI2+VNNI+VPOPCNTDQ,AVX512 IFMA+VBMI,AVX512 F+BW+CD+DQ+VL,AVX2+BMI1+BMI2+F16C+FMA+LZCNT+MOVBE,AVX,SSE3+SSSE3+SSE4.1+SSE4.2+POPCNT,X86Base+SSE+SSE2,AES+PCLMUL VectorSize=256
// Job: Job-TZWPHG(IterationCount=20, LaunchCount=3, WarmupCount=8)

WorkloadJitting  1: 32 op, 62600.00 ns, 1.9563 us/op
WorkloadJitting  2: 960 op, 177600.00 ns, 185.0000 ns/op
WorkloadJitting  3: 960 op, 219600.00 ns, 228.7500 ns/op
WorkloadJitting  4: 960 op, 199500.00 ns, 207.8125 ns/op
WorkloadJitting  5: 32 op, 8200.00 ns, 256.2500 ns/op

WorkloadPilot    1: 32 op, 6700.00 ns, 209.3750 ns/op

WorkloadPilot    1: 512 op, 85500.00 ns, 166.9922 ns/op
WorkloadPilot    2: 1024 op, 174200.00 ns, 170.1172 ns/op
WorkloadPilot    3: 2048 op, 347300.00 ns, 169.5801 ns/op
WorkloadPilot    4: 4096 op, 689900.00 ns, 168.4326 ns/op
WorkloadPilot    5: 8192 op, 1396200.00 ns, 170.4346 ns/op
WorkloadPilot    6: 16384 op, 2751400.00 ns, 167.9321 ns/op
WorkloadPilot    7: 32768 op, 5444600.00 ns, 166.1560 ns/op
WorkloadPilot    8: 65536 op, 10937700.00 ns, 166.8961 ns/op
WorkloadPilot    9: 131072 op, 21942700.00 ns, 167.4095 ns/op
WorkloadPilot   10: 262144 op, 43813900.00 ns, 167.1368 ns/op
WorkloadPilot   11: 524288 op, 87425100.00 ns, 166.7501 ns/op
WorkloadPilot   12: 1048576 op, 176320000.00 ns, 168.1519 ns/op
WorkloadPilot   13: 2097152 op, 352775400.00 ns, 168.2164 ns/op
WorkloadPilot   14: 4194304 op, 703579600.00 ns, 167.7464 ns/op

WorkloadWarmup   1: 4194304 op, 705496000.00 ns, 168.2034 ns/op
WorkloadWarmup   2: 4194304 op, 702286800.00 ns, 167.4382 ns/op
WorkloadWarmup   3: 4194304 op, 703498900.00 ns, 167.7272 ns/op
WorkloadWarmup   4: 4194304 op, 701828400.00 ns, 167.3289 ns/op
WorkloadWarmup   5: 4194304 op, 701939200.00 ns, 167.3553 ns/op
WorkloadWarmup   6: 4194304 op, 703240300.00 ns, 167.6656 ns/op
WorkloadWarmup   7: 4194304 op, 702382500.00 ns, 167.4610 ns/op
WorkloadWarmup   8: 4194304 op, 699693800.00 ns, 166.8200 ns/op

// BeforeActualRun
WorkloadActual   1: 4194304 op, 701680700.00 ns, 167.2937 ns/op
WorkloadActual   2: 4194304 op, 704827100.00 ns, 168.0439 ns/op
WorkloadActual   3: 4194304 op, 704251800.00 ns, 167.9067 ns/op
WorkloadActual   4: 4194304 op, 702440700.00 ns, 167.4749 ns/op
WorkloadActual   5: 4194304 op, 702472100.00 ns, 167.4824 ns/op
WorkloadActual   6: 4194304 op, 701568600.00 ns, 167.2670 ns/op
WorkloadActual   7: 4194304 op, 703162200.00 ns, 167.6469 ns/op
WorkloadActual   8: 4194304 op, 701454800.00 ns, 167.2399 ns/op
WorkloadActual   9: 4194304 op, 702489900.00 ns, 167.4866 ns/op
WorkloadActual  10: 4194304 op, 707563200.00 ns, 168.6962 ns/op
WorkloadActual  11: 4194304 op, 705855700.00 ns, 168.2891 ns/op
WorkloadActual  12: 4194304 op, 700434900.00 ns, 166.9967 ns/op
WorkloadActual  13: 4194304 op, 700535200.00 ns, 167.0206 ns/op
WorkloadActual  14: 4194304 op, 702148000.00 ns, 167.4051 ns/op
WorkloadActual  15: 4194304 op, 701427600.00 ns, 167.2334 ns/op
WorkloadActual  16: 4194304 op, 699628100.00 ns, 166.8043 ns/op
WorkloadActual  17: 4194304 op, 703285800.00 ns, 167.6764 ns/op
WorkloadActual  18: 4194304 op, 702675100.00 ns, 167.5308 ns/op
WorkloadActual  19: 4194304 op, 703436600.00 ns, 167.7124 ns/op
WorkloadActual  20: 4194304 op, 705292400.00 ns, 168.1548 ns/op

// AfterActualRun
WorkloadResult   1: 4194304 op, 701680700.00 ns, 167.2937 ns/op
WorkloadResult   2: 4194304 op, 704827100.00 ns, 168.0439 ns/op
WorkloadResult   3: 4194304 op, 704251800.00 ns, 167.9067 ns/op
WorkloadResult   4: 4194304 op, 702440700.00 ns, 167.4749 ns/op
WorkloadResult   5: 4194304 op, 702472100.00 ns, 167.4824 ns/op
WorkloadResult   6: 4194304 op, 701568600.00 ns, 167.2670 ns/op
WorkloadResult   7: 4194304 op, 703162200.00 ns, 167.6469 ns/op
WorkloadResult   8: 4194304 op, 701454800.00 ns, 167.2399 ns/op
WorkloadResult   9: 4194304 op, 702489900.00 ns, 167.4866 ns/op
WorkloadResult  10: 4194304 op, 705855700.00 ns, 168.2891 ns/op
WorkloadResult  11: 4194304 op, 700434900.00 ns, 166.9967 ns/op
WorkloadResult  12: 4194304 op, 700535200.00 ns, 167.0206 ns/op
WorkloadResult  13: 4194304 op, 702148000.00 ns, 167.4051 ns/op
WorkloadResult  14: 4194304 op, 701427600.00 ns, 167.2334 ns/op
WorkloadResult  15: 4194304 op, 699628100.00 ns, 166.8043 ns/op
WorkloadResult  16: 4194304 op, 703285800.00 ns, 167.6764 ns/op
WorkloadResult  17: 4194304 op, 702675100.00 ns, 167.5308 ns/op
WorkloadResult  18: 4194304 op, 703436600.00 ns, 167.7124 ns/op
WorkloadResult  19: 4194304 op, 705292400.00 ns, 168.1548 ns/op

// AfterAll
// Benchmark Process 22436 has exited with code 0.
// Launch: 3 / 3
// Execute: dotnet side-metadata-benchmark-Job-TZWPHG-1.dll --ipcPort 55792 --benchmarkName "P21.SideMetadataBenchmarks.Reset64KiB(LogReferenceCountBits: 1)" --job "IterationCount=20, LaunchCount=3, WarmupCount=8" --diagnoserRunMode 0 --benchmarkId 9 in R:\artifacts\bin\side-metadata-benchmark\Release\net11.0\side-metadata-benchmark-Job-TZWPHG-1\bin\Release\net11.0
// BeforeAnythingElse

// Benchmark Process Environment Information:
// BenchmarkDotNet v0.16.0-preview.1
// Runtime=.NET 11.0.0 (11.0.0-preview.6.26359.118, 11.0.26.36018), X64 RyuJIT x86-64-v4
// GC=Concurrent Workstation
// HardwareIntrinsics=AVX512 BITALG+VBMI2+VNNI+VPOPCNTDQ,AVX512 IFMA+VBMI,AVX512 F+BW+CD+DQ+VL,AVX2+BMI1+BMI2+F16C+FMA+LZCNT+MOVBE,AVX,SSE3+SSSE3+SSE4.1+SSE4.2+POPCNT,X86Base+SSE+SSE2,AES+PCLMUL VectorSize=256
// Job: Job-TZWPHG(IterationCount=20, LaunchCount=3, WarmupCount=8)

WorkloadJitting  1: 32 op, 61500.00 ns, 1.9219 us/op
WorkloadJitting  2: 960 op, 165600.00 ns, 172.5000 ns/op
WorkloadJitting  3: 960 op, 172600.00 ns, 179.7917 ns/op
WorkloadJitting  4: 960 op, 160800.00 ns, 167.5000 ns/op
WorkloadJitting  5: 32 op, 7800.00 ns, 243.7500 ns/op

WorkloadPilot    1: 32 op, 7100.00 ns, 221.8750 ns/op

WorkloadPilot    1: 512 op, 86100.00 ns, 168.1641 ns/op
WorkloadPilot    2: 1024 op, 174600.00 ns, 170.5078 ns/op
WorkloadPilot    3: 2048 op, 340000.00 ns, 166.0156 ns/op
WorkloadPilot    4: 4096 op, 685800.00 ns, 167.4316 ns/op
WorkloadPilot    5: 8192 op, 1385700.00 ns, 169.1528 ns/op
WorkloadPilot    6: 16384 op, 2723800.00 ns, 166.2476 ns/op
WorkloadPilot    7: 32768 op, 5472900.00 ns, 167.0197 ns/op
WorkloadPilot    8: 65536 op, 10940200.00 ns, 166.9342 ns/op
WorkloadPilot    9: 131072 op, 21843900.00 ns, 166.6557 ns/op
WorkloadPilot   10: 262144 op, 43718500.00 ns, 166.7728 ns/op
WorkloadPilot   11: 524288 op, 88198400.00 ns, 168.2251 ns/op
WorkloadPilot   12: 1048576 op, 176895200.00 ns, 168.7004 ns/op
WorkloadPilot   13: 2097152 op, 351032200.00 ns, 167.3852 ns/op
WorkloadPilot   14: 4194304 op, 700578800.00 ns, 167.0310 ns/op

WorkloadWarmup   1: 4194304 op, 703594900.00 ns, 167.7501 ns/op
WorkloadWarmup   2: 4194304 op, 699734200.00 ns, 166.8296 ns/op
WorkloadWarmup   3: 4194304 op, 704796100.00 ns, 168.0365 ns/op
WorkloadWarmup   4: 4194304 op, 718837700.00 ns, 171.3843 ns/op
WorkloadWarmup   5: 4194304 op, 704342100.00 ns, 167.9282 ns/op
WorkloadWarmup   6: 4194304 op, 703046600.00 ns, 167.6194 ns/op
WorkloadWarmup   7: 4194304 op, 699858900.00 ns, 166.8594 ns/op
WorkloadWarmup   8: 4194304 op, 701741200.00 ns, 167.3081 ns/op

// BeforeActualRun
WorkloadActual   1: 4194304 op, 704652800.00 ns, 168.0023 ns/op
WorkloadActual   2: 4194304 op, 701110700.00 ns, 167.1578 ns/op
WorkloadActual   3: 4194304 op, 706117800.00 ns, 168.3516 ns/op
WorkloadActual   4: 4194304 op, 699679700.00 ns, 166.8166 ns/op
WorkloadActual   5: 4194304 op, 701683900.00 ns, 167.2945 ns/op
WorkloadActual   6: 4194304 op, 700727500.00 ns, 167.0665 ns/op
WorkloadActual   7: 4194304 op, 704787800.00 ns, 168.0345 ns/op
WorkloadActual   8: 4194304 op, 701321600.00 ns, 167.2081 ns/op
WorkloadActual   9: 4194304 op, 705617000.00 ns, 168.2322 ns/op
WorkloadActual  10: 4194304 op, 699611500.00 ns, 166.8004 ns/op
WorkloadActual  11: 4194304 op, 704806700.00 ns, 168.0390 ns/op
WorkloadActual  12: 4194304 op, 702723600.00 ns, 167.5424 ns/op
WorkloadActual  13: 4194304 op, 698609500.00 ns, 166.5615 ns/op
WorkloadActual  14: 4194304 op, 704567600.00 ns, 167.9820 ns/op
WorkloadActual  15: 4194304 op, 700207000.00 ns, 166.9424 ns/op
WorkloadActual  16: 4194304 op, 703312600.00 ns, 167.6828 ns/op
WorkloadActual  17: 4194304 op, 700621100.00 ns, 167.0411 ns/op
WorkloadActual  18: 4194304 op, 701942300.00 ns, 167.3561 ns/op
WorkloadActual  19: 4194304 op, 700891500.00 ns, 167.1056 ns/op
WorkloadActual  20: 4194304 op, 701289700.00 ns, 167.2005 ns/op

// AfterActualRun
WorkloadResult   1: 4194304 op, 704652800.00 ns, 168.0023 ns/op
WorkloadResult   2: 4194304 op, 701110700.00 ns, 167.1578 ns/op
WorkloadResult   3: 4194304 op, 706117800.00 ns, 168.3516 ns/op
WorkloadResult   4: 4194304 op, 699679700.00 ns, 166.8166 ns/op
WorkloadResult   5: 4194304 op, 701683900.00 ns, 167.2945 ns/op
WorkloadResult   6: 4194304 op, 700727500.00 ns, 167.0665 ns/op
WorkloadResult   7: 4194304 op, 704787800.00 ns, 168.0345 ns/op
WorkloadResult   8: 4194304 op, 701321600.00 ns, 167.2081 ns/op
WorkloadResult   9: 4194304 op, 705617000.00 ns, 168.2322 ns/op
WorkloadResult  10: 4194304 op, 699611500.00 ns, 166.8004 ns/op
WorkloadResult  11: 4194304 op, 704806700.00 ns, 168.0390 ns/op
WorkloadResult  12: 4194304 op, 702723600.00 ns, 167.5424 ns/op
WorkloadResult  13: 4194304 op, 698609500.00 ns, 166.5615 ns/op
WorkloadResult  14: 4194304 op, 704567600.00 ns, 167.9820 ns/op
WorkloadResult  15: 4194304 op, 700207000.00 ns, 166.9424 ns/op
WorkloadResult  16: 4194304 op, 703312600.00 ns, 167.6828 ns/op
WorkloadResult  17: 4194304 op, 700621100.00 ns, 167.0411 ns/op
WorkloadResult  18: 4194304 op, 701942300.00 ns, 167.3561 ns/op
WorkloadResult  19: 4194304 op, 700891500.00 ns, 167.1056 ns/op
WorkloadResult  20: 4194304 op, 701289700.00 ns, 167.2005 ns/op

// AfterAll
// Benchmark Process 15452 has exited with code 0.

Mean = 167.540 ns, StdErr = 0.064 ns (0.04%), N = 58, StdDev = 0.485 ns
Min = 166.561 ns, Q1 = 167.202 ns, Median = 167.461 ns, Q3 = 167.963 ns, Max = 168.748 ns
IQR = 0.761 ns, LowerFence = 166.061 ns, UpperFence = 169.104 ns
ConfidenceInterval = [167.319 ns; 167.761 ns] (CI 99.9%), Margin = 0.221 ns (0.13% of Mean)
Skewness = 0.33, Kurtosis = 2.29, MValue = 2

// ** Remained 35 (77.8%) benchmark(s) to run. Estimated finish 2026-08-31 20:15 (0h 41m from now) **
Setup power plan (GUID: 8c5e7fda-e8bf-4a96-9a85-a6e23a8c635c FriendlyName: High performance)
// **************************
// Benchmark: SideMetadataBenchmarks.Reset1MiB: Job-TZWPHG(IterationCount=20, LaunchCount=3, WarmupCount=8) [LogReferenceCountBits=1]
// *** Execute ***
// Launch: 1 / 3
// Execute: dotnet side-metadata-benchmark-Job-TZWPHG-1.dll --ipcPort 55832 --benchmarkName "P21.SideMetadataBenchmarks.Reset1MiB(LogReferenceCountBits: 1)" --job "IterationCount=20, LaunchCount=3, WarmupCount=8" --diagnoserRunMode 0 --benchmarkId 10 in R:\artifacts\bin\side-metadata-benchmark\Release\net11.0\side-metadata-benchmark-Job-TZWPHG-1\bin\Release\net11.0
// BeforeAnythingElse

// Benchmark Process Environment Information:
// BenchmarkDotNet v0.16.0-preview.1
// Runtime=.NET 11.0.0 (11.0.0-preview.6.26359.118, 11.0.26.36018), X64 RyuJIT x86-64-v4
// GC=Concurrent Workstation
// HardwareIntrinsics=AVX512 BITALG+VBMI2+VNNI+VPOPCNTDQ,AVX512 IFMA+VBMI,AVX512 F+BW+CD+DQ+VL,AVX2+BMI1+BMI2+F16C+FMA+LZCNT+MOVBE,AVX,SSE3+SSSE3+SSE4.1+SSE4.2+POPCNT,X86Base+SSE+SSE2,AES+PCLMUL VectorSize=256
// Job: Job-TZWPHG(IterationCount=20, LaunchCount=3, WarmupCount=8)

WorkloadJitting  1: 8 op, 72000.00 ns, 9.0000 us/op
WorkloadJitting  2: 240 op, 457600.00 ns, 1.9067 us/op
WorkloadJitting  3: 240 op, 508000.00 ns, 2.1167 us/op
WorkloadJitting  4: 240 op, 455600.00 ns, 1.8983 us/op
WorkloadJitting  5: 8 op, 18300.00 ns, 2.2875 us/op

WorkloadPilot    1: 8 op, 16700.00 ns, 2.0875 us/op

WorkloadPilot    1: 128 op, 234600.00 ns, 1.8328 us/op
WorkloadPilot    2: 256 op, 489900.00 ns, 1.9137 us/op
WorkloadPilot    3: 512 op, 957500.00 ns, 1.8701 us/op
WorkloadPilot    4: 1024 op, 1981800.00 ns, 1.9354 us/op
WorkloadPilot    5: 2048 op, 3873400.00 ns, 1.8913 us/op
WorkloadPilot    6: 4096 op, 7556400.00 ns, 1.8448 us/op
WorkloadPilot    7: 8192 op, 15175500.00 ns, 1.8525 us/op
WorkloadPilot    8: 16384 op, 30326600.00 ns, 1.8510 us/op
WorkloadPilot    9: 32768 op, 60769800.00 ns, 1.8545 us/op
WorkloadPilot   10: 65536 op, 121126500.00 ns, 1.8482 us/op
WorkloadPilot   11: 131072 op, 244817200.00 ns, 1.8678 us/op
WorkloadPilot   12: 262144 op, 487128800.00 ns, 1.8582 us/op
WorkloadPilot   13: 524288 op, 979833300.00 ns, 1.8689 us/op

WorkloadWarmup   1: 524288 op, 976608800.00 ns, 1.8627 us/op
WorkloadWarmup   2: 524288 op, 976195300.00 ns, 1.8619 us/op
WorkloadWarmup   3: 524288 op, 989976000.00 ns, 1.8882 us/op
WorkloadWarmup   4: 524288 op, 975334600.00 ns, 1.8603 us/op
WorkloadWarmup   5: 524288 op, 973907400.00 ns, 1.8576 us/op
WorkloadWarmup   6: 524288 op, 978969500.00 ns, 1.8672 us/op
WorkloadWarmup   7: 524288 op, 978917700.00 ns, 1.8671 us/op
WorkloadWarmup   8: 524288 op, 980569900.00 ns, 1.8703 us/op

// BeforeActualRun
WorkloadActual   1: 524288 op, 977441400.00 ns, 1.8643 us/op
WorkloadActual   2: 524288 op, 980314300.00 ns, 1.8698 us/op
WorkloadActual   3: 524288 op, 974182600.00 ns, 1.8581 us/op
WorkloadActual   4: 524288 op, 977004200.00 ns, 1.8635 us/op
WorkloadActual   5: 524288 op, 977563100.00 ns, 1.8646 us/op
WorkloadActual   6: 524288 op, 975151400.00 ns, 1.8600 us/op
WorkloadActual   7: 524288 op, 979732600.00 ns, 1.8687 us/op
WorkloadActual   8: 524288 op, 977574200.00 ns, 1.8646 us/op
WorkloadActual   9: 524288 op, 975584900.00 ns, 1.8608 us/op
WorkloadActual  10: 524288 op, 978127700.00 ns, 1.8656 us/op
WorkloadActual  11: 524288 op, 979483600.00 ns, 1.8682 us/op
WorkloadActual  12: 524288 op, 971896600.00 ns, 1.8537 us/op
WorkloadActual  13: 524288 op, 979285300.00 ns, 1.8678 us/op
WorkloadActual  14: 524288 op, 973452000.00 ns, 1.8567 us/op
WorkloadActual  15: 524288 op, 977246100.00 ns, 1.8639 us/op
WorkloadActual  16: 524288 op, 974051800.00 ns, 1.8579 us/op
WorkloadActual  17: 524288 op, 977436300.00 ns, 1.8643 us/op
WorkloadActual  18: 524288 op, 978135600.00 ns, 1.8656 us/op
WorkloadActual  19: 524288 op, 976802600.00 ns, 1.8631 us/op
WorkloadActual  20: 524288 op, 974031000.00 ns, 1.8578 us/op

// AfterActualRun
WorkloadResult   1: 524288 op, 977441400.00 ns, 1.8643 us/op
WorkloadResult   2: 524288 op, 980314300.00 ns, 1.8698 us/op
WorkloadResult   3: 524288 op, 974182600.00 ns, 1.8581 us/op
WorkloadResult   4: 524288 op, 977004200.00 ns, 1.8635 us/op
WorkloadResult   5: 524288 op, 977563100.00 ns, 1.8646 us/op
WorkloadResult   6: 524288 op, 975151400.00 ns, 1.8600 us/op
WorkloadResult   7: 524288 op, 979732600.00 ns, 1.8687 us/op
WorkloadResult   8: 524288 op, 977574200.00 ns, 1.8646 us/op
WorkloadResult   9: 524288 op, 975584900.00 ns, 1.8608 us/op
WorkloadResult  10: 524288 op, 978127700.00 ns, 1.8656 us/op
WorkloadResult  11: 524288 op, 979483600.00 ns, 1.8682 us/op
WorkloadResult  12: 524288 op, 971896600.00 ns, 1.8537 us/op
WorkloadResult  13: 524288 op, 979285300.00 ns, 1.8678 us/op
WorkloadResult  14: 524288 op, 973452000.00 ns, 1.8567 us/op
WorkloadResult  15: 524288 op, 977246100.00 ns, 1.8639 us/op
WorkloadResult  16: 524288 op, 974051800.00 ns, 1.8579 us/op
WorkloadResult  17: 524288 op, 977436300.00 ns, 1.8643 us/op
WorkloadResult  18: 524288 op, 978135600.00 ns, 1.8656 us/op
WorkloadResult  19: 524288 op, 976802600.00 ns, 1.8631 us/op
WorkloadResult  20: 524288 op, 974031000.00 ns, 1.8578 us/op

// AfterAll
// Benchmark Process 39784 has exited with code 0.
// Launch: 2 / 3
// Execute: dotnet side-metadata-benchmark-Job-TZWPHG-1.dll --ipcPort 61991 --benchmarkName "P21.SideMetadataBenchmarks.Reset1MiB(LogReferenceCountBits: 1)" --job "IterationCount=20, LaunchCount=3, WarmupCount=8" --diagnoserRunMode 0 --benchmarkId 10 in R:\artifacts\bin\side-metadata-benchmark\Release\net11.0\side-metadata-benchmark-Job-TZWPHG-1\bin\Release\net11.0
// BeforeAnythingElse

// Benchmark Process Environment Information:
// BenchmarkDotNet v0.16.0-preview.1
// Runtime=.NET 11.0.0 (11.0.0-preview.6.26359.118, 11.0.26.36018), X64 RyuJIT x86-64-v4
// GC=Concurrent Workstation
// HardwareIntrinsics=AVX512 BITALG+VBMI2+VNNI+VPOPCNTDQ,AVX512 IFMA+VBMI,AVX512 F+BW+CD+DQ+VL,AVX2+BMI1+BMI2+F16C+FMA+LZCNT+MOVBE,AVX,SSE3+SSSE3+SSE4.1+SSE4.2+POPCNT,X86Base+SSE+SSE2,AES+PCLMUL VectorSize=256
// Job: Job-TZWPHG(IterationCount=20, LaunchCount=3, WarmupCount=8)

WorkloadJitting  1: 8 op, 74400.00 ns, 9.3000 us/op
WorkloadJitting  2: 240 op, 449600.00 ns, 1.8733 us/op
WorkloadJitting  3: 240 op, 471500.00 ns, 1.9646 us/op
WorkloadJitting  4: 240 op, 483200.00 ns, 2.0133 us/op
WorkloadJitting  5: 8 op, 18400.00 ns, 2.3000 us/op

WorkloadPilot    1: 8 op, 18200.00 ns, 2.2750 us/op

WorkloadPilot    1: 128 op, 235200.00 ns, 1.8375 us/op
WorkloadPilot    2: 256 op, 482500.00 ns, 1.8848 us/op
WorkloadPilot    3: 512 op, 939500.00 ns, 1.8350 us/op
WorkloadPilot    4: 1024 op, 2382500.00 ns, 2.3267 us/op
WorkloadPilot    5: 2048 op, 3807800.00 ns, 1.8593 us/op
WorkloadPilot    6: 4096 op, 7570300.00 ns, 1.8482 us/op
WorkloadPilot    7: 8192 op, 15182100.00 ns, 1.8533 us/op
WorkloadPilot    8: 16384 op, 30430100.00 ns, 1.8573 us/op
WorkloadPilot    9: 32768 op, 60874000.00 ns, 1.8577 us/op
WorkloadPilot   10: 65536 op, 122142600.00 ns, 1.8637 us/op
WorkloadPilot   11: 131072 op, 242699300.00 ns, 1.8516 us/op
WorkloadPilot   12: 262144 op, 488171500.00 ns, 1.8622 us/op
WorkloadPilot   13: 524288 op, 975071000.00 ns, 1.8598 us/op

WorkloadWarmup   1: 524288 op, 978232200.00 ns, 1.8658 us/op
WorkloadWarmup   2: 524288 op, 978364000.00 ns, 1.8661 us/op
WorkloadWarmup   3: 524288 op, 976150600.00 ns, 1.8619 us/op
WorkloadWarmup   4: 524288 op, 973471600.00 ns, 1.8567 us/op
WorkloadWarmup   5: 524288 op, 972516100.00 ns, 1.8549 us/op
WorkloadWarmup   6: 524288 op, 978119900.00 ns, 1.8656 us/op
WorkloadWarmup   7: 524288 op, 979139900.00 ns, 1.8676 us/op
WorkloadWarmup   8: 524288 op, 975732200.00 ns, 1.8611 us/op

// BeforeActualRun
WorkloadActual   1: 524288 op, 977120000.00 ns, 1.8637 us/op
WorkloadActual   2: 524288 op, 975865300.00 ns, 1.8613 us/op
WorkloadActual   3: 524288 op, 977417100.00 ns, 1.8643 us/op
WorkloadActual   4: 524288 op, 973548100.00 ns, 1.8569 us/op
WorkloadActual   5: 524288 op, 973134500.00 ns, 1.8561 us/op
WorkloadActual   6: 524288 op, 972775500.00 ns, 1.8554 us/op
WorkloadActual   7: 524288 op, 976622500.00 ns, 1.8628 us/op
WorkloadActual   8: 524288 op, 977639600.00 ns, 1.8647 us/op
WorkloadActual   9: 524288 op, 976442800.00 ns, 1.8624 us/op
WorkloadActual  10: 524288 op, 979256500.00 ns, 1.8678 us/op
WorkloadActual  11: 524288 op, 976548800.00 ns, 1.8626 us/op
WorkloadActual  12: 524288 op, 972508400.00 ns, 1.8549 us/op
WorkloadActual  13: 524288 op, 976346200.00 ns, 1.8622 us/op
WorkloadActual  14: 524288 op, 979852000.00 ns, 1.8689 us/op
WorkloadActual  15: 524288 op, 977126000.00 ns, 1.8637 us/op
WorkloadActual  16: 524288 op, 976556900.00 ns, 1.8626 us/op
WorkloadActual  17: 524288 op, 974559100.00 ns, 1.8588 us/op
WorkloadActual  18: 524288 op, 997365000.00 ns, 1.9023 us/op
WorkloadActual  19: 524288 op, 977857900.00 ns, 1.8651 us/op
WorkloadActual  20: 524288 op, 979854200.00 ns, 1.8689 us/op

// AfterActualRun
WorkloadResult   1: 524288 op, 977120000.00 ns, 1.8637 us/op
WorkloadResult   2: 524288 op, 975865300.00 ns, 1.8613 us/op
WorkloadResult   3: 524288 op, 977417100.00 ns, 1.8643 us/op
WorkloadResult   4: 524288 op, 973548100.00 ns, 1.8569 us/op
WorkloadResult   5: 524288 op, 973134500.00 ns, 1.8561 us/op
WorkloadResult   6: 524288 op, 972775500.00 ns, 1.8554 us/op
WorkloadResult   7: 524288 op, 976622500.00 ns, 1.8628 us/op
WorkloadResult   8: 524288 op, 977639600.00 ns, 1.8647 us/op
WorkloadResult   9: 524288 op, 976442800.00 ns, 1.8624 us/op
WorkloadResult  10: 524288 op, 979256500.00 ns, 1.8678 us/op
WorkloadResult  11: 524288 op, 976548800.00 ns, 1.8626 us/op
WorkloadResult  12: 524288 op, 972508400.00 ns, 1.8549 us/op
WorkloadResult  13: 524288 op, 976346200.00 ns, 1.8622 us/op
WorkloadResult  14: 524288 op, 979852000.00 ns, 1.8689 us/op
WorkloadResult  15: 524288 op, 977126000.00 ns, 1.8637 us/op
WorkloadResult  16: 524288 op, 976556900.00 ns, 1.8626 us/op
WorkloadResult  17: 524288 op, 974559100.00 ns, 1.8588 us/op
WorkloadResult  18: 524288 op, 977857900.00 ns, 1.8651 us/op
WorkloadResult  19: 524288 op, 979854200.00 ns, 1.8689 us/op

// AfterAll
// Benchmark Process 17424 has exited with code 0.
// Launch: 3 / 3
// Execute: dotnet side-metadata-benchmark-Job-TZWPHG-1.dll --ipcPort 62021 --benchmarkName "P21.SideMetadataBenchmarks.Reset1MiB(LogReferenceCountBits: 1)" --job "IterationCount=20, LaunchCount=3, WarmupCount=8" --diagnoserRunMode 0 --benchmarkId 10 in R:\artifacts\bin\side-metadata-benchmark\Release\net11.0\side-metadata-benchmark-Job-TZWPHG-1\bin\Release\net11.0
// BeforeAnythingElse

// Benchmark Process Environment Information:
// BenchmarkDotNet v0.16.0-preview.1
// Runtime=.NET 11.0.0 (11.0.0-preview.6.26359.118, 11.0.26.36018), X64 RyuJIT x86-64-v4
// GC=Concurrent Workstation
// HardwareIntrinsics=AVX512 BITALG+VBMI2+VNNI+VPOPCNTDQ,AVX512 IFMA+VBMI,AVX512 F+BW+CD+DQ+VL,AVX2+BMI1+BMI2+F16C+FMA+LZCNT+MOVBE,AVX,SSE3+SSSE3+SSE4.1+SSE4.2+POPCNT,X86Base+SSE+SSE2,AES+PCLMUL VectorSize=256
// Job: Job-TZWPHG(IterationCount=20, LaunchCount=3, WarmupCount=8)

WorkloadJitting  1: 8 op, 94800.00 ns, 11.8500 us/op
WorkloadJitting  2: 240 op, 465900.00 ns, 1.9413 us/op
WorkloadJitting  3: 240 op, 448500.00 ns, 1.8688 us/op
WorkloadJitting  4: 240 op, 484600.00 ns, 2.0192 us/op
WorkloadJitting  5: 8 op, 17800.00 ns, 2.2250 us/op

WorkloadPilot    1: 8 op, 17400.00 ns, 2.1750 us/op

WorkloadPilot    1: 128 op, 234400.00 ns, 1.8313 us/op
WorkloadPilot    2: 256 op, 473000.00 ns, 1.8477 us/op
WorkloadPilot    3: 512 op, 948200.00 ns, 1.8520 us/op
WorkloadPilot    4: 1024 op, 1923100.00 ns, 1.8780 us/op
WorkloadPilot    5: 2048 op, 3824300.00 ns, 1.8673 us/op
WorkloadPilot    6: 4096 op, 7598400.00 ns, 1.8551 us/op
WorkloadPilot    7: 8192 op, 15188300.00 ns, 1.8540 us/op
WorkloadPilot    8: 16384 op, 30365500.00 ns, 1.8534 us/op
WorkloadPilot    9: 32768 op, 61087500.00 ns, 1.8642 us/op
WorkloadPilot   10: 65536 op, 121343500.00 ns, 1.8516 us/op
WorkloadPilot   11: 131072 op, 242994200.00 ns, 1.8539 us/op
WorkloadPilot   12: 262144 op, 489238200.00 ns, 1.8663 us/op
WorkloadPilot   13: 524288 op, 970534600.00 ns, 1.8511 us/op

WorkloadWarmup   1: 524288 op, 974981700.00 ns, 1.8596 us/op
WorkloadWarmup   2: 524288 op, 980343200.00 ns, 1.8699 us/op
WorkloadWarmup   3: 524288 op, 976317600.00 ns, 1.8622 us/op
WorkloadWarmup   4: 524288 op, 975229100.00 ns, 1.8601 us/op
WorkloadWarmup   5: 524288 op, 977531700.00 ns, 1.8645 us/op
WorkloadWarmup   6: 524288 op, 976100800.00 ns, 1.8618 us/op
WorkloadWarmup   7: 524288 op, 974910800.00 ns, 1.8595 us/op
WorkloadWarmup   8: 524288 op, 977456300.00 ns, 1.8643 us/op

// BeforeActualRun
WorkloadActual   1: 524288 op, 973389900.00 ns, 1.8566 us/op
WorkloadActual   2: 524288 op, 974234200.00 ns, 1.8582 us/op
WorkloadActual   3: 524288 op, 975120700.00 ns, 1.8599 us/op
WorkloadActual   4: 524288 op, 975648300.00 ns, 1.8609 us/op
WorkloadActual   5: 524288 op, 981499600.00 ns, 1.8721 us/op
WorkloadActual   6: 524288 op, 977384100.00 ns, 1.8642 us/op
WorkloadActual   7: 524288 op, 974960000.00 ns, 1.8596 us/op
WorkloadActual   8: 524288 op, 978976800.00 ns, 1.8673 us/op
WorkloadActual   9: 524288 op, 972974700.00 ns, 1.8558 us/op
WorkloadActual  10: 524288 op, 979995900.00 ns, 1.8692 us/op
WorkloadActual  11: 524288 op, 984442000.00 ns, 1.8777 us/op
WorkloadActual  12: 524288 op, 975088800.00 ns, 1.8598 us/op
WorkloadActual  13: 524288 op, 975467200.00 ns, 1.8606 us/op
WorkloadActual  14: 524288 op, 973675300.00 ns, 1.8571 us/op
WorkloadActual  15: 524288 op, 970291900.00 ns, 1.8507 us/op
WorkloadActual  16: 524288 op, 973777000.00 ns, 1.8573 us/op
WorkloadActual  17: 524288 op, 982034400.00 ns, 1.8731 us/op
WorkloadActual  18: 524288 op, 974400300.00 ns, 1.8585 us/op
WorkloadActual  19: 524288 op, 972539000.00 ns, 1.8550 us/op
WorkloadActual  20: 524288 op, 973227300.00 ns, 1.8563 us/op

// AfterActualRun
WorkloadResult   1: 524288 op, 973389900.00 ns, 1.8566 us/op
WorkloadResult   2: 524288 op, 974234200.00 ns, 1.8582 us/op
WorkloadResult   3: 524288 op, 975120700.00 ns, 1.8599 us/op
WorkloadResult   4: 524288 op, 975648300.00 ns, 1.8609 us/op
WorkloadResult   5: 524288 op, 981499600.00 ns, 1.8721 us/op
WorkloadResult   6: 524288 op, 977384100.00 ns, 1.8642 us/op
WorkloadResult   7: 524288 op, 974960000.00 ns, 1.8596 us/op
WorkloadResult   8: 524288 op, 978976800.00 ns, 1.8673 us/op
WorkloadResult   9: 524288 op, 972974700.00 ns, 1.8558 us/op
WorkloadResult  10: 524288 op, 979995900.00 ns, 1.8692 us/op
WorkloadResult  11: 524288 op, 975088800.00 ns, 1.8598 us/op
WorkloadResult  12: 524288 op, 975467200.00 ns, 1.8606 us/op
WorkloadResult  13: 524288 op, 973675300.00 ns, 1.8571 us/op
WorkloadResult  14: 524288 op, 970291900.00 ns, 1.8507 us/op
WorkloadResult  15: 524288 op, 973777000.00 ns, 1.8573 us/op
WorkloadResult  16: 524288 op, 982034400.00 ns, 1.8731 us/op
WorkloadResult  17: 524288 op, 974400300.00 ns, 1.8585 us/op
WorkloadResult  18: 524288 op, 972539000.00 ns, 1.8550 us/op
WorkloadResult  19: 524288 op, 973227300.00 ns, 1.8563 us/op

// AfterAll
// Benchmark Process 23584 has exited with code 0.

Mean = 1.862 us, StdErr = 0.001 us (0.03%), N = 58, StdDev = 0.005 us
Min = 1.851 us, Q1 = 1.858 us, Median = 1.863 us, Q3 = 1.865 us, Max = 1.873 us
IQR = 0.007 us, LowerFence = 1.848 us, UpperFence = 1.875 us
ConfidenceInterval = [1.860 us; 1.864 us] (CI 99.9%), Margin = 0.002 us (0.12% of Mean)
Skewness = 0.09, Kurtosis = 2.33, MValue = 2

// ** Remained 34 (75.6%) benchmark(s) to run. Estimated finish 2026-08-31 20:17 (0h 41m from now) **
Setup power plan (GUID: 8c5e7fda-e8bf-4a96-9a85-a6e23a8c635c FriendlyName: High performance)
// **************************
// Benchmark: SideMetadataBenchmarks.ExtraCasSensitivity: Job-TZWPHG(IterationCount=20, LaunchCount=3, WarmupCount=8) [LogReferenceCountBits=1]
// *** Execute ***
// Launch: 1 / 3
// Execute: dotnet side-metadata-benchmark-Job-TZWPHG-1.dll --ipcPort 60919 --benchmarkName "P21.SideMetadataBenchmarks.ExtraCasSensitivity(LogReferenceCountBits: 1)" --job "IterationCount=20, LaunchCount=3, WarmupCount=8" --diagnoserRunMode 0 --benchmarkId 11 in R:\artifacts\bin\side-metadata-benchmark\Release\net11.0\side-metadata-benchmark-Job-TZWPHG-1\bin\Release\net11.0
// BeforeAnythingElse

// Benchmark Process Environment Information:
// BenchmarkDotNet v0.16.0-preview.1
// Runtime=.NET 11.0.0 (11.0.0-preview.6.26359.118, 11.0.26.36018), X64 RyuJIT x86-64-v4
// GC=Concurrent Workstation
// HardwareIntrinsics=AVX512 BITALG+VBMI2+VNNI+VPOPCNTDQ,AVX512 IFMA+VBMI,AVX512 F+BW+CD+DQ+VL,AVX2+BMI1+BMI2+F16C+FMA+LZCNT+MOVBE,AVX,SSE3+SSSE3+SSE4.1+SSE4.2+POPCNT,X86Base+SSE+SSE2,AES+PCLMUL VectorSize=256
// Job: Job-TZWPHG(IterationCount=20, LaunchCount=3, WarmupCount=8)

WorkloadJitting  1: 4096 op, 999800.00 ns, 244.0918 ns/op
WorkloadJitting  2: 122880 op, 28037000.00 ns, 228.1657 ns/op
WorkloadJitting  3: 122880 op, 27491300.00 ns, 223.7248 ns/op
WorkloadJitting  4: 122880 op, 25662800.00 ns, 208.8444 ns/op
WorkloadJitting  5: 4096 op, 874000.00 ns, 213.3789 ns/op

WorkloadPilot    1: 4096 op, 867200.00 ns, 211.7188 ns/op

WorkloadPilot    1: 65536 op, 13887100.00 ns, 211.9003 ns/op
WorkloadPilot    2: 131072 op, 27584700.00 ns, 210.4546 ns/op
WorkloadPilot    3: 262144 op, 54966700.00 ns, 209.6813 ns/op
WorkloadPilot    4: 524288 op, 109953900.00 ns, 209.7204 ns/op
WorkloadPilot    5: 1048576 op, 221879200.00 ns, 211.6005 ns/op
WorkloadPilot    6: 2097152 op, 445199700.00 ns, 212.2878 ns/op
WorkloadPilot    7: 4194304 op, 879415600.00 ns, 209.6690 ns/op

WorkloadWarmup   1: 4194304 op, 879535100.00 ns, 209.6975 ns/op
WorkloadWarmup   2: 4194304 op, 882358200.00 ns, 210.3706 ns/op
WorkloadWarmup   3: 4194304 op, 878939100.00 ns, 209.5554 ns/op
WorkloadWarmup   4: 4194304 op, 877528000.00 ns, 209.2190 ns/op
WorkloadWarmup   5: 4194304 op, 878364400.00 ns, 209.4184 ns/op
WorkloadWarmup   6: 4194304 op, 878699600.00 ns, 209.4983 ns/op
WorkloadWarmup   7: 4194304 op, 880212600.00 ns, 209.8590 ns/op
WorkloadWarmup   8: 4194304 op, 878098000.00 ns, 209.3549 ns/op

// BeforeActualRun
WorkloadActual   1: 4194304 op, 874859000.00 ns, 208.5826 ns/op
WorkloadActual   2: 4194304 op, 877039900.00 ns, 209.1026 ns/op
WorkloadActual   3: 4194304 op, 877888000.00 ns, 209.3048 ns/op
WorkloadActual   4: 4194304 op, 881432300.00 ns, 210.1498 ns/op
WorkloadActual   5: 4194304 op, 874511200.00 ns, 208.4997 ns/op
WorkloadActual   6: 4194304 op, 879963900.00 ns, 209.7997 ns/op
WorkloadActual   7: 4194304 op, 881034400.00 ns, 210.0550 ns/op
WorkloadActual   8: 4194304 op, 876855000.00 ns, 209.0585 ns/op
WorkloadActual   9: 4194304 op, 879624800.00 ns, 209.7189 ns/op
WorkloadActual  10: 4194304 op, 877405600.00 ns, 209.1898 ns/op
WorkloadActual  11: 4194304 op, 879944000.00 ns, 209.7950 ns/op
WorkloadActual  12: 4194304 op, 883085200.00 ns, 210.5439 ns/op
WorkloadActual  13: 4194304 op, 879005600.00 ns, 209.5713 ns/op
WorkloadActual  14: 4194304 op, 879660600.00 ns, 209.7274 ns/op
WorkloadActual  15: 4194304 op, 877871200.00 ns, 209.3008 ns/op
WorkloadActual  16: 4194304 op, 877501200.00 ns, 209.2126 ns/op
WorkloadActual  17: 4194304 op, 882284200.00 ns, 210.3529 ns/op
WorkloadActual  18: 4194304 op, 879473500.00 ns, 209.6828 ns/op
WorkloadActual  19: 4194304 op, 875915100.00 ns, 208.8344 ns/op
WorkloadActual  20: 4194304 op, 883860400.00 ns, 210.7287 ns/op

// AfterActualRun
WorkloadResult   1: 4194304 op, 874859000.00 ns, 208.5826 ns/op
WorkloadResult   2: 4194304 op, 877039900.00 ns, 209.1026 ns/op
WorkloadResult   3: 4194304 op, 877888000.00 ns, 209.3048 ns/op
WorkloadResult   4: 4194304 op, 881432300.00 ns, 210.1498 ns/op
WorkloadResult   5: 4194304 op, 874511200.00 ns, 208.4997 ns/op
WorkloadResult   6: 4194304 op, 879963900.00 ns, 209.7997 ns/op
WorkloadResult   7: 4194304 op, 881034400.00 ns, 210.0550 ns/op
WorkloadResult   8: 4194304 op, 876855000.00 ns, 209.0585 ns/op
WorkloadResult   9: 4194304 op, 879624800.00 ns, 209.7189 ns/op
WorkloadResult  10: 4194304 op, 877405600.00 ns, 209.1898 ns/op
WorkloadResult  11: 4194304 op, 879944000.00 ns, 209.7950 ns/op
WorkloadResult  12: 4194304 op, 883085200.00 ns, 210.5439 ns/op
WorkloadResult  13: 4194304 op, 879005600.00 ns, 209.5713 ns/op
WorkloadResult  14: 4194304 op, 879660600.00 ns, 209.7274 ns/op
WorkloadResult  15: 4194304 op, 877871200.00 ns, 209.3008 ns/op
WorkloadResult  16: 4194304 op, 877501200.00 ns, 209.2126 ns/op
WorkloadResult  17: 4194304 op, 882284200.00 ns, 210.3529 ns/op
WorkloadResult  18: 4194304 op, 879473500.00 ns, 209.6828 ns/op
WorkloadResult  19: 4194304 op, 875915100.00 ns, 208.8344 ns/op
WorkloadResult  20: 4194304 op, 883860400.00 ns, 210.7287 ns/op

// AfterAll
// Benchmark Process 38624 has exited with code 0.
// Launch: 2 / 3
// Execute: dotnet side-metadata-benchmark-Job-TZWPHG-1.dll --ipcPort 60947 --benchmarkName "P21.SideMetadataBenchmarks.ExtraCasSensitivity(LogReferenceCountBits: 1)" --job "IterationCount=20, LaunchCount=3, WarmupCount=8" --diagnoserRunMode 0 --benchmarkId 11 in R:\artifacts\bin\side-metadata-benchmark\Release\net11.0\side-metadata-benchmark-Job-TZWPHG-1\bin\Release\net11.0
// BeforeAnythingElse

// Benchmark Process Environment Information:
// BenchmarkDotNet v0.16.0-preview.1
// Runtime=.NET 11.0.0 (11.0.0-preview.6.26359.118, 11.0.26.36018), X64 RyuJIT x86-64-v4
// GC=Concurrent Workstation
// HardwareIntrinsics=AVX512 BITALG+VBMI2+VNNI+VPOPCNTDQ,AVX512 IFMA+VBMI,AVX512 F+BW+CD+DQ+VL,AVX2+BMI1+BMI2+F16C+FMA+LZCNT+MOVBE,AVX,SSE3+SSSE3+SSE4.1+SSE4.2+POPCNT,X86Base+SSE+SSE2,AES+PCLMUL VectorSize=256
// Job: Job-TZWPHG(IterationCount=20, LaunchCount=3, WarmupCount=8)

WorkloadJitting  1: 4096 op, 942000.00 ns, 229.9805 ns/op
WorkloadJitting  2: 122880 op, 26318800.00 ns, 214.1829 ns/op
WorkloadJitting  3: 122880 op, 26133400.00 ns, 212.6742 ns/op
WorkloadJitting  4: 122880 op, 26133000.00 ns, 212.6709 ns/op
WorkloadJitting  5: 4096 op, 848800.00 ns, 207.2266 ns/op

WorkloadPilot    1: 4096 op, 883900.00 ns, 215.7959 ns/op

WorkloadPilot    1: 65536 op, 13822300.00 ns, 210.9116 ns/op
WorkloadPilot    2: 131072 op, 27857500.00 ns, 212.5359 ns/op
WorkloadPilot    3: 262144 op, 56885200.00 ns, 216.9998 ns/op
WorkloadPilot    4: 524288 op, 111732400.00 ns, 213.1126 ns/op
WorkloadPilot    5: 1048576 op, 224494000.00 ns, 214.0942 ns/op
WorkloadPilot    6: 2097152 op, 450051400.00 ns, 214.6012 ns/op
WorkloadPilot    7: 4194304 op, 893129300.00 ns, 212.9386 ns/op

WorkloadWarmup   1: 4194304 op, 892334200.00 ns, 212.7491 ns/op
WorkloadWarmup   2: 4194304 op, 897497600.00 ns, 213.9801 ns/op
WorkloadWarmup   3: 4194304 op, 894398900.00 ns, 213.2413 ns/op
WorkloadWarmup   4: 4194304 op, 901977400.00 ns, 215.0482 ns/op
WorkloadWarmup   5: 4194304 op, 894178100.00 ns, 213.1887 ns/op
WorkloadWarmup   6: 4194304 op, 901691300.00 ns, 214.9800 ns/op
WorkloadWarmup   7: 4194304 op, 895985300.00 ns, 213.6195 ns/op
WorkloadWarmup   8: 4194304 op, 894443200.00 ns, 213.2519 ns/op

// BeforeActualRun
WorkloadActual   1: 4194304 op, 905493600.00 ns, 215.8865 ns/op
WorkloadActual   2: 4194304 op, 895231700.00 ns, 213.4399 ns/op
WorkloadActual   3: 4194304 op, 892892500.00 ns, 212.8822 ns/op
WorkloadActual   4: 4194304 op, 893104400.00 ns, 212.9327 ns/op
WorkloadActual   5: 4194304 op, 891948900.00 ns, 212.6572 ns/op
WorkloadActual   6: 4194304 op, 898916900.00 ns, 214.3185 ns/op
WorkloadActual   7: 4194304 op, 893841400.00 ns, 213.1084 ns/op
WorkloadActual   8: 4194304 op, 894429800.00 ns, 213.2487 ns/op
WorkloadActual   9: 4194304 op, 898011900.00 ns, 214.1027 ns/op
WorkloadActual  10: 4194304 op, 898424500.00 ns, 214.2011 ns/op
WorkloadActual  11: 4194304 op, 895781200.00 ns, 213.5709 ns/op
WorkloadActual  12: 4194304 op, 899473400.00 ns, 214.4512 ns/op
WorkloadActual  13: 4194304 op, 894070000.00 ns, 213.1629 ns/op
WorkloadActual  14: 4194304 op, 897420500.00 ns, 213.9617 ns/op
WorkloadActual  15: 4194304 op, 893775100.00 ns, 213.0926 ns/op
WorkloadActual  16: 4194304 op, 892394300.00 ns, 212.7634 ns/op
WorkloadActual  17: 4194304 op, 898593100.00 ns, 214.2413 ns/op
WorkloadActual  18: 4194304 op, 892990300.00 ns, 212.9055 ns/op
WorkloadActual  19: 4194304 op, 898270700.00 ns, 214.1644 ns/op
WorkloadActual  20: 4194304 op, 897609500.00 ns, 214.0068 ns/op

// AfterActualRun
WorkloadResult   1: 4194304 op, 895231700.00 ns, 213.4399 ns/op
WorkloadResult   2: 4194304 op, 892892500.00 ns, 212.8822 ns/op
WorkloadResult   3: 4194304 op, 893104400.00 ns, 212.9327 ns/op
WorkloadResult   4: 4194304 op, 891948900.00 ns, 212.6572 ns/op
WorkloadResult   5: 4194304 op, 898916900.00 ns, 214.3185 ns/op
WorkloadResult   6: 4194304 op, 893841400.00 ns, 213.1084 ns/op
WorkloadResult   7: 4194304 op, 894429800.00 ns, 213.2487 ns/op
WorkloadResult   8: 4194304 op, 898011900.00 ns, 214.1027 ns/op
WorkloadResult   9: 4194304 op, 898424500.00 ns, 214.2011 ns/op
WorkloadResult  10: 4194304 op, 895781200.00 ns, 213.5709 ns/op
WorkloadResult  11: 4194304 op, 899473400.00 ns, 214.4512 ns/op
WorkloadResult  12: 4194304 op, 894070000.00 ns, 213.1629 ns/op
WorkloadResult  13: 4194304 op, 897420500.00 ns, 213.9617 ns/op
WorkloadResult  14: 4194304 op, 893775100.00 ns, 213.0926 ns/op
WorkloadResult  15: 4194304 op, 892394300.00 ns, 212.7634 ns/op
WorkloadResult  16: 4194304 op, 898593100.00 ns, 214.2413 ns/op
WorkloadResult  17: 4194304 op, 892990300.00 ns, 212.9055 ns/op
WorkloadResult  18: 4194304 op, 898270700.00 ns, 214.1644 ns/op
WorkloadResult  19: 4194304 op, 897609500.00 ns, 214.0068 ns/op

// AfterAll
// Benchmark Process 21812 has exited with code 0.
// Launch: 3 / 3
// Execute: dotnet side-metadata-benchmark-Job-TZWPHG-1.dll --ipcPort 51363 --benchmarkName "P21.SideMetadataBenchmarks.ExtraCasSensitivity(LogReferenceCountBits: 1)" --job "IterationCount=20, LaunchCount=3, WarmupCount=8" --diagnoserRunMode 0 --benchmarkId 11 in R:\artifacts\bin\side-metadata-benchmark\Release\net11.0\side-metadata-benchmark-Job-TZWPHG-1\bin\Release\net11.0
// BeforeAnythingElse

// Benchmark Process Environment Information:
// BenchmarkDotNet v0.16.0-preview.1
// Runtime=.NET 11.0.0 (11.0.0-preview.6.26359.118, 11.0.26.36018), X64 RyuJIT x86-64-v4
// GC=Concurrent Workstation
// HardwareIntrinsics=AVX512 BITALG+VBMI2+VNNI+VPOPCNTDQ,AVX512 IFMA+VBMI,AVX512 F+BW+CD+DQ+VL,AVX2+BMI1+BMI2+F16C+FMA+LZCNT+MOVBE,AVX,SSE3+SSSE3+SSE4.1+SSE4.2+POPCNT,X86Base+SSE+SSE2,AES+PCLMUL VectorSize=256
// Job: Job-TZWPHG(IterationCount=20, LaunchCount=3, WarmupCount=8)

WorkloadJitting  1: 4096 op, 940500.00 ns, 229.6143 ns/op
WorkloadJitting  2: 122880 op, 25718700.00 ns, 209.2993 ns/op
WorkloadJitting  3: 122880 op, 25619400.00 ns, 208.4912 ns/op
WorkloadJitting  4: 122880 op, 25997000.00 ns, 211.5641 ns/op
WorkloadJitting  5: 4096 op, 875800.00 ns, 213.8184 ns/op

WorkloadPilot    1: 4096 op, 885600.00 ns, 216.2109 ns/op

WorkloadPilot    1: 65536 op, 15101400.00 ns, 230.4291 ns/op
WorkloadPilot    2: 131072 op, 28042800.00 ns, 213.9496 ns/op
WorkloadPilot    3: 262144 op, 55595000.00 ns, 212.0781 ns/op
WorkloadPilot    4: 524288 op, 112094700.00 ns, 213.8037 ns/op
WorkloadPilot    5: 1048576 op, 224499800.00 ns, 214.0997 ns/op
WorkloadPilot    6: 2097152 op, 448386600.00 ns, 213.8074 ns/op
WorkloadPilot    7: 4194304 op, 895385000.00 ns, 213.4764 ns/op

WorkloadWarmup   1: 4194304 op, 894281800.00 ns, 213.2134 ns/op
WorkloadWarmup   2: 4194304 op, 893828200.00 ns, 213.1052 ns/op
WorkloadWarmup   3: 4194304 op, 895547500.00 ns, 213.5152 ns/op
WorkloadWarmup   4: 4194304 op, 896206400.00 ns, 213.6723 ns/op
WorkloadWarmup   5: 4194304 op, 892638400.00 ns, 212.8216 ns/op
WorkloadWarmup   6: 4194304 op, 896746300.00 ns, 213.8010 ns/op
WorkloadWarmup   7: 4194304 op, 895360100.00 ns, 213.4705 ns/op
WorkloadWarmup   8: 4194304 op, 897639700.00 ns, 214.0140 ns/op

// BeforeActualRun
WorkloadActual   1: 4194304 op, 899153400.00 ns, 214.3749 ns/op
WorkloadActual   2: 4194304 op, 894436900.00 ns, 213.2504 ns/op
WorkloadActual   3: 4194304 op, 893649200.00 ns, 213.0626 ns/op
WorkloadActual   4: 4194304 op, 896461400.00 ns, 213.7331 ns/op
WorkloadActual   5: 4194304 op, 898431400.00 ns, 214.2027 ns/op
WorkloadActual   6: 4194304 op, 895048000.00 ns, 213.3961 ns/op
WorkloadActual   7: 4194304 op, 895871200.00 ns, 213.5923 ns/op
WorkloadActual   8: 4194304 op, 897793800.00 ns, 214.0507 ns/op
WorkloadActual   9: 4194304 op, 895097500.00 ns, 213.4079 ns/op
WorkloadActual  10: 4194304 op, 895551000.00 ns, 213.5160 ns/op
WorkloadActual  11: 4194304 op, 893797000.00 ns, 213.0978 ns/op
WorkloadActual  12: 4194304 op, 895266500.00 ns, 213.4482 ns/op
WorkloadActual  13: 4194304 op, 894296600.00 ns, 213.2169 ns/op
WorkloadActual  14: 4194304 op, 895364800.00 ns, 213.4716 ns/op
WorkloadActual  15: 4194304 op, 901983400.00 ns, 215.0496 ns/op
WorkloadActual  16: 4194304 op, 897127300.00 ns, 213.8918 ns/op
WorkloadActual  17: 4194304 op, 895927800.00 ns, 213.6058 ns/op
WorkloadActual  18: 4194304 op, 895299200.00 ns, 213.4560 ns/op
WorkloadActual  19: 4194304 op, 898664800.00 ns, 214.2584 ns/op
WorkloadActual  20: 4194304 op, 897555900.00 ns, 213.9940 ns/op

// AfterActualRun
WorkloadResult   1: 4194304 op, 899153400.00 ns, 214.3749 ns/op
WorkloadResult   2: 4194304 op, 894436900.00 ns, 213.2504 ns/op
WorkloadResult   3: 4194304 op, 893649200.00 ns, 213.0626 ns/op
WorkloadResult   4: 4194304 op, 896461400.00 ns, 213.7331 ns/op
WorkloadResult   5: 4194304 op, 898431400.00 ns, 214.2027 ns/op
WorkloadResult   6: 4194304 op, 895048000.00 ns, 213.3961 ns/op
WorkloadResult   7: 4194304 op, 895871200.00 ns, 213.5923 ns/op
WorkloadResult   8: 4194304 op, 897793800.00 ns, 214.0507 ns/op
WorkloadResult   9: 4194304 op, 895097500.00 ns, 213.4079 ns/op
WorkloadResult  10: 4194304 op, 895551000.00 ns, 213.5160 ns/op
WorkloadResult  11: 4194304 op, 893797000.00 ns, 213.0978 ns/op
WorkloadResult  12: 4194304 op, 895266500.00 ns, 213.4482 ns/op
WorkloadResult  13: 4194304 op, 894296600.00 ns, 213.2169 ns/op
WorkloadResult  14: 4194304 op, 895364800.00 ns, 213.4716 ns/op
WorkloadResult  15: 4194304 op, 897127300.00 ns, 213.8918 ns/op
WorkloadResult  16: 4194304 op, 895927800.00 ns, 213.6058 ns/op
WorkloadResult  17: 4194304 op, 895299200.00 ns, 213.4560 ns/op
WorkloadResult  18: 4194304 op, 898664800.00 ns, 214.2584 ns/op
WorkloadResult  19: 4194304 op, 897555900.00 ns, 213.9940 ns/op

// AfterAll
// Benchmark Process 21572 has exited with code 0.

Mean = 212.197 ns, StdErr = 0.263 ns (0.12%), N = 58, StdDev = 2.004 ns
Min = 208.500 ns, Q1 = 209.864 ns, Median = 213.136 ns, Q3 = 213.701 ns, Max = 214.451 ns
IQR = 3.838 ns, LowerFence = 204.107 ns, UpperFence = 219.458 ns
ConfidenceInterval = [211.284 ns; 213.111 ns] (CI 99.9%), Margin = 0.913 ns (0.43% of Mean)
Skewness = -0.6, Kurtosis = 1.63, MValue = 2

// ** Remained 33 (73.3%) benchmark(s) to run. Estimated finish 2026-08-31 20:17 (0h 40m from now) **
Setup power plan (GUID: 8c5e7fda-e8bf-4a96-9a85-a6e23a8c635c FriendlyName: High performance)
// **************************
// Benchmark: SideMetadataBenchmarks.ReserveAndFirstCommit: Job-TZWPHG(IterationCount=20, LaunchCount=3, WarmupCount=8) [LogReferenceCountBits=1]
// *** Execute ***
// Launch: 1 / 3
// Execute: dotnet side-metadata-benchmark-Job-TZWPHG-1.dll --ipcPort 51399 --benchmarkName "P21.SideMetadataBenchmarks.ReserveAndFirstCommit(LogReferenceCountBits: 1)" --job "IterationCount=20, LaunchCount=3, WarmupCount=8" --diagnoserRunMode 0 --benchmarkId 12 in R:\artifacts\bin\side-metadata-benchmark\Release\net11.0\side-metadata-benchmark-Job-TZWPHG-1\bin\Release\net11.0
// BeforeAnythingElse

// Benchmark Process Environment Information:
// BenchmarkDotNet v0.16.0-preview.1
// Runtime=.NET 11.0.0 (11.0.0-preview.6.26359.118, 11.0.26.36018), X64 RyuJIT x86-64-v4
// GC=Concurrent Workstation
// HardwareIntrinsics=AVX512 BITALG+VBMI2+VNNI+VPOPCNTDQ,AVX512 IFMA+VBMI,AVX512 F+BW+CD+DQ+VL,AVX2+BMI1+BMI2+F16C+FMA+LZCNT+MOVBE,AVX,SSE3+SSSE3+SSE4.1+SSE4.2+POPCNT,X86Base+SSE+SSE2,AES+PCLMUL VectorSize=256
// Job: Job-TZWPHG(IterationCount=20, LaunchCount=3, WarmupCount=8)

WorkloadJitting  1: 1 op, 1091800.00 ns, 1.0918 ms/op
WorkloadJitting  2: 30 op, 29795900.00 ns, 993.1967 us/op
WorkloadJitting  3: 30 op, 27799800.00 ns, 926.6600 us/op
WorkloadJitting  4: 30 op, 26939200.00 ns, 897.9733 us/op
WorkloadJitting  5: 1 op, 969900.00 ns, 969.9000 us/op

WorkloadPilot    1: 1 op, 897500.00 ns, 897.5000 us/op

WorkloadPilot    1: 16 op, 14585400.00 ns, 911.5875 us/op
WorkloadPilot    2: 32 op, 28716400.00 ns, 897.3875 us/op
WorkloadPilot    3: 64 op, 56460700.00 ns, 882.1984 us/op
WorkloadPilot    4: 128 op, 111435500.00 ns, 870.5898 us/op
WorkloadPilot    5: 256 op, 223250700.00 ns, 872.0730 us/op
WorkloadPilot    6: 512 op, 453034900.00 ns, 884.8338 us/op
WorkloadPilot    7: 1024 op, 905241400.00 ns, 884.0248 us/op

WorkloadWarmup   1: 1024 op, 900839000.00 ns, 879.7256 us/op
WorkloadWarmup   2: 1024 op, 904766900.00 ns, 883.5614 us/op
WorkloadWarmup   3: 1024 op, 909421300.00 ns, 888.1067 us/op
WorkloadWarmup   4: 1024 op, 905922600.00 ns, 884.6900 us/op
WorkloadWarmup   5: 1024 op, 905018600.00 ns, 883.8072 us/op
WorkloadWarmup   6: 1024 op, 905308600.00 ns, 884.0904 us/op
WorkloadWarmup   7: 1024 op, 900349700.00 ns, 879.2478 us/op
WorkloadWarmup   8: 1024 op, 908232300.00 ns, 886.9456 us/op

// BeforeActualRun
WorkloadActual   1: 1024 op, 913618000.00 ns, 892.2051 us/op
WorkloadActual   2: 1024 op, 913576700.00 ns, 892.1647 us/op
WorkloadActual   3: 1024 op, 906695700.00 ns, 885.4450 us/op
WorkloadActual   4: 1024 op, 905974100.00 ns, 884.7403 us/op
WorkloadActual   5: 1024 op, 905172600.00 ns, 883.9576 us/op
WorkloadActual   6: 1024 op, 905369900.00 ns, 884.1503 us/op
WorkloadActual   7: 1024 op, 913770300.00 ns, 892.3538 us/op
WorkloadActual   8: 1024 op, 906463900.00 ns, 885.2187 us/op
WorkloadActual   9: 1024 op, 902237500.00 ns, 881.0913 us/op
WorkloadActual  10: 1024 op, 907636100.00 ns, 886.3634 us/op
WorkloadActual  11: 1024 op, 909077200.00 ns, 887.7707 us/op
WorkloadActual  12: 1024 op, 903122300.00 ns, 881.9554 us/op
WorkloadActual  13: 1024 op, 903484800.00 ns, 882.3094 us/op
WorkloadActual  14: 1024 op, 901184300.00 ns, 880.0628 us/op
WorkloadActual  15: 1024 op, 899874200.00 ns, 878.7834 us/op
WorkloadActual  16: 1024 op, 906010800.00 ns, 884.7762 us/op
WorkloadActual  17: 1024 op, 904127700.00 ns, 882.9372 us/op
WorkloadActual  18: 1024 op, 901528500.00 ns, 880.3989 us/op
WorkloadActual  19: 1024 op, 905162400.00 ns, 883.9477 us/op
WorkloadActual  20: 1024 op, 900542500.00 ns, 879.4360 us/op

// AfterActualRun
WorkloadResult   1: 1024 op, 906695700.00 ns, 885.4450 us/op
WorkloadResult   2: 1024 op, 905974100.00 ns, 884.7403 us/op
WorkloadResult   3: 1024 op, 905172600.00 ns, 883.9576 us/op
WorkloadResult   4: 1024 op, 905369900.00 ns, 884.1503 us/op
WorkloadResult   5: 1024 op, 906463900.00 ns, 885.2187 us/op
WorkloadResult   6: 1024 op, 902237500.00 ns, 881.0913 us/op
WorkloadResult   7: 1024 op, 907636100.00 ns, 886.3634 us/op
WorkloadResult   8: 1024 op, 909077200.00 ns, 887.7707 us/op
WorkloadResult   9: 1024 op, 903122300.00 ns, 881.9554 us/op
WorkloadResult  10: 1024 op, 903484800.00 ns, 882.3094 us/op
WorkloadResult  11: 1024 op, 901184300.00 ns, 880.0628 us/op
WorkloadResult  12: 1024 op, 899874200.00 ns, 878.7834 us/op
WorkloadResult  13: 1024 op, 906010800.00 ns, 884.7762 us/op
WorkloadResult  14: 1024 op, 904127700.00 ns, 882.9372 us/op
WorkloadResult  15: 1024 op, 901528500.00 ns, 880.3989 us/op
WorkloadResult  16: 1024 op, 905162400.00 ns, 883.9477 us/op
WorkloadResult  17: 1024 op, 900542500.00 ns, 879.4360 us/op

// AfterAll
// Benchmark Process 32556 has exited with code 0.
// Launch: 2 / 3
// Execute: dotnet side-metadata-benchmark-Job-TZWPHG-1.dll --ipcPort 52528 --benchmarkName "P21.SideMetadataBenchmarks.ReserveAndFirstCommit(LogReferenceCountBits: 1)" --job "IterationCount=20, LaunchCount=3, WarmupCount=8" --diagnoserRunMode 0 --benchmarkId 12 in R:\artifacts\bin\side-metadata-benchmark\Release\net11.0\side-metadata-benchmark-Job-TZWPHG-1\bin\Release\net11.0
// BeforeAnythingElse

// Benchmark Process Environment Information:
// BenchmarkDotNet v0.16.0-preview.1
// Runtime=.NET 11.0.0 (11.0.0-preview.6.26359.118, 11.0.26.36018), X64 RyuJIT x86-64-v4
// GC=Concurrent Workstation
// HardwareIntrinsics=AVX512 BITALG+VBMI2+VNNI+VPOPCNTDQ,AVX512 IFMA+VBMI,AVX512 F+BW+CD+DQ+VL,AVX2+BMI1+BMI2+F16C+FMA+LZCNT+MOVBE,AVX,SSE3+SSSE3+SSE4.1+SSE4.2+POPCNT,X86Base+SSE+SSE2,AES+PCLMUL VectorSize=256
// Job: Job-TZWPHG(IterationCount=20, LaunchCount=3, WarmupCount=8)

WorkloadJitting  1: 1 op, 1160100.00 ns, 1.1601 ms/op
WorkloadJitting  2: 30 op, 29782900.00 ns, 992.7633 us/op
WorkloadJitting  3: 30 op, 26220700.00 ns, 874.0233 us/op
WorkloadJitting  4: 30 op, 26439200.00 ns, 881.3067 us/op
WorkloadJitting  5: 1 op, 907600.00 ns, 907.6000 us/op

WorkloadPilot    1: 1 op, 962400.00 ns, 962.4000 us/op

WorkloadPilot    1: 16 op, 13968000.00 ns, 873.0000 us/op
WorkloadPilot    2: 32 op, 30073600.00 ns, 939.8000 us/op
WorkloadPilot    3: 64 op, 56178600.00 ns, 877.7906 us/op
WorkloadPilot    4: 128 op, 113416200.00 ns, 886.0641 us/op
WorkloadPilot    5: 256 op, 229007600.00 ns, 894.5609 us/op
WorkloadPilot    6: 512 op, 458558300.00 ns, 895.6217 us/op
WorkloadPilot    7: 1024 op, 908943600.00 ns, 887.6402 us/op

WorkloadWarmup   1: 1024 op, 900697100.00 ns, 879.5870 us/op
WorkloadWarmup   2: 1024 op, 902369500.00 ns, 881.2202 us/op
WorkloadWarmup   3: 1024 op, 905388100.00 ns, 884.1681 us/op
WorkloadWarmup   4: 1024 op, 904342100.00 ns, 883.1466 us/op
WorkloadWarmup   5: 1024 op, 899055900.00 ns, 877.9843 us/op
WorkloadWarmup   6: 1024 op, 901115100.00 ns, 879.9952 us/op
WorkloadWarmup   7: 1024 op, 907011000.00 ns, 885.7529 us/op
WorkloadWarmup   8: 1024 op, 906171000.00 ns, 884.9326 us/op

// BeforeActualRun
WorkloadActual   1: 1024 op, 903664600.00 ns, 882.4850 us/op
WorkloadActual   2: 1024 op, 899023400.00 ns, 877.9525 us/op
WorkloadActual   3: 1024 op, 898107300.00 ns, 877.0579 us/op
WorkloadActual   4: 1024 op, 900852300.00 ns, 879.7386 us/op
WorkloadActual   5: 1024 op, 897425500.00 ns, 876.3921 us/op
WorkloadActual   6: 1024 op, 902451800.00 ns, 881.3006 us/op
WorkloadActual   7: 1024 op, 909262200.00 ns, 887.9514 us/op
WorkloadActual   8: 1024 op, 903595200.00 ns, 882.4172 us/op
WorkloadActual   9: 1024 op, 902448400.00 ns, 881.2973 us/op
WorkloadActual  10: 1024 op, 898779300.00 ns, 877.7142 us/op
WorkloadActual  11: 1024 op, 911634000.00 ns, 890.2676 us/op
WorkloadActual  12: 1024 op, 899458900.00 ns, 878.3778 us/op
WorkloadActual  13: 1024 op, 899494100.00 ns, 878.4122 us/op
WorkloadActual  14: 1024 op, 905407700.00 ns, 884.1872 us/op
WorkloadActual  15: 1024 op, 899865600.00 ns, 878.7750 us/op
WorkloadActual  16: 1024 op, 906356600.00 ns, 885.1139 us/op
WorkloadActual  17: 1024 op, 901260800.00 ns, 880.1375 us/op
WorkloadActual  18: 1024 op, 911301200.00 ns, 889.9426 us/op
WorkloadActual  19: 1024 op, 913569900.00 ns, 892.1581 us/op
WorkloadActual  20: 1024 op, 902547900.00 ns, 881.3944 us/op

// AfterActualRun
WorkloadResult   1: 1024 op, 903664600.00 ns, 882.4850 us/op
WorkloadResult   2: 1024 op, 899023400.00 ns, 877.9525 us/op
WorkloadResult   3: 1024 op, 898107300.00 ns, 877.0579 us/op
WorkloadResult   4: 1024 op, 900852300.00 ns, 879.7386 us/op
WorkloadResult   5: 1024 op, 897425500.00 ns, 876.3921 us/op
WorkloadResult   6: 1024 op, 902451800.00 ns, 881.3006 us/op
WorkloadResult   7: 1024 op, 909262200.00 ns, 887.9514 us/op
WorkloadResult   8: 1024 op, 903595200.00 ns, 882.4172 us/op
WorkloadResult   9: 1024 op, 902448400.00 ns, 881.2973 us/op
WorkloadResult  10: 1024 op, 898779300.00 ns, 877.7142 us/op
WorkloadResult  11: 1024 op, 911634000.00 ns, 890.2676 us/op
WorkloadResult  12: 1024 op, 899458900.00 ns, 878.3778 us/op
WorkloadResult  13: 1024 op, 899494100.00 ns, 878.4122 us/op
WorkloadResult  14: 1024 op, 905407700.00 ns, 884.1872 us/op
WorkloadResult  15: 1024 op, 899865600.00 ns, 878.7750 us/op
WorkloadResult  16: 1024 op, 906356600.00 ns, 885.1139 us/op
WorkloadResult  17: 1024 op, 901260800.00 ns, 880.1375 us/op
WorkloadResult  18: 1024 op, 911301200.00 ns, 889.9426 us/op
WorkloadResult  19: 1024 op, 913569900.00 ns, 892.1581 us/op
WorkloadResult  20: 1024 op, 902547900.00 ns, 881.3944 us/op

// AfterAll
// Benchmark Process 14136 has exited with code 0.
// Launch: 3 / 3
// Execute: dotnet side-metadata-benchmark-Job-TZWPHG-1.dll --ipcPort 52557 --benchmarkName "P21.SideMetadataBenchmarks.ReserveAndFirstCommit(LogReferenceCountBits: 1)" --job "IterationCount=20, LaunchCount=3, WarmupCount=8" --diagnoserRunMode 0 --benchmarkId 12 in R:\artifacts\bin\side-metadata-benchmark\Release\net11.0\side-metadata-benchmark-Job-TZWPHG-1\bin\Release\net11.0
// BeforeAnythingElse

// Benchmark Process Environment Information:
// BenchmarkDotNet v0.16.0-preview.1
// Runtime=.NET 11.0.0 (11.0.0-preview.6.26359.118, 11.0.26.36018), X64 RyuJIT x86-64-v4
// GC=Concurrent Workstation
// HardwareIntrinsics=AVX512 BITALG+VBMI2+VNNI+VPOPCNTDQ,AVX512 IFMA+VBMI,AVX512 F+BW+CD+DQ+VL,AVX2+BMI1+BMI2+F16C+FMA+LZCNT+MOVBE,AVX,SSE3+SSSE3+SSE4.1+SSE4.2+POPCNT,X86Base+SSE+SSE2,AES+PCLMUL VectorSize=256
// Job: Job-TZWPHG(IterationCount=20, LaunchCount=3, WarmupCount=8)

WorkloadJitting  1: 1 op, 1071400.00 ns, 1.0714 ms/op
WorkloadJitting  2: 30 op, 29173000.00 ns, 972.4333 us/op
WorkloadJitting  3: 30 op, 26382500.00 ns, 879.4167 us/op
WorkloadJitting  4: 30 op, 27356600.00 ns, 911.8867 us/op
WorkloadJitting  5: 1 op, 968100.00 ns, 968.1000 us/op

WorkloadPilot    1: 1 op, 919200.00 ns, 919.2000 us/op

WorkloadPilot    1: 16 op, 13930700.00 ns, 870.6688 us/op
WorkloadPilot    2: 32 op, 28780200.00 ns, 899.3813 us/op
WorkloadPilot    3: 64 op, 56878200.00 ns, 888.7219 us/op
WorkloadPilot    4: 128 op, 113282300.00 ns, 885.0180 us/op
WorkloadPilot    5: 256 op, 227758100.00 ns, 889.6801 us/op
WorkloadPilot    6: 512 op, 449913400.00 ns, 878.7371 us/op
WorkloadPilot    7: 1024 op, 901214100.00 ns, 880.0919 us/op

WorkloadWarmup   1: 1024 op, 898862300.00 ns, 877.7952 us/op
WorkloadWarmup   2: 1024 op, 918328400.00 ns, 896.8051 us/op
WorkloadWarmup   3: 1024 op, 907340300.00 ns, 886.0745 us/op
WorkloadWarmup   4: 1024 op, 908555900.00 ns, 887.2616 us/op
WorkloadWarmup   5: 1024 op, 902619500.00 ns, 881.4644 us/op
WorkloadWarmup   6: 1024 op, 905335500.00 ns, 884.1167 us/op
WorkloadWarmup   7: 1024 op, 908811500.00 ns, 887.5112 us/op
WorkloadWarmup   8: 1024 op, 904894100.00 ns, 883.6856 us/op

// BeforeActualRun
WorkloadActual   1: 1024 op, 902940600.00 ns, 881.7779 us/op
WorkloadActual   2: 1024 op, 905274600.00 ns, 884.0572 us/op
WorkloadActual   3: 1024 op, 906384000.00 ns, 885.1406 us/op
WorkloadActual   4: 1024 op, 908184500.00 ns, 886.8989 us/op
WorkloadActual   5: 1024 op, 898315300.00 ns, 877.2610 us/op
WorkloadActual   6: 1024 op, 902076600.00 ns, 880.9342 us/op
WorkloadActual   7: 1024 op, 904254000.00 ns, 883.0605 us/op
WorkloadActual   8: 1024 op, 905179400.00 ns, 883.9643 us/op
WorkloadActual   9: 1024 op, 900999000.00 ns, 879.8818 us/op
WorkloadActual  10: 1024 op, 908310300.00 ns, 887.0218 us/op
WorkloadActual  11: 1024 op, 907306300.00 ns, 886.0413 us/op
WorkloadActual  12: 1024 op, 908428400.00 ns, 887.1371 us/op
WorkloadActual  13: 1024 op, 904262200.00 ns, 883.0686 us/op
WorkloadActual  14: 1024 op, 906338200.00 ns, 885.0959 us/op
WorkloadActual  15: 1024 op, 897469900.00 ns, 876.4354 us/op
WorkloadActual  16: 1024 op, 898354800.00 ns, 877.2996 us/op
WorkloadActual  17: 1024 op, 900392700.00 ns, 879.2897 us/op
WorkloadActual  18: 1024 op, 906639000.00 ns, 885.3896 us/op
WorkloadActual  19: 1024 op, 904926600.00 ns, 883.7174 us/op
WorkloadActual  20: 1024 op, 900537200.00 ns, 879.4309 us/op

// AfterActualRun
WorkloadResult   1: 1024 op, 902940600.00 ns, 881.7779 us/op
WorkloadResult   2: 1024 op, 905274600.00 ns, 884.0572 us/op
WorkloadResult   3: 1024 op, 906384000.00 ns, 885.1406 us/op
WorkloadResult   4: 1024 op, 908184500.00 ns, 886.8989 us/op
WorkloadResult   5: 1024 op, 898315300.00 ns, 877.2610 us/op
WorkloadResult   6: 1024 op, 902076600.00 ns, 880.9342 us/op
WorkloadResult   7: 1024 op, 904254000.00 ns, 883.0605 us/op
WorkloadResult   8: 1024 op, 905179400.00 ns, 883.9643 us/op
WorkloadResult   9: 1024 op, 900999000.00 ns, 879.8818 us/op
WorkloadResult  10: 1024 op, 908310300.00 ns, 887.0218 us/op
WorkloadResult  11: 1024 op, 907306300.00 ns, 886.0413 us/op
WorkloadResult  12: 1024 op, 908428400.00 ns, 887.1371 us/op
WorkloadResult  13: 1024 op, 904262200.00 ns, 883.0686 us/op
WorkloadResult  14: 1024 op, 906338200.00 ns, 885.0959 us/op
WorkloadResult  15: 1024 op, 897469900.00 ns, 876.4354 us/op
WorkloadResult  16: 1024 op, 898354800.00 ns, 877.2996 us/op
WorkloadResult  17: 1024 op, 900392700.00 ns, 879.2897 us/op
WorkloadResult  18: 1024 op, 906639000.00 ns, 885.3896 us/op
WorkloadResult  19: 1024 op, 904926600.00 ns, 883.7174 us/op
WorkloadResult  20: 1024 op, 900537200.00 ns, 879.4309 us/op

// AfterAll
// Benchmark Process 29132 has exited with code 0.

Mean = 882.620 us, StdErr = 0.487 us (0.06%), N = 57, StdDev = 3.680 us
Min = 876.392 us, Q1 = 879.739 us, Median = 882.485 us, Q3 = 885.114 us, Max = 892.158 us
IQR = 5.375 us, LowerFence = 871.676 us, UpperFence = 893.177 us
ConfidenceInterval = [880.927 us; 884.312 us] (CI 99.9%), Margin = 1.693 us (0.19% of Mean)
Skewness = 0.3, Kurtosis = 2.5, MValue = 2

// ** Remained 32 (71.1%) benchmark(s) to run. Estimated finish 2026-08-31 20:18 (0h 40m from now) **
Setup power plan (GUID: 8c5e7fda-e8bf-4a96-9a85-a6e23a8c635c FriendlyName: High performance)
// **************************
// Benchmark: SideMetadataBenchmarks.FalseSharingSameWord: Job-TZWPHG(IterationCount=20, LaunchCount=3, WarmupCount=8) [LogReferenceCountBits=1]
// *** Execute ***
// Launch: 1 / 3
// Execute: dotnet side-metadata-benchmark-Job-TZWPHG-1.dll --ipcPort 52589 --benchmarkName "P21.SideMetadataBenchmarks.FalseSharingSameWord(LogReferenceCountBits: 1)" --job "IterationCount=20, LaunchCount=3, WarmupCount=8" --diagnoserRunMode 0 --benchmarkId 13 in R:\artifacts\bin\side-metadata-benchmark\Release\net11.0\side-metadata-benchmark-Job-TZWPHG-1\bin\Release\net11.0
// BeforeAnythingElse

// Benchmark Process Environment Information:
// BenchmarkDotNet v0.16.0-preview.1
// Runtime=.NET 11.0.0 (11.0.0-preview.6.26359.118, 11.0.26.36018), X64 RyuJIT x86-64-v4
// GC=Concurrent Workstation
// HardwareIntrinsics=AVX512 BITALG+VBMI2+VNNI+VPOPCNTDQ,AVX512 IFMA+VBMI,AVX512 F+BW+CD+DQ+VL,AVX2+BMI1+BMI2+F16C+FMA+LZCNT+MOVBE,AVX,SSE3+SSSE3+SSE4.1+SSE4.2+POPCNT,X86Base+SSE+SSE2,AES+PCLMUL VectorSize=256
// Job: Job-TZWPHG(IterationCount=20, LaunchCount=3, WarmupCount=8)

WorkloadJitting  1: 20000 op, 1273500.00 ns, 63.6750 ns/op
WorkloadJitting  2: 600000 op, 31687600.00 ns, 52.8127 ns/op
WorkloadJitting  3: 600000 op, 32483100.00 ns, 54.1385 ns/op
WorkloadJitting  4: 600000 op, 33296900.00 ns, 55.4948 ns/op
WorkloadJitting  5: 20000 op, 1367900.00 ns, 68.3950 ns/op

WorkloadPilot    1: 20000 op, 1275000.00 ns, 63.7500 ns/op

WorkloadPilot    1: 320000 op, 17793200.00 ns, 55.6038 ns/op
WorkloadPilot    2: 640000 op, 34038700.00 ns, 53.1855 ns/op
WorkloadPilot    3: 1280000 op, 67356500.00 ns, 52.6223 ns/op
WorkloadPilot    4: 2560000 op, 139465800.00 ns, 54.4788 ns/op
WorkloadPilot    5: 5120000 op, 280565900.00 ns, 54.7980 ns/op
WorkloadPilot    6: 10240000 op, 558314200.00 ns, 54.5229 ns/op

WorkloadWarmup   1: 10240000 op, 554724300.00 ns, 54.1723 ns/op
WorkloadWarmup   2: 10240000 op, 558300300.00 ns, 54.5215 ns/op
WorkloadWarmup   3: 10240000 op, 553918300.00 ns, 54.0936 ns/op
WorkloadWarmup   4: 10240000 op, 559014300.00 ns, 54.5912 ns/op
WorkloadWarmup   5: 10240000 op, 558531800.00 ns, 54.5441 ns/op
WorkloadWarmup   6: 10240000 op, 553026100.00 ns, 54.0065 ns/op
WorkloadWarmup   7: 10240000 op, 552734800.00 ns, 53.9780 ns/op
WorkloadWarmup   8: 10240000 op, 560143200.00 ns, 54.7015 ns/op

// BeforeActualRun
WorkloadActual   1: 10240000 op, 551351200.00 ns, 53.8429 ns/op
WorkloadActual   2: 10240000 op, 555073600.00 ns, 54.2064 ns/op
WorkloadActual   3: 10240000 op, 563316100.00 ns, 55.0113 ns/op
WorkloadActual   4: 10240000 op, 558084000.00 ns, 54.5004 ns/op
WorkloadActual   5: 10240000 op, 553002500.00 ns, 54.0042 ns/op
WorkloadActual   6: 10240000 op, 558483800.00 ns, 54.5394 ns/op
WorkloadActual   7: 10240000 op, 555009300.00 ns, 54.2001 ns/op
WorkloadActual   8: 10240000 op, 550606700.00 ns, 53.7702 ns/op
WorkloadActual   9: 10240000 op, 553809000.00 ns, 54.0829 ns/op
WorkloadActual  10: 10240000 op, 568747600.00 ns, 55.5418 ns/op
WorkloadActual  11: 10240000 op, 557256400.00 ns, 54.4196 ns/op
WorkloadActual  12: 10240000 op, 561162000.00 ns, 54.8010 ns/op
WorkloadActual  13: 10240000 op, 556733200.00 ns, 54.3685 ns/op
WorkloadActual  14: 10240000 op, 556981800.00 ns, 54.3928 ns/op
WorkloadActual  15: 10240000 op, 557342000.00 ns, 54.4279 ns/op
WorkloadActual  16: 10240000 op, 547286800.00 ns, 53.4460 ns/op
WorkloadActual  17: 10240000 op, 559551300.00 ns, 54.6437 ns/op
WorkloadActual  18: 10240000 op, 558447400.00 ns, 54.5359 ns/op
WorkloadActual  19: 10240000 op, 550988300.00 ns, 53.8075 ns/op
WorkloadActual  20: 10240000 op, 552173000.00 ns, 53.9231 ns/op

// AfterActualRun
WorkloadResult   1: 10240000 op, 551351200.00 ns, 53.8429 ns/op
WorkloadResult   2: 10240000 op, 555073600.00 ns, 54.2064 ns/op
WorkloadResult   3: 10240000 op, 563316100.00 ns, 55.0113 ns/op
WorkloadResult   4: 10240000 op, 558084000.00 ns, 54.5004 ns/op
WorkloadResult   5: 10240000 op, 553002500.00 ns, 54.0042 ns/op
WorkloadResult   6: 10240000 op, 558483800.00 ns, 54.5394 ns/op
WorkloadResult   7: 10240000 op, 555009300.00 ns, 54.2001 ns/op
WorkloadResult   8: 10240000 op, 550606700.00 ns, 53.7702 ns/op
WorkloadResult   9: 10240000 op, 553809000.00 ns, 54.0829 ns/op
WorkloadResult  10: 10240000 op, 557256400.00 ns, 54.4196 ns/op
WorkloadResult  11: 10240000 op, 561162000.00 ns, 54.8010 ns/op
WorkloadResult  12: 10240000 op, 556733200.00 ns, 54.3685 ns/op
WorkloadResult  13: 10240000 op, 556981800.00 ns, 54.3928 ns/op
WorkloadResult  14: 10240000 op, 557342000.00 ns, 54.4279 ns/op
WorkloadResult  15: 10240000 op, 547286800.00 ns, 53.4460 ns/op
WorkloadResult  16: 10240000 op, 559551300.00 ns, 54.6437 ns/op
WorkloadResult  17: 10240000 op, 558447400.00 ns, 54.5359 ns/op
WorkloadResult  18: 10240000 op, 550988300.00 ns, 53.8075 ns/op
WorkloadResult  19: 10240000 op, 552173000.00 ns, 53.9231 ns/op

// AfterAll
// Benchmark Process 31120 has exited with code 0.
// Launch: 2 / 3
// Execute: dotnet side-metadata-benchmark-Job-TZWPHG-1.dll --ipcPort 52605 --benchmarkName "P21.SideMetadataBenchmarks.FalseSharingSameWord(LogReferenceCountBits: 1)" --job "IterationCount=20, LaunchCount=3, WarmupCount=8" --diagnoserRunMode 0 --benchmarkId 13 in R:\artifacts\bin\side-metadata-benchmark\Release\net11.0\side-metadata-benchmark-Job-TZWPHG-1\bin\Release\net11.0
// BeforeAnythingElse

// Benchmark Process Environment Information:
// BenchmarkDotNet v0.16.0-preview.1
// Runtime=.NET 11.0.0 (11.0.0-preview.6.26359.118, 11.0.26.36018), X64 RyuJIT x86-64-v4
// GC=Concurrent Workstation
// HardwareIntrinsics=AVX512 BITALG+VBMI2+VNNI+VPOPCNTDQ,AVX512 IFMA+VBMI,AVX512 F+BW+CD+DQ+VL,AVX2+BMI1+BMI2+F16C+FMA+LZCNT+MOVBE,AVX,SSE3+SSSE3+SSE4.1+SSE4.2+POPCNT,X86Base+SSE+SSE2,AES+PCLMUL VectorSize=256
// Job: Job-TZWPHG(IterationCount=20, LaunchCount=3, WarmupCount=8)

WorkloadJitting  1: 20000 op, 1188900.00 ns, 59.4450 ns/op
WorkloadJitting  2: 600000 op, 31563700.00 ns, 52.6062 ns/op
WorkloadJitting  3: 600000 op, 31449600.00 ns, 52.4160 ns/op
WorkloadJitting  4: 600000 op, 31487900.00 ns, 52.4798 ns/op
WorkloadJitting  5: 20000 op, 1068800.00 ns, 53.4400 ns/op

WorkloadPilot    1: 20000 op, 1068400.00 ns, 53.4200 ns/op

WorkloadPilot    1: 320000 op, 17373500.00 ns, 54.2922 ns/op
WorkloadPilot    2: 640000 op, 33652100.00 ns, 52.5814 ns/op
WorkloadPilot    3: 1280000 op, 66676900.00 ns, 52.0913 ns/op
WorkloadPilot    4: 2560000 op, 132634100.00 ns, 51.8102 ns/op
WorkloadPilot    5: 5120000 op, 262106700.00 ns, 51.1927 ns/op
WorkloadPilot    6: 10240000 op, 534301100.00 ns, 52.1778 ns/op

WorkloadWarmup   1: 10240000 op, 529367600.00 ns, 51.6961 ns/op
WorkloadWarmup   2: 10240000 op, 530104200.00 ns, 51.7680 ns/op
WorkloadWarmup   3: 10240000 op, 532981900.00 ns, 52.0490 ns/op
WorkloadWarmup   4: 10240000 op, 530864700.00 ns, 51.8423 ns/op
WorkloadWarmup   5: 10240000 op, 533939600.00 ns, 52.1425 ns/op
WorkloadWarmup   6: 10240000 op, 533710500.00 ns, 52.1202 ns/op
WorkloadWarmup   7: 10240000 op, 531626700.00 ns, 51.9167 ns/op
WorkloadWarmup   8: 10240000 op, 531790900.00 ns, 51.9327 ns/op

// BeforeActualRun
WorkloadActual   1: 10240000 op, 531086100.00 ns, 51.8639 ns/op
WorkloadActual   2: 10240000 op, 529462900.00 ns, 51.7054 ns/op
WorkloadActual   3: 10240000 op, 538072300.00 ns, 52.5461 ns/op
WorkloadActual   4: 10240000 op, 532655700.00 ns, 52.0172 ns/op
WorkloadActual   5: 10240000 op, 532560500.00 ns, 52.0079 ns/op
WorkloadActual   6: 10240000 op, 531863300.00 ns, 51.9398 ns/op
WorkloadActual   7: 10240000 op, 532790100.00 ns, 52.0303 ns/op
WorkloadActual   8: 10240000 op, 532180900.00 ns, 51.9708 ns/op
WorkloadActual   9: 10240000 op, 533392500.00 ns, 52.0891 ns/op
WorkloadActual  10: 10240000 op, 534380900.00 ns, 52.1856 ns/op
WorkloadActual  11: 10240000 op, 530264900.00 ns, 51.7837 ns/op
WorkloadActual  12: 10240000 op, 528046400.00 ns, 51.5670 ns/op
WorkloadActual  13: 10240000 op, 533453100.00 ns, 52.0950 ns/op
WorkloadActual  14: 10240000 op, 532933800.00 ns, 52.0443 ns/op
WorkloadActual  15: 10240000 op, 541617600.00 ns, 52.8923 ns/op
WorkloadActual  16: 10240000 op, 535687200.00 ns, 52.3132 ns/op
WorkloadActual  17: 10240000 op, 533528700.00 ns, 52.1024 ns/op
WorkloadActual  18: 10240000 op, 532046800.00 ns, 51.9577 ns/op
WorkloadActual  19: 10240000 op, 533781300.00 ns, 52.1271 ns/op
WorkloadActual  20: 10240000 op, 534803200.00 ns, 52.2269 ns/op

// AfterActualRun
WorkloadResult   1: 10240000 op, 531086100.00 ns, 51.8639 ns/op
WorkloadResult   2: 10240000 op, 529462900.00 ns, 51.7054 ns/op
WorkloadResult   3: 10240000 op, 532655700.00 ns, 52.0172 ns/op
WorkloadResult   4: 10240000 op, 532560500.00 ns, 52.0079 ns/op
WorkloadResult   5: 10240000 op, 531863300.00 ns, 51.9398 ns/op
WorkloadResult   6: 10240000 op, 532790100.00 ns, 52.0303 ns/op
WorkloadResult   7: 10240000 op, 532180900.00 ns, 51.9708 ns/op
WorkloadResult   8: 10240000 op, 533392500.00 ns, 52.0891 ns/op
WorkloadResult   9: 10240000 op, 534380900.00 ns, 52.1856 ns/op
WorkloadResult  10: 10240000 op, 530264900.00 ns, 51.7837 ns/op
WorkloadResult  11: 10240000 op, 528046400.00 ns, 51.5670 ns/op
WorkloadResult  12: 10240000 op, 533453100.00 ns, 52.0950 ns/op
WorkloadResult  13: 10240000 op, 532933800.00 ns, 52.0443 ns/op
WorkloadResult  14: 10240000 op, 535687200.00 ns, 52.3132 ns/op
WorkloadResult  15: 10240000 op, 533528700.00 ns, 52.1024 ns/op
WorkloadResult  16: 10240000 op, 532046800.00 ns, 51.9577 ns/op
WorkloadResult  17: 10240000 op, 533781300.00 ns, 52.1271 ns/op
WorkloadResult  18: 10240000 op, 534803200.00 ns, 52.2269 ns/op

// AfterAll
// Benchmark Process 35316 has exited with code 0.
// Launch: 3 / 3
// Execute: dotnet side-metadata-benchmark-Job-TZWPHG-1.dll --ipcPort 52629 --benchmarkName "P21.SideMetadataBenchmarks.FalseSharingSameWord(LogReferenceCountBits: 1)" --job "IterationCount=20, LaunchCount=3, WarmupCount=8" --diagnoserRunMode 0 --benchmarkId 13 in R:\artifacts\bin\side-metadata-benchmark\Release\net11.0\side-metadata-benchmark-Job-TZWPHG-1\bin\Release\net11.0
// BeforeAnythingElse

// Benchmark Process Environment Information:
// BenchmarkDotNet v0.16.0-preview.1
// Runtime=.NET 11.0.0 (11.0.0-preview.6.26359.118, 11.0.26.36018), X64 RyuJIT x86-64-v4
// GC=Concurrent Workstation
// HardwareIntrinsics=AVX512 BITALG+VBMI2+VNNI+VPOPCNTDQ,AVX512 IFMA+VBMI,AVX512 F+BW+CD+DQ+VL,AVX2+BMI1+BMI2+F16C+FMA+LZCNT+MOVBE,AVX,SSE3+SSSE3+SSE4.1+SSE4.2+POPCNT,X86Base+SSE+SSE2,AES+PCLMUL VectorSize=256
// Job: Job-TZWPHG(IterationCount=20, LaunchCount=3, WarmupCount=8)

WorkloadJitting  1: 20000 op, 1141900.00 ns, 57.0950 ns/op
WorkloadJitting  2: 600000 op, 31431500.00 ns, 52.3858 ns/op
WorkloadJitting  3: 600000 op, 30623700.00 ns, 51.0395 ns/op
WorkloadJitting  4: 600000 op, 31244700.00 ns, 52.0745 ns/op
WorkloadJitting  5: 20000 op, 1053700.00 ns, 52.6850 ns/op

WorkloadPilot    1: 20000 op, 1014400.00 ns, 50.7200 ns/op

WorkloadPilot    1: 320000 op, 16937100.00 ns, 52.9284 ns/op
WorkloadPilot    2: 640000 op, 33165100.00 ns, 51.8205 ns/op
WorkloadPilot    3: 1280000 op, 65837700.00 ns, 51.4357 ns/op
WorkloadPilot    4: 2560000 op, 133019800.00 ns, 51.9609 ns/op
WorkloadPilot    5: 5120000 op, 263277300.00 ns, 51.4213 ns/op
WorkloadPilot    6: 10240000 op, 523599900.00 ns, 51.1328 ns/op

WorkloadWarmup   1: 10240000 op, 525417200.00 ns, 51.3103 ns/op
WorkloadWarmup   2: 10240000 op, 525993400.00 ns, 51.3665 ns/op
WorkloadWarmup   3: 10240000 op, 528961000.00 ns, 51.6563 ns/op
WorkloadWarmup   4: 10240000 op, 524716100.00 ns, 51.2418 ns/op
WorkloadWarmup   5: 10240000 op, 528969700.00 ns, 51.6572 ns/op
WorkloadWarmup   6: 10240000 op, 522105800.00 ns, 50.9869 ns/op
WorkloadWarmup   7: 10240000 op, 522061500.00 ns, 50.9826 ns/op
WorkloadWarmup   8: 10240000 op, 527242700.00 ns, 51.4885 ns/op

// BeforeActualRun
WorkloadActual   1: 10240000 op, 527597800.00 ns, 51.5232 ns/op
WorkloadActual   2: 10240000 op, 524674800.00 ns, 51.2378 ns/op
WorkloadActual   3: 10240000 op, 527154600.00 ns, 51.4799 ns/op
WorkloadActual   4: 10240000 op, 526463500.00 ns, 51.4125 ns/op
WorkloadActual   5: 10240000 op, 529697100.00 ns, 51.7282 ns/op
WorkloadActual   6: 10240000 op, 529423600.00 ns, 51.7015 ns/op
WorkloadActual   7: 10240000 op, 529168200.00 ns, 51.6766 ns/op
WorkloadActual   8: 10240000 op, 523981600.00 ns, 51.1701 ns/op
WorkloadActual   9: 10240000 op, 525505500.00 ns, 51.3189 ns/op
WorkloadActual  10: 10240000 op, 527892500.00 ns, 51.5520 ns/op
WorkloadActual  11: 10240000 op, 519933000.00 ns, 50.7747 ns/op
WorkloadActual  12: 10240000 op, 529330500.00 ns, 51.6924 ns/op
WorkloadActual  13: 10240000 op, 528335900.00 ns, 51.5953 ns/op
WorkloadActual  14: 10240000 op, 528063900.00 ns, 51.5687 ns/op
WorkloadActual  15: 10240000 op, 527432900.00 ns, 51.5071 ns/op
WorkloadActual  16: 10240000 op, 525249200.00 ns, 51.2939 ns/op
WorkloadActual  17: 10240000 op, 523386500.00 ns, 51.1120 ns/op
WorkloadActual  18: 10240000 op, 524171300.00 ns, 51.1886 ns/op
WorkloadActual  19: 10240000 op, 528516000.00 ns, 51.6129 ns/op
WorkloadActual  20: 10240000 op, 526128900.00 ns, 51.3798 ns/op

// AfterActualRun
WorkloadResult   1: 10240000 op, 527597800.00 ns, 51.5232 ns/op
WorkloadResult   2: 10240000 op, 524674800.00 ns, 51.2378 ns/op
WorkloadResult   3: 10240000 op, 527154600.00 ns, 51.4799 ns/op
WorkloadResult   4: 10240000 op, 526463500.00 ns, 51.4125 ns/op
WorkloadResult   5: 10240000 op, 529697100.00 ns, 51.7282 ns/op
WorkloadResult   6: 10240000 op, 529423600.00 ns, 51.7015 ns/op
WorkloadResult   7: 10240000 op, 529168200.00 ns, 51.6766 ns/op
WorkloadResult   8: 10240000 op, 523981600.00 ns, 51.1701 ns/op
WorkloadResult   9: 10240000 op, 525505500.00 ns, 51.3189 ns/op
WorkloadResult  10: 10240000 op, 527892500.00 ns, 51.5520 ns/op
WorkloadResult  11: 10240000 op, 519933000.00 ns, 50.7747 ns/op
WorkloadResult  12: 10240000 op, 529330500.00 ns, 51.6924 ns/op
WorkloadResult  13: 10240000 op, 528335900.00 ns, 51.5953 ns/op
WorkloadResult  14: 10240000 op, 528063900.00 ns, 51.5687 ns/op
WorkloadResult  15: 10240000 op, 527432900.00 ns, 51.5071 ns/op
WorkloadResult  16: 10240000 op, 525249200.00 ns, 51.2939 ns/op
WorkloadResult  17: 10240000 op, 523386500.00 ns, 51.1120 ns/op
WorkloadResult  18: 10240000 op, 524171300.00 ns, 51.1886 ns/op
WorkloadResult  19: 10240000 op, 528516000.00 ns, 51.6129 ns/op
WorkloadResult  20: 10240000 op, 526128900.00 ns, 51.3798 ns/op

// AfterAll
// Benchmark Process 37200 has exited with code 0.

Mean = 52.552 ns, StdErr = 0.169 ns (0.32%), N = 57, StdDev = 1.272 ns
Min = 50.775 ns, Q1 = 51.569 ns, Median = 52.017 ns, Q3 = 53.923 ns, Max = 55.011 ns
IQR = 2.354 ns, LowerFence = 48.037 ns, UpperFence = 57.455 ns
ConfidenceInterval = [51.967 ns; 53.138 ns] (CI 99.9%), Margin = 0.585 ns (1.11% of Mean)
Skewness = 0.61, Kurtosis = 1.71, MValue = 2.86

// ** Remained 31 (68.9%) benchmark(s) to run. Estimated finish 2026-08-31 20:17 (0h 38m from now) **
Setup power plan (GUID: 8c5e7fda-e8bf-4a96-9a85-a6e23a8c635c FriendlyName: High performance)
// **************************
// Benchmark: SideMetadataBenchmarks.FalseSharingSeparateLine: Job-TZWPHG(IterationCount=20, LaunchCount=3, WarmupCount=8) [LogReferenceCountBits=1]
// *** Execute ***
// Launch: 1 / 3
// Execute: dotnet side-metadata-benchmark-Job-TZWPHG-1.dll --ipcPort 52654 --benchmarkName "P21.SideMetadataBenchmarks.FalseSharingSeparateLine(LogReferenceCountBits: 1)" --job "IterationCount=20, LaunchCount=3, WarmupCount=8" --diagnoserRunMode 0 --benchmarkId 14 in R:\artifacts\bin\side-metadata-benchmark\Release\net11.0\side-metadata-benchmark-Job-TZWPHG-1\bin\Release\net11.0
// BeforeAnythingElse

// Benchmark Process Environment Information:
// BenchmarkDotNet v0.16.0-preview.1
// Runtime=.NET 11.0.0 (11.0.0-preview.6.26359.118, 11.0.26.36018), X64 RyuJIT x86-64-v4
// GC=Concurrent Workstation
// HardwareIntrinsics=AVX512 BITALG+VBMI2+VNNI+VPOPCNTDQ,AVX512 IFMA+VBMI,AVX512 F+BW+CD+DQ+VL,AVX2+BMI1+BMI2+F16C+FMA+LZCNT+MOVBE,AVX,SSE3+SSSE3+SSE4.1+SSE4.2+POPCNT,X86Base+SSE+SSE2,AES+PCLMUL VectorSize=256
// Job: Job-TZWPHG(IterationCount=20, LaunchCount=3, WarmupCount=8)

WorkloadJitting  1: 20000 op, 435700.00 ns, 21.7850 ns/op
WorkloadJitting  2: 600000 op, 8967900.00 ns, 14.9465 ns/op
WorkloadJitting  3: 600000 op, 9789100.00 ns, 16.3152 ns/op
WorkloadJitting  4: 600000 op, 9587600.00 ns, 15.9793 ns/op
WorkloadJitting  5: 20000 op, 387000.00 ns, 19.3500 ns/op

WorkloadPilot    1: 20000 op, 417800.00 ns, 20.8900 ns/op

WorkloadPilot    1: 320000 op, 5203600.00 ns, 16.2613 ns/op
WorkloadPilot    2: 640000 op, 10141800.00 ns, 15.8466 ns/op
WorkloadPilot    3: 1280000 op, 19321600.00 ns, 15.0950 ns/op
WorkloadPilot    4: 2560000 op, 38187600.00 ns, 14.9170 ns/op
WorkloadPilot    5: 5120000 op, 76747000.00 ns, 14.9896 ns/op
WorkloadPilot    6: 10240000 op, 153545400.00 ns, 14.9947 ns/op
WorkloadPilot    7: 20480000 op, 307629000.00 ns, 15.0209 ns/op
WorkloadPilot    8: 40960000 op, 616500900.00 ns, 15.0513 ns/op

WorkloadWarmup   1: 40960000 op, 617309500.00 ns, 15.0710 ns/op
WorkloadWarmup   2: 40960000 op, 614039800.00 ns, 14.9912 ns/op
WorkloadWarmup   3: 40960000 op, 613228500.00 ns, 14.9714 ns/op
WorkloadWarmup   4: 40960000 op, 616062500.00 ns, 15.0406 ns/op
WorkloadWarmup   5: 40960000 op, 615459200.00 ns, 15.0259 ns/op
WorkloadWarmup   6: 40960000 op, 616416900.00 ns, 15.0492 ns/op
WorkloadWarmup   7: 40960000 op, 615536600.00 ns, 15.0277 ns/op
WorkloadWarmup   8: 40960000 op, 614545200.00 ns, 15.0035 ns/op

// BeforeActualRun
WorkloadActual   1: 40960000 op, 615388800.00 ns, 15.0241 ns/op
WorkloadActual   2: 40960000 op, 614827900.00 ns, 15.0104 ns/op
WorkloadActual   3: 40960000 op, 611442400.00 ns, 14.9278 ns/op
WorkloadActual   4: 40960000 op, 617261400.00 ns, 15.0699 ns/op
WorkloadActual   5: 40960000 op, 613504800.00 ns, 14.9781 ns/op
WorkloadActual   6: 40960000 op, 615177500.00 ns, 15.0190 ns/op
WorkloadActual   7: 40960000 op, 613466800.00 ns, 14.9772 ns/op
WorkloadActual   8: 40960000 op, 614742700.00 ns, 15.0084 ns/op
WorkloadActual   9: 40960000 op, 627504900.00 ns, 15.3199 ns/op
WorkloadActual  10: 40960000 op, 613700100.00 ns, 14.9829 ns/op
WorkloadActual  11: 40960000 op, 613786000.00 ns, 14.9850 ns/op
WorkloadActual  12: 40960000 op, 613391300.00 ns, 14.9754 ns/op
WorkloadActual  13: 40960000 op, 614912900.00 ns, 15.0125 ns/op
WorkloadActual  14: 40960000 op, 614523700.00 ns, 15.0030 ns/op
WorkloadActual  15: 40960000 op, 613955200.00 ns, 14.9891 ns/op
WorkloadActual  16: 40960000 op, 613499700.00 ns, 14.9780 ns/op
WorkloadActual  17: 40960000 op, 612660100.00 ns, 14.9575 ns/op
WorkloadActual  18: 40960000 op, 616148900.00 ns, 15.0427 ns/op
WorkloadActual  19: 40960000 op, 613732100.00 ns, 14.9837 ns/op
WorkloadActual  20: 40960000 op, 612519200.00 ns, 14.9541 ns/op

// AfterActualRun
WorkloadResult   1: 40960000 op, 615388800.00 ns, 15.0241 ns/op
WorkloadResult   2: 40960000 op, 614827900.00 ns, 15.0104 ns/op
WorkloadResult   3: 40960000 op, 611442400.00 ns, 14.9278 ns/op
WorkloadResult   4: 40960000 op, 613504800.00 ns, 14.9781 ns/op
WorkloadResult   5: 40960000 op, 615177500.00 ns, 15.0190 ns/op
WorkloadResult   6: 40960000 op, 613466800.00 ns, 14.9772 ns/op
WorkloadResult   7: 40960000 op, 614742700.00 ns, 15.0084 ns/op
WorkloadResult   8: 40960000 op, 613700100.00 ns, 14.9829 ns/op
WorkloadResult   9: 40960000 op, 613786000.00 ns, 14.9850 ns/op
WorkloadResult  10: 40960000 op, 613391300.00 ns, 14.9754 ns/op
WorkloadResult  11: 40960000 op, 614912900.00 ns, 15.0125 ns/op
WorkloadResult  12: 40960000 op, 614523700.00 ns, 15.0030 ns/op
WorkloadResult  13: 40960000 op, 613955200.00 ns, 14.9891 ns/op
WorkloadResult  14: 40960000 op, 613499700.00 ns, 14.9780 ns/op
WorkloadResult  15: 40960000 op, 612660100.00 ns, 14.9575 ns/op
WorkloadResult  16: 40960000 op, 616148900.00 ns, 15.0427 ns/op
WorkloadResult  17: 40960000 op, 613732100.00 ns, 14.9837 ns/op
WorkloadResult  18: 40960000 op, 612519200.00 ns, 14.9541 ns/op

// AfterAll
// Benchmark Process 10276 has exited with code 0.
// Launch: 2 / 3
// Execute: dotnet side-metadata-benchmark-Job-TZWPHG-1.dll --ipcPort 52675 --benchmarkName "P21.SideMetadataBenchmarks.FalseSharingSeparateLine(LogReferenceCountBits: 1)" --job "IterationCount=20, LaunchCount=3, WarmupCount=8" --diagnoserRunMode 0 --benchmarkId 14 in R:\artifacts\bin\side-metadata-benchmark\Release\net11.0\side-metadata-benchmark-Job-TZWPHG-1\bin\Release\net11.0
// BeforeAnythingElse

// Benchmark Process Environment Information:
// BenchmarkDotNet v0.16.0-preview.1
// Runtime=.NET 11.0.0 (11.0.0-preview.6.26359.118, 11.0.26.36018), X64 RyuJIT x86-64-v4
// GC=Concurrent Workstation
// HardwareIntrinsics=AVX512 BITALG+VBMI2+VNNI+VPOPCNTDQ,AVX512 IFMA+VBMI,AVX512 F+BW+CD+DQ+VL,AVX2+BMI1+BMI2+F16C+FMA+LZCNT+MOVBE,AVX,SSE3+SSSE3+SSE4.1+SSE4.2+POPCNT,X86Base+SSE+SSE2,AES+PCLMUL VectorSize=256
// Job: Job-TZWPHG(IterationCount=20, LaunchCount=3, WarmupCount=8)

WorkloadJitting  1: 20000 op, 428100.00 ns, 21.4050 ns/op
WorkloadJitting  2: 600000 op, 9068900.00 ns, 15.1148 ns/op
WorkloadJitting  3: 600000 op, 9943700.00 ns, 16.5728 ns/op
WorkloadJitting  4: 600000 op, 10635600.00 ns, 17.7260 ns/op
WorkloadJitting  5: 20000 op, 363600.00 ns, 18.1800 ns/op

WorkloadPilot    1: 20000 op, 331600.00 ns, 16.5800 ns/op

WorkloadPilot    1: 320000 op, 4871600.00 ns, 15.2238 ns/op
WorkloadPilot    2: 640000 op, 9745100.00 ns, 15.2267 ns/op
WorkloadPilot    3: 1280000 op, 20006100.00 ns, 15.6298 ns/op
WorkloadPilot    4: 2560000 op, 38287500.00 ns, 14.9561 ns/op
WorkloadPilot    5: 5120000 op, 78362300.00 ns, 15.3051 ns/op
WorkloadPilot    6: 10240000 op, 154813600.00 ns, 15.1185 ns/op
WorkloadPilot    7: 20480000 op, 309993000.00 ns, 15.1364 ns/op
WorkloadPilot    8: 40960000 op, 619754100.00 ns, 15.1307 ns/op

WorkloadWarmup   1: 40960000 op, 622517400.00 ns, 15.1982 ns/op
WorkloadWarmup   2: 40960000 op, 623938100.00 ns, 15.2329 ns/op
WorkloadWarmup   3: 40960000 op, 619069100.00 ns, 15.1140 ns/op
WorkloadWarmup   4: 40960000 op, 623464000.00 ns, 15.2213 ns/op
WorkloadWarmup   5: 40960000 op, 621100100.00 ns, 15.1636 ns/op
WorkloadWarmup   6: 40960000 op, 621780100.00 ns, 15.1802 ns/op
WorkloadWarmup   7: 40960000 op, 620696200.00 ns, 15.1537 ns/op
WorkloadWarmup   8: 40960000 op, 617707600.00 ns, 15.0808 ns/op

// BeforeActualRun
WorkloadActual   1: 40960000 op, 618699300.00 ns, 15.1050 ns/op
WorkloadActual   2: 40960000 op, 621091300.00 ns, 15.1634 ns/op
WorkloadActual   3: 40960000 op, 622742100.00 ns, 15.2037 ns/op
WorkloadActual   4: 40960000 op, 618960000.00 ns, 15.1113 ns/op
WorkloadActual   5: 40960000 op, 619686800.00 ns, 15.1291 ns/op
WorkloadActual   6: 40960000 op, 631087200.00 ns, 15.4074 ns/op
WorkloadActual   7: 40960000 op, 618860700.00 ns, 15.1089 ns/op
WorkloadActual   8: 40960000 op, 620803500.00 ns, 15.1563 ns/op
WorkloadActual   9: 40960000 op, 621550900.00 ns, 15.1746 ns/op
WorkloadActual  10: 40960000 op, 621493900.00 ns, 15.1732 ns/op
WorkloadActual  11: 40960000 op, 618283100.00 ns, 15.0948 ns/op
WorkloadActual  12: 40960000 op, 623705600.00 ns, 15.2272 ns/op
WorkloadActual  13: 40960000 op, 621227300.00 ns, 15.1667 ns/op
WorkloadActual  14: 40960000 op, 621057500.00 ns, 15.1625 ns/op
WorkloadActual  15: 40960000 op, 622025200.00 ns, 15.1862 ns/op
WorkloadActual  16: 40960000 op, 622020400.00 ns, 15.1860 ns/op
WorkloadActual  17: 40960000 op, 621551900.00 ns, 15.1746 ns/op
WorkloadActual  18: 40960000 op, 620694800.00 ns, 15.1537 ns/op
WorkloadActual  19: 40960000 op, 619927500.00 ns, 15.1349 ns/op
WorkloadActual  20: 40960000 op, 617089600.00 ns, 15.0657 ns/op

// AfterActualRun
WorkloadResult   1: 40960000 op, 618699300.00 ns, 15.1050 ns/op
WorkloadResult   2: 40960000 op, 621091300.00 ns, 15.1634 ns/op
WorkloadResult   3: 40960000 op, 622742100.00 ns, 15.2037 ns/op
WorkloadResult   4: 40960000 op, 618960000.00 ns, 15.1113 ns/op
WorkloadResult   5: 40960000 op, 619686800.00 ns, 15.1291 ns/op
WorkloadResult   6: 40960000 op, 618860700.00 ns, 15.1089 ns/op
WorkloadResult   7: 40960000 op, 620803500.00 ns, 15.1563 ns/op
WorkloadResult   8: 40960000 op, 621550900.00 ns, 15.1746 ns/op
WorkloadResult   9: 40960000 op, 621493900.00 ns, 15.1732 ns/op
WorkloadResult  10: 40960000 op, 618283100.00 ns, 15.0948 ns/op
WorkloadResult  11: 40960000 op, 623705600.00 ns, 15.2272 ns/op
WorkloadResult  12: 40960000 op, 621227300.00 ns, 15.1667 ns/op
WorkloadResult  13: 40960000 op, 621057500.00 ns, 15.1625 ns/op
WorkloadResult  14: 40960000 op, 622025200.00 ns, 15.1862 ns/op
WorkloadResult  15: 40960000 op, 622020400.00 ns, 15.1860 ns/op
WorkloadResult  16: 40960000 op, 621551900.00 ns, 15.1746 ns/op
WorkloadResult  17: 40960000 op, 620694800.00 ns, 15.1537 ns/op
WorkloadResult  18: 40960000 op, 619927500.00 ns, 15.1349 ns/op
WorkloadResult  19: 40960000 op, 617089600.00 ns, 15.0657 ns/op

// AfterAll
// Benchmark Process 39860 has exited with code 0.
// Launch: 3 / 3
// Execute: dotnet side-metadata-benchmark-Job-TZWPHG-1.dll --ipcPort 52704 --benchmarkName "P21.SideMetadataBenchmarks.FalseSharingSeparateLine(LogReferenceCountBits: 1)" --job "IterationCount=20, LaunchCount=3, WarmupCount=8" --diagnoserRunMode 0 --benchmarkId 14 in R:\artifacts\bin\side-metadata-benchmark\Release\net11.0\side-metadata-benchmark-Job-TZWPHG-1\bin\Release\net11.0
// BeforeAnythingElse

// Benchmark Process Environment Information:
// BenchmarkDotNet v0.16.0-preview.1
// Runtime=.NET 11.0.0 (11.0.0-preview.6.26359.118, 11.0.26.36018), X64 RyuJIT x86-64-v4
// GC=Concurrent Workstation
// HardwareIntrinsics=AVX512 BITALG+VBMI2+VNNI+VPOPCNTDQ,AVX512 IFMA+VBMI,AVX512 F+BW+CD+DQ+VL,AVX2+BMI1+BMI2+F16C+FMA+LZCNT+MOVBE,AVX,SSE3+SSSE3+SSE4.1+SSE4.2+POPCNT,X86Base+SSE+SSE2,AES+PCLMUL VectorSize=256
// Job: Job-TZWPHG(IterationCount=20, LaunchCount=3, WarmupCount=8)

WorkloadJitting  1: 20000 op, 413200.00 ns, 20.6600 ns/op
WorkloadJitting  2: 600000 op, 9473100.00 ns, 15.7885 ns/op
WorkloadJitting  3: 600000 op, 10496600.00 ns, 17.4943 ns/op
WorkloadJitting  4: 600000 op, 10403900.00 ns, 17.3398 ns/op
WorkloadJitting  5: 20000 op, 389900.00 ns, 19.4950 ns/op

WorkloadPilot    1: 20000 op, 408900.00 ns, 20.4450 ns/op

WorkloadPilot    1: 320000 op, 5413900.00 ns, 16.9184 ns/op
WorkloadPilot    2: 640000 op, 10067800.00 ns, 15.7309 ns/op
WorkloadPilot    3: 1280000 op, 20358100.00 ns, 15.9048 ns/op
WorkloadPilot    4: 2560000 op, 40638900.00 ns, 15.8746 ns/op
WorkloadPilot    5: 5120000 op, 80496100.00 ns, 15.7219 ns/op
WorkloadPilot    6: 10240000 op, 160420300.00 ns, 15.6660 ns/op
WorkloadPilot    7: 20480000 op, 323047900.00 ns, 15.7738 ns/op
WorkloadPilot    8: 40960000 op, 648173900.00 ns, 15.8246 ns/op

WorkloadWarmup   1: 40960000 op, 646763300.00 ns, 15.7901 ns/op
WorkloadWarmup   2: 40960000 op, 646190800.00 ns, 15.7761 ns/op
WorkloadWarmup   3: 40960000 op, 646877900.00 ns, 15.7929 ns/op
WorkloadWarmup   4: 40960000 op, 647935300.00 ns, 15.8187 ns/op
WorkloadWarmup   5: 40960000 op, 645592800.00 ns, 15.7615 ns/op
WorkloadWarmup   6: 40960000 op, 644867200.00 ns, 15.7438 ns/op
WorkloadWarmup   7: 40960000 op, 647640900.00 ns, 15.8115 ns/op
WorkloadWarmup   8: 40960000 op, 645487000.00 ns, 15.7590 ns/op

// BeforeActualRun
WorkloadActual   1: 40960000 op, 646923600.00 ns, 15.7940 ns/op
WorkloadActual   2: 40960000 op, 666169300.00 ns, 16.2639 ns/op
WorkloadActual   3: 40960000 op, 649173700.00 ns, 15.8490 ns/op
WorkloadActual   4: 40960000 op, 647787300.00 ns, 15.8151 ns/op
WorkloadActual   5: 40960000 op, 644359900.00 ns, 15.7314 ns/op
WorkloadActual   6: 40960000 op, 644681900.00 ns, 15.7393 ns/op
WorkloadActual   7: 40960000 op, 654355200.00 ns, 15.9755 ns/op
WorkloadActual   8: 40960000 op, 645413300.00 ns, 15.7572 ns/op
WorkloadActual   9: 40960000 op, 650494400.00 ns, 15.8812 ns/op
WorkloadActual  10: 40960000 op, 646378200.00 ns, 15.7807 ns/op
WorkloadActual  11: 40960000 op, 642733300.00 ns, 15.6917 ns/op
WorkloadActual  12: 40960000 op, 649160900.00 ns, 15.8487 ns/op
WorkloadActual  13: 40960000 op, 647809400.00 ns, 15.8157 ns/op
WorkloadActual  14: 40960000 op, 647478500.00 ns, 15.8076 ns/op
WorkloadActual  15: 40960000 op, 644845400.00 ns, 15.7433 ns/op
WorkloadActual  16: 40960000 op, 647045700.00 ns, 15.7970 ns/op
WorkloadActual  17: 40960000 op, 649454200.00 ns, 15.8558 ns/op
WorkloadActual  18: 40960000 op, 647899500.00 ns, 15.8179 ns/op
WorkloadActual  19: 40960000 op, 647126300.00 ns, 15.7990 ns/op
WorkloadActual  20: 40960000 op, 645474200.00 ns, 15.7586 ns/op

// AfterActualRun
WorkloadResult   1: 40960000 op, 646923600.00 ns, 15.7940 ns/op
WorkloadResult   2: 40960000 op, 649173700.00 ns, 15.8490 ns/op
WorkloadResult   3: 40960000 op, 647787300.00 ns, 15.8151 ns/op
WorkloadResult   4: 40960000 op, 644359900.00 ns, 15.7314 ns/op
WorkloadResult   5: 40960000 op, 644681900.00 ns, 15.7393 ns/op
WorkloadResult   6: 40960000 op, 654355200.00 ns, 15.9755 ns/op
WorkloadResult   7: 40960000 op, 645413300.00 ns, 15.7572 ns/op
WorkloadResult   8: 40960000 op, 650494400.00 ns, 15.8812 ns/op
WorkloadResult   9: 40960000 op, 646378200.00 ns, 15.7807 ns/op
WorkloadResult  10: 40960000 op, 642733300.00 ns, 15.6917 ns/op
WorkloadResult  11: 40960000 op, 649160900.00 ns, 15.8487 ns/op
WorkloadResult  12: 40960000 op, 647809400.00 ns, 15.8157 ns/op
WorkloadResult  13: 40960000 op, 647478500.00 ns, 15.8076 ns/op
WorkloadResult  14: 40960000 op, 644845400.00 ns, 15.7433 ns/op
WorkloadResult  15: 40960000 op, 647045700.00 ns, 15.7970 ns/op
WorkloadResult  16: 40960000 op, 649454200.00 ns, 15.8558 ns/op
WorkloadResult  17: 40960000 op, 647899500.00 ns, 15.8179 ns/op
WorkloadResult  18: 40960000 op, 647126300.00 ns, 15.7990 ns/op
WorkloadResult  19: 40960000 op, 645474200.00 ns, 15.7586 ns/op

// AfterAll
// Benchmark Process 10896 has exited with code 0.

Mean = 15.320 ns, StdErr = 0.048 ns (0.31%), N = 56, StdDev = 0.358 ns
Min = 14.928 ns, Q1 = 15.012 ns, Median = 15.163 ns, Q3 = 15.758 ns, Max = 15.975 ns
IQR = 0.746 ns, LowerFence = 13.894 ns, UpperFence = 16.876 ns
ConfidenceInterval = [15.154 ns; 15.487 ns] (CI 99.9%), Margin = 0.166 ns (1.09% of Mean)
Skewness = 0.57, Kurtosis = 1.5, MValue = 2

// ** Remained 30 (66.7%) benchmark(s) to run. Estimated finish 2026-08-31 20:16 (0h 36m from now) **
Setup power plan (GUID: 8c5e7fda-e8bf-4a96-9a85-a6e23a8c635c FriendlyName: High performance)
// **************************
// Benchmark: SideMetadataBenchmarks.MapAndLoad: Job-TZWPHG(IterationCount=20, LaunchCount=3, WarmupCount=8) [LogReferenceCountBits=2]
// *** Execute ***
// Launch: 1 / 3
// Execute: dotnet side-metadata-benchmark-Job-TZWPHG-1.dll --ipcPort 56578 --benchmarkName "P21.SideMetadataBenchmarks.MapAndLoad(LogReferenceCountBits: 2)" --job "IterationCount=20, LaunchCount=3, WarmupCount=8" --diagnoserRunMode 0 --benchmarkId 15 in R:\artifacts\bin\side-metadata-benchmark\Release\net11.0\side-metadata-benchmark-Job-TZWPHG-1\bin\Release\net11.0
// BeforeAnythingElse

// Benchmark Process Environment Information:
// BenchmarkDotNet v0.16.0-preview.1
// Runtime=.NET 11.0.0 (11.0.0-preview.6.26359.118, 11.0.26.36018), X64 RyuJIT x86-64-v4
// GC=Concurrent Workstation
// HardwareIntrinsics=AVX512 BITALG+VBMI2+VNNI+VPOPCNTDQ,AVX512 IFMA+VBMI,AVX512 F+BW+CD+DQ+VL,AVX2+BMI1+BMI2+F16C+FMA+LZCNT+MOVBE,AVX,SSE3+SSSE3+SSE4.1+SSE4.2+POPCNT,X86Base+SSE+SSE2,AES+PCLMUL VectorSize=256
// Job: Job-TZWPHG(IterationCount=20, LaunchCount=3, WarmupCount=8)

WorkloadJitting  1: 4096 op, 127100.00 ns, 31.0303 ns/op
WorkloadJitting  2: 122880 op, 2292700.00 ns, 18.6580 ns/op
WorkloadJitting  3: 122880 op, 2274000.00 ns, 18.5059 ns/op
WorkloadJitting  4: 122880 op, 2277600.00 ns, 18.5352 ns/op
WorkloadJitting  5: 4096 op, 76300.00 ns, 18.6279 ns/op

WorkloadPilot    1: 4096 op, 76400.00 ns, 18.6523 ns/op

WorkloadPilot    1: 65536 op, 1238700.00 ns, 18.9011 ns/op
WorkloadPilot    2: 131072 op, 2430700.00 ns, 18.5448 ns/op
WorkloadPilot    3: 262144 op, 4831000.00 ns, 18.4288 ns/op
WorkloadPilot    4: 524288 op, 9606400.00 ns, 18.3228 ns/op
WorkloadPilot    5: 1048576 op, 19272300.00 ns, 18.3795 ns/op
WorkloadPilot    6: 2097152 op, 38417800.00 ns, 18.3190 ns/op
WorkloadPilot    7: 4194304 op, 78152200.00 ns, 18.6329 ns/op
WorkloadPilot    8: 8388608 op, 155423200.00 ns, 18.5279 ns/op
WorkloadPilot    9: 16777216 op, 308700200.00 ns, 18.4000 ns/op
WorkloadPilot   10: 33554432 op, 617696000.00 ns, 18.4088 ns/op

WorkloadWarmup   1: 33554432 op, 616817100.00 ns, 18.3826 ns/op
WorkloadWarmup   2: 33554432 op, 620855100.00 ns, 18.5029 ns/op
WorkloadWarmup   3: 33554432 op, 616260700.00 ns, 18.3660 ns/op
WorkloadWarmup   4: 33554432 op, 615984000.00 ns, 18.3578 ns/op
WorkloadWarmup   5: 33554432 op, 621231900.00 ns, 18.5142 ns/op
WorkloadWarmup   6: 33554432 op, 617659100.00 ns, 18.4077 ns/op
WorkloadWarmup   7: 33554432 op, 616063300.00 ns, 18.3601 ns/op
WorkloadWarmup   8: 33554432 op, 616164500.00 ns, 18.3631 ns/op

// BeforeActualRun
WorkloadActual   1: 33554432 op, 618848300.00 ns, 18.4431 ns/op
WorkloadActual   2: 33554432 op, 616343100.00 ns, 18.3685 ns/op
WorkloadActual   3: 33554432 op, 618714800.00 ns, 18.4391 ns/op
WorkloadActual   4: 33554432 op, 621061700.00 ns, 18.5091 ns/op
WorkloadActual   5: 33554432 op, 619077200.00 ns, 18.4499 ns/op
WorkloadActual   6: 33554432 op, 618430200.00 ns, 18.4307 ns/op
WorkloadActual   7: 33554432 op, 617179700.00 ns, 18.3934 ns/op
WorkloadActual   8: 33554432 op, 618611700.00 ns, 18.4361 ns/op
WorkloadActual   9: 33554432 op, 616568200.00 ns, 18.3752 ns/op
WorkloadActual  10: 33554432 op, 616258000.00 ns, 18.3659 ns/op
WorkloadActual  11: 33554432 op, 619937000.00 ns, 18.4756 ns/op
WorkloadActual  12: 33554432 op, 619840200.00 ns, 18.4727 ns/op
WorkloadActual  13: 33554432 op, 621074000.00 ns, 18.5094 ns/op
WorkloadActual  14: 33554432 op, 618250700.00 ns, 18.4253 ns/op
WorkloadActual  15: 33554432 op, 616680000.00 ns, 18.3785 ns/op
WorkloadActual  16: 33554432 op, 618148400.00 ns, 18.4223 ns/op
WorkloadActual  17: 33554432 op, 615147900.00 ns, 18.3328 ns/op
WorkloadActual  18: 33554432 op, 616494000.00 ns, 18.3730 ns/op
WorkloadActual  19: 33554432 op, 617878000.00 ns, 18.4142 ns/op
WorkloadActual  20: 33554432 op, 617465400.00 ns, 18.4019 ns/op

// AfterActualRun
WorkloadResult   1: 33554432 op, 618848300.00 ns, 18.4431 ns/op
WorkloadResult   2: 33554432 op, 616343100.00 ns, 18.3685 ns/op
WorkloadResult   3: 33554432 op, 618714800.00 ns, 18.4391 ns/op
WorkloadResult   4: 33554432 op, 621061700.00 ns, 18.5091 ns/op
WorkloadResult   5: 33554432 op, 619077200.00 ns, 18.4499 ns/op
WorkloadResult   6: 33554432 op, 618430200.00 ns, 18.4307 ns/op
WorkloadResult   7: 33554432 op, 617179700.00 ns, 18.3934 ns/op
WorkloadResult   8: 33554432 op, 618611700.00 ns, 18.4361 ns/op
WorkloadResult   9: 33554432 op, 616568200.00 ns, 18.3752 ns/op
WorkloadResult  10: 33554432 op, 616258000.00 ns, 18.3659 ns/op
WorkloadResult  11: 33554432 op, 619937000.00 ns, 18.4756 ns/op
WorkloadResult  12: 33554432 op, 619840200.00 ns, 18.4727 ns/op
WorkloadResult  13: 33554432 op, 621074000.00 ns, 18.5094 ns/op
WorkloadResult  14: 33554432 op, 618250700.00 ns, 18.4253 ns/op
WorkloadResult  15: 33554432 op, 616680000.00 ns, 18.3785 ns/op
WorkloadResult  16: 33554432 op, 618148400.00 ns, 18.4223 ns/op
WorkloadResult  17: 33554432 op, 615147900.00 ns, 18.3328 ns/op
WorkloadResult  18: 33554432 op, 616494000.00 ns, 18.3730 ns/op
WorkloadResult  19: 33554432 op, 617878000.00 ns, 18.4142 ns/op
WorkloadResult  20: 33554432 op, 617465400.00 ns, 18.4019 ns/op

// AfterAll
// Benchmark Process 37340 has exited with code 0.
// Launch: 2 / 3
// Execute: dotnet side-metadata-benchmark-Job-TZWPHG-1.dll --ipcPort 56596 --benchmarkName "P21.SideMetadataBenchmarks.MapAndLoad(LogReferenceCountBits: 2)" --job "IterationCount=20, LaunchCount=3, WarmupCount=8" --diagnoserRunMode 0 --benchmarkId 15 in R:\artifacts\bin\side-metadata-benchmark\Release\net11.0\side-metadata-benchmark-Job-TZWPHG-1\bin\Release\net11.0
// BeforeAnythingElse

// Benchmark Process Environment Information:
// BenchmarkDotNet v0.16.0-preview.1
// Runtime=.NET 11.0.0 (11.0.0-preview.6.26359.118, 11.0.26.36018), X64 RyuJIT x86-64-v4
// GC=Concurrent Workstation
// HardwareIntrinsics=AVX512 BITALG+VBMI2+VNNI+VPOPCNTDQ,AVX512 IFMA+VBMI,AVX512 F+BW+CD+DQ+VL,AVX2+BMI1+BMI2+F16C+FMA+LZCNT+MOVBE,AVX,SSE3+SSSE3+SSE4.1+SSE4.2+POPCNT,X86Base+SSE+SSE2,AES+PCLMUL VectorSize=256
// Job: Job-TZWPHG(IterationCount=20, LaunchCount=3, WarmupCount=8)

WorkloadJitting  1: 4096 op, 131000.00 ns, 31.9824 ns/op
WorkloadJitting  2: 122880 op, 2263400.00 ns, 18.4196 ns/op
WorkloadJitting  3: 122880 op, 2259100.00 ns, 18.3846 ns/op
WorkloadJitting  4: 122880 op, 2264200.00 ns, 18.4261 ns/op
WorkloadJitting  5: 4096 op, 117200.00 ns, 28.6133 ns/op

WorkloadPilot    1: 4096 op, 99400.00 ns, 24.2676 ns/op

WorkloadPilot    1: 65536 op, 1186500.00 ns, 18.1046 ns/op
WorkloadPilot    2: 131072 op, 2421800.00 ns, 18.4769 ns/op
WorkloadPilot    3: 262144 op, 4910500.00 ns, 18.7321 ns/op
WorkloadPilot    4: 524288 op, 9602000.00 ns, 18.3144 ns/op
WorkloadPilot    5: 1048576 op, 19290800.00 ns, 18.3971 ns/op
WorkloadPilot    6: 2097152 op, 38419300.00 ns, 18.3197 ns/op
WorkloadPilot    7: 4194304 op, 78095000.00 ns, 18.6193 ns/op
WorkloadPilot    8: 8388608 op, 155007100.00 ns, 18.4783 ns/op
WorkloadPilot    9: 16777216 op, 309023700.00 ns, 18.4192 ns/op
WorkloadPilot   10: 33554432 op, 618190100.00 ns, 18.4235 ns/op

WorkloadWarmup   1: 33554432 op, 616516500.00 ns, 18.3736 ns/op
WorkloadWarmup   2: 33554432 op, 627572000.00 ns, 18.7031 ns/op
WorkloadWarmup   3: 33554432 op, 619196600.00 ns, 18.4535 ns/op
WorkloadWarmup   4: 33554432 op, 616824200.00 ns, 18.3828 ns/op
WorkloadWarmup   5: 33554432 op, 618700000.00 ns, 18.4387 ns/op
WorkloadWarmup   6: 33554432 op, 616291000.00 ns, 18.3669 ns/op
WorkloadWarmup   7: 33554432 op, 614519500.00 ns, 18.3141 ns/op
WorkloadWarmup   8: 33554432 op, 621034400.00 ns, 18.5083 ns/op

// BeforeActualRun
WorkloadActual   1: 33554432 op, 616977500.00 ns, 18.3874 ns/op
WorkloadActual   2: 33554432 op, 617266500.00 ns, 18.3960 ns/op
WorkloadActual   3: 33554432 op, 619996200.00 ns, 18.4773 ns/op
WorkloadActual   4: 33554432 op, 621112100.00 ns, 18.5106 ns/op
WorkloadActual   5: 33554432 op, 620271300.00 ns, 18.4855 ns/op
WorkloadActual   6: 33554432 op, 616294500.00 ns, 18.3670 ns/op
WorkloadActual   7: 33554432 op, 617665700.00 ns, 18.4079 ns/op
WorkloadActual   8: 33554432 op, 617816500.00 ns, 18.4124 ns/op
WorkloadActual   9: 33554432 op, 617858000.00 ns, 18.4136 ns/op
WorkloadActual  10: 33554432 op, 621961500.00 ns, 18.5359 ns/op
WorkloadActual  11: 33554432 op, 616514500.00 ns, 18.3736 ns/op
WorkloadActual  12: 33554432 op, 619911200.00 ns, 18.4748 ns/op
WorkloadActual  13: 33554432 op, 616999700.00 ns, 18.3880 ns/op
WorkloadActual  14: 33554432 op, 616901600.00 ns, 18.3851 ns/op
WorkloadActual  15: 33554432 op, 622013300.00 ns, 18.5374 ns/op
WorkloadActual  16: 33554432 op, 619039800.00 ns, 18.4488 ns/op
WorkloadActual  17: 33554432 op, 615095300.00 ns, 18.3313 ns/op
WorkloadActual  18: 33554432 op, 618678100.00 ns, 18.4380 ns/op
WorkloadActual  19: 33554432 op, 619843600.00 ns, 18.4728 ns/op
WorkloadActual  20: 33554432 op, 619231100.00 ns, 18.4545 ns/op

// AfterActualRun
WorkloadResult   1: 33554432 op, 616977500.00 ns, 18.3874 ns/op
WorkloadResult   2: 33554432 op, 617266500.00 ns, 18.3960 ns/op
WorkloadResult   3: 33554432 op, 619996200.00 ns, 18.4773 ns/op
WorkloadResult   4: 33554432 op, 621112100.00 ns, 18.5106 ns/op
WorkloadResult   5: 33554432 op, 620271300.00 ns, 18.4855 ns/op
WorkloadResult   6: 33554432 op, 616294500.00 ns, 18.3670 ns/op
WorkloadResult   7: 33554432 op, 617665700.00 ns, 18.4079 ns/op
WorkloadResult   8: 33554432 op, 617816500.00 ns, 18.4124 ns/op
WorkloadResult   9: 33554432 op, 617858000.00 ns, 18.4136 ns/op
WorkloadResult  10: 33554432 op, 621961500.00 ns, 18.5359 ns/op
WorkloadResult  11: 33554432 op, 616514500.00 ns, 18.3736 ns/op
WorkloadResult  12: 33554432 op, 619911200.00 ns, 18.4748 ns/op
WorkloadResult  13: 33554432 op, 616999700.00 ns, 18.3880 ns/op
WorkloadResult  14: 33554432 op, 616901600.00 ns, 18.3851 ns/op
WorkloadResult  15: 33554432 op, 622013300.00 ns, 18.5374 ns/op
WorkloadResult  16: 33554432 op, 619039800.00 ns, 18.4488 ns/op
WorkloadResult  17: 33554432 op, 615095300.00 ns, 18.3313 ns/op
WorkloadResult  18: 33554432 op, 618678100.00 ns, 18.4380 ns/op
WorkloadResult  19: 33554432 op, 619843600.00 ns, 18.4728 ns/op
WorkloadResult  20: 33554432 op, 619231100.00 ns, 18.4545 ns/op

// AfterAll
// Benchmark Process 11740 has exited with code 0.
// Launch: 3 / 3
// Execute: dotnet side-metadata-benchmark-Job-TZWPHG-1.dll --ipcPort 56618 --benchmarkName "P21.SideMetadataBenchmarks.MapAndLoad(LogReferenceCountBits: 2)" --job "IterationCount=20, LaunchCount=3, WarmupCount=8" --diagnoserRunMode 0 --benchmarkId 15 in R:\artifacts\bin\side-metadata-benchmark\Release\net11.0\side-metadata-benchmark-Job-TZWPHG-1\bin\Release\net11.0
// BeforeAnythingElse

// Benchmark Process Environment Information:
// BenchmarkDotNet v0.16.0-preview.1
// Runtime=.NET 11.0.0 (11.0.0-preview.6.26359.118, 11.0.26.36018), X64 RyuJIT x86-64-v4
// GC=Concurrent Workstation
// HardwareIntrinsics=AVX512 BITALG+VBMI2+VNNI+VPOPCNTDQ,AVX512 IFMA+VBMI,AVX512 F+BW+CD+DQ+VL,AVX2+BMI1+BMI2+F16C+FMA+LZCNT+MOVBE,AVX,SSE3+SSSE3+SSE4.1+SSE4.2+POPCNT,X86Base+SSE+SSE2,AES+PCLMUL VectorSize=256
// Job: Job-TZWPHG(IterationCount=20, LaunchCount=3, WarmupCount=8)

WorkloadJitting  1: 4096 op, 131000.00 ns, 31.9824 ns/op
WorkloadJitting  2: 122880 op, 2269400.00 ns, 18.4684 ns/op
WorkloadJitting  3: 122880 op, 2305200.00 ns, 18.7598 ns/op
WorkloadJitting  4: 122880 op, 2260500.00 ns, 18.3960 ns/op
WorkloadJitting  5: 4096 op, 76900.00 ns, 18.7744 ns/op

WorkloadPilot    1: 4096 op, 80600.00 ns, 19.6777 ns/op

WorkloadPilot    1: 65536 op, 1224000.00 ns, 18.6768 ns/op
WorkloadPilot    2: 131072 op, 2457900.00 ns, 18.7523 ns/op
WorkloadPilot    3: 262144 op, 4841000.00 ns, 18.4669 ns/op
WorkloadPilot    4: 524288 op, 9666100.00 ns, 18.4366 ns/op
WorkloadPilot    5: 1048576 op, 19301900.00 ns, 18.4077 ns/op
WorkloadPilot    6: 2097152 op, 38509500.00 ns, 18.3628 ns/op
WorkloadPilot    7: 4194304 op, 78555100.00 ns, 18.7290 ns/op
WorkloadPilot    8: 8388608 op, 154492900.00 ns, 18.4170 ns/op
WorkloadPilot    9: 16777216 op, 313601500.00 ns, 18.6921 ns/op
WorkloadPilot   10: 33554432 op, 618435300.00 ns, 18.4308 ns/op

WorkloadWarmup   1: 33554432 op, 618169400.00 ns, 18.4229 ns/op
WorkloadWarmup   2: 33554432 op, 618102600.00 ns, 18.4209 ns/op
WorkloadWarmup   3: 33554432 op, 621390900.00 ns, 18.5189 ns/op
WorkloadWarmup   4: 33554432 op, 619454800.00 ns, 18.4612 ns/op
WorkloadWarmup   5: 33554432 op, 619045200.00 ns, 18.4490 ns/op
WorkloadWarmup   6: 33554432 op, 619283800.00 ns, 18.4561 ns/op
WorkloadWarmup   7: 33554432 op, 618978700.00 ns, 18.4470 ns/op
WorkloadWarmup   8: 33554432 op, 622250500.00 ns, 18.5445 ns/op

// BeforeActualRun
WorkloadActual   1: 33554432 op, 619730200.00 ns, 18.4694 ns/op
WorkloadActual   2: 33554432 op, 618822600.00 ns, 18.4424 ns/op
WorkloadActual   3: 33554432 op, 617145200.00 ns, 18.3924 ns/op
WorkloadActual   4: 33554432 op, 618795900.00 ns, 18.4416 ns/op
WorkloadActual   5: 33554432 op, 618201600.00 ns, 18.4238 ns/op
WorkloadActual   6: 33554432 op, 621237100.00 ns, 18.5143 ns/op
WorkloadActual   7: 33554432 op, 622089800.00 ns, 18.5397 ns/op
WorkloadActual   8: 33554432 op, 618758400.00 ns, 18.4404 ns/op
WorkloadActual   9: 33554432 op, 622811400.00 ns, 18.5612 ns/op
WorkloadActual  10: 33554432 op, 618520500.00 ns, 18.4333 ns/op
WorkloadActual  11: 33554432 op, 619729600.00 ns, 18.4694 ns/op
WorkloadActual  12: 33554432 op, 621841700.00 ns, 18.5323 ns/op
WorkloadActual  13: 33554432 op, 619566800.00 ns, 18.4645 ns/op
WorkloadActual  14: 33554432 op, 620494000.00 ns, 18.4922 ns/op
WorkloadActual  15: 33554432 op, 620071400.00 ns, 18.4796 ns/op
WorkloadActual  16: 33554432 op, 617492400.00 ns, 18.4027 ns/op
WorkloadActual  17: 33554432 op, 620758700.00 ns, 18.5001 ns/op
WorkloadActual  18: 33554432 op, 619284500.00 ns, 18.4561 ns/op
WorkloadActual  19: 33554432 op, 618950900.00 ns, 18.4462 ns/op
WorkloadActual  20: 33554432 op, 621862500.00 ns, 18.5329 ns/op

// AfterActualRun
WorkloadResult   1: 33554432 op, 619730200.00 ns, 18.4694 ns/op
WorkloadResult   2: 33554432 op, 618822600.00 ns, 18.4424 ns/op
WorkloadResult   3: 33554432 op, 617145200.00 ns, 18.3924 ns/op
WorkloadResult   4: 33554432 op, 618795900.00 ns, 18.4416 ns/op
WorkloadResult   5: 33554432 op, 618201600.00 ns, 18.4238 ns/op
WorkloadResult   6: 33554432 op, 621237100.00 ns, 18.5143 ns/op
WorkloadResult   7: 33554432 op, 622089800.00 ns, 18.5397 ns/op
WorkloadResult   8: 33554432 op, 618758400.00 ns, 18.4404 ns/op
WorkloadResult   9: 33554432 op, 622811400.00 ns, 18.5612 ns/op
WorkloadResult  10: 33554432 op, 618520500.00 ns, 18.4333 ns/op
WorkloadResult  11: 33554432 op, 619729600.00 ns, 18.4694 ns/op
WorkloadResult  12: 33554432 op, 621841700.00 ns, 18.5323 ns/op
WorkloadResult  13: 33554432 op, 619566800.00 ns, 18.4645 ns/op
WorkloadResult  14: 33554432 op, 620494000.00 ns, 18.4922 ns/op
WorkloadResult  15: 33554432 op, 620071400.00 ns, 18.4796 ns/op
WorkloadResult  16: 33554432 op, 617492400.00 ns, 18.4027 ns/op
WorkloadResult  17: 33554432 op, 620758700.00 ns, 18.5001 ns/op
WorkloadResult  18: 33554432 op, 619284500.00 ns, 18.4561 ns/op
WorkloadResult  19: 33554432 op, 618950900.00 ns, 18.4462 ns/op
WorkloadResult  20: 33554432 op, 621862500.00 ns, 18.5329 ns/op

// AfterAll
// Benchmark Process 26460 has exited with code 0.

Mean = 18.442 ns, StdErr = 0.007 ns (0.04%), N = 60, StdDev = 0.055 ns
Min = 18.331 ns, Q1 = 18.400 ns, Median = 18.441 ns, Q3 = 18.476 ns, Max = 18.561 ns
IQR = 0.076 ns, LowerFence = 18.287 ns, UpperFence = 18.589 ns
ConfidenceInterval = [18.418 ns; 18.467 ns] (CI 99.9%), Margin = 0.025 ns (0.13% of Mean)
Skewness = 0.14, Kurtosis = 2.27, MValue = 2

// ** Remained 29 (64.4%) benchmark(s) to run. Estimated finish 2026-08-31 20:15 (0h 34m from now) **
Setup power plan (GUID: 8c5e7fda-e8bf-4a96-9a85-a6e23a8c635c FriendlyName: High performance)
// **************************
// Benchmark: SideMetadataBenchmarks.MapAndLoadControl: Job-TZWPHG(IterationCount=20, LaunchCount=3, WarmupCount=8) [LogReferenceCountBits=2]
// *** Execute ***
// Launch: 1 / 3
// Execute: dotnet side-metadata-benchmark-Job-TZWPHG-1.dll --ipcPort 56650 --benchmarkName "P21.SideMetadataBenchmarks.MapAndLoadControl(LogReferenceCountBits: 2)" --job "IterationCount=20, LaunchCount=3, WarmupCount=8" --diagnoserRunMode 0 --benchmarkId 16 in R:\artifacts\bin\side-metadata-benchmark\Release\net11.0\side-metadata-benchmark-Job-TZWPHG-1\bin\Release\net11.0
// BeforeAnythingElse

// Benchmark Process Environment Information:
// BenchmarkDotNet v0.16.0-preview.1
// Runtime=.NET 11.0.0 (11.0.0-preview.6.26359.118, 11.0.26.36018), X64 RyuJIT x86-64-v4
// GC=Concurrent Workstation
// HardwareIntrinsics=AVX512 BITALG+VBMI2+VNNI+VPOPCNTDQ,AVX512 IFMA+VBMI,AVX512 F+BW+CD+DQ+VL,AVX2+BMI1+BMI2+F16C+FMA+LZCNT+MOVBE,AVX,SSE3+SSSE3+SSE4.1+SSE4.2+POPCNT,X86Base+SSE+SSE2,AES+PCLMUL VectorSize=256
// Job: Job-TZWPHG(IterationCount=20, LaunchCount=3, WarmupCount=8)

WorkloadJitting  1: 4096 op, 128500.00 ns, 31.3721 ns/op
WorkloadJitting  2: 122880 op, 2281300.00 ns, 18.5653 ns/op
WorkloadJitting  3: 122880 op, 2276200.00 ns, 18.5238 ns/op
WorkloadJitting  4: 122880 op, 2279000.00 ns, 18.5465 ns/op
WorkloadJitting  5: 4096 op, 76600.00 ns, 18.7012 ns/op

WorkloadPilot    1: 4096 op, 75700.00 ns, 18.4814 ns/op

WorkloadPilot    1: 65536 op, 1213800.00 ns, 18.5211 ns/op
WorkloadPilot    2: 131072 op, 2443700.00 ns, 18.6440 ns/op
WorkloadPilot    3: 262144 op, 4862700.00 ns, 18.5497 ns/op
WorkloadPilot    4: 524288 op, 9618200.00 ns, 18.3453 ns/op
WorkloadPilot    5: 1048576 op, 19433900.00 ns, 18.5336 ns/op
WorkloadPilot    6: 2097152 op, 38671500.00 ns, 18.4400 ns/op
WorkloadPilot    7: 4194304 op, 77035700.00 ns, 18.3667 ns/op
WorkloadPilot    8: 8388608 op, 153808000.00 ns, 18.3353 ns/op
WorkloadPilot    9: 16777216 op, 312393700.00 ns, 18.6201 ns/op
WorkloadPilot   10: 33554432 op, 619546300.00 ns, 18.4639 ns/op

WorkloadWarmup   1: 33554432 op, 615713100.00 ns, 18.3497 ns/op
WorkloadWarmup   2: 33554432 op, 615945800.00 ns, 18.3566 ns/op
WorkloadWarmup   3: 33554432 op, 619155100.00 ns, 18.4523 ns/op
WorkloadWarmup   4: 33554432 op, 624489700.00 ns, 18.6112 ns/op
WorkloadWarmup   5: 33554432 op, 616554100.00 ns, 18.3747 ns/op
WorkloadWarmup   6: 33554432 op, 623426800.00 ns, 18.5796 ns/op
WorkloadWarmup   7: 33554432 op, 618930000.00 ns, 18.4456 ns/op
WorkloadWarmup   8: 33554432 op, 618685700.00 ns, 18.4383 ns/op

// BeforeActualRun
WorkloadActual   1: 33554432 op, 616432000.00 ns, 18.3711 ns/op
WorkloadActual   2: 33554432 op, 617184100.00 ns, 18.3935 ns/op
WorkloadActual   3: 33554432 op, 620280800.00 ns, 18.4858 ns/op
WorkloadActual   4: 33554432 op, 618313500.00 ns, 18.4272 ns/op
WorkloadActual   5: 33554432 op, 616542400.00 ns, 18.3744 ns/op
WorkloadActual   6: 33554432 op, 618230200.00 ns, 18.4247 ns/op
WorkloadActual   7: 33554432 op, 619807900.00 ns, 18.4717 ns/op
WorkloadActual   8: 33554432 op, 616769200.00 ns, 18.3812 ns/op
WorkloadActual   9: 33554432 op, 617612100.00 ns, 18.4063 ns/op
WorkloadActual  10: 33554432 op, 623590900.00 ns, 18.5845 ns/op
WorkloadActual  11: 33554432 op, 615262800.00 ns, 18.3363 ns/op
WorkloadActual  12: 33554432 op, 618662100.00 ns, 18.4376 ns/op
WorkloadActual  13: 33554432 op, 621098600.00 ns, 18.5102 ns/op
WorkloadActual  14: 33554432 op, 618973600.00 ns, 18.4469 ns/op
WorkloadActual  15: 33554432 op, 617894900.00 ns, 18.4147 ns/op
WorkloadActual  16: 33554432 op, 624693500.00 ns, 18.6173 ns/op
WorkloadActual  17: 33554432 op, 616888500.00 ns, 18.3847 ns/op
WorkloadActual  18: 33554432 op, 619349500.00 ns, 18.4581 ns/op
WorkloadActual  19: 33554432 op, 616294800.00 ns, 18.3670 ns/op
WorkloadActual  20: 33554432 op, 617679500.00 ns, 18.4083 ns/op

// AfterActualRun
WorkloadResult   1: 33554432 op, 616432000.00 ns, 18.3711 ns/op
WorkloadResult   2: 33554432 op, 617184100.00 ns, 18.3935 ns/op
WorkloadResult   3: 33554432 op, 620280800.00 ns, 18.4858 ns/op
WorkloadResult   4: 33554432 op, 618313500.00 ns, 18.4272 ns/op
WorkloadResult   5: 33554432 op, 616542400.00 ns, 18.3744 ns/op
WorkloadResult   6: 33554432 op, 618230200.00 ns, 18.4247 ns/op
WorkloadResult   7: 33554432 op, 619807900.00 ns, 18.4717 ns/op
WorkloadResult   8: 33554432 op, 616769200.00 ns, 18.3812 ns/op
WorkloadResult   9: 33554432 op, 617612100.00 ns, 18.4063 ns/op
WorkloadResult  10: 33554432 op, 615262800.00 ns, 18.3363 ns/op
WorkloadResult  11: 33554432 op, 618662100.00 ns, 18.4376 ns/op
WorkloadResult  12: 33554432 op, 621098600.00 ns, 18.5102 ns/op
WorkloadResult  13: 33554432 op, 618973600.00 ns, 18.4469 ns/op
WorkloadResult  14: 33554432 op, 617894900.00 ns, 18.4147 ns/op
WorkloadResult  15: 33554432 op, 616888500.00 ns, 18.3847 ns/op
WorkloadResult  16: 33554432 op, 619349500.00 ns, 18.4581 ns/op
WorkloadResult  17: 33554432 op, 616294800.00 ns, 18.3670 ns/op
WorkloadResult  18: 33554432 op, 617679500.00 ns, 18.4083 ns/op

// AfterAll
// Benchmark Process 39048 has exited with code 0.
// Launch: 2 / 3
// Execute: dotnet side-metadata-benchmark-Job-TZWPHG-1.dll --ipcPort 52387 --benchmarkName "P21.SideMetadataBenchmarks.MapAndLoadControl(LogReferenceCountBits: 2)" --job "IterationCount=20, LaunchCount=3, WarmupCount=8" --diagnoserRunMode 0 --benchmarkId 16 in R:\artifacts\bin\side-metadata-benchmark\Release\net11.0\side-metadata-benchmark-Job-TZWPHG-1\bin\Release\net11.0
// BeforeAnythingElse

// Benchmark Process Environment Information:
// BenchmarkDotNet v0.16.0-preview.1
// Runtime=.NET 11.0.0 (11.0.0-preview.6.26359.118, 11.0.26.36018), X64 RyuJIT x86-64-v4
// GC=Concurrent Workstation
// HardwareIntrinsics=AVX512 BITALG+VBMI2+VNNI+VPOPCNTDQ,AVX512 IFMA+VBMI,AVX512 F+BW+CD+DQ+VL,AVX2+BMI1+BMI2+F16C+FMA+LZCNT+MOVBE,AVX,SSE3+SSSE3+SSE4.1+SSE4.2+POPCNT,X86Base+SSE+SSE2,AES+PCLMUL VectorSize=256
// Job: Job-TZWPHG(IterationCount=20, LaunchCount=3, WarmupCount=8)

WorkloadJitting  1: 4096 op, 128300.00 ns, 31.3232 ns/op
WorkloadJitting  2: 122880 op, 2346500.00 ns, 19.0959 ns/op
WorkloadJitting  3: 122880 op, 2285500.00 ns, 18.5994 ns/op
WorkloadJitting  4: 122880 op, 2351200.00 ns, 19.1341 ns/op
WorkloadJitting  5: 4096 op, 98500.00 ns, 24.0479 ns/op

WorkloadPilot    1: 4096 op, 92100.00 ns, 22.4854 ns/op

WorkloadPilot    1: 65536 op, 1251300.00 ns, 19.0933 ns/op
WorkloadPilot    2: 131072 op, 2516900.00 ns, 19.2024 ns/op
WorkloadPilot    3: 262144 op, 4991900.00 ns, 19.0426 ns/op
WorkloadPilot    4: 524288 op, 9975500.00 ns, 19.0268 ns/op
WorkloadPilot    5: 1048576 op, 19871300.00 ns, 18.9507 ns/op
WorkloadPilot    6: 2097152 op, 40219800.00 ns, 19.1783 ns/op
WorkloadPilot    7: 4194304 op, 80106300.00 ns, 19.0988 ns/op
WorkloadPilot    8: 8388608 op, 160643800.00 ns, 19.1502 ns/op
WorkloadPilot    9: 16777216 op, 319433200.00 ns, 19.0397 ns/op
WorkloadPilot   10: 33554432 op, 639284200.00 ns, 19.0522 ns/op

WorkloadWarmup   1: 33554432 op, 641472300.00 ns, 19.1174 ns/op
WorkloadWarmup   2: 33554432 op, 640487200.00 ns, 19.0880 ns/op
WorkloadWarmup   3: 33554432 op, 640713800.00 ns, 19.0948 ns/op
WorkloadWarmup   4: 33554432 op, 639669900.00 ns, 19.0636 ns/op
WorkloadWarmup   5: 33554432 op, 643144100.00 ns, 19.1672 ns/op
WorkloadWarmup   6: 33554432 op, 642352300.00 ns, 19.1436 ns/op
WorkloadWarmup   7: 33554432 op, 640185600.00 ns, 19.0790 ns/op
WorkloadWarmup   8: 33554432 op, 641086900.00 ns, 19.1059 ns/op

// BeforeActualRun
WorkloadActual   1: 33554432 op, 639938800.00 ns, 19.0717 ns/op
WorkloadActual   2: 33554432 op, 641452200.00 ns, 19.1168 ns/op
WorkloadActual   3: 33554432 op, 642775900.00 ns, 19.1562 ns/op
WorkloadActual   4: 33554432 op, 640249300.00 ns, 19.0809 ns/op
WorkloadActual   5: 33554432 op, 638634200.00 ns, 19.0328 ns/op
WorkloadActual   6: 33554432 op, 639152200.00 ns, 19.0482 ns/op
WorkloadActual   7: 33554432 op, 642073700.00 ns, 19.1353 ns/op
WorkloadActual   8: 33554432 op, 640345500.00 ns, 19.0838 ns/op
WorkloadActual   9: 33554432 op, 641504500.00 ns, 19.1183 ns/op
WorkloadActual  10: 33554432 op, 642043700.00 ns, 19.1344 ns/op
WorkloadActual  11: 33554432 op, 641598700.00 ns, 19.1211 ns/op
WorkloadActual  12: 33554432 op, 655810200.00 ns, 19.5447 ns/op
WorkloadActual  13: 33554432 op, 641556800.00 ns, 19.1199 ns/op
WorkloadActual  14: 33554432 op, 642025500.00 ns, 19.1339 ns/op
WorkloadActual  15: 33554432 op, 639122300.00 ns, 19.0473 ns/op
WorkloadActual  16: 33554432 op, 643286900.00 ns, 19.1714 ns/op
WorkloadActual  17: 33554432 op, 639959800.00 ns, 19.0723 ns/op
WorkloadActual  18: 33554432 op, 641181400.00 ns, 19.1087 ns/op
WorkloadActual  19: 33554432 op, 641037100.00 ns, 19.1044 ns/op
WorkloadActual  20: 33554432 op, 641536400.00 ns, 19.1193 ns/op

// AfterActualRun
WorkloadResult   1: 33554432 op, 639938800.00 ns, 19.0717 ns/op
WorkloadResult   2: 33554432 op, 641452200.00 ns, 19.1168 ns/op
WorkloadResult   3: 33554432 op, 642775900.00 ns, 19.1562 ns/op
WorkloadResult   4: 33554432 op, 640249300.00 ns, 19.0809 ns/op
WorkloadResult   5: 33554432 op, 638634200.00 ns, 19.0328 ns/op
WorkloadResult   6: 33554432 op, 639152200.00 ns, 19.0482 ns/op
WorkloadResult   7: 33554432 op, 642073700.00 ns, 19.1353 ns/op
WorkloadResult   8: 33554432 op, 640345500.00 ns, 19.0838 ns/op
WorkloadResult   9: 33554432 op, 641504500.00 ns, 19.1183 ns/op
WorkloadResult  10: 33554432 op, 642043700.00 ns, 19.1344 ns/op
WorkloadResult  11: 33554432 op, 641598700.00 ns, 19.1211 ns/op
WorkloadResult  12: 33554432 op, 641556800.00 ns, 19.1199 ns/op
WorkloadResult  13: 33554432 op, 642025500.00 ns, 19.1339 ns/op
WorkloadResult  14: 33554432 op, 639122300.00 ns, 19.0473 ns/op
WorkloadResult  15: 33554432 op, 643286900.00 ns, 19.1714 ns/op
WorkloadResult  16: 33554432 op, 639959800.00 ns, 19.0723 ns/op
WorkloadResult  17: 33554432 op, 641181400.00 ns, 19.1087 ns/op
WorkloadResult  18: 33554432 op, 641037100.00 ns, 19.1044 ns/op
WorkloadResult  19: 33554432 op, 641536400.00 ns, 19.1193 ns/op

// AfterAll
// Benchmark Process 29848 has exited with code 0.
// Launch: 3 / 3
// Execute: dotnet side-metadata-benchmark-Job-TZWPHG-1.dll --ipcPort 52410 --benchmarkName "P21.SideMetadataBenchmarks.MapAndLoadControl(LogReferenceCountBits: 2)" --job "IterationCount=20, LaunchCount=3, WarmupCount=8" --diagnoserRunMode 0 --benchmarkId 16 in R:\artifacts\bin\side-metadata-benchmark\Release\net11.0\side-metadata-benchmark-Job-TZWPHG-1\bin\Release\net11.0
// BeforeAnythingElse

// Benchmark Process Environment Information:
// BenchmarkDotNet v0.16.0-preview.1
// Runtime=.NET 11.0.0 (11.0.0-preview.6.26359.118, 11.0.26.36018), X64 RyuJIT x86-64-v4
// GC=Concurrent Workstation
// HardwareIntrinsics=AVX512 BITALG+VBMI2+VNNI+VPOPCNTDQ,AVX512 IFMA+VBMI,AVX512 F+BW+CD+DQ+VL,AVX2+BMI1+BMI2+F16C+FMA+LZCNT+MOVBE,AVX,SSE3+SSSE3+SSE4.1+SSE4.2+POPCNT,X86Base+SSE+SSE2,AES+PCLMUL VectorSize=256
// Job: Job-TZWPHG(IterationCount=20, LaunchCount=3, WarmupCount=8)

WorkloadJitting  1: 4096 op, 134200.00 ns, 32.7637 ns/op
WorkloadJitting  2: 122880 op, 2266800.00 ns, 18.4473 ns/op
WorkloadJitting  3: 122880 op, 2270500.00 ns, 18.4774 ns/op
WorkloadJitting  4: 122880 op, 2281200.00 ns, 18.5645 ns/op
WorkloadJitting  5: 4096 op, 78000.00 ns, 19.0430 ns/op

WorkloadPilot    1: 4096 op, 92200.00 ns, 22.5098 ns/op

WorkloadPilot    1: 65536 op, 1212900.00 ns, 18.5074 ns/op
WorkloadPilot    2: 131072 op, 2408500.00 ns, 18.3754 ns/op
WorkloadPilot    3: 262144 op, 4853300.00 ns, 18.5139 ns/op
WorkloadPilot    4: 524288 op, 10125700.00 ns, 19.3132 ns/op
WorkloadPilot    5: 1048576 op, 19238800.00 ns, 18.3475 ns/op
WorkloadPilot    6: 2097152 op, 38456300.00 ns, 18.3374 ns/op
WorkloadPilot    7: 4194304 op, 77005500.00 ns, 18.3595 ns/op
WorkloadPilot    8: 8388608 op, 155918700.00 ns, 18.5870 ns/op
WorkloadPilot    9: 16777216 op, 310658400.00 ns, 18.5167 ns/op
WorkloadPilot   10: 33554432 op, 617001800.00 ns, 18.3881 ns/op

WorkloadWarmup   1: 33554432 op, 618317500.00 ns, 18.4273 ns/op
WorkloadWarmup   2: 33554432 op, 616064200.00 ns, 18.3601 ns/op
WorkloadWarmup   3: 33554432 op, 620440100.00 ns, 18.4906 ns/op
WorkloadWarmup   4: 33554432 op, 616744000.00 ns, 18.3804 ns/op
WorkloadWarmup   5: 33554432 op, 615503600.00 ns, 18.3434 ns/op
WorkloadWarmup   6: 33554432 op, 621883000.00 ns, 18.5336 ns/op
WorkloadWarmup   7: 33554432 op, 618070700.00 ns, 18.4199 ns/op
WorkloadWarmup   8: 33554432 op, 619499800.00 ns, 18.4625 ns/op

// BeforeActualRun
WorkloadActual   1: 33554432 op, 615217900.00 ns, 18.3349 ns/op
WorkloadActual   2: 33554432 op, 618775800.00 ns, 18.4410 ns/op
WorkloadActual   3: 33554432 op, 625463900.00 ns, 18.6403 ns/op
WorkloadActual   4: 33554432 op, 618332300.00 ns, 18.4277 ns/op
WorkloadActual   5: 33554432 op, 619175900.00 ns, 18.4529 ns/op
WorkloadActual   6: 33554432 op, 617313500.00 ns, 18.3974 ns/op
WorkloadActual   7: 33554432 op, 624565900.00 ns, 18.6135 ns/op
WorkloadActual   8: 33554432 op, 618378600.00 ns, 18.4291 ns/op
WorkloadActual   9: 33554432 op, 620594500.00 ns, 18.4952 ns/op
WorkloadActual  10: 33554432 op, 618300600.00 ns, 18.4268 ns/op
WorkloadActual  11: 33554432 op, 619402100.00 ns, 18.4596 ns/op
WorkloadActual  12: 33554432 op, 617209500.00 ns, 18.3943 ns/op
WorkloadActual  13: 33554432 op, 623211000.00 ns, 18.5731 ns/op
WorkloadActual  14: 33554432 op, 616093500.00 ns, 18.3610 ns/op
WorkloadActual  15: 33554432 op, 618273100.00 ns, 18.4260 ns/op
WorkloadActual  16: 33554432 op, 617769800.00 ns, 18.4110 ns/op
WorkloadActual  17: 33554432 op, 619127800.00 ns, 18.4514 ns/op
WorkloadActual  18: 33554432 op, 619849200.00 ns, 18.4729 ns/op
WorkloadActual  19: 33554432 op, 619948400.00 ns, 18.4759 ns/op
WorkloadActual  20: 33554432 op, 618742100.00 ns, 18.4400 ns/op

// AfterActualRun
WorkloadResult   1: 33554432 op, 615217900.00 ns, 18.3349 ns/op
WorkloadResult   2: 33554432 op, 618775800.00 ns, 18.4410 ns/op
WorkloadResult   3: 33554432 op, 618332300.00 ns, 18.4277 ns/op
WorkloadResult   4: 33554432 op, 619175900.00 ns, 18.4529 ns/op
WorkloadResult   5: 33554432 op, 617313500.00 ns, 18.3974 ns/op
WorkloadResult   6: 33554432 op, 618378600.00 ns, 18.4291 ns/op
WorkloadResult   7: 33554432 op, 620594500.00 ns, 18.4952 ns/op
WorkloadResult   8: 33554432 op, 618300600.00 ns, 18.4268 ns/op
WorkloadResult   9: 33554432 op, 619402100.00 ns, 18.4596 ns/op
WorkloadResult  10: 33554432 op, 617209500.00 ns, 18.3943 ns/op
WorkloadResult  11: 33554432 op, 616093500.00 ns, 18.3610 ns/op
WorkloadResult  12: 33554432 op, 618273100.00 ns, 18.4260 ns/op
WorkloadResult  13: 33554432 op, 617769800.00 ns, 18.4110 ns/op
WorkloadResult  14: 33554432 op, 619127800.00 ns, 18.4514 ns/op
WorkloadResult  15: 33554432 op, 619849200.00 ns, 18.4729 ns/op
WorkloadResult  16: 33554432 op, 619948400.00 ns, 18.4759 ns/op
WorkloadResult  17: 33554432 op, 618742100.00 ns, 18.4400 ns/op

// AfterAll
// Benchmark Process 36780 has exited with code 0.

Mean = 18.662 ns, StdErr = 0.045 ns (0.24%), N = 54, StdDev = 0.331 ns
Min = 18.335 ns, Q1 = 18.412 ns, Median = 18.455 ns, Q3 = 19.079 ns, Max = 19.171 ns
IQR = 0.667 ns, LowerFence = 17.412 ns, UpperFence = 20.079 ns
ConfidenceInterval = [18.506 ns; 18.819 ns] (CI 99.9%), Margin = 0.157 ns (0.84% of Mean)
Skewness = 0.58, Kurtosis = 1.37, MValue = 2

// ** Remained 28 (62.2%) benchmark(s) to run. Estimated finish 2026-08-31 20:15 (0h 33m from now) **
Setup power plan (GUID: 8c5e7fda-e8bf-4a96-9a85-a6e23a8c635c FriendlyName: High performance)
// **************************
// Benchmark: SideMetadataBenchmarks.PrecomputedLoad: Job-TZWPHG(IterationCount=20, LaunchCount=3, WarmupCount=8) [LogReferenceCountBits=2]
// *** Execute ***
// Launch: 1 / 3
// Execute: dotnet side-metadata-benchmark-Job-TZWPHG-1.dll --ipcPort 52440 --benchmarkName "P21.SideMetadataBenchmarks.PrecomputedLoad(LogReferenceCountBits: 2)" --job "IterationCount=20, LaunchCount=3, WarmupCount=8" --diagnoserRunMode 0 --benchmarkId 17 in R:\artifacts\bin\side-metadata-benchmark\Release\net11.0\side-metadata-benchmark-Job-TZWPHG-1\bin\Release\net11.0
// BeforeAnythingElse

// Benchmark Process Environment Information:
// BenchmarkDotNet v0.16.0-preview.1
// Runtime=.NET 11.0.0 (11.0.0-preview.6.26359.118, 11.0.26.36018), X64 RyuJIT x86-64-v4
// GC=Concurrent Workstation
// HardwareIntrinsics=AVX512 BITALG+VBMI2+VNNI+VPOPCNTDQ,AVX512 IFMA+VBMI,AVX512 F+BW+CD+DQ+VL,AVX2+BMI1+BMI2+F16C+FMA+LZCNT+MOVBE,AVX,SSE3+SSSE3+SSE4.1+SSE4.2+POPCNT,X86Base+SSE+SSE2,AES+PCLMUL VectorSize=256
// Job: Job-TZWPHG(IterationCount=20, LaunchCount=3, WarmupCount=8)

WorkloadJitting  1: 4096 op, 56400.00 ns, 13.7695 ns/op
WorkloadJitting  2: 122880 op, 78800.00 ns, 0.6413 ns/op
WorkloadJitting  3: 122880 op, 86000.00 ns, 0.6999 ns/op
WorkloadJitting  4: 122880 op, 73700.00 ns, 0.5998 ns/op
WorkloadJitting  5: 4096 op, 4700.00 ns, 1.1475 ns/op

WorkloadPilot    1: 4096 op, 3900.00 ns, 0.9521 ns/op

WorkloadPilot    1: 65536 op, 39800.00 ns, 0.6073 ns/op
WorkloadPilot    2: 131072 op, 79600.00 ns, 0.6073 ns/op
WorkloadPilot    3: 262144 op, 158800.00 ns, 0.6058 ns/op
WorkloadPilot    4: 524288 op, 314700.00 ns, 0.6002 ns/op
WorkloadPilot    5: 1048576 op, 621000.00 ns, 0.5922 ns/op
WorkloadPilot    6: 2097152 op, 1238600.00 ns, 0.5906 ns/op
WorkloadPilot    7: 4194304 op, 2505800.00 ns, 0.5974 ns/op
WorkloadPilot    8: 8388608 op, 4978600.00 ns, 0.5935 ns/op
WorkloadPilot    9: 16777216 op, 9862100.00 ns, 0.5878 ns/op
WorkloadPilot   10: 33554432 op, 19838300.00 ns, 0.5912 ns/op
WorkloadPilot   11: 67108864 op, 39558500.00 ns, 0.5895 ns/op
WorkloadPilot   12: 134217728 op, 79156100.00 ns, 0.5898 ns/op
WorkloadPilot   13: 268435456 op, 159167400.00 ns, 0.5929 ns/op
WorkloadPilot   14: 536870912 op, 319324100.00 ns, 0.5948 ns/op
WorkloadPilot   15: 1073741824 op, 636698700.00 ns, 0.5930 ns/op

WorkloadWarmup   1: 1073741824 op, 636099400.00 ns, 0.5924 ns/op
WorkloadWarmup   2: 1073741824 op, 634884200.00 ns, 0.5913 ns/op
WorkloadWarmup   3: 1073741824 op, 636808500.00 ns, 0.5931 ns/op
WorkloadWarmup   4: 1073741824 op, 635017000.00 ns, 0.5914 ns/op
WorkloadWarmup   5: 1073741824 op, 632573400.00 ns, 0.5891 ns/op
WorkloadWarmup   6: 1073741824 op, 633633400.00 ns, 0.5901 ns/op
WorkloadWarmup   7: 1073741824 op, 633747800.00 ns, 0.5902 ns/op
WorkloadWarmup   8: 1073741824 op, 639316600.00 ns, 0.5954 ns/op

// BeforeActualRun
WorkloadActual   1: 1073741824 op, 635457200.00 ns, 0.5918 ns/op
WorkloadActual   2: 1073741824 op, 638862000.00 ns, 0.5950 ns/op
WorkloadActual   3: 1073741824 op, 637923300.00 ns, 0.5941 ns/op
WorkloadActual   4: 1073741824 op, 634908500.00 ns, 0.5913 ns/op
WorkloadActual   5: 1073741824 op, 644914000.00 ns, 0.6006 ns/op
WorkloadActual   6: 1073741824 op, 636769000.00 ns, 0.5930 ns/op
WorkloadActual   7: 1073741824 op, 636944400.00 ns, 0.5932 ns/op
WorkloadActual   8: 1073741824 op, 632770900.00 ns, 0.5893 ns/op
WorkloadActual   9: 1073741824 op, 632933900.00 ns, 0.5895 ns/op
WorkloadActual  10: 1073741824 op, 636632000.00 ns, 0.5929 ns/op
WorkloadActual  11: 1073741824 op, 634966600.00 ns, 0.5914 ns/op
WorkloadActual  12: 1073741824 op, 635686400.00 ns, 0.5920 ns/op
WorkloadActual  13: 1073741824 op, 635783400.00 ns, 0.5921 ns/op
WorkloadActual  14: 1073741824 op, 636847200.00 ns, 0.5931 ns/op
WorkloadActual  15: 1073741824 op, 634347800.00 ns, 0.5908 ns/op
WorkloadActual  16: 1073741824 op, 639538300.00 ns, 0.5956 ns/op
WorkloadActual  17: 1073741824 op, 637849100.00 ns, 0.5940 ns/op
WorkloadActual  18: 1073741824 op, 637465700.00 ns, 0.5937 ns/op
WorkloadActual  19: 1073741824 op, 635263200.00 ns, 0.5916 ns/op
WorkloadActual  20: 1073741824 op, 636353700.00 ns, 0.5927 ns/op

// AfterActualRun
WorkloadResult   1: 1073741824 op, 635457200.00 ns, 0.5918 ns/op
WorkloadResult   2: 1073741824 op, 638862000.00 ns, 0.5950 ns/op
WorkloadResult   3: 1073741824 op, 637923300.00 ns, 0.5941 ns/op
WorkloadResult   4: 1073741824 op, 634908500.00 ns, 0.5913 ns/op
WorkloadResult   5: 1073741824 op, 636769000.00 ns, 0.5930 ns/op
WorkloadResult   6: 1073741824 op, 636944400.00 ns, 0.5932 ns/op
WorkloadResult   7: 1073741824 op, 632770900.00 ns, 0.5893 ns/op
WorkloadResult   8: 1073741824 op, 632933900.00 ns, 0.5895 ns/op
WorkloadResult   9: 1073741824 op, 636632000.00 ns, 0.5929 ns/op
WorkloadResult  10: 1073741824 op, 634966600.00 ns, 0.5914 ns/op
WorkloadResult  11: 1073741824 op, 635686400.00 ns, 0.5920 ns/op
WorkloadResult  12: 1073741824 op, 635783400.00 ns, 0.5921 ns/op
WorkloadResult  13: 1073741824 op, 636847200.00 ns, 0.5931 ns/op
WorkloadResult  14: 1073741824 op, 634347800.00 ns, 0.5908 ns/op
WorkloadResult  15: 1073741824 op, 639538300.00 ns, 0.5956 ns/op
WorkloadResult  16: 1073741824 op, 637849100.00 ns, 0.5940 ns/op
WorkloadResult  17: 1073741824 op, 637465700.00 ns, 0.5937 ns/op
WorkloadResult  18: 1073741824 op, 635263200.00 ns, 0.5916 ns/op
WorkloadResult  19: 1073741824 op, 636353700.00 ns, 0.5927 ns/op

// AfterAll
// Benchmark Process 31724 has exited with code 0.
// Launch: 2 / 3
// Execute: dotnet side-metadata-benchmark-Job-TZWPHG-1.dll --ipcPort 52462 --benchmarkName "P21.SideMetadataBenchmarks.PrecomputedLoad(LogReferenceCountBits: 2)" --job "IterationCount=20, LaunchCount=3, WarmupCount=8" --diagnoserRunMode 0 --benchmarkId 17 in R:\artifacts\bin\side-metadata-benchmark\Release\net11.0\side-metadata-benchmark-Job-TZWPHG-1\bin\Release\net11.0
// BeforeAnythingElse

// Benchmark Process Environment Information:
// BenchmarkDotNet v0.16.0-preview.1
// Runtime=.NET 11.0.0 (11.0.0-preview.6.26359.118, 11.0.26.36018), X64 RyuJIT x86-64-v4
// GC=Concurrent Workstation
// HardwareIntrinsics=AVX512 BITALG+VBMI2+VNNI+VPOPCNTDQ,AVX512 IFMA+VBMI,AVX512 F+BW+CD+DQ+VL,AVX2+BMI1+BMI2+F16C+FMA+LZCNT+MOVBE,AVX,SSE3+SSSE3+SSE4.1+SSE4.2+POPCNT,X86Base+SSE+SSE2,AES+PCLMUL VectorSize=256
// Job: Job-TZWPHG(IterationCount=20, LaunchCount=3, WarmupCount=8)

WorkloadJitting  1: 4096 op, 56200.00 ns, 13.7207 ns/op
WorkloadJitting  2: 122880 op, 77900.00 ns, 0.6340 ns/op
WorkloadJitting  3: 122880 op, 86600.00 ns, 0.7048 ns/op
WorkloadJitting  4: 122880 op, 91700.00 ns, 0.7463 ns/op
WorkloadJitting  5: 4096 op, 4800.00 ns, 1.1719 ns/op

WorkloadPilot    1: 4096 op, 3900.00 ns, 0.9521 ns/op

WorkloadPilot    1: 65536 op, 39900.00 ns, 0.6088 ns/op
WorkloadPilot    2: 131072 op, 79900.00 ns, 0.6096 ns/op
WorkloadPilot    3: 262144 op, 157600.00 ns, 0.6012 ns/op
WorkloadPilot    4: 524288 op, 330100.00 ns, 0.6296 ns/op
WorkloadPilot    5: 1048576 op, 636300.00 ns, 0.6068 ns/op
WorkloadPilot    6: 2097152 op, 1271600.00 ns, 0.6063 ns/op
WorkloadPilot    7: 4194304 op, 2482200.00 ns, 0.5918 ns/op
WorkloadPilot    8: 8388608 op, 4962900.00 ns, 0.5916 ns/op
WorkloadPilot    9: 16777216 op, 9902600.00 ns, 0.5902 ns/op
WorkloadPilot   10: 33554432 op, 19934600.00 ns, 0.5941 ns/op
WorkloadPilot   11: 67108864 op, 39506300.00 ns, 0.5887 ns/op
WorkloadPilot   12: 134217728 op, 79091400.00 ns, 0.5893 ns/op
WorkloadPilot   13: 268435456 op, 158141400.00 ns, 0.5891 ns/op
WorkloadPilot   14: 536870912 op, 318093500.00 ns, 0.5925 ns/op
WorkloadPilot   15: 1073741824 op, 635212800.00 ns, 0.5916 ns/op

WorkloadWarmup   1: 1073741824 op, 637618100.00 ns, 0.5938 ns/op
WorkloadWarmup   2: 1073741824 op, 637474500.00 ns, 0.5937 ns/op
WorkloadWarmup   3: 1073741824 op, 637702800.00 ns, 0.5939 ns/op
WorkloadWarmup   4: 1073741824 op, 633604000.00 ns, 0.5901 ns/op
WorkloadWarmup   5: 1073741824 op, 642141400.00 ns, 0.5980 ns/op
WorkloadWarmup   6: 1073741824 op, 635431700.00 ns, 0.5918 ns/op
WorkloadWarmup   7: 1073741824 op, 634046900.00 ns, 0.5905 ns/op
WorkloadWarmup   8: 1073741824 op, 634771300.00 ns, 0.5912 ns/op

// BeforeActualRun
WorkloadActual   1: 1073741824 op, 644859400.00 ns, 0.6006 ns/op
WorkloadActual   2: 1073741824 op, 633511700.00 ns, 0.5900 ns/op
WorkloadActual   3: 1073741824 op, 638027200.00 ns, 0.5942 ns/op
WorkloadActual   4: 1073741824 op, 633484200.00 ns, 0.5900 ns/op
WorkloadActual   5: 1073741824 op, 633135600.00 ns, 0.5897 ns/op
WorkloadActual   6: 1073741824 op, 634551400.00 ns, 0.5910 ns/op
WorkloadActual   7: 1073741824 op, 638757700.00 ns, 0.5949 ns/op
WorkloadActual   8: 1073741824 op, 632956800.00 ns, 0.5895 ns/op
WorkloadActual   9: 1073741824 op, 633893300.00 ns, 0.5904 ns/op
WorkloadActual  10: 1073741824 op, 634762300.00 ns, 0.5912 ns/op
WorkloadActual  11: 1073741824 op, 643659300.00 ns, 0.5995 ns/op
WorkloadActual  12: 1073741824 op, 641035500.00 ns, 0.5970 ns/op
WorkloadActual  13: 1073741824 op, 636068900.00 ns, 0.5924 ns/op
WorkloadActual  14: 1073741824 op, 640869100.00 ns, 0.5969 ns/op
WorkloadActual  15: 1073741824 op, 637354500.00 ns, 0.5936 ns/op
WorkloadActual  16: 1073741824 op, 646789800.00 ns, 0.6024 ns/op
WorkloadActual  17: 1073741824 op, 637077100.00 ns, 0.5933 ns/op
WorkloadActual  18: 1073741824 op, 636713500.00 ns, 0.5930 ns/op
WorkloadActual  19: 1073741824 op, 636543300.00 ns, 0.5928 ns/op
WorkloadActual  20: 1073741824 op, 634094500.00 ns, 0.5905 ns/op

// AfterActualRun
WorkloadResult   1: 1073741824 op, 644859400.00 ns, 0.6006 ns/op
WorkloadResult   2: 1073741824 op, 633511700.00 ns, 0.5900 ns/op
WorkloadResult   3: 1073741824 op, 638027200.00 ns, 0.5942 ns/op
WorkloadResult   4: 1073741824 op, 633484200.00 ns, 0.5900 ns/op
WorkloadResult   5: 1073741824 op, 633135600.00 ns, 0.5897 ns/op
WorkloadResult   6: 1073741824 op, 634551400.00 ns, 0.5910 ns/op
WorkloadResult   7: 1073741824 op, 638757700.00 ns, 0.5949 ns/op
WorkloadResult   8: 1073741824 op, 632956800.00 ns, 0.5895 ns/op
WorkloadResult   9: 1073741824 op, 633893300.00 ns, 0.5904 ns/op
WorkloadResult  10: 1073741824 op, 634762300.00 ns, 0.5912 ns/op
WorkloadResult  11: 1073741824 op, 643659300.00 ns, 0.5995 ns/op
WorkloadResult  12: 1073741824 op, 641035500.00 ns, 0.5970 ns/op
WorkloadResult  13: 1073741824 op, 636068900.00 ns, 0.5924 ns/op
WorkloadResult  14: 1073741824 op, 640869100.00 ns, 0.5969 ns/op
WorkloadResult  15: 1073741824 op, 637354500.00 ns, 0.5936 ns/op
WorkloadResult  16: 1073741824 op, 646789800.00 ns, 0.6024 ns/op
WorkloadResult  17: 1073741824 op, 637077100.00 ns, 0.5933 ns/op
WorkloadResult  18: 1073741824 op, 636713500.00 ns, 0.5930 ns/op
WorkloadResult  19: 1073741824 op, 636543300.00 ns, 0.5928 ns/op
WorkloadResult  20: 1073741824 op, 634094500.00 ns, 0.5905 ns/op

// AfterAll
// Benchmark Process 34640 has exited with code 0.
// Launch: 3 / 3
// Execute: dotnet side-metadata-benchmark-Job-TZWPHG-1.dll --ipcPort 52488 --benchmarkName "P21.SideMetadataBenchmarks.PrecomputedLoad(LogReferenceCountBits: 2)" --job "IterationCount=20, LaunchCount=3, WarmupCount=8" --diagnoserRunMode 0 --benchmarkId 17 in R:\artifacts\bin\side-metadata-benchmark\Release\net11.0\side-metadata-benchmark-Job-TZWPHG-1\bin\Release\net11.0
// BeforeAnythingElse

// Benchmark Process Environment Information:
// BenchmarkDotNet v0.16.0-preview.1
// Runtime=.NET 11.0.0 (11.0.0-preview.6.26359.118, 11.0.26.36018), X64 RyuJIT x86-64-v4
// GC=Concurrent Workstation
// HardwareIntrinsics=AVX512 BITALG+VBMI2+VNNI+VPOPCNTDQ,AVX512 IFMA+VBMI,AVX512 F+BW+CD+DQ+VL,AVX2+BMI1+BMI2+F16C+FMA+LZCNT+MOVBE,AVX,SSE3+SSSE3+SSE4.1+SSE4.2+POPCNT,X86Base+SSE+SSE2,AES+PCLMUL VectorSize=256
// Job: Job-TZWPHG(IterationCount=20, LaunchCount=3, WarmupCount=8)

WorkloadJitting  1: 4096 op, 52900.00 ns, 12.9150 ns/op
WorkloadJitting  2: 122880 op, 85400.00 ns, 0.6950 ns/op
WorkloadJitting  3: 122880 op, 84000.00 ns, 0.6836 ns/op
WorkloadJitting  4: 122880 op, 74300.00 ns, 0.6047 ns/op
WorkloadJitting  5: 4096 op, 5300.00 ns, 1.2939 ns/op

WorkloadPilot    1: 4096 op, 4400.00 ns, 1.0742 ns/op

WorkloadPilot    1: 65536 op, 39700.00 ns, 0.6058 ns/op
WorkloadPilot    2: 131072 op, 79600.00 ns, 0.6073 ns/op
WorkloadPilot    3: 262144 op, 157900.00 ns, 0.6023 ns/op
WorkloadPilot    4: 524288 op, 353900.00 ns, 0.6750 ns/op
WorkloadPilot    5: 1048576 op, 727600.00 ns, 0.6939 ns/op
WorkloadPilot    6: 2097152 op, 1263000.00 ns, 0.6022 ns/op
WorkloadPilot    7: 4194304 op, 2476600.00 ns, 0.5905 ns/op
WorkloadPilot    8: 8388608 op, 4972500.00 ns, 0.5928 ns/op
WorkloadPilot    9: 16777216 op, 9901800.00 ns, 0.5902 ns/op
WorkloadPilot   10: 33554432 op, 19852200.00 ns, 0.5916 ns/op
WorkloadPilot   11: 67108864 op, 39669500.00 ns, 0.5911 ns/op
WorkloadPilot   12: 134217728 op, 79153700.00 ns, 0.5897 ns/op
WorkloadPilot   13: 268435456 op, 158504300.00 ns, 0.5905 ns/op
WorkloadPilot   14: 536870912 op, 318603800.00 ns, 0.5934 ns/op
WorkloadPilot   15: 1073741824 op, 635504200.00 ns, 0.5919 ns/op

WorkloadWarmup   1: 1073741824 op, 633157400.00 ns, 0.5897 ns/op
WorkloadWarmup   2: 1073741824 op, 636654800.00 ns, 0.5929 ns/op
WorkloadWarmup   3: 1073741824 op, 637926100.00 ns, 0.5941 ns/op
WorkloadWarmup   4: 1073741824 op, 662846300.00 ns, 0.6173 ns/op
WorkloadWarmup   5: 1073741824 op, 634087100.00 ns, 0.5905 ns/op
WorkloadWarmup   6: 1073741824 op, 634388200.00 ns, 0.5908 ns/op
WorkloadWarmup   7: 1073741824 op, 634389900.00 ns, 0.5908 ns/op
WorkloadWarmup   8: 1073741824 op, 635215500.00 ns, 0.5916 ns/op

// BeforeActualRun
WorkloadActual   1: 1073741824 op, 638200000.00 ns, 0.5944 ns/op
WorkloadActual   2: 1073741824 op, 637020000.00 ns, 0.5933 ns/op
WorkloadActual   3: 1073741824 op, 639132700.00 ns, 0.5952 ns/op
WorkloadActual   4: 1073741824 op, 641596700.00 ns, 0.5975 ns/op
WorkloadActual   5: 1073741824 op, 638153800.00 ns, 0.5943 ns/op
WorkloadActual   6: 1073741824 op, 635557800.00 ns, 0.5919 ns/op
WorkloadActual   7: 1073741824 op, 635218600.00 ns, 0.5916 ns/op
WorkloadActual   8: 1073741824 op, 636428900.00 ns, 0.5927 ns/op
WorkloadActual   9: 1073741824 op, 636256100.00 ns, 0.5926 ns/op
WorkloadActual  10: 1073741824 op, 637857400.00 ns, 0.5941 ns/op
WorkloadActual  11: 1073741824 op, 635698000.00 ns, 0.5920 ns/op
WorkloadActual  12: 1073741824 op, 637760100.00 ns, 0.5940 ns/op
WorkloadActual  13: 1073741824 op, 636751100.00 ns, 0.5930 ns/op
WorkloadActual  14: 1073741824 op, 637408100.00 ns, 0.5936 ns/op
WorkloadActual  15: 1073741824 op, 637282300.00 ns, 0.5935 ns/op
WorkloadActual  16: 1073741824 op, 636471000.00 ns, 0.5928 ns/op
WorkloadActual  17: 1073741824 op, 634574400.00 ns, 0.5910 ns/op
WorkloadActual  18: 1073741824 op, 638624400.00 ns, 0.5948 ns/op
WorkloadActual  19: 1073741824 op, 636174500.00 ns, 0.5925 ns/op
WorkloadActual  20: 1073741824 op, 636445300.00 ns, 0.5927 ns/op

// AfterActualRun
WorkloadResult   1: 1073741824 op, 638200000.00 ns, 0.5944 ns/op
WorkloadResult   2: 1073741824 op, 637020000.00 ns, 0.5933 ns/op
WorkloadResult   3: 1073741824 op, 639132700.00 ns, 0.5952 ns/op
WorkloadResult   4: 1073741824 op, 638153800.00 ns, 0.5943 ns/op
WorkloadResult   5: 1073741824 op, 635557800.00 ns, 0.5919 ns/op
WorkloadResult   6: 1073741824 op, 635218600.00 ns, 0.5916 ns/op
WorkloadResult   7: 1073741824 op, 636428900.00 ns, 0.5927 ns/op
WorkloadResult   8: 1073741824 op, 636256100.00 ns, 0.5926 ns/op
WorkloadResult   9: 1073741824 op, 637857400.00 ns, 0.5941 ns/op
WorkloadResult  10: 1073741824 op, 635698000.00 ns, 0.5920 ns/op
WorkloadResult  11: 1073741824 op, 637760100.00 ns, 0.5940 ns/op
WorkloadResult  12: 1073741824 op, 636751100.00 ns, 0.5930 ns/op
WorkloadResult  13: 1073741824 op, 637408100.00 ns, 0.5936 ns/op
WorkloadResult  14: 1073741824 op, 637282300.00 ns, 0.5935 ns/op
WorkloadResult  15: 1073741824 op, 636471000.00 ns, 0.5928 ns/op
WorkloadResult  16: 1073741824 op, 634574400.00 ns, 0.5910 ns/op
WorkloadResult  17: 1073741824 op, 638624400.00 ns, 0.5948 ns/op
WorkloadResult  18: 1073741824 op, 636174500.00 ns, 0.5925 ns/op
WorkloadResult  19: 1073741824 op, 636445300.00 ns, 0.5927 ns/op

// AfterAll
// Benchmark Process 35416 has exited with code 0.

Mean = 0.593 ns, StdErr = 0.000 ns (0.06%), N = 58, StdDev = 0.003 ns
Min = 0.589 ns, Q1 = 0.592 ns, Median = 0.593 ns, Q3 = 0.594 ns, Max = 0.602 ns
IQR = 0.002 ns, LowerFence = 0.588 ns, UpperFence = 0.598 ns
ConfidenceInterval = [0.592 ns; 0.594 ns] (CI 99.9%), Margin = 0.001 ns (0.19% of Mean)
Skewness = 1.37, Kurtosis = 5.83, MValue = 2

// ** Remained 27 (60.0%) benchmark(s) to run. Estimated finish 2026-08-31 20:15 (0h 31m from now) **
Setup power plan (GUID: 8c5e7fda-e8bf-4a96-9a85-a6e23a8c635c FriendlyName: High performance)
// **************************
// Benchmark: SideMetadataBenchmarks.BitStore: Job-TZWPHG(IterationCount=20, LaunchCount=3, WarmupCount=8) [LogReferenceCountBits=2]
// *** Execute ***
// Launch: 1 / 3
// Execute: dotnet side-metadata-benchmark-Job-TZWPHG-1.dll --ipcPort 52517 --benchmarkName "P21.SideMetadataBenchmarks.BitStore(LogReferenceCountBits: 2)" --job "IterationCount=20, LaunchCount=3, WarmupCount=8" --diagnoserRunMode 0 --benchmarkId 18 in R:\artifacts\bin\side-metadata-benchmark\Release\net11.0\side-metadata-benchmark-Job-TZWPHG-1\bin\Release\net11.0
// BeforeAnythingElse

// Benchmark Process Environment Information:
// BenchmarkDotNet v0.16.0-preview.1
// Runtime=.NET 11.0.0 (11.0.0-preview.6.26359.118, 11.0.26.36018), X64 RyuJIT x86-64-v4
// GC=Concurrent Workstation
// HardwareIntrinsics=AVX512 BITALG+VBMI2+VNNI+VPOPCNTDQ,AVX512 IFMA+VBMI,AVX512 F+BW+CD+DQ+VL,AVX2+BMI1+BMI2+F16C+FMA+LZCNT+MOVBE,AVX,SSE3+SSSE3+SSE4.1+SSE4.2+POPCNT,X86Base+SSE+SSE2,AES+PCLMUL VectorSize=256
// Job: Job-TZWPHG(IterationCount=20, LaunchCount=3, WarmupCount=8)

WorkloadJitting  1: 4096 op, 157900.00 ns, 38.5498 ns/op
WorkloadJitting  2: 122880 op, 3176100.00 ns, 25.8472 ns/op
WorkloadJitting  3: 122880 op, 3157500.00 ns, 25.6958 ns/op
WorkloadJitting  4: 122880 op, 3227900.00 ns, 26.2687 ns/op
WorkloadJitting  5: 4096 op, 108400.00 ns, 26.4648 ns/op

WorkloadPilot    1: 4096 op, 110500.00 ns, 26.9775 ns/op

WorkloadPilot    1: 65536 op, 1741300.00 ns, 26.5701 ns/op
WorkloadPilot    2: 131072 op, 3468800.00 ns, 26.4648 ns/op
WorkloadPilot    3: 262144 op, 6928500.00 ns, 26.4301 ns/op
WorkloadPilot    4: 524288 op, 13774600.00 ns, 26.2730 ns/op
WorkloadPilot    5: 1048576 op, 27515200.00 ns, 26.2405 ns/op
WorkloadPilot    6: 2097152 op, 54935100.00 ns, 26.1951 ns/op
WorkloadPilot    7: 4194304 op, 111066900.00 ns, 26.4804 ns/op
WorkloadPilot    8: 8388608 op, 220375500.00 ns, 26.2708 ns/op
WorkloadPilot    9: 16777216 op, 447583200.00 ns, 26.6780 ns/op
WorkloadPilot   10: 33554432 op, 882524000.00 ns, 26.3013 ns/op

WorkloadWarmup   1: 33554432 op, 883667800.00 ns, 26.3354 ns/op
WorkloadWarmup   2: 33554432 op, 883604600.00 ns, 26.3335 ns/op
WorkloadWarmup   3: 33554432 op, 885548800.00 ns, 26.3914 ns/op
WorkloadWarmup   4: 33554432 op, 885395200.00 ns, 26.3868 ns/op
WorkloadWarmup   5: 33554432 op, 886233000.00 ns, 26.4118 ns/op
WorkloadWarmup   6: 33554432 op, 881712100.00 ns, 26.2771 ns/op
WorkloadWarmup   7: 33554432 op, 883322000.00 ns, 26.3250 ns/op
WorkloadWarmup   8: 33554432 op, 884666700.00 ns, 26.3651 ns/op

// BeforeActualRun
WorkloadActual   1: 33554432 op, 883735200.00 ns, 26.3374 ns/op
WorkloadActual   2: 33554432 op, 884773800.00 ns, 26.3683 ns/op
WorkloadActual   3: 33554432 op, 885087800.00 ns, 26.3777 ns/op
WorkloadActual   4: 33554432 op, 880700500.00 ns, 26.2469 ns/op
WorkloadActual   5: 33554432 op, 882674200.00 ns, 26.3057 ns/op
WorkloadActual   6: 33554432 op, 884611600.00 ns, 26.3635 ns/op
WorkloadActual   7: 33554432 op, 883874600.00 ns, 26.3415 ns/op
WorkloadActual   8: 33554432 op, 883351400.00 ns, 26.3259 ns/op
WorkloadActual   9: 33554432 op, 885754600.00 ns, 26.3975 ns/op
WorkloadActual  10: 33554432 op, 882673500.00 ns, 26.3057 ns/op
WorkloadActual  11: 33554432 op, 885002300.00 ns, 26.3751 ns/op
WorkloadActual  12: 33554432 op, 885326600.00 ns, 26.3848 ns/op
WorkloadActual  13: 33554432 op, 884335900.00 ns, 26.3553 ns/op
WorkloadActual  14: 33554432 op, 883191300.00 ns, 26.3212 ns/op
WorkloadActual  15: 33554432 op, 884134300.00 ns, 26.3493 ns/op
WorkloadActual  16: 33554432 op, 881261400.00 ns, 26.2636 ns/op
WorkloadActual  17: 33554432 op, 885974400.00 ns, 26.4041 ns/op
WorkloadActual  18: 33554432 op, 881348300.00 ns, 26.2662 ns/op
WorkloadActual  19: 33554432 op, 885234200.00 ns, 26.3820 ns/op
WorkloadActual  20: 33554432 op, 882429600.00 ns, 26.2985 ns/op

// AfterActualRun
WorkloadResult   1: 33554432 op, 883735200.00 ns, 26.3374 ns/op
WorkloadResult   2: 33554432 op, 884773800.00 ns, 26.3683 ns/op
WorkloadResult   3: 33554432 op, 885087800.00 ns, 26.3777 ns/op
WorkloadResult   4: 33554432 op, 880700500.00 ns, 26.2469 ns/op
WorkloadResult   5: 33554432 op, 882674200.00 ns, 26.3057 ns/op
WorkloadResult   6: 33554432 op, 884611600.00 ns, 26.3635 ns/op
WorkloadResult   7: 33554432 op, 883874600.00 ns, 26.3415 ns/op
WorkloadResult   8: 33554432 op, 883351400.00 ns, 26.3259 ns/op
WorkloadResult   9: 33554432 op, 885754600.00 ns, 26.3975 ns/op
WorkloadResult  10: 33554432 op, 882673500.00 ns, 26.3057 ns/op
WorkloadResult  11: 33554432 op, 885002300.00 ns, 26.3751 ns/op
WorkloadResult  12: 33554432 op, 885326600.00 ns, 26.3848 ns/op
WorkloadResult  13: 33554432 op, 884335900.00 ns, 26.3553 ns/op
WorkloadResult  14: 33554432 op, 883191300.00 ns, 26.3212 ns/op
WorkloadResult  15: 33554432 op, 884134300.00 ns, 26.3493 ns/op
WorkloadResult  16: 33554432 op, 881261400.00 ns, 26.2636 ns/op
WorkloadResult  17: 33554432 op, 885974400.00 ns, 26.4041 ns/op
WorkloadResult  18: 33554432 op, 881348300.00 ns, 26.2662 ns/op
WorkloadResult  19: 33554432 op, 885234200.00 ns, 26.3820 ns/op
WorkloadResult  20: 33554432 op, 882429600.00 ns, 26.2985 ns/op

// AfterAll
// Benchmark Process 14616 has exited with code 0.
// Launch: 2 / 3
// Execute: dotnet side-metadata-benchmark-Job-TZWPHG-1.dll --ipcPort 52555 --benchmarkName "P21.SideMetadataBenchmarks.BitStore(LogReferenceCountBits: 2)" --job "IterationCount=20, LaunchCount=3, WarmupCount=8" --diagnoserRunMode 0 --benchmarkId 18 in R:\artifacts\bin\side-metadata-benchmark\Release\net11.0\side-metadata-benchmark-Job-TZWPHG-1\bin\Release\net11.0
// BeforeAnythingElse

// Benchmark Process Environment Information:
// BenchmarkDotNet v0.16.0-preview.1
// Runtime=.NET 11.0.0 (11.0.0-preview.6.26359.118, 11.0.26.36018), X64 RyuJIT x86-64-v4
// GC=Concurrent Workstation
// HardwareIntrinsics=AVX512 BITALG+VBMI2+VNNI+VPOPCNTDQ,AVX512 IFMA+VBMI,AVX512 F+BW+CD+DQ+VL,AVX2+BMI1+BMI2+F16C+FMA+LZCNT+MOVBE,AVX,SSE3+SSSE3+SSE4.1+SSE4.2+POPCNT,X86Base+SSE+SSE2,AES+PCLMUL VectorSize=256
// Job: Job-TZWPHG(IterationCount=20, LaunchCount=3, WarmupCount=8)

WorkloadJitting  1: 4096 op, 189200.00 ns, 46.1914 ns/op
WorkloadJitting  2: 122880 op, 3239500.00 ns, 26.3631 ns/op
WorkloadJitting  3: 122880 op, 3212200.00 ns, 26.1410 ns/op
WorkloadJitting  4: 122880 op, 3419600.00 ns, 27.8288 ns/op
WorkloadJitting  5: 4096 op, 129000.00 ns, 31.4941 ns/op

WorkloadPilot    1: 4096 op, 112700.00 ns, 27.5146 ns/op

WorkloadPilot    1: 65536 op, 1825300.00 ns, 27.8519 ns/op
WorkloadPilot    2: 131072 op, 3642700.00 ns, 27.7916 ns/op
WorkloadPilot    3: 262144 op, 7288000.00 ns, 27.8015 ns/op
WorkloadPilot    4: 524288 op, 14505400.00 ns, 27.6669 ns/op
WorkloadPilot    5: 1048576 op, 29522500.00 ns, 28.1549 ns/op
WorkloadPilot    6: 2097152 op, 59484400.00 ns, 28.3644 ns/op
WorkloadPilot    7: 4194304 op, 116721600.00 ns, 27.8286 ns/op
WorkloadPilot    8: 8388608 op, 232589700.00 ns, 27.7269 ns/op
WorkloadPilot    9: 16777216 op, 469352900.00 ns, 27.9756 ns/op
WorkloadPilot   10: 33554432 op, 931563700.00 ns, 27.7628 ns/op

WorkloadWarmup   1: 33554432 op, 932360300.00 ns, 27.7865 ns/op
WorkloadWarmup   2: 33554432 op, 932301000.00 ns, 27.7847 ns/op
WorkloadWarmup   3: 33554432 op, 932785100.00 ns, 27.7992 ns/op
WorkloadWarmup   4: 33554432 op, 932413100.00 ns, 27.7881 ns/op
WorkloadWarmup   5: 33554432 op, 933127500.00 ns, 27.8094 ns/op
WorkloadWarmup   6: 33554432 op, 932004800.00 ns, 27.7759 ns/op
WorkloadWarmup   7: 33554432 op, 933509800.00 ns, 27.8208 ns/op
WorkloadWarmup   8: 33554432 op, 933509500.00 ns, 27.8208 ns/op

// BeforeActualRun
WorkloadActual   1: 33554432 op, 932931500.00 ns, 27.8035 ns/op
WorkloadActual   2: 33554432 op, 932155300.00 ns, 27.7804 ns/op
WorkloadActual   3: 33554432 op, 928547400.00 ns, 27.6729 ns/op
WorkloadActual   4: 33554432 op, 929680400.00 ns, 27.7066 ns/op
WorkloadActual   5: 33554432 op, 933698700.00 ns, 27.8264 ns/op
WorkloadActual   6: 33554432 op, 930672000.00 ns, 27.7362 ns/op
WorkloadActual   7: 33554432 op, 932069900.00 ns, 27.7778 ns/op
WorkloadActual   8: 33554432 op, 931664800.00 ns, 27.7658 ns/op
WorkloadActual   9: 33554432 op, 932764000.00 ns, 27.7985 ns/op
WorkloadActual  10: 33554432 op, 932424300.00 ns, 27.7884 ns/op
WorkloadActual  11: 33554432 op, 934027900.00 ns, 27.8362 ns/op
WorkloadActual  12: 33554432 op, 936895800.00 ns, 27.9217 ns/op
WorkloadActual  13: 33554432 op, 931644700.00 ns, 27.7652 ns/op
WorkloadActual  14: 33554432 op, 930257100.00 ns, 27.7238 ns/op
WorkloadActual  15: 33554432 op, 930847200.00 ns, 27.7414 ns/op
WorkloadActual  16: 33554432 op, 938425200.00 ns, 27.9673 ns/op
WorkloadActual  17: 33554432 op, 936259100.00 ns, 27.9027 ns/op
WorkloadActual  18: 33554432 op, 932588800.00 ns, 27.7933 ns/op
WorkloadActual  19: 33554432 op, 945753600.00 ns, 28.1857 ns/op
WorkloadActual  20: 33554432 op, 931926700.00 ns, 27.7736 ns/op

// AfterActualRun
WorkloadResult   1: 33554432 op, 932931500.00 ns, 27.8035 ns/op
WorkloadResult   2: 33554432 op, 932155300.00 ns, 27.7804 ns/op
WorkloadResult   3: 33554432 op, 928547400.00 ns, 27.6729 ns/op
WorkloadResult   4: 33554432 op, 929680400.00 ns, 27.7066 ns/op
WorkloadResult   5: 33554432 op, 933698700.00 ns, 27.8264 ns/op
WorkloadResult   6: 33554432 op, 930672000.00 ns, 27.7362 ns/op
WorkloadResult   7: 33554432 op, 932069900.00 ns, 27.7778 ns/op
WorkloadResult   8: 33554432 op, 931664800.00 ns, 27.7658 ns/op
WorkloadResult   9: 33554432 op, 932764000.00 ns, 27.7985 ns/op
WorkloadResult  10: 33554432 op, 932424300.00 ns, 27.7884 ns/op
WorkloadResult  11: 33554432 op, 934027900.00 ns, 27.8362 ns/op
WorkloadResult  12: 33554432 op, 936895800.00 ns, 27.9217 ns/op
WorkloadResult  13: 33554432 op, 931644700.00 ns, 27.7652 ns/op
WorkloadResult  14: 33554432 op, 930257100.00 ns, 27.7238 ns/op
WorkloadResult  15: 33554432 op, 930847200.00 ns, 27.7414 ns/op
WorkloadResult  16: 33554432 op, 936259100.00 ns, 27.9027 ns/op
WorkloadResult  17: 33554432 op, 932588800.00 ns, 27.7933 ns/op
WorkloadResult  18: 33554432 op, 931926700.00 ns, 27.7736 ns/op

// AfterAll
// Benchmark Process 5924 has exited with code 0.
// Launch: 3 / 3
// Execute: dotnet side-metadata-benchmark-Job-TZWPHG-1.dll --ipcPort 52595 --benchmarkName "P21.SideMetadataBenchmarks.BitStore(LogReferenceCountBits: 2)" --job "IterationCount=20, LaunchCount=3, WarmupCount=8" --diagnoserRunMode 0 --benchmarkId 18 in R:\artifacts\bin\side-metadata-benchmark\Release\net11.0\side-metadata-benchmark-Job-TZWPHG-1\bin\Release\net11.0
// BeforeAnythingElse

// Benchmark Process Environment Information:
// BenchmarkDotNet v0.16.0-preview.1
// Runtime=.NET 11.0.0 (11.0.0-preview.6.26359.118, 11.0.26.36018), X64 RyuJIT x86-64-v4
// GC=Concurrent Workstation
// HardwareIntrinsics=AVX512 BITALG+VBMI2+VNNI+VPOPCNTDQ,AVX512 IFMA+VBMI,AVX512 F+BW+CD+DQ+VL,AVX2+BMI1+BMI2+F16C+FMA+LZCNT+MOVBE,AVX,SSE3+SSSE3+SSE4.1+SSE4.2+POPCNT,X86Base+SSE+SSE2,AES+PCLMUL VectorSize=256
// Job: Job-TZWPHG(IterationCount=20, LaunchCount=3, WarmupCount=8)

WorkloadJitting  1: 4096 op, 157800.00 ns, 38.5254 ns/op
WorkloadJitting  2: 122880 op, 3159100.00 ns, 25.7088 ns/op
WorkloadJitting  3: 122880 op, 3927400.00 ns, 31.9613 ns/op
WorkloadJitting  4: 122880 op, 3200700.00 ns, 26.0474 ns/op
WorkloadJitting  5: 4096 op, 136800.00 ns, 33.3984 ns/op

WorkloadPilot    1: 4096 op, 106900.00 ns, 26.0986 ns/op

WorkloadPilot    1: 65536 op, 1736500.00 ns, 26.4969 ns/op
WorkloadPilot    2: 131072 op, 3501200.00 ns, 26.7120 ns/op
WorkloadPilot    3: 262144 op, 6864900.00 ns, 26.1875 ns/op
WorkloadPilot    4: 524288 op, 13732500.00 ns, 26.1927 ns/op
WorkloadPilot    5: 1048576 op, 27597200.00 ns, 26.3187 ns/op
WorkloadPilot    6: 2097152 op, 54969500.00 ns, 26.2115 ns/op
WorkloadPilot    7: 4194304 op, 110814800.00 ns, 26.4203 ns/op
WorkloadPilot    8: 8388608 op, 221200300.00 ns, 26.3691 ns/op
WorkloadPilot    9: 16777216 op, 443530500.00 ns, 26.4365 ns/op
WorkloadPilot   10: 33554432 op, 881470300.00 ns, 26.2699 ns/op

WorkloadWarmup   1: 33554432 op, 889082700.00 ns, 26.4967 ns/op
WorkloadWarmup   2: 33554432 op, 883986400.00 ns, 26.3448 ns/op
WorkloadWarmup   3: 33554432 op, 884166200.00 ns, 26.3502 ns/op
WorkloadWarmup   4: 33554432 op, 884592800.00 ns, 26.3629 ns/op
WorkloadWarmup   5: 33554432 op, 892709100.00 ns, 26.6048 ns/op
WorkloadWarmup   6: 33554432 op, 886277900.00 ns, 26.4131 ns/op
WorkloadWarmup   7: 33554432 op, 882109000.00 ns, 26.2889 ns/op
WorkloadWarmup   8: 33554432 op, 882277700.00 ns, 26.2939 ns/op

// BeforeActualRun
WorkloadActual   1: 33554432 op, 881590200.00 ns, 26.2734 ns/op
WorkloadActual   2: 33554432 op, 885103400.00 ns, 26.3781 ns/op
WorkloadActual   3: 33554432 op, 880975200.00 ns, 26.2551 ns/op
WorkloadActual   4: 33554432 op, 888293200.00 ns, 26.4732 ns/op
WorkloadActual   5: 33554432 op, 884034900.00 ns, 26.3463 ns/op
WorkloadActual   6: 33554432 op, 884428400.00 ns, 26.3580 ns/op
WorkloadActual   7: 33554432 op, 884642000.00 ns, 26.3644 ns/op
WorkloadActual   8: 33554432 op, 888794800.00 ns, 26.4881 ns/op
WorkloadActual   9: 33554432 op, 883470200.00 ns, 26.3295 ns/op
WorkloadActual  10: 33554432 op, 881557400.00 ns, 26.2725 ns/op
WorkloadActual  11: 33554432 op, 883597600.00 ns, 26.3333 ns/op
WorkloadActual  12: 33554432 op, 881470200.00 ns, 26.2699 ns/op
WorkloadActual  13: 33554432 op, 885081100.00 ns, 26.3775 ns/op
WorkloadActual  14: 33554432 op, 885190000.00 ns, 26.3807 ns/op
WorkloadActual  15: 33554432 op, 882895500.00 ns, 26.3123 ns/op
WorkloadActual  16: 33554432 op, 884806600.00 ns, 26.3693 ns/op
WorkloadActual  17: 33554432 op, 887721500.00 ns, 26.4562 ns/op
WorkloadActual  18: 33554432 op, 884539300.00 ns, 26.3613 ns/op
WorkloadActual  19: 33554432 op, 885248400.00 ns, 26.3825 ns/op
WorkloadActual  20: 33554432 op, 882352800.00 ns, 26.2962 ns/op

// AfterActualRun
WorkloadResult   1: 33554432 op, 881590200.00 ns, 26.2734 ns/op
WorkloadResult   2: 33554432 op, 885103400.00 ns, 26.3781 ns/op
WorkloadResult   3: 33554432 op, 880975200.00 ns, 26.2551 ns/op
WorkloadResult   4: 33554432 op, 888293200.00 ns, 26.4732 ns/op
WorkloadResult   5: 33554432 op, 884034900.00 ns, 26.3463 ns/op
WorkloadResult   6: 33554432 op, 884428400.00 ns, 26.3580 ns/op
WorkloadResult   7: 33554432 op, 884642000.00 ns, 26.3644 ns/op
WorkloadResult   8: 33554432 op, 883470200.00 ns, 26.3295 ns/op
WorkloadResult   9: 33554432 op, 881557400.00 ns, 26.2725 ns/op
WorkloadResult  10: 33554432 op, 883597600.00 ns, 26.3333 ns/op
WorkloadResult  11: 33554432 op, 881470200.00 ns, 26.2699 ns/op
WorkloadResult  12: 33554432 op, 885081100.00 ns, 26.3775 ns/op
WorkloadResult  13: 33554432 op, 885190000.00 ns, 26.3807 ns/op
WorkloadResult  14: 33554432 op, 882895500.00 ns, 26.3123 ns/op
WorkloadResult  15: 33554432 op, 884806600.00 ns, 26.3693 ns/op
WorkloadResult  16: 33554432 op, 887721500.00 ns, 26.4562 ns/op
WorkloadResult  17: 33554432 op, 884539300.00 ns, 26.3613 ns/op
WorkloadResult  18: 33554432 op, 885248400.00 ns, 26.3825 ns/op
WorkloadResult  19: 33554432 op, 882352800.00 ns, 26.2962 ns/op

// AfterAll
// Benchmark Process 9104 has exited with code 0.

Mean = 26.798 ns, StdErr = 0.090 ns (0.34%), N = 57, StdDev = 0.678 ns
Min = 26.247 ns, Q1 = 26.329 ns, Median = 26.377 ns, Q3 = 27.736 ns, Max = 27.922 ns
IQR = 1.407 ns, LowerFence = 24.219 ns, UpperFence = 29.846 ns
ConfidenceInterval = [26.486 ns; 27.110 ns] (CI 99.9%), Margin = 0.312 ns (1.16% of Mean)
Skewness = 0.77, Kurtosis = 1.59, MValue = 2

// ** Remained 26 (57.8%) benchmark(s) to run. Estimated finish 2026-08-31 20:15 (0h 30m from now) **
Setup power plan (GUID: 8c5e7fda-e8bf-4a96-9a85-a6e23a8c635c FriendlyName: High performance)
// **************************
// Benchmark: SideMetadataBenchmarks.ReferenceCountUpdate: Job-TZWPHG(IterationCount=20, LaunchCount=3, WarmupCount=8) [LogReferenceCountBits=2]
// *** Execute ***
// Launch: 1 / 3
// Execute: dotnet side-metadata-benchmark-Job-TZWPHG-1.dll --ipcPort 52620 --benchmarkName "P21.SideMetadataBenchmarks.ReferenceCountUpdate(LogReferenceCountBits: 2)" --job "IterationCount=20, LaunchCount=3, WarmupCount=8" --diagnoserRunMode 0 --benchmarkId 19 in R:\artifacts\bin\side-metadata-benchmark\Release\net11.0\side-metadata-benchmark-Job-TZWPHG-1\bin\Release\net11.0
// BeforeAnythingElse

// Benchmark Process Environment Information:
// BenchmarkDotNet v0.16.0-preview.1
// Runtime=.NET 11.0.0 (11.0.0-preview.6.26359.118, 11.0.26.36018), X64 RyuJIT x86-64-v4
// GC=Concurrent Workstation
// HardwareIntrinsics=AVX512 BITALG+VBMI2+VNNI+VPOPCNTDQ,AVX512 IFMA+VBMI,AVX512 F+BW+CD+DQ+VL,AVX2+BMI1+BMI2+F16C+FMA+LZCNT+MOVBE,AVX,SSE3+SSSE3+SSE4.1+SSE4.2+POPCNT,X86Base+SSE+SSE2,AES+PCLMUL VectorSize=256
// Job: Job-TZWPHG(IterationCount=20, LaunchCount=3, WarmupCount=8)

WorkloadJitting  1: 4096 op, 111500.00 ns, 27.2217 ns/op
WorkloadJitting  2: 122880 op, 1847400.00 ns, 15.0342 ns/op
WorkloadJitting  3: 122880 op, 1837600.00 ns, 14.9544 ns/op
WorkloadJitting  4: 122880 op, 1828600.00 ns, 14.8812 ns/op
WorkloadJitting  5: 4096 op, 61400.00 ns, 14.9902 ns/op

WorkloadPilot    1: 4096 op, 63000.00 ns, 15.3809 ns/op

WorkloadPilot    1: 65536 op, 997300.00 ns, 15.2176 ns/op
WorkloadPilot    2: 131072 op, 1954700.00 ns, 14.9132 ns/op
WorkloadPilot    3: 262144 op, 3939400.00 ns, 15.0276 ns/op
WorkloadPilot    4: 524288 op, 7755000.00 ns, 14.7915 ns/op
WorkloadPilot    5: 1048576 op, 15881200.00 ns, 15.1455 ns/op
WorkloadPilot    6: 2097152 op, 31201600.00 ns, 14.8781 ns/op
WorkloadPilot    7: 4194304 op, 62277400.00 ns, 14.8481 ns/op
WorkloadPilot    8: 8388608 op, 125780500.00 ns, 14.9942 ns/op
WorkloadPilot    9: 16777216 op, 250952300.00 ns, 14.9579 ns/op
WorkloadPilot   10: 33554432 op, 500931700.00 ns, 14.9289 ns/op

WorkloadWarmup   1: 33554432 op, 502561500.00 ns, 14.9775 ns/op
WorkloadWarmup   2: 33554432 op, 498566100.00 ns, 14.8584 ns/op
WorkloadWarmup   3: 33554432 op, 498871600.00 ns, 14.8675 ns/op
WorkloadWarmup   4: 33554432 op, 499929700.00 ns, 14.8991 ns/op
WorkloadWarmup   5: 33554432 op, 504200000.00 ns, 15.0263 ns/op
WorkloadWarmup   6: 33554432 op, 501434900.00 ns, 14.9439 ns/op
WorkloadWarmup   7: 33554432 op, 500233200.00 ns, 14.9081 ns/op
WorkloadWarmup   8: 33554432 op, 499125300.00 ns, 14.8751 ns/op

// BeforeActualRun
WorkloadActual   1: 33554432 op, 504682200.00 ns, 15.0407 ns/op
WorkloadActual   2: 33554432 op, 498686000.00 ns, 14.8620 ns/op
WorkloadActual   3: 33554432 op, 503596700.00 ns, 15.0084 ns/op
WorkloadActual   4: 33554432 op, 499497900.00 ns, 14.8862 ns/op
WorkloadActual   5: 33554432 op, 498606000.00 ns, 14.8596 ns/op
WorkloadActual   6: 33554432 op, 498647100.00 ns, 14.8608 ns/op
WorkloadActual   7: 33554432 op, 500018500.00 ns, 14.9017 ns/op
WorkloadActual   8: 33554432 op, 499530100.00 ns, 14.8872 ns/op
WorkloadActual   9: 33554432 op, 499437100.00 ns, 14.8844 ns/op
WorkloadActual  10: 33554432 op, 499846200.00 ns, 14.8966 ns/op
WorkloadActual  11: 33554432 op, 500017900.00 ns, 14.9017 ns/op
WorkloadActual  12: 33554432 op, 501176600.00 ns, 14.9362 ns/op
WorkloadActual  13: 33554432 op, 498695100.00 ns, 14.8623 ns/op
WorkloadActual  14: 33554432 op, 499861300.00 ns, 14.8970 ns/op
WorkloadActual  15: 33554432 op, 497359900.00 ns, 14.8225 ns/op
WorkloadActual  16: 33554432 op, 502057000.00 ns, 14.9625 ns/op
WorkloadActual  17: 33554432 op, 504133000.00 ns, 15.0243 ns/op
WorkloadActual  18: 33554432 op, 500193600.00 ns, 14.9069 ns/op
WorkloadActual  19: 33554432 op, 500337400.00 ns, 14.9112 ns/op
WorkloadActual  20: 33554432 op, 499007800.00 ns, 14.8716 ns/op

// AfterActualRun
WorkloadResult   1: 33554432 op, 498686000.00 ns, 14.8620 ns/op
WorkloadResult   2: 33554432 op, 499497900.00 ns, 14.8862 ns/op
WorkloadResult   3: 33554432 op, 498606000.00 ns, 14.8596 ns/op
WorkloadResult   4: 33554432 op, 498647100.00 ns, 14.8608 ns/op
WorkloadResult   5: 33554432 op, 500018500.00 ns, 14.9017 ns/op
WorkloadResult   6: 33554432 op, 499530100.00 ns, 14.8872 ns/op
WorkloadResult   7: 33554432 op, 499437100.00 ns, 14.8844 ns/op
WorkloadResult   8: 33554432 op, 499846200.00 ns, 14.8966 ns/op
WorkloadResult   9: 33554432 op, 500017900.00 ns, 14.9017 ns/op
WorkloadResult  10: 33554432 op, 501176600.00 ns, 14.9362 ns/op
WorkloadResult  11: 33554432 op, 498695100.00 ns, 14.8623 ns/op
WorkloadResult  12: 33554432 op, 499861300.00 ns, 14.8970 ns/op
WorkloadResult  13: 33554432 op, 497359900.00 ns, 14.8225 ns/op
WorkloadResult  14: 33554432 op, 502057000.00 ns, 14.9625 ns/op
WorkloadResult  15: 33554432 op, 500193600.00 ns, 14.9069 ns/op
WorkloadResult  16: 33554432 op, 500337400.00 ns, 14.9112 ns/op
WorkloadResult  17: 33554432 op, 499007800.00 ns, 14.8716 ns/op

// AfterAll
// Benchmark Process 5164 has exited with code 0.
// Launch: 2 / 3
// Execute: dotnet side-metadata-benchmark-Job-TZWPHG-1.dll --ipcPort 52643 --benchmarkName "P21.SideMetadataBenchmarks.ReferenceCountUpdate(LogReferenceCountBits: 2)" --job "IterationCount=20, LaunchCount=3, WarmupCount=8" --diagnoserRunMode 0 --benchmarkId 19 in R:\artifacts\bin\side-metadata-benchmark\Release\net11.0\side-metadata-benchmark-Job-TZWPHG-1\bin\Release\net11.0
// BeforeAnythingElse

// Benchmark Process Environment Information:
// BenchmarkDotNet v0.16.0-preview.1
// Runtime=.NET 11.0.0 (11.0.0-preview.6.26359.118, 11.0.26.36018), X64 RyuJIT x86-64-v4
// GC=Concurrent Workstation
// HardwareIntrinsics=AVX512 BITALG+VBMI2+VNNI+VPOPCNTDQ,AVX512 IFMA+VBMI,AVX512 F+BW+CD+DQ+VL,AVX2+BMI1+BMI2+F16C+FMA+LZCNT+MOVBE,AVX,SSE3+SSSE3+SSE4.1+SSE4.2+POPCNT,X86Base+SSE+SSE2,AES+PCLMUL VectorSize=256
// Job: Job-TZWPHG(IterationCount=20, LaunchCount=3, WarmupCount=8)

WorkloadJitting  1: 4096 op, 112600.00 ns, 27.4902 ns/op
WorkloadJitting  2: 122880 op, 1788400.00 ns, 14.5540 ns/op
WorkloadJitting  3: 122880 op, 1807300.00 ns, 14.7078 ns/op
WorkloadJitting  4: 122880 op, 1854700.00 ns, 15.0936 ns/op
WorkloadJitting  5: 4096 op, 62000.00 ns, 15.1367 ns/op

WorkloadPilot    1: 4096 op, 60100.00 ns, 14.6729 ns/op

WorkloadPilot    1: 65536 op, 936800.00 ns, 14.2944 ns/op
WorkloadPilot    2: 131072 op, 1940600.00 ns, 14.8056 ns/op
WorkloadPilot    3: 262144 op, 3881400.00 ns, 14.8064 ns/op
WorkloadPilot    4: 524288 op, 7640500.00 ns, 14.5731 ns/op
WorkloadPilot    5: 1048576 op, 15343900.00 ns, 14.6331 ns/op
WorkloadPilot    6: 2097152 op, 30684400.00 ns, 14.6315 ns/op
WorkloadPilot    7: 4194304 op, 61570400.00 ns, 14.6795 ns/op
WorkloadPilot    8: 8388608 op, 122754200.00 ns, 14.6334 ns/op
WorkloadPilot    9: 16777216 op, 245111800.00 ns, 14.6098 ns/op
WorkloadPilot   10: 33554432 op, 500901400.00 ns, 14.9280 ns/op

WorkloadWarmup   1: 33554432 op, 492307700.00 ns, 14.6719 ns/op
WorkloadWarmup   2: 33554432 op, 510299800.00 ns, 15.2081 ns/op
WorkloadWarmup   3: 33554432 op, 504044000.00 ns, 15.0217 ns/op
WorkloadWarmup   4: 33554432 op, 492550500.00 ns, 14.6791 ns/op
WorkloadWarmup   5: 33554432 op, 502582700.00 ns, 14.9781 ns/op
WorkloadWarmup   6: 33554432 op, 492333400.00 ns, 14.6727 ns/op
WorkloadWarmup   7: 33554432 op, 495187100.00 ns, 14.7577 ns/op
WorkloadWarmup   8: 33554432 op, 490989400.00 ns, 14.6326 ns/op

// BeforeActualRun
WorkloadActual   1: 33554432 op, 492435900.00 ns, 14.6757 ns/op
WorkloadActual   2: 33554432 op, 494264400.00 ns, 14.7302 ns/op
WorkloadActual   3: 33554432 op, 493032200.00 ns, 14.6935 ns/op
WorkloadActual   4: 33554432 op, 505138300.00 ns, 15.0543 ns/op
WorkloadActual   5: 33554432 op, 494421300.00 ns, 14.7349 ns/op
WorkloadActual   6: 33554432 op, 493215300.00 ns, 14.6990 ns/op
WorkloadActual   7: 33554432 op, 492823200.00 ns, 14.6873 ns/op
WorkloadActual   8: 33554432 op, 493812400.00 ns, 14.7168 ns/op
WorkloadActual   9: 33554432 op, 490504100.00 ns, 14.6182 ns/op
WorkloadActual  10: 33554432 op, 493568200.00 ns, 14.7095 ns/op
WorkloadActual  11: 33554432 op, 492411700.00 ns, 14.6750 ns/op
WorkloadActual  12: 33554432 op, 494469600.00 ns, 14.7363 ns/op
WorkloadActual  13: 33554432 op, 493755300.00 ns, 14.7151 ns/op
WorkloadActual  14: 33554432 op, 491375300.00 ns, 14.6441 ns/op
WorkloadActual  15: 33554432 op, 490184900.00 ns, 14.6086 ns/op
WorkloadActual  16: 33554432 op, 494242100.00 ns, 14.7296 ns/op
WorkloadActual  17: 33554432 op, 497250400.00 ns, 14.8192 ns/op
WorkloadActual  18: 33554432 op, 493769600.00 ns, 14.7155 ns/op
WorkloadActual  19: 33554432 op, 493710800.00 ns, 14.7137 ns/op
WorkloadActual  20: 33554432 op, 492562800.00 ns, 14.6795 ns/op

// AfterActualRun
WorkloadResult   1: 33554432 op, 492435900.00 ns, 14.6757 ns/op
WorkloadResult   2: 33554432 op, 494264400.00 ns, 14.7302 ns/op
WorkloadResult   3: 33554432 op, 493032200.00 ns, 14.6935 ns/op
WorkloadResult   4: 33554432 op, 494421300.00 ns, 14.7349 ns/op
WorkloadResult   5: 33554432 op, 493215300.00 ns, 14.6990 ns/op
WorkloadResult   6: 33554432 op, 492823200.00 ns, 14.6873 ns/op
WorkloadResult   7: 33554432 op, 493812400.00 ns, 14.7168 ns/op
WorkloadResult   8: 33554432 op, 490504100.00 ns, 14.6182 ns/op
WorkloadResult   9: 33554432 op, 493568200.00 ns, 14.7095 ns/op
WorkloadResult  10: 33554432 op, 492411700.00 ns, 14.6750 ns/op
WorkloadResult  11: 33554432 op, 494469600.00 ns, 14.7363 ns/op
WorkloadResult  12: 33554432 op, 493755300.00 ns, 14.7151 ns/op
WorkloadResult  13: 33554432 op, 491375300.00 ns, 14.6441 ns/op
WorkloadResult  14: 33554432 op, 490184900.00 ns, 14.6086 ns/op
WorkloadResult  15: 33554432 op, 494242100.00 ns, 14.7296 ns/op
WorkloadResult  16: 33554432 op, 493769600.00 ns, 14.7155 ns/op
WorkloadResult  17: 33554432 op, 493710800.00 ns, 14.7137 ns/op
WorkloadResult  18: 33554432 op, 492562800.00 ns, 14.6795 ns/op

// AfterAll
// Benchmark Process 11800 has exited with code 0.
// Launch: 3 / 3
// Execute: dotnet side-metadata-benchmark-Job-TZWPHG-1.dll --ipcPort 53601 --benchmarkName "P21.SideMetadataBenchmarks.ReferenceCountUpdate(LogReferenceCountBits: 2)" --job "IterationCount=20, LaunchCount=3, WarmupCount=8" --diagnoserRunMode 0 --benchmarkId 19 in R:\artifacts\bin\side-metadata-benchmark\Release\net11.0\side-metadata-benchmark-Job-TZWPHG-1\bin\Release\net11.0
// BeforeAnythingElse

// Benchmark Process Environment Information:
// BenchmarkDotNet v0.16.0-preview.1
// Runtime=.NET 11.0.0 (11.0.0-preview.6.26359.118, 11.0.26.36018), X64 RyuJIT x86-64-v4
// GC=Concurrent Workstation
// HardwareIntrinsics=AVX512 BITALG+VBMI2+VNNI+VPOPCNTDQ,AVX512 IFMA+VBMI,AVX512 F+BW+CD+DQ+VL,AVX2+BMI1+BMI2+F16C+FMA+LZCNT+MOVBE,AVX,SSE3+SSSE3+SSE4.1+SSE4.2+POPCNT,X86Base+SSE+SSE2,AES+PCLMUL VectorSize=256
// Job: Job-TZWPHG(IterationCount=20, LaunchCount=3, WarmupCount=8)

WorkloadJitting  1: 4096 op, 146200.00 ns, 35.6934 ns/op
WorkloadJitting  2: 122880 op, 1814000.00 ns, 14.7624 ns/op
WorkloadJitting  3: 122880 op, 1859300.00 ns, 15.1310 ns/op
WorkloadJitting  4: 122880 op, 1800900.00 ns, 14.6558 ns/op
WorkloadJitting  5: 4096 op, 62100.00 ns, 15.1611 ns/op

WorkloadPilot    1: 4096 op, 65400.00 ns, 15.9668 ns/op

WorkloadPilot    1: 65536 op, 981100.00 ns, 14.9704 ns/op
WorkloadPilot    2: 131072 op, 1945000.00 ns, 14.8392 ns/op
WorkloadPilot    3: 262144 op, 3932500.00 ns, 15.0013 ns/op
WorkloadPilot    4: 524288 op, 7663100.00 ns, 14.6162 ns/op
WorkloadPilot    5: 1048576 op, 15449700.00 ns, 14.7340 ns/op
WorkloadPilot    6: 2097152 op, 30890000.00 ns, 14.7295 ns/op
WorkloadPilot    7: 4194304 op, 61713100.00 ns, 14.7135 ns/op
WorkloadPilot    8: 8388608 op, 123594800.00 ns, 14.7336 ns/op
WorkloadPilot    9: 16777216 op, 247725100.00 ns, 14.7656 ns/op
WorkloadPilot   10: 33554432 op, 495693800.00 ns, 14.7728 ns/op
WorkloadPilot   11: 67108864 op, 993570700.00 ns, 14.8054 ns/op

WorkloadWarmup   1: 67108864 op, 987703700.00 ns, 14.7179 ns/op
WorkloadWarmup   2: 67108864 op, 992857300.00 ns, 14.7947 ns/op
WorkloadWarmup   3: 67108864 op, 991545200.00 ns, 14.7752 ns/op
WorkloadWarmup   4: 67108864 op, 990002400.00 ns, 14.7522 ns/op
WorkloadWarmup   5: 67108864 op, 985565300.00 ns, 14.6861 ns/op
WorkloadWarmup   6: 67108864 op, 994186600.00 ns, 14.8145 ns/op
WorkloadWarmup   7: 67108864 op, 992560700.00 ns, 14.7903 ns/op
WorkloadWarmup   8: 67108864 op, 991751100.00 ns, 14.7782 ns/op

// BeforeActualRun
WorkloadActual   1: 67108864 op, 990680700.00 ns, 14.7623 ns/op
WorkloadActual   2: 67108864 op, 987169200.00 ns, 14.7100 ns/op
WorkloadActual   3: 67108864 op, 988222700.00 ns, 14.7257 ns/op
WorkloadActual   4: 67108864 op, 991512100.00 ns, 14.7747 ns/op
WorkloadActual   5: 67108864 op, 992164000.00 ns, 14.7844 ns/op
WorkloadActual   6: 67108864 op, 988983300.00 ns, 14.7370 ns/op
WorkloadActual   7: 67108864 op, 990527600.00 ns, 14.7600 ns/op
WorkloadActual   8: 67108864 op, 986696000.00 ns, 14.7029 ns/op
WorkloadActual   9: 67108864 op, 994896200.00 ns, 14.8251 ns/op
WorkloadActual  10: 67108864 op, 989179200.00 ns, 14.7399 ns/op
WorkloadActual  11: 67108864 op, 989719600.00 ns, 14.7480 ns/op
WorkloadActual  12: 67108864 op, 993096500.00 ns, 14.7983 ns/op
WorkloadActual  13: 67108864 op, 987460400.00 ns, 14.7143 ns/op
WorkloadActual  14: 67108864 op, 994170200.00 ns, 14.8143 ns/op
WorkloadActual  15: 67108864 op, 992183200.00 ns, 14.7847 ns/op
WorkloadActual  16: 67108864 op, 991341000.00 ns, 14.7721 ns/op
WorkloadActual  17: 67108864 op, 1004489000.00 ns, 14.9681 ns/op
WorkloadActual  18: 67108864 op, 985386900.00 ns, 14.6834 ns/op
WorkloadActual  19: 67108864 op, 990646600.00 ns, 14.7618 ns/op
WorkloadActual  20: 67108864 op, 989676700.00 ns, 14.7473 ns/op

// AfterActualRun
WorkloadResult   1: 67108864 op, 990680700.00 ns, 14.7623 ns/op
WorkloadResult   2: 67108864 op, 987169200.00 ns, 14.7100 ns/op
WorkloadResult   3: 67108864 op, 988222700.00 ns, 14.7257 ns/op
WorkloadResult   4: 67108864 op, 991512100.00 ns, 14.7747 ns/op
WorkloadResult   5: 67108864 op, 992164000.00 ns, 14.7844 ns/op
WorkloadResult   6: 67108864 op, 988983300.00 ns, 14.7370 ns/op
WorkloadResult   7: 67108864 op, 990527600.00 ns, 14.7600 ns/op
WorkloadResult   8: 67108864 op, 986696000.00 ns, 14.7029 ns/op
WorkloadResult   9: 67108864 op, 994896200.00 ns, 14.8251 ns/op
WorkloadResult  10: 67108864 op, 989179200.00 ns, 14.7399 ns/op
WorkloadResult  11: 67108864 op, 989719600.00 ns, 14.7480 ns/op
WorkloadResult  12: 67108864 op, 993096500.00 ns, 14.7983 ns/op
WorkloadResult  13: 67108864 op, 987460400.00 ns, 14.7143 ns/op
WorkloadResult  14: 67108864 op, 994170200.00 ns, 14.8143 ns/op
WorkloadResult  15: 67108864 op, 992183200.00 ns, 14.7847 ns/op
WorkloadResult  16: 67108864 op, 991341000.00 ns, 14.7721 ns/op
WorkloadResult  17: 67108864 op, 985386900.00 ns, 14.6834 ns/op
WorkloadResult  18: 67108864 op, 990646600.00 ns, 14.7618 ns/op
WorkloadResult  19: 67108864 op, 989676700.00 ns, 14.7473 ns/op

// AfterAll
// Benchmark Process 828 has exited with code 0.

Mean = 14.777 ns, StdErr = 0.012 ns (0.08%), N = 54, StdDev = 0.088 ns
Min = 14.609 ns, Q1 = 14.714 ns, Median = 14.754 ns, Q3 = 14.862 ns, Max = 14.962 ns
IQR = 0.148 ns, LowerFence = 14.492 ns, UpperFence = 15.083 ns
ConfidenceInterval = [14.735 ns; 14.819 ns] (CI 99.9%), Margin = 0.042 ns (0.28% of Mean)
Skewness = 0.28, Kurtosis = 1.97, MValue = 2

// ** Remained 25 (55.6%) benchmark(s) to run. Estimated finish 2026-08-31 20:15 (0h 29m from now) **
Setup power plan (GUID: 8c5e7fda-e8bf-4a96-9a85-a6e23a8c635c FriendlyName: High performance)
// **************************
// Benchmark: SideMetadataBenchmarks.ByteUpdate: Job-TZWPHG(IterationCount=20, LaunchCount=3, WarmupCount=8) [LogReferenceCountBits=2]
// *** Execute ***
// Launch: 1 / 3
// Execute: dotnet side-metadata-benchmark-Job-TZWPHG-1.dll --ipcPort 52771 --benchmarkName "P21.SideMetadataBenchmarks.ByteUpdate(LogReferenceCountBits: 2)" --job "IterationCount=20, LaunchCount=3, WarmupCount=8" --diagnoserRunMode 0 --benchmarkId 20 in R:\artifacts\bin\side-metadata-benchmark\Release\net11.0\side-metadata-benchmark-Job-TZWPHG-1\bin\Release\net11.0
// BeforeAnythingElse

// Benchmark Process Environment Information:
// BenchmarkDotNet v0.16.0-preview.1
// Runtime=.NET 11.0.0 (11.0.0-preview.6.26359.118, 11.0.26.36018), X64 RyuJIT x86-64-v4
// GC=Concurrent Workstation
// HardwareIntrinsics=AVX512 BITALG+VBMI2+VNNI+VPOPCNTDQ,AVX512 IFMA+VBMI,AVX512 F+BW+CD+DQ+VL,AVX2+BMI1+BMI2+F16C+FMA+LZCNT+MOVBE,AVX,SSE3+SSSE3+SSE4.1+SSE4.2+POPCNT,X86Base+SSE+SSE2,AES+PCLMUL VectorSize=256
// Job: Job-TZWPHG(IterationCount=20, LaunchCount=3, WarmupCount=8)

WorkloadJitting  1: 4096 op, 199500.00 ns, 48.7061 ns/op
WorkloadJitting  2: 122880 op, 3501000.00 ns, 28.4912 ns/op
WorkloadJitting  3: 122880 op, 3485500.00 ns, 28.3651 ns/op
WorkloadJitting  4: 122880 op, 3258000.00 ns, 26.5137 ns/op
WorkloadJitting  5: 4096 op, 108400.00 ns, 26.4648 ns/op

WorkloadPilot    1: 4096 op, 133800.00 ns, 32.6660 ns/op

WorkloadPilot    1: 65536 op, 1739300.00 ns, 26.5396 ns/op
WorkloadPilot    2: 131072 op, 3485500.00 ns, 26.5923 ns/op
WorkloadPilot    3: 262144 op, 6915000.00 ns, 26.3786 ns/op
WorkloadPilot    4: 524288 op, 13781500.00 ns, 26.2861 ns/op
WorkloadPilot    5: 1048576 op, 27514900.00 ns, 26.2403 ns/op
WorkloadPilot    6: 2097152 op, 55035600.00 ns, 26.2430 ns/op
WorkloadPilot    7: 4194304 op, 111407300.00 ns, 26.5616 ns/op
WorkloadPilot    8: 8388608 op, 220350700.00 ns, 26.2679 ns/op
WorkloadPilot    9: 16777216 op, 440962900.00 ns, 26.2834 ns/op
WorkloadPilot   10: 33554432 op, 886323200.00 ns, 26.4145 ns/op

WorkloadWarmup   1: 33554432 op, 882871500.00 ns, 26.3116 ns/op
WorkloadWarmup   2: 33554432 op, 885023900.00 ns, 26.3758 ns/op
WorkloadWarmup   3: 33554432 op, 886247000.00 ns, 26.4122 ns/op
WorkloadWarmup   4: 33554432 op, 885997700.00 ns, 26.4048 ns/op
WorkloadWarmup   5: 33554432 op, 883820800.00 ns, 26.3399 ns/op
WorkloadWarmup   6: 33554432 op, 883168800.00 ns, 26.3205 ns/op
WorkloadWarmup   7: 33554432 op, 884040200.00 ns, 26.3465 ns/op
WorkloadWarmup   8: 33554432 op, 883486200.00 ns, 26.3299 ns/op

// BeforeActualRun
WorkloadActual   1: 33554432 op, 884849500.00 ns, 26.3706 ns/op
WorkloadActual   2: 33554432 op, 881689100.00 ns, 26.2764 ns/op
WorkloadActual   3: 33554432 op, 881614700.00 ns, 26.2742 ns/op
WorkloadActual   4: 33554432 op, 884803500.00 ns, 26.3692 ns/op
WorkloadActual   5: 33554432 op, 892613400.00 ns, 26.6020 ns/op
WorkloadActual   6: 33554432 op, 884563900.00 ns, 26.3621 ns/op
WorkloadActual   7: 33554432 op, 887869100.00 ns, 26.4606 ns/op
WorkloadActual   8: 33554432 op, 882181200.00 ns, 26.2910 ns/op
WorkloadActual   9: 33554432 op, 889783600.00 ns, 26.5176 ns/op
WorkloadActual  10: 33554432 op, 884017300.00 ns, 26.3458 ns/op
WorkloadActual  11: 33554432 op, 888888900.00 ns, 26.4910 ns/op
WorkloadActual  12: 33554432 op, 887940600.00 ns, 26.4627 ns/op
WorkloadActual  13: 33554432 op, 888826800.00 ns, 26.4891 ns/op
WorkloadActual  14: 33554432 op, 886683900.00 ns, 26.4252 ns/op
WorkloadActual  15: 33554432 op, 882473800.00 ns, 26.2998 ns/op
WorkloadActual  16: 33554432 op, 886241900.00 ns, 26.4121 ns/op
WorkloadActual  17: 33554432 op, 883851800.00 ns, 26.3408 ns/op
WorkloadActual  18: 33554432 op, 886989100.00 ns, 26.4343 ns/op
WorkloadActual  19: 33554432 op, 881871800.00 ns, 26.2818 ns/op
WorkloadActual  20: 33554432 op, 884997300.00 ns, 26.3750 ns/op

// AfterActualRun
WorkloadResult   1: 33554432 op, 884849500.00 ns, 26.3706 ns/op
WorkloadResult   2: 33554432 op, 881689100.00 ns, 26.2764 ns/op
WorkloadResult   3: 33554432 op, 881614700.00 ns, 26.2742 ns/op
WorkloadResult   4: 33554432 op, 884803500.00 ns, 26.3692 ns/op
WorkloadResult   5: 33554432 op, 892613400.00 ns, 26.6020 ns/op
WorkloadResult   6: 33554432 op, 884563900.00 ns, 26.3621 ns/op
WorkloadResult   7: 33554432 op, 887869100.00 ns, 26.4606 ns/op
WorkloadResult   8: 33554432 op, 882181200.00 ns, 26.2910 ns/op
WorkloadResult   9: 33554432 op, 889783600.00 ns, 26.5176 ns/op
WorkloadResult  10: 33554432 op, 884017300.00 ns, 26.3458 ns/op
WorkloadResult  11: 33554432 op, 888888900.00 ns, 26.4910 ns/op
WorkloadResult  12: 33554432 op, 887940600.00 ns, 26.4627 ns/op
WorkloadResult  13: 33554432 op, 888826800.00 ns, 26.4891 ns/op
WorkloadResult  14: 33554432 op, 886683900.00 ns, 26.4252 ns/op
WorkloadResult  15: 33554432 op, 882473800.00 ns, 26.2998 ns/op
WorkloadResult  16: 33554432 op, 886241900.00 ns, 26.4121 ns/op
WorkloadResult  17: 33554432 op, 883851800.00 ns, 26.3408 ns/op
WorkloadResult  18: 33554432 op, 886989100.00 ns, 26.4343 ns/op
WorkloadResult  19: 33554432 op, 881871800.00 ns, 26.2818 ns/op
WorkloadResult  20: 33554432 op, 884997300.00 ns, 26.3750 ns/op

// AfterAll
// Benchmark Process 38404 has exited with code 0.
// Launch: 2 / 3
// Execute: dotnet side-metadata-benchmark-Job-TZWPHG-1.dll --ipcPort 52806 --benchmarkName "P21.SideMetadataBenchmarks.ByteUpdate(LogReferenceCountBits: 2)" --job "IterationCount=20, LaunchCount=3, WarmupCount=8" --diagnoserRunMode 0 --benchmarkId 20 in R:\artifacts\bin\side-metadata-benchmark\Release\net11.0\side-metadata-benchmark-Job-TZWPHG-1\bin\Release\net11.0
// BeforeAnythingElse

// Benchmark Process Environment Information:
// BenchmarkDotNet v0.16.0-preview.1
// Runtime=.NET 11.0.0 (11.0.0-preview.6.26359.118, 11.0.26.36018), X64 RyuJIT x86-64-v4
// GC=Concurrent Workstation
// HardwareIntrinsics=AVX512 BITALG+VBMI2+VNNI+VPOPCNTDQ,AVX512 IFMA+VBMI,AVX512 F+BW+CD+DQ+VL,AVX2+BMI1+BMI2+F16C+FMA+LZCNT+MOVBE,AVX,SSE3+SSSE3+SSE4.1+SSE4.2+POPCNT,X86Base+SSE+SSE2,AES+PCLMUL VectorSize=256
// Job: Job-TZWPHG(IterationCount=20, LaunchCount=3, WarmupCount=8)

WorkloadJitting  1: 4096 op, 183700.00 ns, 44.8486 ns/op
WorkloadJitting  2: 122880 op, 3305700.00 ns, 26.9019 ns/op
WorkloadJitting  3: 122880 op, 3282300.00 ns, 26.7114 ns/op
WorkloadJitting  4: 122880 op, 3488600.00 ns, 28.3903 ns/op
WorkloadJitting  5: 4096 op, 116400.00 ns, 28.4180 ns/op

WorkloadPilot    1: 4096 op, 117200.00 ns, 28.6133 ns/op

WorkloadPilot    1: 65536 op, 1872100.00 ns, 28.5660 ns/op
WorkloadPilot    2: 131072 op, 3814100.00 ns, 29.0993 ns/op
WorkloadPilot    3: 262144 op, 7474400.00 ns, 28.5126 ns/op
WorkloadPilot    4: 524288 op, 15009800.00 ns, 28.6289 ns/op
WorkloadPilot    5: 1048576 op, 29886600.00 ns, 28.5021 ns/op
WorkloadPilot    6: 2097152 op, 59626800.00 ns, 28.4323 ns/op
WorkloadPilot    7: 4194304 op, 118929500.00 ns, 28.3550 ns/op
WorkloadPilot    8: 8388608 op, 240856000.00 ns, 28.7123 ns/op
WorkloadPilot    9: 16777216 op, 481408600.00 ns, 28.6942 ns/op
WorkloadPilot   10: 33554432 op, 959533800.00 ns, 28.5963 ns/op

WorkloadWarmup   1: 33554432 op, 958348900.00 ns, 28.5610 ns/op
WorkloadWarmup   2: 33554432 op, 973986500.00 ns, 29.0271 ns/op
WorkloadWarmup   3: 33554432 op, 958441600.00 ns, 28.5638 ns/op
WorkloadWarmup   4: 33554432 op, 958319000.00 ns, 28.5601 ns/op
WorkloadWarmup   5: 33554432 op, 958228800.00 ns, 28.5574 ns/op
WorkloadWarmup   6: 33554432 op, 960259800.00 ns, 28.6180 ns/op
WorkloadWarmup   7: 33554432 op, 956596300.00 ns, 28.5088 ns/op
WorkloadWarmup   8: 33554432 op, 960121600.00 ns, 28.6139 ns/op

// BeforeActualRun
WorkloadActual   1: 33554432 op, 961522000.00 ns, 28.6556 ns/op
WorkloadActual   2: 33554432 op, 957488900.00 ns, 28.5354 ns/op
WorkloadActual   3: 33554432 op, 957338100.00 ns, 28.5309 ns/op
WorkloadActual   4: 33554432 op, 956489000.00 ns, 28.5056 ns/op
WorkloadActual   5: 33554432 op, 958279500.00 ns, 28.5590 ns/op
WorkloadActual   6: 33554432 op, 958159200.00 ns, 28.5554 ns/op
WorkloadActual   7: 33554432 op, 956195100.00 ns, 28.4968 ns/op
WorkloadActual   8: 33554432 op, 960819300.00 ns, 28.6346 ns/op
WorkloadActual   9: 33554432 op, 958676700.00 ns, 28.5708 ns/op
WorkloadActual  10: 33554432 op, 958701000.00 ns, 28.5715 ns/op
WorkloadActual  11: 33554432 op, 956585900.00 ns, 28.5085 ns/op
WorkloadActual  12: 33554432 op, 960870900.00 ns, 28.6362 ns/op
WorkloadActual  13: 33554432 op, 956636300.00 ns, 28.5100 ns/op
WorkloadActual  14: 33554432 op, 960552500.00 ns, 28.6267 ns/op
WorkloadActual  15: 33554432 op, 959539800.00 ns, 28.5965 ns/op
WorkloadActual  16: 33554432 op, 962925900.00 ns, 28.6974 ns/op
WorkloadActual  17: 33554432 op, 960485900.00 ns, 28.6247 ns/op
WorkloadActual  18: 33554432 op, 963094500.00 ns, 28.7025 ns/op
WorkloadActual  19: 33554432 op, 957163600.00 ns, 28.5257 ns/op
WorkloadActual  20: 33554432 op, 963814100.00 ns, 28.7239 ns/op

// AfterActualRun
WorkloadResult   1: 33554432 op, 961522000.00 ns, 28.6556 ns/op
WorkloadResult   2: 33554432 op, 957488900.00 ns, 28.5354 ns/op
WorkloadResult   3: 33554432 op, 957338100.00 ns, 28.5309 ns/op
WorkloadResult   4: 33554432 op, 956489000.00 ns, 28.5056 ns/op
WorkloadResult   5: 33554432 op, 958279500.00 ns, 28.5590 ns/op
WorkloadResult   6: 33554432 op, 958159200.00 ns, 28.5554 ns/op
WorkloadResult   7: 33554432 op, 956195100.00 ns, 28.4968 ns/op
WorkloadResult   8: 33554432 op, 960819300.00 ns, 28.6346 ns/op
WorkloadResult   9: 33554432 op, 958676700.00 ns, 28.5708 ns/op
WorkloadResult  10: 33554432 op, 958701000.00 ns, 28.5715 ns/op
WorkloadResult  11: 33554432 op, 956585900.00 ns, 28.5085 ns/op
WorkloadResult  12: 33554432 op, 960870900.00 ns, 28.6362 ns/op
WorkloadResult  13: 33554432 op, 956636300.00 ns, 28.5100 ns/op
WorkloadResult  14: 33554432 op, 960552500.00 ns, 28.6267 ns/op
WorkloadResult  15: 33554432 op, 959539800.00 ns, 28.5965 ns/op
WorkloadResult  16: 33554432 op, 962925900.00 ns, 28.6974 ns/op
WorkloadResult  17: 33554432 op, 960485900.00 ns, 28.6247 ns/op
WorkloadResult  18: 33554432 op, 963094500.00 ns, 28.7025 ns/op
WorkloadResult  19: 33554432 op, 957163600.00 ns, 28.5257 ns/op
WorkloadResult  20: 33554432 op, 963814100.00 ns, 28.7239 ns/op

// AfterAll
// Benchmark Process 30040 has exited with code 0.
// Launch: 3 / 3
// Execute: dotnet side-metadata-benchmark-Job-TZWPHG-1.dll --ipcPort 50617 --benchmarkName "P21.SideMetadataBenchmarks.ByteUpdate(LogReferenceCountBits: 2)" --job "IterationCount=20, LaunchCount=3, WarmupCount=8" --diagnoserRunMode 0 --benchmarkId 20 in R:\artifacts\bin\side-metadata-benchmark\Release\net11.0\side-metadata-benchmark-Job-TZWPHG-1\bin\Release\net11.0
// BeforeAnythingElse

// Benchmark Process Environment Information:
// BenchmarkDotNet v0.16.0-preview.1
// Runtime=.NET 11.0.0 (11.0.0-preview.6.26359.118, 11.0.26.36018), X64 RyuJIT x86-64-v4
// GC=Concurrent Workstation
// HardwareIntrinsics=AVX512 BITALG+VBMI2+VNNI+VPOPCNTDQ,AVX512 IFMA+VBMI,AVX512 F+BW+CD+DQ+VL,AVX2+BMI1+BMI2+F16C+FMA+LZCNT+MOVBE,AVX,SSE3+SSSE3+SSE4.1+SSE4.2+POPCNT,X86Base+SSE+SSE2,AES+PCLMUL VectorSize=256
// Job: Job-TZWPHG(IterationCount=20, LaunchCount=3, WarmupCount=8)

WorkloadJitting  1: 4096 op, 165100.00 ns, 40.3076 ns/op
WorkloadJitting  2: 122880 op, 3233100.00 ns, 26.3110 ns/op
WorkloadJitting  3: 122880 op, 3250100.00 ns, 26.4494 ns/op
WorkloadJitting  4: 122880 op, 3328600.00 ns, 27.0882 ns/op
WorkloadJitting  5: 4096 op, 140400.00 ns, 34.2773 ns/op

WorkloadPilot    1: 4096 op, 113500.00 ns, 27.7100 ns/op

WorkloadPilot    1: 65536 op, 1778200.00 ns, 27.1332 ns/op
WorkloadPilot    2: 131072 op, 3620000.00 ns, 27.6184 ns/op
WorkloadPilot    3: 262144 op, 7061700.00 ns, 26.9382 ns/op
WorkloadPilot    4: 524288 op, 14204100.00 ns, 27.0922 ns/op
WorkloadPilot    5: 1048576 op, 28213000.00 ns, 26.9060 ns/op
WorkloadPilot    6: 2097152 op, 56585100.00 ns, 26.9819 ns/op
WorkloadPilot    7: 4194304 op, 114012300.00 ns, 27.1827 ns/op
WorkloadPilot    8: 8388608 op, 227470200.00 ns, 27.1166 ns/op
WorkloadPilot    9: 16777216 op, 452616600.00 ns, 26.9781 ns/op
WorkloadPilot   10: 33554432 op, 904041100.00 ns, 26.9425 ns/op

WorkloadWarmup   1: 33554432 op, 907504500.00 ns, 27.0457 ns/op
WorkloadWarmup   2: 33554432 op, 906347700.00 ns, 27.0113 ns/op
WorkloadWarmup   3: 33554432 op, 904059300.00 ns, 26.9431 ns/op
WorkloadWarmup   4: 33554432 op, 907420500.00 ns, 27.0432 ns/op
WorkloadWarmup   5: 33554432 op, 906801600.00 ns, 27.0248 ns/op
WorkloadWarmup   6: 33554432 op, 904655000.00 ns, 26.9608 ns/op
WorkloadWarmup   7: 33554432 op, 906748000.00 ns, 27.0232 ns/op
WorkloadWarmup   8: 33554432 op, 909425900.00 ns, 27.1030 ns/op

// BeforeActualRun
WorkloadActual   1: 33554432 op, 904725300.00 ns, 26.9629 ns/op
WorkloadActual   2: 33554432 op, 905156300.00 ns, 26.9758 ns/op
WorkloadActual   3: 33554432 op, 907678000.00 ns, 27.0509 ns/op
WorkloadActual   4: 33554432 op, 908119100.00 ns, 27.0641 ns/op
WorkloadActual   5: 33554432 op, 908772300.00 ns, 27.0835 ns/op
WorkloadActual   6: 33554432 op, 906578900.00 ns, 27.0182 ns/op
WorkloadActual   7: 33554432 op, 908946000.00 ns, 27.0887 ns/op
WorkloadActual   8: 33554432 op, 908941800.00 ns, 27.0886 ns/op
WorkloadActual   9: 33554432 op, 904128500.00 ns, 26.9451 ns/op
WorkloadActual  10: 33554432 op, 908516300.00 ns, 27.0759 ns/op
WorkloadActual  11: 33554432 op, 906556200.00 ns, 27.0175 ns/op
WorkloadActual  12: 33554432 op, 912085000.00 ns, 27.1823 ns/op
WorkloadActual  13: 33554432 op, 907499500.00 ns, 27.0456 ns/op
WorkloadActual  14: 33554432 op, 912185000.00 ns, 27.1852 ns/op
WorkloadActual  15: 33554432 op, 906970200.00 ns, 27.0298 ns/op
WorkloadActual  16: 33554432 op, 904453000.00 ns, 26.9548 ns/op
WorkloadActual  17: 33554432 op, 903973700.00 ns, 26.9405 ns/op
WorkloadActual  18: 33554432 op, 904870900.00 ns, 26.9673 ns/op
WorkloadActual  19: 33554432 op, 905577500.00 ns, 26.9883 ns/op
WorkloadActual  20: 33554432 op, 907870000.00 ns, 27.0566 ns/op

// AfterActualRun
WorkloadResult   1: 33554432 op, 904725300.00 ns, 26.9629 ns/op
WorkloadResult   2: 33554432 op, 905156300.00 ns, 26.9758 ns/op
WorkloadResult   3: 33554432 op, 907678000.00 ns, 27.0509 ns/op
WorkloadResult   4: 33554432 op, 908119100.00 ns, 27.0641 ns/op
WorkloadResult   5: 33554432 op, 908772300.00 ns, 27.0835 ns/op
WorkloadResult   6: 33554432 op, 906578900.00 ns, 27.0182 ns/op
WorkloadResult   7: 33554432 op, 908946000.00 ns, 27.0887 ns/op
WorkloadResult   8: 33554432 op, 908941800.00 ns, 27.0886 ns/op
WorkloadResult   9: 33554432 op, 904128500.00 ns, 26.9451 ns/op
WorkloadResult  10: 33554432 op, 908516300.00 ns, 27.0759 ns/op
WorkloadResult  11: 33554432 op, 906556200.00 ns, 27.0175 ns/op
WorkloadResult  12: 33554432 op, 912085000.00 ns, 27.1823 ns/op
WorkloadResult  13: 33554432 op, 907499500.00 ns, 27.0456 ns/op
WorkloadResult  14: 33554432 op, 912185000.00 ns, 27.1852 ns/op
WorkloadResult  15: 33554432 op, 906970200.00 ns, 27.0298 ns/op
WorkloadResult  16: 33554432 op, 904453000.00 ns, 26.9548 ns/op
WorkloadResult  17: 33554432 op, 903973700.00 ns, 26.9405 ns/op
WorkloadResult  18: 33554432 op, 904870900.00 ns, 26.9673 ns/op
WorkloadResult  19: 33554432 op, 905577500.00 ns, 26.9883 ns/op
WorkloadResult  20: 33554432 op, 907870000.00 ns, 27.0566 ns/op

// AfterAll
// Benchmark Process 2880 has exited with code 0.

Mean = 27.340 ns, StdErr = 0.120 ns (0.44%), N = 60, StdDev = 0.932 ns
Min = 26.274 ns, Q1 = 26.462 ns, Median = 27.038 ns, Q3 = 28.527 ns, Max = 28.724 ns
IQR = 2.065 ns, LowerFence = 23.365 ns, UpperFence = 31.624 ns
ConfidenceInterval = [26.923 ns; 27.756 ns] (CI 99.9%), Margin = 0.417 ns (1.52% of Mean)
Skewness = 0.44, Kurtosis = 1.47, MValue = 3

// ** Remained 24 (53.3%) benchmark(s) to run. Estimated finish 2026-08-31 20:15 (0h 28m from now) **
Setup power plan (GUID: 8c5e7fda-e8bf-4a96-9a85-a6e23a8c635c FriendlyName: High performance)
// **************************
// Benchmark: SideMetadataBenchmarks.BulkRead64KiB: Job-TZWPHG(IterationCount=20, LaunchCount=3, WarmupCount=8) [LogReferenceCountBits=2]
// *** Execute ***
// Launch: 1 / 3
// Execute: dotnet side-metadata-benchmark-Job-TZWPHG-1.dll --ipcPort 65239 --benchmarkName "P21.SideMetadataBenchmarks.BulkRead64KiB(LogReferenceCountBits: 2)" --job "IterationCount=20, LaunchCount=3, WarmupCount=8" --diagnoserRunMode 0 --benchmarkId 21 in R:\artifacts\bin\side-metadata-benchmark\Release\net11.0\side-metadata-benchmark-Job-TZWPHG-1\bin\Release\net11.0
// BeforeAnythingElse

// Benchmark Process Environment Information:
// BenchmarkDotNet v0.16.0-preview.1
// Runtime=.NET 11.0.0 (11.0.0-preview.6.26359.118, 11.0.26.36018), X64 RyuJIT x86-64-v4
// GC=Concurrent Workstation
// HardwareIntrinsics=AVX512 BITALG+VBMI2+VNNI+VPOPCNTDQ,AVX512 IFMA+VBMI,AVX512 F+BW+CD+DQ+VL,AVX2+BMI1+BMI2+F16C+FMA+LZCNT+MOVBE,AVX,SSE3+SSSE3+SSE4.1+SSE4.2+POPCNT,X86Base+SSE+SSE2,AES+PCLMUL VectorSize=256
// Job: Job-TZWPHG(IterationCount=20, LaunchCount=3, WarmupCount=8)

WorkloadJitting  1: 8 op, 69400.00 ns, 8.6750 us/op
WorkloadJitting  2: 240 op, 396900.00 ns, 1.6538 us/op
WorkloadJitting  3: 240 op, 485900.00 ns, 2.0246 us/op
WorkloadJitting  4: 240 op, 443200.00 ns, 1.8467 us/op
WorkloadJitting  5: 8 op, 20700.00 ns, 2.5875 us/op

WorkloadPilot    1: 8 op, 16700.00 ns, 2.0875 us/op

WorkloadPilot    1: 128 op, 235000.00 ns, 1.8359 us/op
WorkloadPilot    2: 256 op, 477300.00 ns, 1.8645 us/op
WorkloadPilot    3: 512 op, 1011900.00 ns, 1.9764 us/op
WorkloadPilot    4: 1024 op, 1909800.00 ns, 1.8650 us/op
WorkloadPilot    5: 2048 op, 3805800.00 ns, 1.8583 us/op
WorkloadPilot    6: 4096 op, 7655700.00 ns, 1.8691 us/op
WorkloadPilot    7: 8192 op, 15118000.00 ns, 1.8455 us/op
WorkloadPilot    8: 16384 op, 30428500.00 ns, 1.8572 us/op
WorkloadPilot    9: 32768 op, 60558400.00 ns, 1.8481 us/op
WorkloadPilot   10: 65536 op, 121479600.00 ns, 1.8536 us/op
WorkloadPilot   11: 131072 op, 243507100.00 ns, 1.8578 us/op
WorkloadPilot   12: 262144 op, 485939600.00 ns, 1.8537 us/op
WorkloadPilot   13: 524288 op, 970690000.00 ns, 1.8514 us/op

WorkloadWarmup   1: 524288 op, 971289600.00 ns, 1.8526 us/op
WorkloadWarmup   2: 524288 op, 972076500.00 ns, 1.8541 us/op
WorkloadWarmup   3: 524288 op, 973920800.00 ns, 1.8576 us/op
WorkloadWarmup   4: 524288 op, 973754000.00 ns, 1.8573 us/op
WorkloadWarmup   5: 524288 op, 974194000.00 ns, 1.8581 us/op
WorkloadWarmup   6: 524288 op, 975358400.00 ns, 1.8603 us/op
WorkloadWarmup   7: 524288 op, 970420200.00 ns, 1.8509 us/op
WorkloadWarmup   8: 524288 op, 969598200.00 ns, 1.8494 us/op

// BeforeActualRun
WorkloadActual   1: 524288 op, 971189500.00 ns, 1.8524 us/op
WorkloadActual   2: 524288 op, 972559100.00 ns, 1.8550 us/op
WorkloadActual   3: 524288 op, 971318000.00 ns, 1.8526 us/op
WorkloadActual   4: 524288 op, 973532200.00 ns, 1.8569 us/op
WorkloadActual   5: 524288 op, 970141300.00 ns, 1.8504 us/op
WorkloadActual   6: 524288 op, 977332100.00 ns, 1.8641 us/op
WorkloadActual   7: 524288 op, 972487800.00 ns, 1.8549 us/op
WorkloadActual   8: 524288 op, 973505800.00 ns, 1.8568 us/op
WorkloadActual   9: 524288 op, 969994900.00 ns, 1.8501 us/op
WorkloadActual  10: 524288 op, 972322400.00 ns, 1.8546 us/op
WorkloadActual  11: 524288 op, 972641500.00 ns, 1.8552 us/op
WorkloadActual  12: 524288 op, 972431900.00 ns, 1.8548 us/op
WorkloadActual  13: 524288 op, 970542300.00 ns, 1.8512 us/op
WorkloadActual  14: 524288 op, 972858300.00 ns, 1.8556 us/op
WorkloadActual  15: 524288 op, 971801100.00 ns, 1.8536 us/op
WorkloadActual  16: 524288 op, 969799900.00 ns, 1.8497 us/op
WorkloadActual  17: 524288 op, 973339800.00 ns, 1.8565 us/op
WorkloadActual  18: 524288 op, 973177200.00 ns, 1.8562 us/op
WorkloadActual  19: 524288 op, 972244700.00 ns, 1.8544 us/op
WorkloadActual  20: 524288 op, 971500900.00 ns, 1.8530 us/op

// AfterActualRun
WorkloadResult   1: 524288 op, 971189500.00 ns, 1.8524 us/op
WorkloadResult   2: 524288 op, 972559100.00 ns, 1.8550 us/op
WorkloadResult   3: 524288 op, 971318000.00 ns, 1.8526 us/op
WorkloadResult   4: 524288 op, 973532200.00 ns, 1.8569 us/op
WorkloadResult   5: 524288 op, 970141300.00 ns, 1.8504 us/op
WorkloadResult   6: 524288 op, 972487800.00 ns, 1.8549 us/op
WorkloadResult   7: 524288 op, 973505800.00 ns, 1.8568 us/op
WorkloadResult   8: 524288 op, 969994900.00 ns, 1.8501 us/op
WorkloadResult   9: 524288 op, 972322400.00 ns, 1.8546 us/op
WorkloadResult  10: 524288 op, 972641500.00 ns, 1.8552 us/op
WorkloadResult  11: 524288 op, 972431900.00 ns, 1.8548 us/op
WorkloadResult  12: 524288 op, 970542300.00 ns, 1.8512 us/op
WorkloadResult  13: 524288 op, 972858300.00 ns, 1.8556 us/op
WorkloadResult  14: 524288 op, 971801100.00 ns, 1.8536 us/op
WorkloadResult  15: 524288 op, 969799900.00 ns, 1.8497 us/op
WorkloadResult  16: 524288 op, 973339800.00 ns, 1.8565 us/op
WorkloadResult  17: 524288 op, 973177200.00 ns, 1.8562 us/op
WorkloadResult  18: 524288 op, 972244700.00 ns, 1.8544 us/op
WorkloadResult  19: 524288 op, 971500900.00 ns, 1.8530 us/op

// AfterAll
// Benchmark Process 35924 has exited with code 0.
// Launch: 2 / 3
// Execute: dotnet side-metadata-benchmark-Job-TZWPHG-1.dll --ipcPort 65273 --benchmarkName "P21.SideMetadataBenchmarks.BulkRead64KiB(LogReferenceCountBits: 2)" --job "IterationCount=20, LaunchCount=3, WarmupCount=8" --diagnoserRunMode 0 --benchmarkId 21 in R:\artifacts\bin\side-metadata-benchmark\Release\net11.0\side-metadata-benchmark-Job-TZWPHG-1\bin\Release\net11.0
// BeforeAnythingElse

// Benchmark Process Environment Information:
// BenchmarkDotNet v0.16.0-preview.1
// Runtime=.NET 11.0.0 (11.0.0-preview.6.26359.118, 11.0.26.36018), X64 RyuJIT x86-64-v4
// GC=Concurrent Workstation
// HardwareIntrinsics=AVX512 BITALG+VBMI2+VNNI+VPOPCNTDQ,AVX512 IFMA+VBMI,AVX512 F+BW+CD+DQ+VL,AVX2+BMI1+BMI2+F16C+FMA+LZCNT+MOVBE,AVX,SSE3+SSSE3+SSE4.1+SSE4.2+POPCNT,X86Base+SSE+SSE2,AES+PCLMUL VectorSize=256
// Job: Job-TZWPHG(IterationCount=20, LaunchCount=3, WarmupCount=8)

WorkloadJitting  1: 8 op, 88900.00 ns, 11.1125 us/op
WorkloadJitting  2: 240 op, 391400.00 ns, 1.6308 us/op
WorkloadJitting  3: 240 op, 390800.00 ns, 1.6283 us/op
WorkloadJitting  4: 240 op, 442000.00 ns, 1.8417 us/op
WorkloadJitting  5: 8 op, 18000.00 ns, 2.2500 us/op

WorkloadPilot    1: 8 op, 16400.00 ns, 2.0500 us/op

WorkloadPilot    1: 128 op, 236700.00 ns, 1.8492 us/op
WorkloadPilot    2: 256 op, 487100.00 ns, 1.9027 us/op
WorkloadPilot    3: 512 op, 947600.00 ns, 1.8508 us/op
WorkloadPilot    4: 1024 op, 1966300.00 ns, 1.9202 us/op
WorkloadPilot    5: 2048 op, 3803100.00 ns, 1.8570 us/op
WorkloadPilot    6: 4096 op, 7711500.00 ns, 1.8827 us/op
WorkloadPilot    7: 8192 op, 15190800.00 ns, 1.8543 us/op
WorkloadPilot    8: 16384 op, 30265200.00 ns, 1.8472 us/op
WorkloadPilot    9: 32768 op, 60574900.00 ns, 1.8486 us/op
WorkloadPilot   10: 65536 op, 122136200.00 ns, 1.8637 us/op
WorkloadPilot   11: 131072 op, 243328500.00 ns, 1.8564 us/op
WorkloadPilot   12: 262144 op, 486067900.00 ns, 1.8542 us/op
WorkloadPilot   13: 524288 op, 973344100.00 ns, 1.8565 us/op

WorkloadWarmup   1: 524288 op, 970349800.00 ns, 1.8508 us/op
WorkloadWarmup   2: 524288 op, 976944400.00 ns, 1.8634 us/op
WorkloadWarmup   3: 524288 op, 971731900.00 ns, 1.8534 us/op
WorkloadWarmup   4: 524288 op, 972451500.00 ns, 1.8548 us/op
WorkloadWarmup   5: 524288 op, 973043400.00 ns, 1.8559 us/op
WorkloadWarmup   6: 524288 op, 972449100.00 ns, 1.8548 us/op
WorkloadWarmup   7: 524288 op, 970793300.00 ns, 1.8516 us/op
WorkloadWarmup   8: 524288 op, 969291600.00 ns, 1.8488 us/op

// BeforeActualRun
WorkloadActual   1: 524288 op, 972622200.00 ns, 1.8551 us/op
WorkloadActual   2: 524288 op, 972792000.00 ns, 1.8555 us/op
WorkloadActual   3: 524288 op, 972191800.00 ns, 1.8543 us/op
WorkloadActual   4: 524288 op, 973417100.00 ns, 1.8566 us/op
WorkloadActual   5: 524288 op, 971397100.00 ns, 1.8528 us/op
WorkloadActual   6: 524288 op, 972779900.00 ns, 1.8554 us/op
WorkloadActual   7: 524288 op, 972190100.00 ns, 1.8543 us/op
WorkloadActual   8: 524288 op, 970568700.00 ns, 1.8512 us/op
WorkloadActual   9: 524288 op, 971475000.00 ns, 1.8529 us/op
WorkloadActual  10: 524288 op, 972305700.00 ns, 1.8545 us/op
WorkloadActual  11: 524288 op, 972351000.00 ns, 1.8546 us/op
WorkloadActual  12: 524288 op, 978910500.00 ns, 1.8671 us/op
WorkloadActual  13: 524288 op, 975110600.00 ns, 1.8599 us/op
WorkloadActual  14: 524288 op, 976330900.00 ns, 1.8622 us/op
WorkloadActual  15: 524288 op, 970092900.00 ns, 1.8503 us/op
WorkloadActual  16: 524288 op, 973628800.00 ns, 1.8570 us/op
WorkloadActual  17: 524288 op, 974647500.00 ns, 1.8590 us/op
WorkloadActual  18: 524288 op, 971827700.00 ns, 1.8536 us/op
WorkloadActual  19: 524288 op, 970964100.00 ns, 1.8520 us/op
WorkloadActual  20: 524288 op, 971474100.00 ns, 1.8529 us/op

// AfterActualRun
WorkloadResult   1: 524288 op, 972622200.00 ns, 1.8551 us/op
WorkloadResult   2: 524288 op, 972792000.00 ns, 1.8555 us/op
WorkloadResult   3: 524288 op, 972191800.00 ns, 1.8543 us/op
WorkloadResult   4: 524288 op, 973417100.00 ns, 1.8566 us/op
WorkloadResult   5: 524288 op, 971397100.00 ns, 1.8528 us/op
WorkloadResult   6: 524288 op, 972779900.00 ns, 1.8554 us/op
WorkloadResult   7: 524288 op, 972190100.00 ns, 1.8543 us/op
WorkloadResult   8: 524288 op, 970568700.00 ns, 1.8512 us/op
WorkloadResult   9: 524288 op, 971475000.00 ns, 1.8529 us/op
WorkloadResult  10: 524288 op, 972305700.00 ns, 1.8545 us/op
WorkloadResult  11: 524288 op, 972351000.00 ns, 1.8546 us/op
WorkloadResult  12: 524288 op, 975110600.00 ns, 1.8599 us/op
WorkloadResult  13: 524288 op, 976330900.00 ns, 1.8622 us/op
WorkloadResult  14: 524288 op, 970092900.00 ns, 1.8503 us/op
WorkloadResult  15: 524288 op, 973628800.00 ns, 1.8570 us/op
WorkloadResult  16: 524288 op, 974647500.00 ns, 1.8590 us/op
WorkloadResult  17: 524288 op, 971827700.00 ns, 1.8536 us/op
WorkloadResult  18: 524288 op, 970964100.00 ns, 1.8520 us/op
WorkloadResult  19: 524288 op, 971474100.00 ns, 1.8529 us/op

// AfterAll
// Benchmark Process 29436 has exited with code 0.
// Launch: 3 / 3
// Execute: dotnet side-metadata-benchmark-Job-TZWPHG-1.dll --ipcPort 65307 --benchmarkName "P21.SideMetadataBenchmarks.BulkRead64KiB(LogReferenceCountBits: 2)" --job "IterationCount=20, LaunchCount=3, WarmupCount=8" --diagnoserRunMode 0 --benchmarkId 21 in R:\artifacts\bin\side-metadata-benchmark\Release\net11.0\side-metadata-benchmark-Job-TZWPHG-1\bin\Release\net11.0
// BeforeAnythingElse

// Benchmark Process Environment Information:
// BenchmarkDotNet v0.16.0-preview.1
// Runtime=.NET 11.0.0 (11.0.0-preview.6.26359.118, 11.0.26.36018), X64 RyuJIT x86-64-v4
// GC=Concurrent Workstation
// HardwareIntrinsics=AVX512 BITALG+VBMI2+VNNI+VPOPCNTDQ,AVX512 IFMA+VBMI,AVX512 F+BW+CD+DQ+VL,AVX2+BMI1+BMI2+F16C+FMA+LZCNT+MOVBE,AVX,SSE3+SSSE3+SSE4.1+SSE4.2+POPCNT,X86Base+SSE+SSE2,AES+PCLMUL VectorSize=256
// Job: Job-TZWPHG(IterationCount=20, LaunchCount=3, WarmupCount=8)

WorkloadJitting  1: 8 op, 84500.00 ns, 10.5625 us/op
WorkloadJitting  2: 240 op, 454700.00 ns, 1.8946 us/op
WorkloadJitting  3: 240 op, 452700.00 ns, 1.8863 us/op
WorkloadJitting  4: 240 op, 455600.00 ns, 1.8983 us/op
WorkloadJitting  5: 8 op, 17000.00 ns, 2.1250 us/op

WorkloadPilot    1: 8 op, 17000.00 ns, 2.1250 us/op

WorkloadPilot    1: 128 op, 243100.00 ns, 1.8992 us/op
WorkloadPilot    2: 256 op, 491500.00 ns, 1.9199 us/op
WorkloadPilot    3: 512 op, 966200.00 ns, 1.8871 us/op
WorkloadPilot    4: 1024 op, 1899200.00 ns, 1.8547 us/op
WorkloadPilot    5: 2048 op, 3834100.00 ns, 1.8721 us/op
WorkloadPilot    6: 4096 op, 7598200.00 ns, 1.8550 us/op
WorkloadPilot    7: 8192 op, 15248000.00 ns, 1.8613 us/op
WorkloadPilot    8: 16384 op, 30380100.00 ns, 1.8543 us/op
WorkloadPilot    9: 32768 op, 60896100.00 ns, 1.8584 us/op
WorkloadPilot   10: 65536 op, 121715100.00 ns, 1.8572 us/op
WorkloadPilot   11: 131072 op, 242645600.00 ns, 1.8512 us/op
WorkloadPilot   12: 262144 op, 488160500.00 ns, 1.8622 us/op
WorkloadPilot   13: 524288 op, 974536000.00 ns, 1.8588 us/op

WorkloadWarmup   1: 524288 op, 976089700.00 ns, 1.8617 us/op
WorkloadWarmup   2: 524288 op, 974378100.00 ns, 1.8585 us/op
WorkloadWarmup   3: 524288 op, 973168900.00 ns, 1.8562 us/op
WorkloadWarmup   4: 524288 op, 974284800.00 ns, 1.8583 us/op
WorkloadWarmup   5: 524288 op, 975763800.00 ns, 1.8611 us/op
WorkloadWarmup   6: 524288 op, 979413300.00 ns, 1.8681 us/op
WorkloadWarmup   7: 524288 op, 983752900.00 ns, 1.8764 us/op
WorkloadWarmup   8: 524288 op, 973396100.00 ns, 1.8566 us/op

// BeforeActualRun
WorkloadActual   1: 524288 op, 973479700.00 ns, 1.8568 us/op
WorkloadActual   2: 524288 op, 976595000.00 ns, 1.8627 us/op
WorkloadActual   3: 524288 op, 976128800.00 ns, 1.8618 us/op
WorkloadActual   4: 524288 op, 974527400.00 ns, 1.8588 us/op
WorkloadActual   5: 524288 op, 973389600.00 ns, 1.8566 us/op
WorkloadActual   6: 524288 op, 973396500.00 ns, 1.8566 us/op
WorkloadActual   7: 524288 op, 975444000.00 ns, 1.8605 us/op
WorkloadActual   8: 524288 op, 975502200.00 ns, 1.8606 us/op
WorkloadActual   9: 524288 op, 972895100.00 ns, 1.8557 us/op
WorkloadActual  10: 524288 op, 976499400.00 ns, 1.8625 us/op
WorkloadActual  11: 524288 op, 975235600.00 ns, 1.8601 us/op
WorkloadActual  12: 524288 op, 972645700.00 ns, 1.8552 us/op
WorkloadActual  13: 524288 op, 975185100.00 ns, 1.8600 us/op
WorkloadActual  14: 524288 op, 978014400.00 ns, 1.8654 us/op
WorkloadActual  15: 524288 op, 972069600.00 ns, 1.8541 us/op
WorkloadActual  16: 524288 op, 973772400.00 ns, 1.8573 us/op
WorkloadActual  17: 524288 op, 977402400.00 ns, 1.8642 us/op
WorkloadActual  18: 524288 op, 974525600.00 ns, 1.8588 us/op
WorkloadActual  19: 524288 op, 975591700.00 ns, 1.8608 us/op
WorkloadActual  20: 524288 op, 981525600.00 ns, 1.8721 us/op

// AfterActualRun
WorkloadResult   1: 524288 op, 973479700.00 ns, 1.8568 us/op
WorkloadResult   2: 524288 op, 976595000.00 ns, 1.8627 us/op
WorkloadResult   3: 524288 op, 976128800.00 ns, 1.8618 us/op
WorkloadResult   4: 524288 op, 974527400.00 ns, 1.8588 us/op
WorkloadResult   5: 524288 op, 973389600.00 ns, 1.8566 us/op
WorkloadResult   6: 524288 op, 973396500.00 ns, 1.8566 us/op
WorkloadResult   7: 524288 op, 975444000.00 ns, 1.8605 us/op
WorkloadResult   8: 524288 op, 975502200.00 ns, 1.8606 us/op
WorkloadResult   9: 524288 op, 972895100.00 ns, 1.8557 us/op
WorkloadResult  10: 524288 op, 976499400.00 ns, 1.8625 us/op
WorkloadResult  11: 524288 op, 975235600.00 ns, 1.8601 us/op
WorkloadResult  12: 524288 op, 972645700.00 ns, 1.8552 us/op
WorkloadResult  13: 524288 op, 975185100.00 ns, 1.8600 us/op
WorkloadResult  14: 524288 op, 978014400.00 ns, 1.8654 us/op
WorkloadResult  15: 524288 op, 972069600.00 ns, 1.8541 us/op
WorkloadResult  16: 524288 op, 973772400.00 ns, 1.8573 us/op
WorkloadResult  17: 524288 op, 977402400.00 ns, 1.8642 us/op
WorkloadResult  18: 524288 op, 974525600.00 ns, 1.8588 us/op
WorkloadResult  19: 524288 op, 975591700.00 ns, 1.8608 us/op

// AfterAll
// Benchmark Process 27332 has exited with code 0.

Mean = 1.856 us, StdErr = 0.000 us (0.03%), N = 57, StdDev = 0.004 us
Min = 1.850 us, Q1 = 1.854 us, Median = 1.855 us, Q3 = 1.859 us, Max = 1.865 us
IQR = 0.005 us, LowerFence = 1.846 us, UpperFence = 1.866 us
ConfidenceInterval = [1.854 us; 1.858 us] (CI 99.9%), Margin = 0.002 us (0.09% of Mean)
Skewness = 0.5, Kurtosis = 2.65, MValue = 2

// ** Remained 23 (51.1%) benchmark(s) to run. Estimated finish 2026-08-31 20:16 (0h 27m from now) **
Setup power plan (GUID: 8c5e7fda-e8bf-4a96-9a85-a6e23a8c635c FriendlyName: High performance)
// **************************
// Benchmark: SideMetadataBenchmarks.SparseBulkRead64B: Job-TZWPHG(IterationCount=20, LaunchCount=3, WarmupCount=8) [LogReferenceCountBits=2]
// *** Execute ***
// Launch: 1 / 3
// Execute: dotnet side-metadata-benchmark-Job-TZWPHG-1.dll --ipcPort 65349 --benchmarkName "P21.SideMetadataBenchmarks.SparseBulkRead64B(LogReferenceCountBits: 2)" --job "IterationCount=20, LaunchCount=3, WarmupCount=8" --diagnoserRunMode 0 --benchmarkId 22 in R:\artifacts\bin\side-metadata-benchmark\Release\net11.0\side-metadata-benchmark-Job-TZWPHG-1\bin\Release\net11.0
// BeforeAnythingElse

// Benchmark Process Environment Information:
// BenchmarkDotNet v0.16.0-preview.1
// Runtime=.NET 11.0.0 (11.0.0-preview.6.26359.118, 11.0.26.36018), X64 RyuJIT x86-64-v4
// GC=Concurrent Workstation
// HardwareIntrinsics=AVX512 BITALG+VBMI2+VNNI+VPOPCNTDQ,AVX512 IFMA+VBMI,AVX512 F+BW+CD+DQ+VL,AVX2+BMI1+BMI2+F16C+FMA+LZCNT+MOVBE,AVX,SSE3+SSSE3+SSE4.1+SSE4.2+POPCNT,X86Base+SSE+SSE2,AES+PCLMUL VectorSize=256
// Job: Job-TZWPHG(IterationCount=20, LaunchCount=3, WarmupCount=8)

WorkloadJitting  1: 4096 op, 185000.00 ns, 45.1660 ns/op
WorkloadJitting  2: 122880 op, 3764900.00 ns, 30.6388 ns/op
WorkloadJitting  3: 122880 op, 3756500.00 ns, 30.5705 ns/op
WorkloadJitting  4: 122880 op, 4595700.00 ns, 37.3999 ns/op
WorkloadJitting  5: 4096 op, 124800.00 ns, 30.4688 ns/op

WorkloadPilot    1: 4096 op, 130700.00 ns, 31.9092 ns/op

WorkloadPilot    1: 65536 op, 2019400.00 ns, 30.8136 ns/op
WorkloadPilot    2: 131072 op, 4010800.00 ns, 30.6000 ns/op
WorkloadPilot    3: 262144 op, 7981900.00 ns, 30.4485 ns/op
WorkloadPilot    4: 524288 op, 15933800.00 ns, 30.3913 ns/op
WorkloadPilot    5: 1048576 op, 32389600.00 ns, 30.8891 ns/op
WorkloadPilot    6: 2097152 op, 63953000.00 ns, 30.4952 ns/op
WorkloadPilot    7: 4194304 op, 128200800.00 ns, 30.5655 ns/op
WorkloadPilot    8: 8388608 op, 256878600.00 ns, 30.6223 ns/op
WorkloadPilot    9: 16777216 op, 514877100.00 ns, 30.6891 ns/op

WorkloadWarmup   1: 16777216 op, 512113000.00 ns, 30.5243 ns/op
WorkloadWarmup   2: 16777216 op, 513716300.00 ns, 30.6199 ns/op
WorkloadWarmup   3: 16777216 op, 513867100.00 ns, 30.6289 ns/op
WorkloadWarmup   4: 16777216 op, 514666700.00 ns, 30.6765 ns/op
WorkloadWarmup   5: 16777216 op, 512918200.00 ns, 30.5723 ns/op
WorkloadWarmup   6: 16777216 op, 515931600.00 ns, 30.7519 ns/op
WorkloadWarmup   7: 16777216 op, 513753100.00 ns, 30.6221 ns/op
WorkloadWarmup   8: 16777216 op, 514834900.00 ns, 30.6866 ns/op

// BeforeActualRun
WorkloadActual   1: 16777216 op, 513571600.00 ns, 30.6113 ns/op
WorkloadActual   2: 16777216 op, 511284000.00 ns, 30.4749 ns/op
WorkloadActual   3: 16777216 op, 512465700.00 ns, 30.5453 ns/op
WorkloadActual   4: 16777216 op, 514570200.00 ns, 30.6708 ns/op
WorkloadActual   5: 16777216 op, 513596600.00 ns, 30.6127 ns/op
WorkloadActual   6: 16777216 op, 513530300.00 ns, 30.6088 ns/op
WorkloadActual   7: 16777216 op, 516979700.00 ns, 30.8144 ns/op
WorkloadActual   8: 16777216 op, 516558400.00 ns, 30.7893 ns/op
WorkloadActual   9: 16777216 op, 512684100.00 ns, 30.5584 ns/op
WorkloadActual  10: 16777216 op, 514880500.00 ns, 30.6893 ns/op
WorkloadActual  11: 16777216 op, 512648900.00 ns, 30.5563 ns/op
WorkloadActual  12: 16777216 op, 513356400.00 ns, 30.5984 ns/op
WorkloadActual  13: 16777216 op, 514676900.00 ns, 30.6771 ns/op
WorkloadActual  14: 16777216 op, 513595700.00 ns, 30.6127 ns/op
WorkloadActual  15: 16777216 op, 514461800.00 ns, 30.6643 ns/op
WorkloadActual  16: 16777216 op, 520764500.00 ns, 31.0400 ns/op
WorkloadActual  17: 16777216 op, 514250100.00 ns, 30.6517 ns/op
WorkloadActual  18: 16777216 op, 514593000.00 ns, 30.6721 ns/op
WorkloadActual  19: 16777216 op, 512827500.00 ns, 30.5669 ns/op
WorkloadActual  20: 16777216 op, 511982700.00 ns, 30.5165 ns/op

// AfterActualRun
WorkloadResult   1: 16777216 op, 513571600.00 ns, 30.6113 ns/op
WorkloadResult   2: 16777216 op, 511284000.00 ns, 30.4749 ns/op
WorkloadResult   3: 16777216 op, 512465700.00 ns, 30.5453 ns/op
WorkloadResult   4: 16777216 op, 514570200.00 ns, 30.6708 ns/op
WorkloadResult   5: 16777216 op, 513596600.00 ns, 30.6127 ns/op
WorkloadResult   6: 16777216 op, 513530300.00 ns, 30.6088 ns/op
WorkloadResult   7: 16777216 op, 516979700.00 ns, 30.8144 ns/op
WorkloadResult   8: 16777216 op, 516558400.00 ns, 30.7893 ns/op
WorkloadResult   9: 16777216 op, 512684100.00 ns, 30.5584 ns/op
WorkloadResult  10: 16777216 op, 514880500.00 ns, 30.6893 ns/op
WorkloadResult  11: 16777216 op, 512648900.00 ns, 30.5563 ns/op
WorkloadResult  12: 16777216 op, 513356400.00 ns, 30.5984 ns/op
WorkloadResult  13: 16777216 op, 514676900.00 ns, 30.6771 ns/op
WorkloadResult  14: 16777216 op, 513595700.00 ns, 30.6127 ns/op
WorkloadResult  15: 16777216 op, 514461800.00 ns, 30.6643 ns/op
WorkloadResult  16: 16777216 op, 514250100.00 ns, 30.6517 ns/op
WorkloadResult  17: 16777216 op, 514593000.00 ns, 30.6721 ns/op
WorkloadResult  18: 16777216 op, 512827500.00 ns, 30.5669 ns/op
WorkloadResult  19: 16777216 op, 511982700.00 ns, 30.5165 ns/op

// AfterAll
// Benchmark Process 24932 has exited with code 0.
// Launch: 2 / 3
// Execute: dotnet side-metadata-benchmark-Job-TZWPHG-1.dll --ipcPort 65365 --benchmarkName "P21.SideMetadataBenchmarks.SparseBulkRead64B(LogReferenceCountBits: 2)" --job "IterationCount=20, LaunchCount=3, WarmupCount=8" --diagnoserRunMode 0 --benchmarkId 22 in R:\artifacts\bin\side-metadata-benchmark\Release\net11.0\side-metadata-benchmark-Job-TZWPHG-1\bin\Release\net11.0
// BeforeAnythingElse

// Benchmark Process Environment Information:
// BenchmarkDotNet v0.16.0-preview.1
// Runtime=.NET 11.0.0 (11.0.0-preview.6.26359.118, 11.0.26.36018), X64 RyuJIT x86-64-v4
// GC=Concurrent Workstation
// HardwareIntrinsics=AVX512 BITALG+VBMI2+VNNI+VPOPCNTDQ,AVX512 IFMA+VBMI,AVX512 F+BW+CD+DQ+VL,AVX2+BMI1+BMI2+F16C+FMA+LZCNT+MOVBE,AVX,SSE3+SSSE3+SSE4.1+SSE4.2+POPCNT,X86Base+SSE+SSE2,AES+PCLMUL VectorSize=256
// Job: Job-TZWPHG(IterationCount=20, LaunchCount=3, WarmupCount=8)

WorkloadJitting  1: 4096 op, 194900.00 ns, 47.5830 ns/op
WorkloadJitting  2: 122880 op, 3763000.00 ns, 30.6234 ns/op
WorkloadJitting  3: 122880 op, 3745500.00 ns, 30.4810 ns/op
WorkloadJitting  4: 122880 op, 3767800.00 ns, 30.6624 ns/op
WorkloadJitting  5: 4096 op, 134200.00 ns, 32.7637 ns/op

WorkloadPilot    1: 4096 op, 125200.00 ns, 30.5664 ns/op

WorkloadPilot    1: 65536 op, 1987000.00 ns, 30.3192 ns/op
WorkloadPilot    2: 131072 op, 4008500.00 ns, 30.5824 ns/op
WorkloadPilot    3: 262144 op, 7995200.00 ns, 30.4993 ns/op
WorkloadPilot    4: 524288 op, 16100500.00 ns, 30.7093 ns/op
WorkloadPilot    5: 1048576 op, 32060500.00 ns, 30.5753 ns/op
WorkloadPilot    6: 2097152 op, 65338600.00 ns, 31.1559 ns/op
WorkloadPilot    7: 4194304 op, 129660200.00 ns, 30.9134 ns/op
WorkloadPilot    8: 8388608 op, 260810800.00 ns, 31.0911 ns/op
WorkloadPilot    9: 16777216 op, 513928600.00 ns, 30.6325 ns/op

WorkloadWarmup   1: 16777216 op, 518378200.00 ns, 30.8977 ns/op
WorkloadWarmup   2: 16777216 op, 517511700.00 ns, 30.8461 ns/op
WorkloadWarmup   3: 16777216 op, 518058200.00 ns, 30.8787 ns/op
WorkloadWarmup   4: 16777216 op, 513302100.00 ns, 30.5952 ns/op
WorkloadWarmup   5: 16777216 op, 512264300.00 ns, 30.5333 ns/op
WorkloadWarmup   6: 16777216 op, 512810700.00 ns, 30.5659 ns/op
WorkloadWarmup   7: 16777216 op, 521903200.00 ns, 31.1079 ns/op
WorkloadWarmup   8: 16777216 op, 513742500.00 ns, 30.6214 ns/op

// BeforeActualRun
WorkloadActual   1: 16777216 op, 513474100.00 ns, 30.6054 ns/op
WorkloadActual   2: 16777216 op, 513829500.00 ns, 30.6266 ns/op
WorkloadActual   3: 16777216 op, 516162400.00 ns, 30.7657 ns/op
WorkloadActual   4: 16777216 op, 512779200.00 ns, 30.5640 ns/op
WorkloadActual   5: 16777216 op, 515656200.00 ns, 30.7355 ns/op
WorkloadActual   6: 16777216 op, 513542900.00 ns, 30.6095 ns/op
WorkloadActual   7: 16777216 op, 515940300.00 ns, 30.7524 ns/op
WorkloadActual   8: 16777216 op, 516470600.00 ns, 30.7840 ns/op
WorkloadActual   9: 16777216 op, 516230700.00 ns, 30.7697 ns/op
WorkloadActual  10: 16777216 op, 515172000.00 ns, 30.7066 ns/op
WorkloadActual  11: 16777216 op, 516748100.00 ns, 30.8006 ns/op
WorkloadActual  12: 16777216 op, 513726100.00 ns, 30.6205 ns/op
WorkloadActual  13: 16777216 op, 512730600.00 ns, 30.5611 ns/op
WorkloadActual  14: 16777216 op, 515899100.00 ns, 30.7500 ns/op
WorkloadActual  15: 16777216 op, 519525000.00 ns, 30.9661 ns/op
WorkloadActual  16: 16777216 op, 515892800.00 ns, 30.7496 ns/op
WorkloadActual  17: 16777216 op, 516249700.00 ns, 30.7709 ns/op
WorkloadActual  18: 16777216 op, 516702100.00 ns, 30.7978 ns/op
WorkloadActual  19: 16777216 op, 513634900.00 ns, 30.6150 ns/op
WorkloadActual  20: 16777216 op, 515599500.00 ns, 30.7321 ns/op

// AfterActualRun
WorkloadResult   1: 16777216 op, 513474100.00 ns, 30.6054 ns/op
WorkloadResult   2: 16777216 op, 513829500.00 ns, 30.6266 ns/op
WorkloadResult   3: 16777216 op, 516162400.00 ns, 30.7657 ns/op
WorkloadResult   4: 16777216 op, 512779200.00 ns, 30.5640 ns/op
WorkloadResult   5: 16777216 op, 515656200.00 ns, 30.7355 ns/op
WorkloadResult   6: 16777216 op, 513542900.00 ns, 30.6095 ns/op
WorkloadResult   7: 16777216 op, 515940300.00 ns, 30.7524 ns/op
WorkloadResult   8: 16777216 op, 516470600.00 ns, 30.7840 ns/op
WorkloadResult   9: 16777216 op, 516230700.00 ns, 30.7697 ns/op
WorkloadResult  10: 16777216 op, 515172000.00 ns, 30.7066 ns/op
WorkloadResult  11: 16777216 op, 516748100.00 ns, 30.8006 ns/op
WorkloadResult  12: 16777216 op, 513726100.00 ns, 30.6205 ns/op
WorkloadResult  13: 16777216 op, 512730600.00 ns, 30.5611 ns/op
WorkloadResult  14: 16777216 op, 515899100.00 ns, 30.7500 ns/op
WorkloadResult  15: 16777216 op, 519525000.00 ns, 30.9661 ns/op
WorkloadResult  16: 16777216 op, 515892800.00 ns, 30.7496 ns/op
WorkloadResult  17: 16777216 op, 516249700.00 ns, 30.7709 ns/op
WorkloadResult  18: 16777216 op, 516702100.00 ns, 30.7978 ns/op
WorkloadResult  19: 16777216 op, 513634900.00 ns, 30.6150 ns/op
WorkloadResult  20: 16777216 op, 515599500.00 ns, 30.7321 ns/op

// AfterAll
// Benchmark Process 36464 has exited with code 0.
// Launch: 3 / 3
// Execute: dotnet side-metadata-benchmark-Job-TZWPHG-1.dll --ipcPort 65390 --benchmarkName "P21.SideMetadataBenchmarks.SparseBulkRead64B(LogReferenceCountBits: 2)" --job "IterationCount=20, LaunchCount=3, WarmupCount=8" --diagnoserRunMode 0 --benchmarkId 22 in R:\artifacts\bin\side-metadata-benchmark\Release\net11.0\side-metadata-benchmark-Job-TZWPHG-1\bin\Release\net11.0
// BeforeAnythingElse

// Benchmark Process Environment Information:
// BenchmarkDotNet v0.16.0-preview.1
// Runtime=.NET 11.0.0 (11.0.0-preview.6.26359.118, 11.0.26.36018), X64 RyuJIT x86-64-v4
// GC=Concurrent Workstation
// HardwareIntrinsics=AVX512 BITALG+VBMI2+VNNI+VPOPCNTDQ,AVX512 IFMA+VBMI,AVX512 F+BW+CD+DQ+VL,AVX2+BMI1+BMI2+F16C+FMA+LZCNT+MOVBE,AVX,SSE3+SSSE3+SSE4.1+SSE4.2+POPCNT,X86Base+SSE+SSE2,AES+PCLMUL VectorSize=256
// Job: Job-TZWPHG(IterationCount=20, LaunchCount=3, WarmupCount=8)

WorkloadJitting  1: 4096 op, 235900.00 ns, 57.5928 ns/op
WorkloadJitting  2: 122880 op, 3787100.00 ns, 30.8195 ns/op
WorkloadJitting  3: 122880 op, 3738800.00 ns, 30.4264 ns/op
WorkloadJitting  4: 122880 op, 3766100.00 ns, 30.6486 ns/op
WorkloadJitting  5: 4096 op, 131000.00 ns, 31.9824 ns/op

WorkloadPilot    1: 4096 op, 130700.00 ns, 31.9092 ns/op

WorkloadPilot    1: 65536 op, 2029600.00 ns, 30.9692 ns/op
WorkloadPilot    2: 131072 op, 4042900.00 ns, 30.8449 ns/op
WorkloadPilot    3: 262144 op, 7940700.00 ns, 30.2914 ns/op
WorkloadPilot    4: 524288 op, 16038600.00 ns, 30.5912 ns/op
WorkloadPilot    5: 1048576 op, 31864500.00 ns, 30.3884 ns/op
WorkloadPilot    6: 2097152 op, 64699300.00 ns, 30.8510 ns/op
WorkloadPilot    7: 4194304 op, 129142300.00 ns, 30.7899 ns/op
WorkloadPilot    8: 8388608 op, 256435400.00 ns, 30.5695 ns/op
WorkloadPilot    9: 16777216 op, 512430000.00 ns, 30.5432 ns/op

WorkloadWarmup   1: 16777216 op, 516076200.00 ns, 30.7605 ns/op
WorkloadWarmup   2: 16777216 op, 521216000.00 ns, 31.0669 ns/op
WorkloadWarmup   3: 16777216 op, 512448500.00 ns, 30.5443 ns/op
WorkloadWarmup   4: 16777216 op, 528099400.00 ns, 31.4772 ns/op
WorkloadWarmup   5: 16777216 op, 517011600.00 ns, 30.8163 ns/op
WorkloadWarmup   6: 16777216 op, 517385400.00 ns, 30.8386 ns/op
WorkloadWarmup   7: 16777216 op, 522573000.00 ns, 31.1478 ns/op
WorkloadWarmup   8: 16777216 op, 514194700.00 ns, 30.6484 ns/op

// BeforeActualRun
WorkloadActual   1: 16777216 op, 512807200.00 ns, 30.5657 ns/op
WorkloadActual   2: 16777216 op, 517986400.00 ns, 30.8744 ns/op
WorkloadActual   3: 16777216 op, 511841500.00 ns, 30.5081 ns/op
WorkloadActual   4: 16777216 op, 514503600.00 ns, 30.6668 ns/op
WorkloadActual   5: 16777216 op, 514833600.00 ns, 30.6865 ns/op
WorkloadActual   6: 16777216 op, 516916500.00 ns, 30.8106 ns/op
WorkloadActual   7: 16777216 op, 513454500.00 ns, 30.6043 ns/op
WorkloadActual   8: 16777216 op, 513763600.00 ns, 30.6227 ns/op
WorkloadActual   9: 16777216 op, 519552700.00 ns, 30.9678 ns/op
WorkloadActual  10: 16777216 op, 514700100.00 ns, 30.6785 ns/op
WorkloadActual  11: 16777216 op, 514159800.00 ns, 30.6463 ns/op
WorkloadActual  12: 16777216 op, 515614000.00 ns, 30.7330 ns/op
WorkloadActual  13: 16777216 op, 512363400.00 ns, 30.5392 ns/op
WorkloadActual  14: 16777216 op, 517073000.00 ns, 30.8200 ns/op
WorkloadActual  15: 16777216 op, 514130600.00 ns, 30.6446 ns/op
WorkloadActual  16: 16777216 op, 512685500.00 ns, 30.5584 ns/op
WorkloadActual  17: 16777216 op, 512462300.00 ns, 30.5451 ns/op
WorkloadActual  18: 16777216 op, 512466200.00 ns, 30.5454 ns/op
WorkloadActual  19: 16777216 op, 514088100.00 ns, 30.6420 ns/op
WorkloadActual  20: 16777216 op, 513869800.00 ns, 30.6290 ns/op

// AfterActualRun
WorkloadResult   1: 16777216 op, 512807200.00 ns, 30.5657 ns/op
WorkloadResult   2: 16777216 op, 517986400.00 ns, 30.8744 ns/op
WorkloadResult   3: 16777216 op, 511841500.00 ns, 30.5081 ns/op
WorkloadResult   4: 16777216 op, 514503600.00 ns, 30.6668 ns/op
WorkloadResult   5: 16777216 op, 514833600.00 ns, 30.6865 ns/op
WorkloadResult   6: 16777216 op, 516916500.00 ns, 30.8106 ns/op
WorkloadResult   7: 16777216 op, 513454500.00 ns, 30.6043 ns/op
WorkloadResult   8: 16777216 op, 513763600.00 ns, 30.6227 ns/op
WorkloadResult   9: 16777216 op, 514700100.00 ns, 30.6785 ns/op
WorkloadResult  10: 16777216 op, 514159800.00 ns, 30.6463 ns/op
WorkloadResult  11: 16777216 op, 515614000.00 ns, 30.7330 ns/op
WorkloadResult  12: 16777216 op, 512363400.00 ns, 30.5392 ns/op
WorkloadResult  13: 16777216 op, 517073000.00 ns, 30.8200 ns/op
WorkloadResult  14: 16777216 op, 514130600.00 ns, 30.6446 ns/op
WorkloadResult  15: 16777216 op, 512685500.00 ns, 30.5584 ns/op
WorkloadResult  16: 16777216 op, 512462300.00 ns, 30.5451 ns/op
WorkloadResult  17: 16777216 op, 512466200.00 ns, 30.5454 ns/op
WorkloadResult  18: 16777216 op, 514088100.00 ns, 30.6420 ns/op
WorkloadResult  19: 16777216 op, 513869800.00 ns, 30.6290 ns/op

// AfterAll
// Benchmark Process 34876 has exited with code 0.

Mean = 30.664 ns, StdErr = 0.013 ns (0.04%), N = 58, StdDev = 0.102 ns
Min = 30.475 ns, Q1 = 30.600 ns, Median = 30.645 ns, Q3 = 30.746 ns, Max = 30.966 ns
IQR = 0.146 ns, LowerFence = 30.381 ns, UpperFence = 30.965 ns
ConfidenceInterval = [30.617 ns; 30.710 ns] (CI 99.9%), Margin = 0.046 ns (0.15% of Mean)
Skewness = 0.53, Kurtosis = 2.82, MValue = 2

// ** Remained 22 (48.9%) benchmark(s) to run. Estimated finish 2026-08-31 20:15 (0h 26m from now) **
Setup power plan (GUID: 8c5e7fda-e8bf-4a96-9a85-a6e23a8c635c FriendlyName: High performance)
// **************************
// Benchmark: SideMetadataBenchmarks.Reset4KiB: Job-TZWPHG(IterationCount=20, LaunchCount=3, WarmupCount=8) [LogReferenceCountBits=2]
// *** Execute ***
// Launch: 1 / 3
// Execute: dotnet side-metadata-benchmark-Job-TZWPHG-1.dll --ipcPort 65414 --benchmarkName "P21.SideMetadataBenchmarks.Reset4KiB(LogReferenceCountBits: 2)" --job "IterationCount=20, LaunchCount=3, WarmupCount=8" --diagnoserRunMode 0 --benchmarkId 23 in R:\artifacts\bin\side-metadata-benchmark\Release\net11.0\side-metadata-benchmark-Job-TZWPHG-1\bin\Release\net11.0
// BeforeAnythingElse

// Benchmark Process Environment Information:
// BenchmarkDotNet v0.16.0-preview.1
// Runtime=.NET 11.0.0 (11.0.0-preview.6.26359.118, 11.0.26.36018), X64 RyuJIT x86-64-v4
// GC=Concurrent Workstation
// HardwareIntrinsics=AVX512 BITALG+VBMI2+VNNI+VPOPCNTDQ,AVX512 IFMA+VBMI,AVX512 F+BW+CD+DQ+VL,AVX2+BMI1+BMI2+F16C+FMA+LZCNT+MOVBE,AVX,SSE3+SSSE3+SSE4.1+SSE4.2+POPCNT,X86Base+SSE+SSE2,AES+PCLMUL VectorSize=256
// Job: Job-TZWPHG(IterationCount=20, LaunchCount=3, WarmupCount=8)

WorkloadJitting  1: 32 op, 59400.00 ns, 1.8563 us/op
WorkloadJitting  2: 960 op, 52100.00 ns, 54.2708 ns/op
WorkloadJitting  3: 960 op, 62100.00 ns, 64.6875 ns/op
WorkloadJitting  4: 960 op, 49400.00 ns, 51.4583 ns/op
WorkloadJitting  5: 32 op, 4500.00 ns, 140.6250 ns/op

WorkloadPilot    1: 32 op, 3400.00 ns, 106.2500 ns/op

WorkloadPilot    1: 512 op, 26600.00 ns, 51.9531 ns/op
WorkloadPilot    2: 1024 op, 52800.00 ns, 51.5625 ns/op
WorkloadPilot    3: 2048 op, 107600.00 ns, 52.5391 ns/op
WorkloadPilot    4: 4096 op, 209500.00 ns, 51.1475 ns/op
WorkloadPilot    5: 8192 op, 440300.00 ns, 53.7476 ns/op
WorkloadPilot    6: 16384 op, 827600.00 ns, 50.5127 ns/op
WorkloadPilot    7: 32768 op, 1638900.00 ns, 50.0153 ns/op
WorkloadPilot    8: 65536 op, 3295200.00 ns, 50.2808 ns/op
WorkloadPilot    9: 131072 op, 6570300.00 ns, 50.1274 ns/op
WorkloadPilot   10: 262144 op, 13027400.00 ns, 49.6956 ns/op
WorkloadPilot   11: 524288 op, 26033800.00 ns, 49.6555 ns/op
WorkloadPilot   12: 1048576 op, 51931400.00 ns, 49.5256 ns/op
WorkloadPilot   13: 2097152 op, 103971500.00 ns, 49.5775 ns/op
WorkloadPilot   14: 4194304 op, 209405200.00 ns, 49.9261 ns/op
WorkloadPilot   15: 8388608 op, 418464000.00 ns, 49.8848 ns/op
WorkloadPilot   16: 16777216 op, 835630300.00 ns, 49.8074 ns/op

WorkloadWarmup   1: 16777216 op, 835516800.00 ns, 49.8007 ns/op
WorkloadWarmup   2: 16777216 op, 832270900.00 ns, 49.6072 ns/op
WorkloadWarmup   3: 16777216 op, 834465900.00 ns, 49.7380 ns/op
WorkloadWarmup   4: 16777216 op, 838763700.00 ns, 49.9942 ns/op
WorkloadWarmup   5: 16777216 op, 838977300.00 ns, 50.0069 ns/op
WorkloadWarmup   6: 16777216 op, 832167600.00 ns, 49.6011 ns/op
WorkloadWarmup   7: 16777216 op, 834162500.00 ns, 49.7200 ns/op
WorkloadWarmup   8: 16777216 op, 835655000.00 ns, 49.8089 ns/op

// BeforeActualRun
WorkloadActual   1: 16777216 op, 839432700.00 ns, 50.0341 ns/op
WorkloadActual   2: 16777216 op, 834409800.00 ns, 49.7347 ns/op
WorkloadActual   3: 16777216 op, 835082900.00 ns, 49.7748 ns/op
WorkloadActual   4: 16777216 op, 839389500.00 ns, 50.0315 ns/op
WorkloadActual   5: 16777216 op, 833891800.00 ns, 49.7038 ns/op
WorkloadActual   6: 16777216 op, 835980700.00 ns, 49.8283 ns/op
WorkloadActual   7: 16777216 op, 833132800.00 ns, 49.6586 ns/op
WorkloadActual   8: 16777216 op, 835448800.00 ns, 49.7966 ns/op
WorkloadActual   9: 16777216 op, 839981200.00 ns, 50.0668 ns/op
WorkloadActual  10: 16777216 op, 847497100.00 ns, 50.5148 ns/op
WorkloadActual  11: 16777216 op, 834069900.00 ns, 49.7144 ns/op
WorkloadActual  12: 16777216 op, 835871900.00 ns, 49.8218 ns/op
WorkloadActual  13: 16777216 op, 834151300.00 ns, 49.7193 ns/op
WorkloadActual  14: 16777216 op, 835407000.00 ns, 49.7941 ns/op
WorkloadActual  15: 16777216 op, 833984100.00 ns, 49.7093 ns/op
WorkloadActual  16: 16777216 op, 836310100.00 ns, 49.8480 ns/op
WorkloadActual  17: 16777216 op, 832988600.00 ns, 49.6500 ns/op
WorkloadActual  18: 16777216 op, 837174400.00 ns, 49.8995 ns/op
WorkloadActual  19: 16777216 op, 834389400.00 ns, 49.7335 ns/op
WorkloadActual  20: 16777216 op, 835706000.00 ns, 49.8120 ns/op

// AfterActualRun
WorkloadResult   1: 16777216 op, 839432700.00 ns, 50.0341 ns/op
WorkloadResult   2: 16777216 op, 834409800.00 ns, 49.7347 ns/op
WorkloadResult   3: 16777216 op, 835082900.00 ns, 49.7748 ns/op
WorkloadResult   4: 16777216 op, 839389500.00 ns, 50.0315 ns/op
WorkloadResult   5: 16777216 op, 833891800.00 ns, 49.7038 ns/op
WorkloadResult   6: 16777216 op, 835980700.00 ns, 49.8283 ns/op
WorkloadResult   7: 16777216 op, 833132800.00 ns, 49.6586 ns/op
WorkloadResult   8: 16777216 op, 835448800.00 ns, 49.7966 ns/op
WorkloadResult   9: 16777216 op, 839981200.00 ns, 50.0668 ns/op
WorkloadResult  10: 16777216 op, 834069900.00 ns, 49.7144 ns/op
WorkloadResult  11: 16777216 op, 835871900.00 ns, 49.8218 ns/op
WorkloadResult  12: 16777216 op, 834151300.00 ns, 49.7193 ns/op
WorkloadResult  13: 16777216 op, 835407000.00 ns, 49.7941 ns/op
WorkloadResult  14: 16777216 op, 833984100.00 ns, 49.7093 ns/op
WorkloadResult  15: 16777216 op, 836310100.00 ns, 49.8480 ns/op
WorkloadResult  16: 16777216 op, 832988600.00 ns, 49.6500 ns/op
WorkloadResult  17: 16777216 op, 837174400.00 ns, 49.8995 ns/op
WorkloadResult  18: 16777216 op, 834389400.00 ns, 49.7335 ns/op
WorkloadResult  19: 16777216 op, 835706000.00 ns, 49.8120 ns/op

// AfterAll
// Benchmark Process 10860 has exited with code 0.
// Launch: 2 / 3
// Execute: dotnet side-metadata-benchmark-Job-TZWPHG-1.dll --ipcPort 65442 --benchmarkName "P21.SideMetadataBenchmarks.Reset4KiB(LogReferenceCountBits: 2)" --job "IterationCount=20, LaunchCount=3, WarmupCount=8" --diagnoserRunMode 0 --benchmarkId 23 in R:\artifacts\bin\side-metadata-benchmark\Release\net11.0\side-metadata-benchmark-Job-TZWPHG-1\bin\Release\net11.0
// BeforeAnythingElse

// Benchmark Process Environment Information:
// BenchmarkDotNet v0.16.0-preview.1
// Runtime=.NET 11.0.0 (11.0.0-preview.6.26359.118, 11.0.26.36018), X64 RyuJIT x86-64-v4
// GC=Concurrent Workstation
// HardwareIntrinsics=AVX512 BITALG+VBMI2+VNNI+VPOPCNTDQ,AVX512 IFMA+VBMI,AVX512 F+BW+CD+DQ+VL,AVX2+BMI1+BMI2+F16C+FMA+LZCNT+MOVBE,AVX,SSE3+SSSE3+SSE4.1+SSE4.2+POPCNT,X86Base+SSE+SSE2,AES+PCLMUL VectorSize=256
// Job: Job-TZWPHG(IterationCount=20, LaunchCount=3, WarmupCount=8)

WorkloadJitting  1: 32 op, 58300.00 ns, 1.8219 us/op
WorkloadJitting  2: 960 op, 53400.00 ns, 55.6250 ns/op
WorkloadJitting  3: 960 op, 59800.00 ns, 62.2917 ns/op
WorkloadJitting  4: 960 op, 49600.00 ns, 51.6667 ns/op
WorkloadJitting  5: 32 op, 4700.00 ns, 146.8750 ns/op

WorkloadPilot    1: 32 op, 3000.00 ns, 93.7500 ns/op

WorkloadPilot    1: 512 op, 26400.00 ns, 51.5625 ns/op
WorkloadPilot    2: 1024 op, 52900.00 ns, 51.6602 ns/op
WorkloadPilot    3: 2048 op, 106000.00 ns, 51.7578 ns/op
WorkloadPilot    4: 4096 op, 212500.00 ns, 51.8799 ns/op
WorkloadPilot    5: 8192 op, 409100.00 ns, 49.9390 ns/op
WorkloadPilot    6: 16384 op, 808000.00 ns, 49.3164 ns/op
WorkloadPilot    7: 32768 op, 1640100.00 ns, 50.0519 ns/op
WorkloadPilot    8: 65536 op, 3280600.00 ns, 50.0580 ns/op
WorkloadPilot    9: 131072 op, 6500800.00 ns, 49.5972 ns/op
WorkloadPilot   10: 262144 op, 12992700.00 ns, 49.5632 ns/op
WorkloadPilot   11: 524288 op, 26157100.00 ns, 49.8907 ns/op
WorkloadPilot   12: 1048576 op, 51878200.00 ns, 49.4749 ns/op
WorkloadPilot   13: 2097152 op, 103796800.00 ns, 49.4942 ns/op
WorkloadPilot   14: 4194304 op, 208772400.00 ns, 49.7752 ns/op
WorkloadPilot   15: 8388608 op, 417339800.00 ns, 49.7508 ns/op
WorkloadPilot   16: 16777216 op, 842714500.00 ns, 50.2297 ns/op

WorkloadWarmup   1: 16777216 op, 837861400.00 ns, 49.9404 ns/op
WorkloadWarmup   2: 16777216 op, 834652400.00 ns, 49.7492 ns/op
WorkloadWarmup   3: 16777216 op, 841143900.00 ns, 50.1361 ns/op
WorkloadWarmup   4: 16777216 op, 840987800.00 ns, 50.1268 ns/op
WorkloadWarmup   5: 16777216 op, 839736200.00 ns, 50.0522 ns/op
WorkloadWarmup   6: 16777216 op, 832044200.00 ns, 49.5937 ns/op
WorkloadWarmup   7: 16777216 op, 833588800.00 ns, 49.6858 ns/op
WorkloadWarmup   8: 16777216 op, 844185700.00 ns, 50.3174 ns/op

// BeforeActualRun
WorkloadActual   1: 16777216 op, 834002900.00 ns, 49.7104 ns/op
WorkloadActual   2: 16777216 op, 834623200.00 ns, 49.7474 ns/op
WorkloadActual   3: 16777216 op, 835116800.00 ns, 49.7768 ns/op
WorkloadActual   4: 16777216 op, 836739100.00 ns, 49.8735 ns/op
WorkloadActual   5: 16777216 op, 838664900.00 ns, 49.9883 ns/op
WorkloadActual   6: 16777216 op, 834019700.00 ns, 49.7114 ns/op
WorkloadActual   7: 16777216 op, 836301200.00 ns, 49.8474 ns/op
WorkloadActual   8: 16777216 op, 833118400.00 ns, 49.6577 ns/op
WorkloadActual   9: 16777216 op, 832926500.00 ns, 49.6463 ns/op
WorkloadActual  10: 16777216 op, 830257400.00 ns, 49.4872 ns/op
WorkloadActual  11: 16777216 op, 832594600.00 ns, 49.6265 ns/op
WorkloadActual  12: 16777216 op, 834749600.00 ns, 49.7550 ns/op
WorkloadActual  13: 16777216 op, 832577300.00 ns, 49.6255 ns/op
WorkloadActual  14: 16777216 op, 837423400.00 ns, 49.9143 ns/op
WorkloadActual  15: 16777216 op, 835750300.00 ns, 49.8146 ns/op
WorkloadActual  16: 16777216 op, 833955000.00 ns, 49.7076 ns/op
WorkloadActual  17: 16777216 op, 838183900.00 ns, 49.9597 ns/op
WorkloadActual  18: 16777216 op, 833469400.00 ns, 49.6786 ns/op
WorkloadActual  19: 16777216 op, 834744300.00 ns, 49.7546 ns/op
WorkloadActual  20: 16777216 op, 835373000.00 ns, 49.7921 ns/op

// AfterActualRun
WorkloadResult   1: 16777216 op, 834002900.00 ns, 49.7104 ns/op
WorkloadResult   2: 16777216 op, 834623200.00 ns, 49.7474 ns/op
WorkloadResult   3: 16777216 op, 835116800.00 ns, 49.7768 ns/op
WorkloadResult   4: 16777216 op, 836739100.00 ns, 49.8735 ns/op
WorkloadResult   5: 16777216 op, 838664900.00 ns, 49.9883 ns/op
WorkloadResult   6: 16777216 op, 834019700.00 ns, 49.7114 ns/op
WorkloadResult   7: 16777216 op, 836301200.00 ns, 49.8474 ns/op
WorkloadResult   8: 16777216 op, 833118400.00 ns, 49.6577 ns/op
WorkloadResult   9: 16777216 op, 832926500.00 ns, 49.6463 ns/op
WorkloadResult  10: 16777216 op, 830257400.00 ns, 49.4872 ns/op
WorkloadResult  11: 16777216 op, 832594600.00 ns, 49.6265 ns/op
WorkloadResult  12: 16777216 op, 834749600.00 ns, 49.7550 ns/op
WorkloadResult  13: 16777216 op, 832577300.00 ns, 49.6255 ns/op
WorkloadResult  14: 16777216 op, 837423400.00 ns, 49.9143 ns/op
WorkloadResult  15: 16777216 op, 835750300.00 ns, 49.8146 ns/op
WorkloadResult  16: 16777216 op, 833955000.00 ns, 49.7076 ns/op
WorkloadResult  17: 16777216 op, 838183900.00 ns, 49.9597 ns/op
WorkloadResult  18: 16777216 op, 833469400.00 ns, 49.6786 ns/op
WorkloadResult  19: 16777216 op, 834744300.00 ns, 49.7546 ns/op
WorkloadResult  20: 16777216 op, 835373000.00 ns, 49.7921 ns/op

// AfterAll
// Benchmark Process 29380 has exited with code 0.
// Launch: 3 / 3
// Execute: dotnet side-metadata-benchmark-Job-TZWPHG-1.dll --ipcPort 65468 --benchmarkName "P21.SideMetadataBenchmarks.Reset4KiB(LogReferenceCountBits: 2)" --job "IterationCount=20, LaunchCount=3, WarmupCount=8" --diagnoserRunMode 0 --benchmarkId 23 in R:\artifacts\bin\side-metadata-benchmark\Release\net11.0\side-metadata-benchmark-Job-TZWPHG-1\bin\Release\net11.0
// BeforeAnythingElse

// Benchmark Process Environment Information:
// BenchmarkDotNet v0.16.0-preview.1
// Runtime=.NET 11.0.0 (11.0.0-preview.6.26359.118, 11.0.26.36018), X64 RyuJIT x86-64-v4
// GC=Concurrent Workstation
// HardwareIntrinsics=AVX512 BITALG+VBMI2+VNNI+VPOPCNTDQ,AVX512 IFMA+VBMI,AVX512 F+BW+CD+DQ+VL,AVX2+BMI1+BMI2+F16C+FMA+LZCNT+MOVBE,AVX,SSE3+SSSE3+SSE4.1+SSE4.2+POPCNT,X86Base+SSE+SSE2,AES+PCLMUL VectorSize=256
// Job: Job-TZWPHG(IterationCount=20, LaunchCount=3, WarmupCount=8)

WorkloadJitting  1: 32 op, 57900.00 ns, 1.8094 us/op
WorkloadJitting  2: 960 op, 53000.00 ns, 55.2083 ns/op
WorkloadJitting  3: 960 op, 61700.00 ns, 64.2708 ns/op
WorkloadJitting  4: 960 op, 49900.00 ns, 51.9792 ns/op
WorkloadJitting  5: 32 op, 4400.00 ns, 137.5000 ns/op

WorkloadPilot    1: 32 op, 3300.00 ns, 103.1250 ns/op

WorkloadPilot    1: 512 op, 26600.00 ns, 51.9531 ns/op
WorkloadPilot    2: 1024 op, 52400.00 ns, 51.1719 ns/op
WorkloadPilot    3: 2048 op, 125300.00 ns, 61.1816 ns/op
WorkloadPilot    4: 4096 op, 281600.00 ns, 68.7500 ns/op
WorkloadPilot    5: 8192 op, 417500.00 ns, 50.9644 ns/op
WorkloadPilot    6: 16384 op, 824400.00 ns, 50.3174 ns/op
WorkloadPilot    7: 32768 op, 1635800.00 ns, 49.9207 ns/op
WorkloadPilot    8: 65536 op, 3300900.00 ns, 50.3677 ns/op
WorkloadPilot    9: 131072 op, 6502200.00 ns, 49.6078 ns/op
WorkloadPilot   10: 262144 op, 12958100.00 ns, 49.4312 ns/op
WorkloadPilot   11: 524288 op, 25956800.00 ns, 49.5087 ns/op
WorkloadPilot   12: 1048576 op, 52028400.00 ns, 49.6181 ns/op
WorkloadPilot   13: 2097152 op, 104840800.00 ns, 49.9920 ns/op
WorkloadPilot   14: 4194304 op, 208010400.00 ns, 49.5935 ns/op
WorkloadPilot   15: 8388608 op, 415511200.00 ns, 49.5328 ns/op
WorkloadPilot   16: 16777216 op, 833249400.00 ns, 49.6655 ns/op

WorkloadWarmup   1: 16777216 op, 833697400.00 ns, 49.6922 ns/op
WorkloadWarmup   2: 16777216 op, 836322900.00 ns, 49.8487 ns/op
WorkloadWarmup   3: 16777216 op, 834244100.00 ns, 49.7248 ns/op
WorkloadWarmup   4: 16777216 op, 836407600.00 ns, 49.8538 ns/op
WorkloadWarmup   5: 16777216 op, 834680400.00 ns, 49.7508 ns/op
WorkloadWarmup   6: 16777216 op, 833516000.00 ns, 49.6814 ns/op
WorkloadWarmup   7: 16777216 op, 834335800.00 ns, 49.7303 ns/op
WorkloadWarmup   8: 16777216 op, 832964300.00 ns, 49.6485 ns/op

// BeforeActualRun
WorkloadActual   1: 16777216 op, 835925800.00 ns, 49.8251 ns/op
WorkloadActual   2: 16777216 op, 836667600.00 ns, 49.8693 ns/op
WorkloadActual   3: 16777216 op, 834691600.00 ns, 49.7515 ns/op
WorkloadActual   4: 16777216 op, 833936200.00 ns, 49.7065 ns/op
WorkloadActual   5: 16777216 op, 832172300.00 ns, 49.6013 ns/op
WorkloadActual   6: 16777216 op, 839359400.00 ns, 50.0297 ns/op
WorkloadActual   7: 16777216 op, 835004500.00 ns, 49.7701 ns/op
WorkloadActual   8: 16777216 op, 842131800.00 ns, 50.1950 ns/op
WorkloadActual   9: 16777216 op, 835765000.00 ns, 49.8155 ns/op
WorkloadActual  10: 16777216 op, 837265200.00 ns, 49.9049 ns/op
WorkloadActual  11: 16777216 op, 841081800.00 ns, 50.1324 ns/op
WorkloadActual  12: 16777216 op, 840761200.00 ns, 50.1133 ns/op
WorkloadActual  13: 16777216 op, 837486000.00 ns, 49.9181 ns/op
WorkloadActual  14: 16777216 op, 835989500.00 ns, 49.8289 ns/op
WorkloadActual  15: 16777216 op, 838056500.00 ns, 49.9521 ns/op
WorkloadActual  16: 16777216 op, 832457100.00 ns, 49.6183 ns/op
WorkloadActual  17: 16777216 op, 834706300.00 ns, 49.7524 ns/op
WorkloadActual  18: 16777216 op, 833894800.00 ns, 49.7040 ns/op
WorkloadActual  19: 16777216 op, 832777400.00 ns, 49.6374 ns/op
WorkloadActual  20: 16777216 op, 833452700.00 ns, 49.6777 ns/op

// AfterActualRun
WorkloadResult   1: 16777216 op, 835925800.00 ns, 49.8251 ns/op
WorkloadResult   2: 16777216 op, 836667600.00 ns, 49.8693 ns/op
WorkloadResult   3: 16777216 op, 834691600.00 ns, 49.7515 ns/op
WorkloadResult   4: 16777216 op, 833936200.00 ns, 49.7065 ns/op
WorkloadResult   5: 16777216 op, 832172300.00 ns, 49.6013 ns/op
WorkloadResult   6: 16777216 op, 839359400.00 ns, 50.0297 ns/op
WorkloadResult   7: 16777216 op, 835004500.00 ns, 49.7701 ns/op
WorkloadResult   8: 16777216 op, 842131800.00 ns, 50.1950 ns/op
WorkloadResult   9: 16777216 op, 835765000.00 ns, 49.8155 ns/op
WorkloadResult  10: 16777216 op, 837265200.00 ns, 49.9049 ns/op
WorkloadResult  11: 16777216 op, 841081800.00 ns, 50.1324 ns/op
WorkloadResult  12: 16777216 op, 840761200.00 ns, 50.1133 ns/op
WorkloadResult  13: 16777216 op, 837486000.00 ns, 49.9181 ns/op
WorkloadResult  14: 16777216 op, 835989500.00 ns, 49.8289 ns/op
WorkloadResult  15: 16777216 op, 838056500.00 ns, 49.9521 ns/op
WorkloadResult  16: 16777216 op, 832457100.00 ns, 49.6183 ns/op
WorkloadResult  17: 16777216 op, 834706300.00 ns, 49.7524 ns/op
WorkloadResult  18: 16777216 op, 833894800.00 ns, 49.7040 ns/op
WorkloadResult  19: 16777216 op, 832777400.00 ns, 49.6374 ns/op
WorkloadResult  20: 16777216 op, 833452700.00 ns, 49.6777 ns/op

// AfterAll
// Benchmark Process 11988 has exited with code 0.

Mean = 49.800 ns, StdErr = 0.019 ns (0.04%), N = 59, StdDev = 0.145 ns
Min = 49.487 ns, Q1 = 49.707 ns, Median = 49.775 ns, Q3 = 49.871 ns, Max = 50.195 ns
IQR = 0.164 ns, LowerFence = 49.460 ns, UpperFence = 50.118 ns
ConfidenceInterval = [49.735 ns; 49.866 ns] (CI 99.9%), Margin = 0.065 ns (0.13% of Mean)
Skewness = 0.68, Kurtosis = 3.11, MValue = 2

// ** Remained 21 (46.7%) benchmark(s) to run. Estimated finish 2026-08-31 20:16 (0h 25m from now) **
Setup power plan (GUID: 8c5e7fda-e8bf-4a96-9a85-a6e23a8c635c FriendlyName: High performance)
// **************************
// Benchmark: SideMetadataBenchmarks.Reset64KiB: Job-TZWPHG(IterationCount=20, LaunchCount=3, WarmupCount=8) [LogReferenceCountBits=2]
// *** Execute ***
// Launch: 1 / 3
// Execute: dotnet side-metadata-benchmark-Job-TZWPHG-1.dll --ipcPort 65495 --benchmarkName "P21.SideMetadataBenchmarks.Reset64KiB(LogReferenceCountBits: 2)" --job "IterationCount=20, LaunchCount=3, WarmupCount=8" --diagnoserRunMode 0 --benchmarkId 24 in R:\artifacts\bin\side-metadata-benchmark\Release\net11.0\side-metadata-benchmark-Job-TZWPHG-1\bin\Release\net11.0
// BeforeAnythingElse

// Benchmark Process Environment Information:
// BenchmarkDotNet v0.16.0-preview.1
// Runtime=.NET 11.0.0 (11.0.0-preview.6.26359.118, 11.0.26.36018), X64 RyuJIT x86-64-v4
// GC=Concurrent Workstation
// HardwareIntrinsics=AVX512 BITALG+VBMI2+VNNI+VPOPCNTDQ,AVX512 IFMA+VBMI,AVX512 F+BW+CD+DQ+VL,AVX2+BMI1+BMI2+F16C+FMA+LZCNT+MOVBE,AVX,SSE3+SSSE3+SSE4.1+SSE4.2+POPCNT,X86Base+SSE+SSE2,AES+PCLMUL VectorSize=256
// Job: Job-TZWPHG(IterationCount=20, LaunchCount=3, WarmupCount=8)

WorkloadJitting  1: 32 op, 100200.00 ns, 3.1313 us/op
WorkloadJitting  2: 960 op, 167900.00 ns, 174.8958 ns/op
WorkloadJitting  3: 960 op, 188600.00 ns, 196.4583 ns/op
WorkloadJitting  4: 960 op, 160000.00 ns, 166.6667 ns/op
WorkloadJitting  5: 32 op, 8300.00 ns, 259.3750 ns/op

WorkloadPilot    1: 32 op, 7000.00 ns, 218.7500 ns/op

WorkloadPilot    1: 512 op, 85700.00 ns, 167.3828 ns/op
WorkloadPilot    2: 1024 op, 174300.00 ns, 170.2148 ns/op
WorkloadPilot    3: 2048 op, 344000.00 ns, 167.9688 ns/op
WorkloadPilot    4: 4096 op, 679900.00 ns, 165.9912 ns/op
WorkloadPilot    5: 8192 op, 1352500.00 ns, 165.1001 ns/op
WorkloadPilot    6: 16384 op, 2783300.00 ns, 169.8792 ns/op
WorkloadPilot    7: 32768 op, 5496700.00 ns, 167.7460 ns/op
WorkloadPilot    8: 65536 op, 10953400.00 ns, 167.1356 ns/op
WorkloadPilot    9: 131072 op, 22041000.00 ns, 168.1595 ns/op
WorkloadPilot   10: 262144 op, 43704300.00 ns, 166.7187 ns/op
WorkloadPilot   11: 524288 op, 87289500.00 ns, 166.4915 ns/op
WorkloadPilot   12: 1048576 op, 174582800.00 ns, 166.4951 ns/op
WorkloadPilot   13: 2097152 op, 352297900.00 ns, 167.9887 ns/op
WorkloadPilot   14: 4194304 op, 701065000.00 ns, 167.1469 ns/op

WorkloadWarmup   1: 4194304 op, 700013400.00 ns, 166.8962 ns/op
WorkloadWarmup   2: 4194304 op, 700607400.00 ns, 167.0378 ns/op
WorkloadWarmup   3: 4194304 op, 701610500.00 ns, 167.2770 ns/op
WorkloadWarmup   4: 4194304 op, 701253100.00 ns, 167.1918 ns/op
WorkloadWarmup   5: 4194304 op, 701616500.00 ns, 167.2784 ns/op
WorkloadWarmup   6: 4194304 op, 700762000.00 ns, 167.0747 ns/op
WorkloadWarmup   7: 4194304 op, 702371300.00 ns, 167.4584 ns/op
WorkloadWarmup   8: 4194304 op, 699811600.00 ns, 166.8481 ns/op

// BeforeActualRun
WorkloadActual   1: 4194304 op, 702035100.00 ns, 167.3782 ns/op
WorkloadActual   2: 4194304 op, 700784500.00 ns, 167.0800 ns/op
WorkloadActual   3: 4194304 op, 702801300.00 ns, 167.5609 ns/op
WorkloadActual   4: 4194304 op, 701909700.00 ns, 167.3483 ns/op
WorkloadActual   5: 4194304 op, 701686500.00 ns, 167.2951 ns/op
WorkloadActual   6: 4194304 op, 703071600.00 ns, 167.6253 ns/op
WorkloadActual   7: 4194304 op, 709783900.00 ns, 169.2257 ns/op
WorkloadActual   8: 4194304 op, 704712900.00 ns, 168.0166 ns/op
WorkloadActual   9: 4194304 op, 698357500.00 ns, 166.5014 ns/op
WorkloadActual  10: 4194304 op, 702166800.00 ns, 167.4096 ns/op
WorkloadActual  11: 4194304 op, 703205900.00 ns, 167.6574 ns/op
WorkloadActual  12: 4194304 op, 700309000.00 ns, 166.9667 ns/op
WorkloadActual  13: 4194304 op, 700452600.00 ns, 167.0009 ns/op
WorkloadActual  14: 4194304 op, 699939700.00 ns, 166.8786 ns/op
WorkloadActual  15: 4194304 op, 700721600.00 ns, 167.0650 ns/op
WorkloadActual  16: 4194304 op, 702825200.00 ns, 167.5666 ns/op
WorkloadActual  17: 4194304 op, 702883100.00 ns, 167.5804 ns/op
WorkloadActual  18: 4194304 op, 701626200.00 ns, 167.2807 ns/op
WorkloadActual  19: 4194304 op, 702139100.00 ns, 167.4030 ns/op
WorkloadActual  20: 4194304 op, 705683600.00 ns, 168.2481 ns/op

// AfterActualRun
WorkloadResult   1: 4194304 op, 702035100.00 ns, 167.3782 ns/op
WorkloadResult   2: 4194304 op, 700784500.00 ns, 167.0800 ns/op
WorkloadResult   3: 4194304 op, 702801300.00 ns, 167.5609 ns/op
WorkloadResult   4: 4194304 op, 701909700.00 ns, 167.3483 ns/op
WorkloadResult   5: 4194304 op, 701686500.00 ns, 167.2951 ns/op
WorkloadResult   6: 4194304 op, 703071600.00 ns, 167.6253 ns/op
WorkloadResult   7: 4194304 op, 704712900.00 ns, 168.0166 ns/op
WorkloadResult   8: 4194304 op, 698357500.00 ns, 166.5014 ns/op
WorkloadResult   9: 4194304 op, 702166800.00 ns, 167.4096 ns/op
WorkloadResult  10: 4194304 op, 703205900.00 ns, 167.6574 ns/op
WorkloadResult  11: 4194304 op, 700309000.00 ns, 166.9667 ns/op
WorkloadResult  12: 4194304 op, 700452600.00 ns, 167.0009 ns/op
WorkloadResult  13: 4194304 op, 699939700.00 ns, 166.8786 ns/op
WorkloadResult  14: 4194304 op, 700721600.00 ns, 167.0650 ns/op
WorkloadResult  15: 4194304 op, 702825200.00 ns, 167.5666 ns/op
WorkloadResult  16: 4194304 op, 702883100.00 ns, 167.5804 ns/op
WorkloadResult  17: 4194304 op, 701626200.00 ns, 167.2807 ns/op
WorkloadResult  18: 4194304 op, 702139100.00 ns, 167.4030 ns/op
WorkloadResult  19: 4194304 op, 705683600.00 ns, 168.2481 ns/op

// AfterAll
// Benchmark Process 21696 has exited with code 0.
// Launch: 2 / 3
// Execute: dotnet side-metadata-benchmark-Job-TZWPHG-1.dll --ipcPort 65527 --benchmarkName "P21.SideMetadataBenchmarks.Reset64KiB(LogReferenceCountBits: 2)" --job "IterationCount=20, LaunchCount=3, WarmupCount=8" --diagnoserRunMode 0 --benchmarkId 24 in R:\artifacts\bin\side-metadata-benchmark\Release\net11.0\side-metadata-benchmark-Job-TZWPHG-1\bin\Release\net11.0
// BeforeAnythingElse

// Benchmark Process Environment Information:
// BenchmarkDotNet v0.16.0-preview.1
// Runtime=.NET 11.0.0 (11.0.0-preview.6.26359.118, 11.0.26.36018), X64 RyuJIT x86-64-v4
// GC=Concurrent Workstation
// HardwareIntrinsics=AVX512 BITALG+VBMI2+VNNI+VPOPCNTDQ,AVX512 IFMA+VBMI,AVX512 F+BW+CD+DQ+VL,AVX2+BMI1+BMI2+F16C+FMA+LZCNT+MOVBE,AVX,SSE3+SSSE3+SSE4.1+SSE4.2+POPCNT,X86Base+SSE+SSE2,AES+PCLMUL VectorSize=256
// Job: Job-TZWPHG(IterationCount=20, LaunchCount=3, WarmupCount=8)

WorkloadJitting  1: 32 op, 63100.00 ns, 1.9719 us/op
WorkloadJitting  2: 960 op, 166600.00 ns, 173.5417 ns/op
WorkloadJitting  3: 960 op, 173400.00 ns, 180.6250 ns/op
WorkloadJitting  4: 960 op, 193600.00 ns, 201.6667 ns/op
WorkloadJitting  5: 32 op, 8900.00 ns, 278.1250 ns/op

WorkloadPilot    1: 32 op, 6800.00 ns, 212.5000 ns/op

WorkloadPilot    1: 512 op, 86200.00 ns, 168.3594 ns/op
WorkloadPilot    2: 1024 op, 306000.00 ns, 298.8281 ns/op
WorkloadPilot    3: 2048 op, 348900.00 ns, 170.3613 ns/op
WorkloadPilot    4: 4096 op, 754500.00 ns, 184.2041 ns/op
WorkloadPilot    5: 8192 op, 1397500.00 ns, 170.5933 ns/op
WorkloadPilot    6: 16384 op, 2773100.00 ns, 169.2566 ns/op
WorkloadPilot    7: 32768 op, 5479300.00 ns, 167.2150 ns/op
WorkloadPilot    8: 65536 op, 10902000.00 ns, 166.3513 ns/op
WorkloadPilot    9: 131072 op, 21933100.00 ns, 167.3363 ns/op
WorkloadPilot   10: 262144 op, 44171300.00 ns, 168.5001 ns/op
WorkloadPilot   11: 524288 op, 87881600.00 ns, 167.6208 ns/op
WorkloadPilot   12: 1048576 op, 175552900.00 ns, 167.4203 ns/op
WorkloadPilot   13: 2097152 op, 350498900.00 ns, 167.1309 ns/op
WorkloadPilot   14: 4194304 op, 699151800.00 ns, 166.6908 ns/op

WorkloadWarmup   1: 4194304 op, 700880200.00 ns, 167.1029 ns/op
WorkloadWarmup   2: 4194304 op, 701491500.00 ns, 167.2486 ns/op
WorkloadWarmup   3: 4194304 op, 701169300.00 ns, 167.1718 ns/op
WorkloadWarmup   4: 4194304 op, 706904600.00 ns, 168.5392 ns/op
WorkloadWarmup   5: 4194304 op, 707826300.00 ns, 168.7589 ns/op
WorkloadWarmup   6: 4194304 op, 701462800.00 ns, 167.2418 ns/op
WorkloadWarmup   7: 4194304 op, 703142200.00 ns, 167.6422 ns/op
WorkloadWarmup   8: 4194304 op, 699867000.00 ns, 166.8613 ns/op

// BeforeActualRun
WorkloadActual   1: 4194304 op, 702623400.00 ns, 167.5185 ns/op
WorkloadActual   2: 4194304 op, 702023500.00 ns, 167.3754 ns/op
WorkloadActual   3: 4194304 op, 703626400.00 ns, 167.7576 ns/op
WorkloadActual   4: 4194304 op, 700694400.00 ns, 167.0586 ns/op
WorkloadActual   5: 4194304 op, 704834300.00 ns, 168.0456 ns/op
WorkloadActual   6: 4194304 op, 700461700.00 ns, 167.0031 ns/op
WorkloadActual   7: 4194304 op, 703306800.00 ns, 167.6814 ns/op
WorkloadActual   8: 4194304 op, 702285300.00 ns, 167.4379 ns/op
WorkloadActual   9: 4194304 op, 700509400.00 ns, 167.0145 ns/op
WorkloadActual  10: 4194304 op, 698974600.00 ns, 166.6485 ns/op
WorkloadActual  11: 4194304 op, 701172600.00 ns, 167.1726 ns/op
WorkloadActual  12: 4194304 op, 701045100.00 ns, 167.1422 ns/op
WorkloadActual  13: 4194304 op, 702666700.00 ns, 167.5288 ns/op
WorkloadActual  14: 4194304 op, 700809500.00 ns, 167.0860 ns/op
WorkloadActual  15: 4194304 op, 702976500.00 ns, 167.6027 ns/op
WorkloadActual  16: 4194304 op, 701655100.00 ns, 167.2876 ns/op
WorkloadActual  17: 4194304 op, 703068700.00 ns, 167.6246 ns/op
WorkloadActual  18: 4194304 op, 701187800.00 ns, 167.1762 ns/op
WorkloadActual  19: 4194304 op, 702155200.00 ns, 167.4068 ns/op
WorkloadActual  20: 4194304 op, 707818600.00 ns, 168.7571 ns/op

// AfterActualRun
WorkloadResult   1: 4194304 op, 702623400.00 ns, 167.5185 ns/op
WorkloadResult   2: 4194304 op, 702023500.00 ns, 167.3754 ns/op
WorkloadResult   3: 4194304 op, 703626400.00 ns, 167.7576 ns/op
WorkloadResult   4: 4194304 op, 700694400.00 ns, 167.0586 ns/op
WorkloadResult   5: 4194304 op, 704834300.00 ns, 168.0456 ns/op
WorkloadResult   6: 4194304 op, 700461700.00 ns, 167.0031 ns/op
WorkloadResult   7: 4194304 op, 703306800.00 ns, 167.6814 ns/op
WorkloadResult   8: 4194304 op, 702285300.00 ns, 167.4379 ns/op
WorkloadResult   9: 4194304 op, 700509400.00 ns, 167.0145 ns/op
WorkloadResult  10: 4194304 op, 698974600.00 ns, 166.6485 ns/op
WorkloadResult  11: 4194304 op, 701172600.00 ns, 167.1726 ns/op
WorkloadResult  12: 4194304 op, 701045100.00 ns, 167.1422 ns/op
WorkloadResult  13: 4194304 op, 702666700.00 ns, 167.5288 ns/op
WorkloadResult  14: 4194304 op, 700809500.00 ns, 167.0860 ns/op
WorkloadResult  15: 4194304 op, 702976500.00 ns, 167.6027 ns/op
WorkloadResult  16: 4194304 op, 701655100.00 ns, 167.2876 ns/op
WorkloadResult  17: 4194304 op, 703068700.00 ns, 167.6246 ns/op
WorkloadResult  18: 4194304 op, 701187800.00 ns, 167.1762 ns/op
WorkloadResult  19: 4194304 op, 702155200.00 ns, 167.4068 ns/op

// AfterAll
// Benchmark Process 13804 has exited with code 0.
// Launch: 3 / 3
// Execute: dotnet side-metadata-benchmark-Job-TZWPHG-1.dll --ipcPort 63848 --benchmarkName "P21.SideMetadataBenchmarks.Reset64KiB(LogReferenceCountBits: 2)" --job "IterationCount=20, LaunchCount=3, WarmupCount=8" --diagnoserRunMode 0 --benchmarkId 24 in R:\artifacts\bin\side-metadata-benchmark\Release\net11.0\side-metadata-benchmark-Job-TZWPHG-1\bin\Release\net11.0
// BeforeAnythingElse

// Benchmark Process Environment Information:
// BenchmarkDotNet v0.16.0-preview.1
// Runtime=.NET 11.0.0 (11.0.0-preview.6.26359.118, 11.0.26.36018), X64 RyuJIT x86-64-v4
// GC=Concurrent Workstation
// HardwareIntrinsics=AVX512 BITALG+VBMI2+VNNI+VPOPCNTDQ,AVX512 IFMA+VBMI,AVX512 F+BW+CD+DQ+VL,AVX2+BMI1+BMI2+F16C+FMA+LZCNT+MOVBE,AVX,SSE3+SSSE3+SSE4.1+SSE4.2+POPCNT,X86Base+SSE+SSE2,AES+PCLMUL VectorSize=256
// Job: Job-TZWPHG(IterationCount=20, LaunchCount=3, WarmupCount=8)

WorkloadJitting  1: 32 op, 101900.00 ns, 3.1844 us/op
WorkloadJitting  2: 960 op, 166900.00 ns, 173.8542 ns/op
WorkloadJitting  3: 960 op, 173600.00 ns, 180.8333 ns/op
WorkloadJitting  4: 960 op, 160900.00 ns, 167.6042 ns/op
WorkloadJitting  5: 32 op, 7700.00 ns, 240.6250 ns/op

WorkloadPilot    1: 32 op, 7300.00 ns, 228.1250 ns/op

WorkloadPilot    1: 512 op, 85500.00 ns, 166.9922 ns/op
WorkloadPilot    2: 1024 op, 174100.00 ns, 170.0195 ns/op
WorkloadPilot    3: 2048 op, 338000.00 ns, 165.0391 ns/op
WorkloadPilot    4: 4096 op, 689100.00 ns, 168.2373 ns/op
WorkloadPilot    5: 8192 op, 1356800.00 ns, 165.6250 ns/op
WorkloadPilot    6: 16384 op, 2777900.00 ns, 169.5496 ns/op
WorkloadPilot    7: 32768 op, 5486000.00 ns, 167.4194 ns/op
WorkloadPilot    8: 65536 op, 10897000.00 ns, 166.2750 ns/op
WorkloadPilot    9: 131072 op, 22855800.00 ns, 174.3759 ns/op
WorkloadPilot   10: 262144 op, 43789800.00 ns, 167.0448 ns/op
WorkloadPilot   11: 524288 op, 87340600.00 ns, 166.5890 ns/op
WorkloadPilot   12: 1048576 op, 174764200.00 ns, 166.6681 ns/op
WorkloadPilot   13: 2097152 op, 352287600.00 ns, 167.9838 ns/op
WorkloadPilot   14: 4194304 op, 703262100.00 ns, 167.6708 ns/op

WorkloadWarmup   1: 4194304 op, 699516100.00 ns, 166.7776 ns/op
WorkloadWarmup   2: 4194304 op, 703206000.00 ns, 167.6574 ns/op
WorkloadWarmup   3: 4194304 op, 700982500.00 ns, 167.1273 ns/op
WorkloadWarmup   4: 4194304 op, 700167700.00 ns, 166.9330 ns/op
WorkloadWarmup   5: 4194304 op, 701162400.00 ns, 167.1701 ns/op
WorkloadWarmup   6: 4194304 op, 702374300.00 ns, 167.4591 ns/op
WorkloadWarmup   7: 4194304 op, 703174200.00 ns, 167.6498 ns/op
WorkloadWarmup   8: 4194304 op, 701135300.00 ns, 167.1637 ns/op

// BeforeActualRun
WorkloadActual   1: 4194304 op, 701787900.00 ns, 167.3193 ns/op
WorkloadActual   2: 4194304 op, 701591800.00 ns, 167.2725 ns/op
WorkloadActual   3: 4194304 op, 700139200.00 ns, 166.9262 ns/op
WorkloadActual   4: 4194304 op, 698284000.00 ns, 166.4839 ns/op
WorkloadActual   5: 4194304 op, 701249900.00 ns, 167.1910 ns/op
WorkloadActual   6: 4194304 op, 701840900.00 ns, 167.3319 ns/op
WorkloadActual   7: 4194304 op, 702625100.00 ns, 167.5189 ns/op
WorkloadActual   8: 4194304 op, 701404600.00 ns, 167.2279 ns/op
WorkloadActual   9: 4194304 op, 702007600.00 ns, 167.3717 ns/op
WorkloadActual  10: 4194304 op, 704536300.00 ns, 167.9745 ns/op
WorkloadActual  11: 4194304 op, 701426600.00 ns, 167.2331 ns/op
WorkloadActual  12: 4194304 op, 705400300.00 ns, 168.1805 ns/op
WorkloadActual  13: 4194304 op, 704342200.00 ns, 167.9283 ns/op
WorkloadActual  14: 4194304 op, 702810200.00 ns, 167.5630 ns/op
WorkloadActual  15: 4194304 op, 703153700.00 ns, 167.6449 ns/op
WorkloadActual  16: 4194304 op, 719392700.00 ns, 171.5166 ns/op
WorkloadActual  17: 4194304 op, 702043000.00 ns, 167.3801 ns/op
WorkloadActual  18: 4194304 op, 707176100.00 ns, 168.6039 ns/op
WorkloadActual  19: 4194304 op, 702561600.00 ns, 167.5037 ns/op
WorkloadActual  20: 4194304 op, 701827700.00 ns, 167.3288 ns/op

// AfterActualRun
WorkloadResult   1: 4194304 op, 701787900.00 ns, 167.3193 ns/op
WorkloadResult   2: 4194304 op, 701591800.00 ns, 167.2725 ns/op
WorkloadResult   3: 4194304 op, 700139200.00 ns, 166.9262 ns/op
WorkloadResult   4: 4194304 op, 698284000.00 ns, 166.4839 ns/op
WorkloadResult   5: 4194304 op, 701249900.00 ns, 167.1910 ns/op
WorkloadResult   6: 4194304 op, 701840900.00 ns, 167.3319 ns/op
WorkloadResult   7: 4194304 op, 702625100.00 ns, 167.5189 ns/op
WorkloadResult   8: 4194304 op, 701404600.00 ns, 167.2279 ns/op
WorkloadResult   9: 4194304 op, 702007600.00 ns, 167.3717 ns/op
WorkloadResult  10: 4194304 op, 704536300.00 ns, 167.9745 ns/op
WorkloadResult  11: 4194304 op, 701426600.00 ns, 167.2331 ns/op
WorkloadResult  12: 4194304 op, 705400300.00 ns, 168.1805 ns/op
WorkloadResult  13: 4194304 op, 704342200.00 ns, 167.9283 ns/op
WorkloadResult  14: 4194304 op, 702810200.00 ns, 167.5630 ns/op
WorkloadResult  15: 4194304 op, 703153700.00 ns, 167.6449 ns/op
WorkloadResult  16: 4194304 op, 702043000.00 ns, 167.3801 ns/op
WorkloadResult  17: 4194304 op, 702561600.00 ns, 167.5037 ns/op
WorkloadResult  18: 4194304 op, 701827700.00 ns, 167.3288 ns/op

// AfterAll
// Benchmark Process 26052 has exited with code 0.

Mean = 167.372 ns, StdErr = 0.049 ns (0.03%), N = 56, StdDev = 0.369 ns
Min = 166.484 ns, Q1 = 167.165 ns, Median = 167.374 ns, Q3 = 167.570 ns, Max = 168.248 ns
IQR = 0.405 ns, LowerFence = 166.557 ns, UpperFence = 168.178 ns
ConfidenceInterval = [167.200 ns; 167.543 ns] (CI 99.9%), Margin = 0.171 ns (0.10% of Mean)
Skewness = 0.03, Kurtosis = 3.27, MValue = 2

// ** Remained 20 (44.4%) benchmark(s) to run. Estimated finish 2026-08-31 20:15 (0h 23m from now) **
Setup power plan (GUID: 8c5e7fda-e8bf-4a96-9a85-a6e23a8c635c FriendlyName: High performance)
// **************************
// Benchmark: SideMetadataBenchmarks.Reset1MiB: Job-TZWPHG(IterationCount=20, LaunchCount=3, WarmupCount=8) [LogReferenceCountBits=2]
// *** Execute ***
// Launch: 1 / 3
// Execute: dotnet side-metadata-benchmark-Job-TZWPHG-1.dll --ipcPort 63884 --benchmarkName "P21.SideMetadataBenchmarks.Reset1MiB(LogReferenceCountBits: 2)" --job "IterationCount=20, LaunchCount=3, WarmupCount=8" --diagnoserRunMode 0 --benchmarkId 25 in R:\artifacts\bin\side-metadata-benchmark\Release\net11.0\side-metadata-benchmark-Job-TZWPHG-1\bin\Release\net11.0
// BeforeAnythingElse

// Benchmark Process Environment Information:
// BenchmarkDotNet v0.16.0-preview.1
// Runtime=.NET 11.0.0 (11.0.0-preview.6.26359.118, 11.0.26.36018), X64 RyuJIT x86-64-v4
// GC=Concurrent Workstation
// HardwareIntrinsics=AVX512 BITALG+VBMI2+VNNI+VPOPCNTDQ,AVX512 IFMA+VBMI,AVX512 F+BW+CD+DQ+VL,AVX2+BMI1+BMI2+F16C+FMA+LZCNT+MOVBE,AVX,SSE3+SSSE3+SSE4.1+SSE4.2+POPCNT,X86Base+SSE+SSE2,AES+PCLMUL VectorSize=256
// Job: Job-TZWPHG(IterationCount=20, LaunchCount=3, WarmupCount=8)

WorkloadJitting  1: 8 op, 75600.00 ns, 9.4500 us/op
WorkloadJitting  2: 240 op, 449600.00 ns, 1.8733 us/op
WorkloadJitting  3: 240 op, 452100.00 ns, 1.8838 us/op
WorkloadJitting  4: 240 op, 550800.00 ns, 2.2950 us/op
WorkloadJitting  5: 8 op, 22400.00 ns, 2.8000 us/op

WorkloadPilot    1: 8 op, 41100.00 ns, 5.1375 us/op

WorkloadPilot    1: 128 op, 234800.00 ns, 1.8344 us/op
WorkloadPilot    2: 256 op, 476200.00 ns, 1.8602 us/op
WorkloadPilot    3: 512 op, 940800.00 ns, 1.8375 us/op
WorkloadPilot    4: 1024 op, 1927500.00 ns, 1.8823 us/op
WorkloadPilot    5: 2048 op, 3807100.00 ns, 1.8589 us/op
WorkloadPilot    6: 4096 op, 7606200.00 ns, 1.8570 us/op
WorkloadPilot    7: 8192 op, 15190200.00 ns, 1.8543 us/op
WorkloadPilot    8: 16384 op, 31568900.00 ns, 1.9268 us/op
WorkloadPilot    9: 32768 op, 60719300.00 ns, 1.8530 us/op
WorkloadPilot   10: 65536 op, 121238300.00 ns, 1.8499 us/op
WorkloadPilot   11: 131072 op, 243269400.00 ns, 1.8560 us/op
WorkloadPilot   12: 262144 op, 486858700.00 ns, 1.8572 us/op
WorkloadPilot   13: 524288 op, 973409200.00 ns, 1.8566 us/op

WorkloadWarmup   1: 524288 op, 981979100.00 ns, 1.8730 us/op
WorkloadWarmup   2: 524288 op, 973928000.00 ns, 1.8576 us/op
WorkloadWarmup   3: 524288 op, 980810200.00 ns, 1.8707 us/op
WorkloadWarmup   4: 524288 op, 976218300.00 ns, 1.8620 us/op
WorkloadWarmup   5: 524288 op, 974910400.00 ns, 1.8595 us/op
WorkloadWarmup   6: 524288 op, 974137500.00 ns, 1.8580 us/op
WorkloadWarmup   7: 524288 op, 973306300.00 ns, 1.8564 us/op
WorkloadWarmup   8: 524288 op, 974869300.00 ns, 1.8594 us/op

// BeforeActualRun
WorkloadActual   1: 524288 op, 973718900.00 ns, 1.8572 us/op
WorkloadActual   2: 524288 op, 974055600.00 ns, 1.8579 us/op
WorkloadActual   3: 524288 op, 972442200.00 ns, 1.8548 us/op
WorkloadActual   4: 524288 op, 990949700.00 ns, 1.8901 us/op
WorkloadActual   5: 524288 op, 973387700.00 ns, 1.8566 us/op
WorkloadActual   6: 524288 op, 973574300.00 ns, 1.8569 us/op
WorkloadActual   7: 524288 op, 973798000.00 ns, 1.8574 us/op
WorkloadActual   8: 524288 op, 975815900.00 ns, 1.8612 us/op
WorkloadActual   9: 524288 op, 972145200.00 ns, 1.8542 us/op
WorkloadActual  10: 524288 op, 976916700.00 ns, 1.8633 us/op
WorkloadActual  11: 524288 op, 977597400.00 ns, 1.8646 us/op
WorkloadActual  12: 524288 op, 981238500.00 ns, 1.8716 us/op
WorkloadActual  13: 524288 op, 973636600.00 ns, 1.8571 us/op
WorkloadActual  14: 524288 op, 973666600.00 ns, 1.8571 us/op
WorkloadActual  15: 524288 op, 974966200.00 ns, 1.8596 us/op
WorkloadActual  16: 524288 op, 973654200.00 ns, 1.8571 us/op
WorkloadActual  17: 524288 op, 978247500.00 ns, 1.8659 us/op
WorkloadActual  18: 524288 op, 974017900.00 ns, 1.8578 us/op
WorkloadActual  19: 524288 op, 972386100.00 ns, 1.8547 us/op
WorkloadActual  20: 524288 op, 978113400.00 ns, 1.8656 us/op

// AfterActualRun
WorkloadResult   1: 524288 op, 973718900.00 ns, 1.8572 us/op
WorkloadResult   2: 524288 op, 974055600.00 ns, 1.8579 us/op
WorkloadResult   3: 524288 op, 972442200.00 ns, 1.8548 us/op
WorkloadResult   4: 524288 op, 973387700.00 ns, 1.8566 us/op
WorkloadResult   5: 524288 op, 973574300.00 ns, 1.8569 us/op
WorkloadResult   6: 524288 op, 973798000.00 ns, 1.8574 us/op
WorkloadResult   7: 524288 op, 975815900.00 ns, 1.8612 us/op
WorkloadResult   8: 524288 op, 972145200.00 ns, 1.8542 us/op
WorkloadResult   9: 524288 op, 976916700.00 ns, 1.8633 us/op
WorkloadResult  10: 524288 op, 977597400.00 ns, 1.8646 us/op
WorkloadResult  11: 524288 op, 981238500.00 ns, 1.8716 us/op
WorkloadResult  12: 524288 op, 973636600.00 ns, 1.8571 us/op
WorkloadResult  13: 524288 op, 973666600.00 ns, 1.8571 us/op
WorkloadResult  14: 524288 op, 974966200.00 ns, 1.8596 us/op
WorkloadResult  15: 524288 op, 973654200.00 ns, 1.8571 us/op
WorkloadResult  16: 524288 op, 978247500.00 ns, 1.8659 us/op
WorkloadResult  17: 524288 op, 974017900.00 ns, 1.8578 us/op
WorkloadResult  18: 524288 op, 972386100.00 ns, 1.8547 us/op
WorkloadResult  19: 524288 op, 978113400.00 ns, 1.8656 us/op

// AfterAll
// Benchmark Process 4048 has exited with code 0.
// Launch: 2 / 3
// Execute: dotnet side-metadata-benchmark-Job-TZWPHG-1.dll --ipcPort 63921 --benchmarkName "P21.SideMetadataBenchmarks.Reset1MiB(LogReferenceCountBits: 2)" --job "IterationCount=20, LaunchCount=3, WarmupCount=8" --diagnoserRunMode 0 --benchmarkId 25 in R:\artifacts\bin\side-metadata-benchmark\Release\net11.0\side-metadata-benchmark-Job-TZWPHG-1\bin\Release\net11.0
// BeforeAnythingElse

// Benchmark Process Environment Information:
// BenchmarkDotNet v0.16.0-preview.1
// Runtime=.NET 11.0.0 (11.0.0-preview.6.26359.118, 11.0.26.36018), X64 RyuJIT x86-64-v4
// GC=Concurrent Workstation
// HardwareIntrinsics=AVX512 BITALG+VBMI2+VNNI+VPOPCNTDQ,AVX512 IFMA+VBMI,AVX512 F+BW+CD+DQ+VL,AVX2+BMI1+BMI2+F16C+FMA+LZCNT+MOVBE,AVX,SSE3+SSSE3+SSE4.1+SSE4.2+POPCNT,X86Base+SSE+SSE2,AES+PCLMUL VectorSize=256
// Job: Job-TZWPHG(IterationCount=20, LaunchCount=3, WarmupCount=8)

WorkloadJitting  1: 8 op, 78800.00 ns, 9.8500 us/op
WorkloadJitting  2: 240 op, 495100.00 ns, 2.0629 us/op
WorkloadJitting  3: 240 op, 481500.00 ns, 2.0063 us/op
WorkloadJitting  4: 240 op, 581900.00 ns, 2.4246 us/op
WorkloadJitting  5: 8 op, 17700.00 ns, 2.2125 us/op

WorkloadPilot    1: 8 op, 17400.00 ns, 2.1750 us/op

WorkloadPilot    1: 128 op, 234200.00 ns, 1.8297 us/op
WorkloadPilot    2: 256 op, 476600.00 ns, 1.8617 us/op
WorkloadPilot    3: 512 op, 988000.00 ns, 1.9297 us/op
WorkloadPilot    4: 1024 op, 1925000.00 ns, 1.8799 us/op
WorkloadPilot    5: 2048 op, 3834400.00 ns, 1.8723 us/op
WorkloadPilot    6: 4096 op, 7567700.00 ns, 1.8476 us/op
WorkloadPilot    7: 8192 op, 15164300.00 ns, 1.8511 us/op
WorkloadPilot    8: 16384 op, 30443100.00 ns, 1.8581 us/op
WorkloadPilot    9: 32768 op, 60550700.00 ns, 1.8479 us/op
WorkloadPilot   10: 65536 op, 130342300.00 ns, 1.9889 us/op
WorkloadPilot   11: 131072 op, 243667200.00 ns, 1.8590 us/op
WorkloadPilot   12: 262144 op, 485775700.00 ns, 1.8531 us/op
WorkloadPilot   13: 524288 op, 977050500.00 ns, 1.8636 us/op

WorkloadWarmup   1: 524288 op, 973619500.00 ns, 1.8570 us/op
WorkloadWarmup   2: 524288 op, 974099100.00 ns, 1.8579 us/op
WorkloadWarmup   3: 524288 op, 972792800.00 ns, 1.8555 us/op
WorkloadWarmup   4: 524288 op, 972761600.00 ns, 1.8554 us/op
WorkloadWarmup   5: 524288 op, 973718800.00 ns, 1.8572 us/op
WorkloadWarmup   6: 524288 op, 972827800.00 ns, 1.8555 us/op
WorkloadWarmup   7: 524288 op, 977039700.00 ns, 1.8636 us/op
WorkloadWarmup   8: 524288 op, 973465100.00 ns, 1.8567 us/op

// BeforeActualRun
WorkloadActual   1: 524288 op, 975060900.00 ns, 1.8598 us/op
WorkloadActual   2: 524288 op, 974462100.00 ns, 1.8586 us/op
WorkloadActual   3: 524288 op, 976029400.00 ns, 1.8616 us/op
WorkloadActual   4: 524288 op, 978494500.00 ns, 1.8663 us/op
WorkloadActual   5: 524288 op, 976687300.00 ns, 1.8629 us/op
WorkloadActual   6: 524288 op, 976502800.00 ns, 1.8625 us/op
WorkloadActual   7: 524288 op, 976635500.00 ns, 1.8628 us/op
WorkloadActual   8: 524288 op, 977301300.00 ns, 1.8641 us/op
WorkloadActual   9: 524288 op, 995492600.00 ns, 1.8988 us/op
WorkloadActual  10: 524288 op, 975644900.00 ns, 1.8609 us/op
WorkloadActual  11: 524288 op, 979246600.00 ns, 1.8678 us/op
WorkloadActual  12: 524288 op, 977528600.00 ns, 1.8645 us/op
WorkloadActual  13: 524288 op, 977753900.00 ns, 1.8649 us/op
WorkloadActual  14: 524288 op, 974106100.00 ns, 1.8580 us/op
WorkloadActual  15: 524288 op, 974141700.00 ns, 1.8580 us/op
WorkloadActual  16: 524288 op, 973028900.00 ns, 1.8559 us/op
WorkloadActual  17: 524288 op, 978023800.00 ns, 1.8654 us/op
WorkloadActual  18: 524288 op, 972164100.00 ns, 1.8543 us/op
WorkloadActual  19: 524288 op, 973395500.00 ns, 1.8566 us/op
WorkloadActual  20: 524288 op, 974676700.00 ns, 1.8590 us/op

// AfterActualRun
WorkloadResult   1: 524288 op, 975060900.00 ns, 1.8598 us/op
WorkloadResult   2: 524288 op, 974462100.00 ns, 1.8586 us/op
WorkloadResult   3: 524288 op, 976029400.00 ns, 1.8616 us/op
WorkloadResult   4: 524288 op, 978494500.00 ns, 1.8663 us/op
WorkloadResult   5: 524288 op, 976687300.00 ns, 1.8629 us/op
WorkloadResult   6: 524288 op, 976502800.00 ns, 1.8625 us/op
WorkloadResult   7: 524288 op, 976635500.00 ns, 1.8628 us/op
WorkloadResult   8: 524288 op, 977301300.00 ns, 1.8641 us/op
WorkloadResult   9: 524288 op, 975644900.00 ns, 1.8609 us/op
WorkloadResult  10: 524288 op, 979246600.00 ns, 1.8678 us/op
WorkloadResult  11: 524288 op, 977528600.00 ns, 1.8645 us/op
WorkloadResult  12: 524288 op, 977753900.00 ns, 1.8649 us/op
WorkloadResult  13: 524288 op, 974106100.00 ns, 1.8580 us/op
WorkloadResult  14: 524288 op, 974141700.00 ns, 1.8580 us/op
WorkloadResult  15: 524288 op, 973028900.00 ns, 1.8559 us/op
WorkloadResult  16: 524288 op, 978023800.00 ns, 1.8654 us/op
WorkloadResult  17: 524288 op, 972164100.00 ns, 1.8543 us/op
WorkloadResult  18: 524288 op, 973395500.00 ns, 1.8566 us/op
WorkloadResult  19: 524288 op, 974676700.00 ns, 1.8590 us/op

// AfterAll
// Benchmark Process 34068 has exited with code 0.
// Launch: 3 / 3
// Execute: dotnet side-metadata-benchmark-Job-TZWPHG-1.dll --ipcPort 63955 --benchmarkName "P21.SideMetadataBenchmarks.Reset1MiB(LogReferenceCountBits: 2)" --job "IterationCount=20, LaunchCount=3, WarmupCount=8" --diagnoserRunMode 0 --benchmarkId 25 in R:\artifacts\bin\side-metadata-benchmark\Release\net11.0\side-metadata-benchmark-Job-TZWPHG-1\bin\Release\net11.0
// BeforeAnythingElse

// Benchmark Process Environment Information:
// BenchmarkDotNet v0.16.0-preview.1
// Runtime=.NET 11.0.0 (11.0.0-preview.6.26359.118, 11.0.26.36018), X64 RyuJIT x86-64-v4
// GC=Concurrent Workstation
// HardwareIntrinsics=AVX512 BITALG+VBMI2+VNNI+VPOPCNTDQ,AVX512 IFMA+VBMI,AVX512 F+BW+CD+DQ+VL,AVX2+BMI1+BMI2+F16C+FMA+LZCNT+MOVBE,AVX,SSE3+SSSE3+SSE4.1+SSE4.2+POPCNT,X86Base+SSE+SSE2,AES+PCLMUL VectorSize=256
// Job: Job-TZWPHG(IterationCount=20, LaunchCount=3, WarmupCount=8)

WorkloadJitting  1: 8 op, 76000.00 ns, 9.5000 us/op
WorkloadJitting  2: 240 op, 448100.00 ns, 1.8671 us/op
WorkloadJitting  3: 240 op, 466600.00 ns, 1.9442 us/op
WorkloadJitting  4: 240 op, 554900.00 ns, 2.3121 us/op
WorkloadJitting  5: 8 op, 17800.00 ns, 2.2250 us/op

WorkloadPilot    1: 8 op, 16800.00 ns, 2.1000 us/op

WorkloadPilot    1: 128 op, 234500.00 ns, 1.8320 us/op
WorkloadPilot    2: 256 op, 491800.00 ns, 1.9211 us/op
WorkloadPilot    3: 512 op, 977900.00 ns, 1.9100 us/op
WorkloadPilot    4: 1024 op, 2068300.00 ns, 2.0198 us/op
WorkloadPilot    5: 2048 op, 3839100.00 ns, 1.8746 us/op
WorkloadPilot    6: 4096 op, 7584700.00 ns, 1.8517 us/op
WorkloadPilot    7: 8192 op, 15246000.00 ns, 1.8611 us/op
WorkloadPilot    8: 16384 op, 30365100.00 ns, 1.8533 us/op
WorkloadPilot    9: 32768 op, 64551800.00 ns, 1.9700 us/op
WorkloadPilot   10: 65536 op, 123064200.00 ns, 1.8778 us/op
WorkloadPilot   11: 131072 op, 245623500.00 ns, 1.8740 us/op
WorkloadPilot   12: 262144 op, 488903500.00 ns, 1.8650 us/op
WorkloadPilot   13: 524288 op, 998642200.00 ns, 1.9048 us/op

WorkloadWarmup   1: 524288 op, 975782600.00 ns, 1.8612 us/op
WorkloadWarmup   2: 524288 op, 984745400.00 ns, 1.8783 us/op
WorkloadWarmup   3: 524288 op, 975402400.00 ns, 1.8604 us/op
WorkloadWarmup   4: 524288 op, 983990500.00 ns, 1.8768 us/op
WorkloadWarmup   5: 524288 op, 976318300.00 ns, 1.8622 us/op
WorkloadWarmup   6: 524288 op, 974358000.00 ns, 1.8584 us/op
WorkloadWarmup   7: 524288 op, 971687700.00 ns, 1.8533 us/op
WorkloadWarmup   8: 524288 op, 978063200.00 ns, 1.8655 us/op

// BeforeActualRun
WorkloadActual   1: 524288 op, 974172400.00 ns, 1.8581 us/op
WorkloadActual   2: 524288 op, 975068700.00 ns, 1.8598 us/op
WorkloadActual   3: 524288 op, 973164700.00 ns, 1.8562 us/op
WorkloadActual   4: 524288 op, 974040000.00 ns, 1.8578 us/op
WorkloadActual   5: 524288 op, 976798000.00 ns, 1.8631 us/op
WorkloadActual   6: 524288 op, 980174400.00 ns, 1.8695 us/op
WorkloadActual   7: 524288 op, 975628000.00 ns, 1.8609 us/op
WorkloadActual   8: 524288 op, 977122900.00 ns, 1.8637 us/op
WorkloadActual   9: 524288 op, 975142200.00 ns, 1.8599 us/op
WorkloadActual  10: 524288 op, 978071800.00 ns, 1.8655 us/op
WorkloadActual  11: 524288 op, 983736700.00 ns, 1.8763 us/op
WorkloadActual  12: 524288 op, 972990900.00 ns, 1.8558 us/op
WorkloadActual  13: 524288 op, 975766100.00 ns, 1.8611 us/op
WorkloadActual  14: 524288 op, 981836300.00 ns, 1.8727 us/op
WorkloadActual  15: 524288 op, 972145200.00 ns, 1.8542 us/op
WorkloadActual  16: 524288 op, 973332300.00 ns, 1.8565 us/op
WorkloadActual  17: 524288 op, 975810900.00 ns, 1.8612 us/op
WorkloadActual  18: 524288 op, 978814300.00 ns, 1.8669 us/op
WorkloadActual  19: 524288 op, 975999000.00 ns, 1.8616 us/op
WorkloadActual  20: 524288 op, 977915500.00 ns, 1.8652 us/op

// AfterActualRun
WorkloadResult   1: 524288 op, 974172400.00 ns, 1.8581 us/op
WorkloadResult   2: 524288 op, 975068700.00 ns, 1.8598 us/op
WorkloadResult   3: 524288 op, 973164700.00 ns, 1.8562 us/op
WorkloadResult   4: 524288 op, 974040000.00 ns, 1.8578 us/op
WorkloadResult   5: 524288 op, 976798000.00 ns, 1.8631 us/op
WorkloadResult   6: 524288 op, 980174400.00 ns, 1.8695 us/op
WorkloadResult   7: 524288 op, 975628000.00 ns, 1.8609 us/op
WorkloadResult   8: 524288 op, 977122900.00 ns, 1.8637 us/op
WorkloadResult   9: 524288 op, 975142200.00 ns, 1.8599 us/op
WorkloadResult  10: 524288 op, 978071800.00 ns, 1.8655 us/op
WorkloadResult  11: 524288 op, 972990900.00 ns, 1.8558 us/op
WorkloadResult  12: 524288 op, 975766100.00 ns, 1.8611 us/op
WorkloadResult  13: 524288 op, 981836300.00 ns, 1.8727 us/op
WorkloadResult  14: 524288 op, 972145200.00 ns, 1.8542 us/op
WorkloadResult  15: 524288 op, 973332300.00 ns, 1.8565 us/op
WorkloadResult  16: 524288 op, 975810900.00 ns, 1.8612 us/op
WorkloadResult  17: 524288 op, 978814300.00 ns, 1.8669 us/op
WorkloadResult  18: 524288 op, 975999000.00 ns, 1.8616 us/op
WorkloadResult  19: 524288 op, 977915500.00 ns, 1.8652 us/op

// AfterAll
// Benchmark Process 39260 has exited with code 0.

Mean = 1.861 us, StdErr = 0.001 us (0.03%), N = 57, StdDev = 0.004 us
Min = 1.854 us, Q1 = 1.857 us, Median = 1.860 us, Q3 = 1.864 us, Max = 1.873 us
IQR = 0.007 us, LowerFence = 1.847 us, UpperFence = 1.874 us
ConfidenceInterval = [1.859 us; 1.863 us] (CI 99.9%), Margin = 0.002 us (0.11% of Mean)
Skewness = 0.57, Kurtosis = 2.64, MValue = 2

// ** Remained 19 (42.2%) benchmark(s) to run. Estimated finish 2026-08-31 20:16 (0h 23m from now) **
Setup power plan (GUID: 8c5e7fda-e8bf-4a96-9a85-a6e23a8c635c FriendlyName: High performance)
// **************************
// Benchmark: SideMetadataBenchmarks.ExtraCasSensitivity: Job-TZWPHG(IterationCount=20, LaunchCount=3, WarmupCount=8) [LogReferenceCountBits=2]
// *** Execute ***
// Launch: 1 / 3
// Execute: dotnet side-metadata-benchmark-Job-TZWPHG-1.dll --ipcPort 63992 --benchmarkName "P21.SideMetadataBenchmarks.ExtraCasSensitivity(LogReferenceCountBits: 2)" --job "IterationCount=20, LaunchCount=3, WarmupCount=8" --diagnoserRunMode 0 --benchmarkId 26 in R:\artifacts\bin\side-metadata-benchmark\Release\net11.0\side-metadata-benchmark-Job-TZWPHG-1\bin\Release\net11.0
// BeforeAnythingElse

// Benchmark Process Environment Information:
// BenchmarkDotNet v0.16.0-preview.1
// Runtime=.NET 11.0.0 (11.0.0-preview.6.26359.118, 11.0.26.36018), X64 RyuJIT x86-64-v4
// GC=Concurrent Workstation
// HardwareIntrinsics=AVX512 BITALG+VBMI2+VNNI+VPOPCNTDQ,AVX512 IFMA+VBMI,AVX512 F+BW+CD+DQ+VL,AVX2+BMI1+BMI2+F16C+FMA+LZCNT+MOVBE,AVX,SSE3+SSSE3+SSE4.1+SSE4.2+POPCNT,X86Base+SSE+SSE2,AES+PCLMUL VectorSize=256
// Job: Job-TZWPHG(IterationCount=20, LaunchCount=3, WarmupCount=8)

WorkloadJitting  1: 4096 op, 930500.00 ns, 227.1729 ns/op
WorkloadJitting  2: 122880 op, 25813100.00 ns, 210.0675 ns/op
WorkloadJitting  3: 122880 op, 26297500.00 ns, 214.0096 ns/op
WorkloadJitting  4: 122880 op, 27195100.00 ns, 221.3143 ns/op
WorkloadJitting  5: 4096 op, 904400.00 ns, 220.8008 ns/op

WorkloadPilot    1: 4096 op, 905000.00 ns, 220.9473 ns/op

WorkloadPilot    1: 65536 op, 13998100.00 ns, 213.5941 ns/op
WorkloadPilot    2: 131072 op, 27982100.00 ns, 213.4865 ns/op
WorkloadPilot    3: 262144 op, 55850400.00 ns, 213.0524 ns/op
WorkloadPilot    4: 524288 op, 111707000.00 ns, 213.0642 ns/op
WorkloadPilot    5: 1048576 op, 225089800.00 ns, 214.6624 ns/op
WorkloadPilot    6: 2097152 op, 446922000.00 ns, 213.1090 ns/op
WorkloadPilot    7: 4194304 op, 896737300.00 ns, 213.7988 ns/op

WorkloadWarmup   1: 4194304 op, 893576000.00 ns, 213.0451 ns/op
WorkloadWarmup   2: 4194304 op, 898293700.00 ns, 214.1699 ns/op
WorkloadWarmup   3: 4194304 op, 899624600.00 ns, 214.4872 ns/op
WorkloadWarmup   4: 4194304 op, 894372400.00 ns, 213.2350 ns/op
WorkloadWarmup   5: 4194304 op, 892724800.00 ns, 212.8422 ns/op
WorkloadWarmup   6: 4194304 op, 896704300.00 ns, 213.7910 ns/op
WorkloadWarmup   7: 4194304 op, 897255600.00 ns, 213.9224 ns/op
WorkloadWarmup   8: 4194304 op, 895045200.00 ns, 213.3954 ns/op

// BeforeActualRun
WorkloadActual   1: 4194304 op, 895957900.00 ns, 213.6130 ns/op
WorkloadActual   2: 4194304 op, 904080500.00 ns, 215.5496 ns/op
WorkloadActual   3: 4194304 op, 894823400.00 ns, 213.3425 ns/op
WorkloadActual   4: 4194304 op, 897161100.00 ns, 213.8999 ns/op
WorkloadActual   5: 4194304 op, 898628600.00 ns, 214.2498 ns/op
WorkloadActual   6: 4194304 op, 893401800.00 ns, 213.0036 ns/op
WorkloadActual   7: 4194304 op, 892891600.00 ns, 212.8819 ns/op
WorkloadActual   8: 4194304 op, 897362600.00 ns, 213.9479 ns/op
WorkloadActual   9: 4194304 op, 895942400.00 ns, 213.6093 ns/op
WorkloadActual  10: 4194304 op, 894088900.00 ns, 213.1674 ns/op
WorkloadActual  11: 4194304 op, 897310000.00 ns, 213.9354 ns/op
WorkloadActual  12: 4194304 op, 895500200.00 ns, 213.5039 ns/op
WorkloadActual  13: 4194304 op, 898896800.00 ns, 214.3137 ns/op
WorkloadActual  14: 4194304 op, 895444600.00 ns, 213.4906 ns/op
WorkloadActual  15: 4194304 op, 894422500.00 ns, 213.2469 ns/op
WorkloadActual  16: 4194304 op, 894656800.00 ns, 213.3028 ns/op
WorkloadActual  17: 4194304 op, 897191500.00 ns, 213.9071 ns/op
WorkloadActual  18: 4194304 op, 898022200.00 ns, 214.1052 ns/op
WorkloadActual  19: 4194304 op, 897207500.00 ns, 213.9109 ns/op
WorkloadActual  20: 4194304 op, 896049300.00 ns, 213.6348 ns/op

// AfterActualRun
WorkloadResult   1: 4194304 op, 895957900.00 ns, 213.6130 ns/op
WorkloadResult   2: 4194304 op, 894823400.00 ns, 213.3425 ns/op
WorkloadResult   3: 4194304 op, 897161100.00 ns, 213.8999 ns/op
WorkloadResult   4: 4194304 op, 898628600.00 ns, 214.2498 ns/op
WorkloadResult   5: 4194304 op, 893401800.00 ns, 213.0036 ns/op
WorkloadResult   6: 4194304 op, 892891600.00 ns, 212.8819 ns/op
WorkloadResult   7: 4194304 op, 897362600.00 ns, 213.9479 ns/op
WorkloadResult   8: 4194304 op, 895942400.00 ns, 213.6093 ns/op
WorkloadResult   9: 4194304 op, 894088900.00 ns, 213.1674 ns/op
WorkloadResult  10: 4194304 op, 897310000.00 ns, 213.9354 ns/op
WorkloadResult  11: 4194304 op, 895500200.00 ns, 213.5039 ns/op
WorkloadResult  12: 4194304 op, 898896800.00 ns, 214.3137 ns/op
WorkloadResult  13: 4194304 op, 895444600.00 ns, 213.4906 ns/op
WorkloadResult  14: 4194304 op, 894422500.00 ns, 213.2469 ns/op
WorkloadResult  15: 4194304 op, 894656800.00 ns, 213.3028 ns/op
WorkloadResult  16: 4194304 op, 897191500.00 ns, 213.9071 ns/op
WorkloadResult  17: 4194304 op, 898022200.00 ns, 214.1052 ns/op
WorkloadResult  18: 4194304 op, 897207500.00 ns, 213.9109 ns/op
WorkloadResult  19: 4194304 op, 896049300.00 ns, 213.6348 ns/op

// AfterAll
// Benchmark Process 31772 has exited with code 0.
// Launch: 2 / 3
// Execute: dotnet side-metadata-benchmark-Job-TZWPHG-1.dll --ipcPort 64024 --benchmarkName "P21.SideMetadataBenchmarks.ExtraCasSensitivity(LogReferenceCountBits: 2)" --job "IterationCount=20, LaunchCount=3, WarmupCount=8" --diagnoserRunMode 0 --benchmarkId 26 in R:\artifacts\bin\side-metadata-benchmark\Release\net11.0\side-metadata-benchmark-Job-TZWPHG-1\bin\Release\net11.0
// BeforeAnythingElse

// Benchmark Process Environment Information:
// BenchmarkDotNet v0.16.0-preview.1
// Runtime=.NET 11.0.0 (11.0.0-preview.6.26359.118, 11.0.26.36018), X64 RyuJIT x86-64-v4
// GC=Concurrent Workstation
// HardwareIntrinsics=AVX512 BITALG+VBMI2+VNNI+VPOPCNTDQ,AVX512 IFMA+VBMI,AVX512 F+BW+CD+DQ+VL,AVX2+BMI1+BMI2+F16C+FMA+LZCNT+MOVBE,AVX,SSE3+SSSE3+SSE4.1+SSE4.2+POPCNT,X86Base+SSE+SSE2,AES+PCLMUL VectorSize=256
// Job: Job-TZWPHG(IterationCount=20, LaunchCount=3, WarmupCount=8)

WorkloadJitting  1: 4096 op, 976600.00 ns, 238.4277 ns/op
WorkloadJitting  2: 122880 op, 27707000.00 ns, 225.4801 ns/op
WorkloadJitting  3: 122880 op, 28908800.00 ns, 235.2604 ns/op
WorkloadJitting  4: 122880 op, 25626600.00 ns, 208.5498 ns/op
WorkloadJitting  5: 4096 op, 866900.00 ns, 211.6455 ns/op

WorkloadPilot    1: 4096 op, 842300.00 ns, 205.6396 ns/op

WorkloadPilot    1: 65536 op, 13650400.00 ns, 208.2886 ns/op
WorkloadPilot    2: 131072 op, 27380100.00 ns, 208.8936 ns/op
WorkloadPilot    3: 262144 op, 54597000.00 ns, 208.2710 ns/op
WorkloadPilot    4: 524288 op, 110235400.00 ns, 210.2573 ns/op
WorkloadPilot    5: 1048576 op, 217895900.00 ns, 207.8017 ns/op
WorkloadPilot    6: 2097152 op, 436514500.00 ns, 208.1463 ns/op
WorkloadPilot    7: 4194304 op, 881941000.00 ns, 210.2711 ns/op

WorkloadWarmup   1: 4194304 op, 882201200.00 ns, 210.3332 ns/op
WorkloadWarmup   2: 4194304 op, 878775000.00 ns, 209.5163 ns/op
WorkloadWarmup   3: 4194304 op, 889940100.00 ns, 212.1783 ns/op
WorkloadWarmup   4: 4194304 op, 880773800.00 ns, 209.9928 ns/op
WorkloadWarmup   5: 4194304 op, 879035300.00 ns, 209.5783 ns/op
WorkloadWarmup   6: 4194304 op, 876746600.00 ns, 209.0327 ns/op
WorkloadWarmup   7: 4194304 op, 876599600.00 ns, 208.9976 ns/op
WorkloadWarmup   8: 4194304 op, 876398400.00 ns, 208.9497 ns/op

// BeforeActualRun
WorkloadActual   1: 4194304 op, 879056900.00 ns, 209.5835 ns/op
WorkloadActual   2: 4194304 op, 880187300.00 ns, 209.8530 ns/op
WorkloadActual   3: 4194304 op, 878850000.00 ns, 209.5342 ns/op
WorkloadActual   4: 4194304 op, 883653900.00 ns, 210.6795 ns/op
WorkloadActual   5: 4194304 op, 876898600.00 ns, 209.0689 ns/op
WorkloadActual   6: 4194304 op, 877644700.00 ns, 209.2468 ns/op
WorkloadActual   7: 4194304 op, 876983800.00 ns, 209.0892 ns/op
WorkloadActual   8: 4194304 op, 878290900.00 ns, 209.4009 ns/op
WorkloadActual   9: 4194304 op, 880213200.00 ns, 209.8592 ns/op
WorkloadActual  10: 4194304 op, 883902900.00 ns, 210.7389 ns/op
WorkloadActual  11: 4194304 op, 883369900.00 ns, 210.6118 ns/op
WorkloadActual  12: 4194304 op, 879509600.00 ns, 209.6914 ns/op
WorkloadActual  13: 4194304 op, 882102400.00 ns, 210.3096 ns/op
WorkloadActual  14: 4194304 op, 878928300.00 ns, 209.5528 ns/op
WorkloadActual  15: 4194304 op, 878432700.00 ns, 209.4347 ns/op
WorkloadActual  16: 4194304 op, 876150100.00 ns, 208.8905 ns/op
WorkloadActual  17: 4194304 op, 878638600.00 ns, 209.4838 ns/op
WorkloadActual  18: 4194304 op, 878119000.00 ns, 209.3599 ns/op
WorkloadActual  19: 4194304 op, 878776200.00 ns, 209.5166 ns/op
WorkloadActual  20: 4194304 op, 876137900.00 ns, 208.8876 ns/op

// AfterActualRun
WorkloadResult   1: 4194304 op, 879056900.00 ns, 209.5835 ns/op
WorkloadResult   2: 4194304 op, 880187300.00 ns, 209.8530 ns/op
WorkloadResult   3: 4194304 op, 878850000.00 ns, 209.5342 ns/op
WorkloadResult   4: 4194304 op, 876898600.00 ns, 209.0689 ns/op
WorkloadResult   5: 4194304 op, 877644700.00 ns, 209.2468 ns/op
WorkloadResult   6: 4194304 op, 876983800.00 ns, 209.0892 ns/op
WorkloadResult   7: 4194304 op, 878290900.00 ns, 209.4009 ns/op
WorkloadResult   8: 4194304 op, 880213200.00 ns, 209.8592 ns/op
WorkloadResult   9: 4194304 op, 883369900.00 ns, 210.6118 ns/op
WorkloadResult  10: 4194304 op, 879509600.00 ns, 209.6914 ns/op
WorkloadResult  11: 4194304 op, 882102400.00 ns, 210.3096 ns/op
WorkloadResult  12: 4194304 op, 878928300.00 ns, 209.5528 ns/op
WorkloadResult  13: 4194304 op, 878432700.00 ns, 209.4347 ns/op
WorkloadResult  14: 4194304 op, 876150100.00 ns, 208.8905 ns/op
WorkloadResult  15: 4194304 op, 878638600.00 ns, 209.4838 ns/op
WorkloadResult  16: 4194304 op, 878119000.00 ns, 209.3599 ns/op
WorkloadResult  17: 4194304 op, 878776200.00 ns, 209.5166 ns/op
WorkloadResult  18: 4194304 op, 876137900.00 ns, 208.8876 ns/op

// AfterAll
// Benchmark Process 20668 has exited with code 0.
// Launch: 3 / 3
// Execute: dotnet side-metadata-benchmark-Job-TZWPHG-1.dll --ipcPort 64061 --benchmarkName "P21.SideMetadataBenchmarks.ExtraCasSensitivity(LogReferenceCountBits: 2)" --job "IterationCount=20, LaunchCount=3, WarmupCount=8" --diagnoserRunMode 0 --benchmarkId 26 in R:\artifacts\bin\side-metadata-benchmark\Release\net11.0\side-metadata-benchmark-Job-TZWPHG-1\bin\Release\net11.0
// BeforeAnythingElse

// Benchmark Process Environment Information:
// BenchmarkDotNet v0.16.0-preview.1
// Runtime=.NET 11.0.0 (11.0.0-preview.6.26359.118, 11.0.26.36018), X64 RyuJIT x86-64-v4
// GC=Concurrent Workstation
// HardwareIntrinsics=AVX512 BITALG+VBMI2+VNNI+VPOPCNTDQ,AVX512 IFMA+VBMI,AVX512 F+BW+CD+DQ+VL,AVX2+BMI1+BMI2+F16C+FMA+LZCNT+MOVBE,AVX,SSE3+SSSE3+SSE4.1+SSE4.2+POPCNT,X86Base+SSE+SSE2,AES+PCLMUL VectorSize=256
// Job: Job-TZWPHG(IterationCount=20, LaunchCount=3, WarmupCount=8)

WorkloadJitting  1: 4096 op, 948300.00 ns, 231.5186 ns/op
WorkloadJitting  2: 122880 op, 26131900.00 ns, 212.6619 ns/op
WorkloadJitting  3: 122880 op, 26178300.00 ns, 213.0396 ns/op
WorkloadJitting  4: 122880 op, 26165400.00 ns, 212.9346 ns/op
WorkloadJitting  5: 4096 op, 891000.00 ns, 217.5293 ns/op

WorkloadPilot    1: 4096 op, 896300.00 ns, 218.8232 ns/op

WorkloadPilot    1: 65536 op, 14100600.00 ns, 215.1581 ns/op
WorkloadPilot    2: 131072 op, 27952200.00 ns, 213.2584 ns/op
WorkloadPilot    3: 262144 op, 55987600.00 ns, 213.5757 ns/op
WorkloadPilot    4: 524288 op, 113439400.00 ns, 216.3685 ns/op
WorkloadPilot    5: 1048576 op, 223464200.00 ns, 213.1121 ns/op
WorkloadPilot    6: 2097152 op, 450300100.00 ns, 214.7198 ns/op
WorkloadPilot    7: 4194304 op, 903229800.00 ns, 215.3468 ns/op

WorkloadWarmup   1: 4194304 op, 900324800.00 ns, 214.6542 ns/op
WorkloadWarmup   2: 4194304 op, 895799400.00 ns, 213.5752 ns/op
WorkloadWarmup   3: 4194304 op, 897044900.00 ns, 213.8722 ns/op
WorkloadWarmup   4: 4194304 op, 897650400.00 ns, 214.0165 ns/op
WorkloadWarmup   5: 4194304 op, 897393500.00 ns, 213.9553 ns/op
WorkloadWarmup   6: 4194304 op, 894896900.00 ns, 213.3600 ns/op
WorkloadWarmup   7: 4194304 op, 901569800.00 ns, 214.9510 ns/op
WorkloadWarmup   8: 4194304 op, 895674300.00 ns, 213.5454 ns/op

// BeforeActualRun
WorkloadActual   1: 4194304 op, 898453000.00 ns, 214.2079 ns/op
WorkloadActual   2: 4194304 op, 898406800.00 ns, 214.1969 ns/op
WorkloadActual   3: 4194304 op, 897332300.00 ns, 213.9407 ns/op
WorkloadActual   4: 4194304 op, 897477700.00 ns, 213.9754 ns/op
WorkloadActual   5: 4194304 op, 899721000.00 ns, 214.5102 ns/op
WorkloadActual   6: 4194304 op, 896690100.00 ns, 213.7876 ns/op
WorkloadActual   7: 4194304 op, 903120300.00 ns, 215.3207 ns/op
WorkloadActual   8: 4194304 op, 901941600.00 ns, 215.0396 ns/op
WorkloadActual   9: 4194304 op, 899303200.00 ns, 214.4106 ns/op
WorkloadActual  10: 4194304 op, 898600900.00 ns, 214.2431 ns/op
WorkloadActual  11: 4194304 op, 897522600.00 ns, 213.9861 ns/op
WorkloadActual  12: 4194304 op, 895904000.00 ns, 213.6002 ns/op
WorkloadActual  13: 4194304 op, 898404300.00 ns, 214.1963 ns/op
WorkloadActual  14: 4194304 op, 897308500.00 ns, 213.9350 ns/op
WorkloadActual  15: 4194304 op, 899218500.00 ns, 214.3904 ns/op
WorkloadActual  16: 4194304 op, 896771000.00 ns, 213.8069 ns/op
WorkloadActual  17: 4194304 op, 897304700.00 ns, 213.9341 ns/op
WorkloadActual  18: 4194304 op, 897943700.00 ns, 214.0865 ns/op
WorkloadActual  19: 4194304 op, 906950200.00 ns, 216.2338 ns/op
WorkloadActual  20: 4194304 op, 899719000.00 ns, 214.5097 ns/op

// AfterActualRun
WorkloadResult   1: 4194304 op, 898453000.00 ns, 214.2079 ns/op
WorkloadResult   2: 4194304 op, 898406800.00 ns, 214.1969 ns/op
WorkloadResult   3: 4194304 op, 897332300.00 ns, 213.9407 ns/op
WorkloadResult   4: 4194304 op, 897477700.00 ns, 213.9754 ns/op
WorkloadResult   5: 4194304 op, 899721000.00 ns, 214.5102 ns/op
WorkloadResult   6: 4194304 op, 896690100.00 ns, 213.7876 ns/op
WorkloadResult   7: 4194304 op, 901941600.00 ns, 215.0396 ns/op
WorkloadResult   8: 4194304 op, 899303200.00 ns, 214.4106 ns/op
WorkloadResult   9: 4194304 op, 898600900.00 ns, 214.2431 ns/op
WorkloadResult  10: 4194304 op, 897522600.00 ns, 213.9861 ns/op
WorkloadResult  11: 4194304 op, 895904000.00 ns, 213.6002 ns/op
WorkloadResult  12: 4194304 op, 898404300.00 ns, 214.1963 ns/op
WorkloadResult  13: 4194304 op, 897308500.00 ns, 213.9350 ns/op
WorkloadResult  14: 4194304 op, 899218500.00 ns, 214.3904 ns/op
WorkloadResult  15: 4194304 op, 896771000.00 ns, 213.8069 ns/op
WorkloadResult  16: 4194304 op, 897304700.00 ns, 213.9341 ns/op
WorkloadResult  17: 4194304 op, 897943700.00 ns, 214.0865 ns/op
WorkloadResult  18: 4194304 op, 899719000.00 ns, 214.5097 ns/op

// AfterAll
// Benchmark Process 6420 has exited with code 0.

Mean = 212.458 ns, StdErr = 0.285 ns (0.13%), N = 55, StdDev = 2.116 ns
Min = 208.888 ns, Q1 = 209.772 ns, Median = 213.609 ns, Q3 = 213.981 ns, Max = 215.040 ns
IQR = 4.208 ns, LowerFence = 203.459 ns, UpperFence = 220.293 ns
ConfidenceInterval = [211.465 ns; 213.451 ns] (CI 99.9%), Margin = 0.993 ns (0.47% of Mean)
Skewness = -0.66, Kurtosis = 1.59, MValue = 2

// ** Remained 18 (40.0%) benchmark(s) to run. Estimated finish 2026-08-31 20:16 (0h 21m from now) **
Setup power plan (GUID: 8c5e7fda-e8bf-4a96-9a85-a6e23a8c635c FriendlyName: High performance)
// **************************
// Benchmark: SideMetadataBenchmarks.ReserveAndFirstCommit: Job-TZWPHG(IterationCount=20, LaunchCount=3, WarmupCount=8) [LogReferenceCountBits=2]
// *** Execute ***
// Launch: 1 / 3
// Execute: dotnet side-metadata-benchmark-Job-TZWPHG-1.dll --ipcPort 64090 --benchmarkName "P21.SideMetadataBenchmarks.ReserveAndFirstCommit(LogReferenceCountBits: 2)" --job "IterationCount=20, LaunchCount=3, WarmupCount=8" --diagnoserRunMode 0 --benchmarkId 27 in R:\artifacts\bin\side-metadata-benchmark\Release\net11.0\side-metadata-benchmark-Job-TZWPHG-1\bin\Release\net11.0
// BeforeAnythingElse

// Benchmark Process Environment Information:
// BenchmarkDotNet v0.16.0-preview.1
// Runtime=.NET 11.0.0 (11.0.0-preview.6.26359.118, 11.0.26.36018), X64 RyuJIT x86-64-v4
// GC=Concurrent Workstation
// HardwareIntrinsics=AVX512 BITALG+VBMI2+VNNI+VPOPCNTDQ,AVX512 IFMA+VBMI,AVX512 F+BW+CD+DQ+VL,AVX2+BMI1+BMI2+F16C+FMA+LZCNT+MOVBE,AVX,SSE3+SSSE3+SSE4.1+SSE4.2+POPCNT,X86Base+SSE+SSE2,AES+PCLMUL VectorSize=256
// Job: Job-TZWPHG(IterationCount=20, LaunchCount=3, WarmupCount=8)

WorkloadJitting  1: 1 op, 1098000.00 ns, 1.0980 ms/op
WorkloadJitting  2: 30 op, 29105400.00 ns, 970.1800 us/op
WorkloadJitting  3: 30 op, 26343900.00 ns, 878.1300 us/op
WorkloadJitting  4: 30 op, 27299700.00 ns, 909.9900 us/op
WorkloadJitting  5: 1 op, 916600.00 ns, 916.6000 us/op

WorkloadPilot    1: 1 op, 892500.00 ns, 892.5000 us/op

WorkloadPilot    1: 16 op, 14251200.00 ns, 890.7000 us/op
WorkloadPilot    2: 32 op, 28357900.00 ns, 886.1844 us/op
WorkloadPilot    3: 64 op, 57381300.00 ns, 896.5828 us/op
WorkloadPilot    4: 128 op, 113055800.00 ns, 883.2484 us/op
WorkloadPilot    5: 256 op, 225815800.00 ns, 882.0930 us/op
WorkloadPilot    6: 512 op, 450816500.00 ns, 880.5010 us/op
WorkloadPilot    7: 1024 op, 904097100.00 ns, 882.9073 us/op

WorkloadWarmup   1: 1024 op, 898410300.00 ns, 877.3538 us/op
WorkloadWarmup   2: 1024 op, 893594100.00 ns, 872.6505 us/op
WorkloadWarmup   3: 1024 op, 908235400.00 ns, 886.9486 us/op
WorkloadWarmup   4: 1024 op, 910996400.00 ns, 889.6449 us/op
WorkloadWarmup   5: 1024 op, 898547000.00 ns, 877.4873 us/op
WorkloadWarmup   6: 1024 op, 901497000.00 ns, 880.3682 us/op
WorkloadWarmup   7: 1024 op, 908953200.00 ns, 887.6496 us/op
WorkloadWarmup   8: 1024 op, 900581700.00 ns, 879.4743 us/op

// BeforeActualRun
WorkloadActual   1: 1024 op, 911149600.00 ns, 889.7945 us/op
WorkloadActual   2: 1024 op, 903659400.00 ns, 882.4799 us/op
WorkloadActual   3: 1024 op, 905914800.00 ns, 884.6824 us/op
WorkloadActual   4: 1024 op, 899633000.00 ns, 878.5479 us/op
WorkloadActual   5: 1024 op, 897807700.00 ns, 876.7653 us/op
WorkloadActual   6: 1024 op, 901039900.00 ns, 879.9218 us/op
WorkloadActual   7: 1024 op, 910865000.00 ns, 889.5166 us/op
WorkloadActual   8: 1024 op, 903431300.00 ns, 882.2571 us/op
WorkloadActual   9: 1024 op, 908310000.00 ns, 887.0215 us/op
WorkloadActual  10: 1024 op, 904845800.00 ns, 883.6385 us/op
WorkloadActual  11: 1024 op, 901623100.00 ns, 880.4913 us/op
WorkloadActual  12: 1024 op, 902392800.00 ns, 881.2430 us/op
WorkloadActual  13: 1024 op, 900162900.00 ns, 879.0653 us/op
WorkloadActual  14: 1024 op, 902971800.00 ns, 881.8084 us/op
WorkloadActual  15: 1024 op, 898213500.00 ns, 877.1616 us/op
WorkloadActual  16: 1024 op, 905298300.00 ns, 884.0804 us/op
WorkloadActual  17: 1024 op, 900840200.00 ns, 879.7268 us/op
WorkloadActual  18: 1024 op, 899567200.00 ns, 878.4836 us/op
WorkloadActual  19: 1024 op, 903773400.00 ns, 882.5912 us/op
WorkloadActual  20: 1024 op, 904449300.00 ns, 883.2513 us/op

// AfterActualRun
WorkloadResult   1: 1024 op, 911149600.00 ns, 889.7945 us/op
WorkloadResult   2: 1024 op, 903659400.00 ns, 882.4799 us/op
WorkloadResult   3: 1024 op, 905914800.00 ns, 884.6824 us/op
WorkloadResult   4: 1024 op, 899633000.00 ns, 878.5479 us/op
WorkloadResult   5: 1024 op, 897807700.00 ns, 876.7653 us/op
WorkloadResult   6: 1024 op, 901039900.00 ns, 879.9218 us/op
WorkloadResult   7: 1024 op, 910865000.00 ns, 889.5166 us/op
WorkloadResult   8: 1024 op, 903431300.00 ns, 882.2571 us/op
WorkloadResult   9: 1024 op, 908310000.00 ns, 887.0215 us/op
WorkloadResult  10: 1024 op, 904845800.00 ns, 883.6385 us/op
WorkloadResult  11: 1024 op, 901623100.00 ns, 880.4913 us/op
WorkloadResult  12: 1024 op, 902392800.00 ns, 881.2430 us/op
WorkloadResult  13: 1024 op, 900162900.00 ns, 879.0653 us/op
WorkloadResult  14: 1024 op, 902971800.00 ns, 881.8084 us/op
WorkloadResult  15: 1024 op, 898213500.00 ns, 877.1616 us/op
WorkloadResult  16: 1024 op, 905298300.00 ns, 884.0804 us/op
WorkloadResult  17: 1024 op, 900840200.00 ns, 879.7268 us/op
WorkloadResult  18: 1024 op, 899567200.00 ns, 878.4836 us/op
WorkloadResult  19: 1024 op, 903773400.00 ns, 882.5912 us/op
WorkloadResult  20: 1024 op, 904449300.00 ns, 883.2513 us/op

// AfterAll
// Benchmark Process 1532 has exited with code 0.
// Launch: 2 / 3
// Execute: dotnet side-metadata-benchmark-Job-TZWPHG-1.dll --ipcPort 64129 --benchmarkName "P21.SideMetadataBenchmarks.ReserveAndFirstCommit(LogReferenceCountBits: 2)" --job "IterationCount=20, LaunchCount=3, WarmupCount=8" --diagnoserRunMode 0 --benchmarkId 27 in R:\artifacts\bin\side-metadata-benchmark\Release\net11.0\side-metadata-benchmark-Job-TZWPHG-1\bin\Release\net11.0
// BeforeAnythingElse

// Benchmark Process Environment Information:
// BenchmarkDotNet v0.16.0-preview.1
// Runtime=.NET 11.0.0 (11.0.0-preview.6.26359.118, 11.0.26.36018), X64 RyuJIT x86-64-v4
// GC=Concurrent Workstation
// HardwareIntrinsics=AVX512 BITALG+VBMI2+VNNI+VPOPCNTDQ,AVX512 IFMA+VBMI,AVX512 F+BW+CD+DQ+VL,AVX2+BMI1+BMI2+F16C+FMA+LZCNT+MOVBE,AVX,SSE3+SSSE3+SSE4.1+SSE4.2+POPCNT,X86Base+SSE+SSE2,AES+PCLMUL VectorSize=256
// Job: Job-TZWPHG(IterationCount=20, LaunchCount=3, WarmupCount=8)

WorkloadJitting  1: 1 op, 1126000.00 ns, 1.1260 ms/op
WorkloadJitting  2: 30 op, 29055900.00 ns, 968.5300 us/op
WorkloadJitting  3: 30 op, 26327800.00 ns, 877.5933 us/op
WorkloadJitting  4: 30 op, 27657900.00 ns, 921.9300 us/op
WorkloadJitting  5: 1 op, 898900.00 ns, 898.9000 us/op

WorkloadPilot    1: 1 op, 955500.00 ns, 955.5000 us/op

WorkloadPilot    1: 16 op, 14014500.00 ns, 875.9063 us/op
WorkloadPilot    2: 32 op, 28845200.00 ns, 901.4125 us/op
WorkloadPilot    3: 64 op, 56172200.00 ns, 877.6906 us/op
WorkloadPilot    4: 128 op, 112068700.00 ns, 875.5367 us/op
WorkloadPilot    5: 256 op, 225552000.00 ns, 881.0625 us/op
WorkloadPilot    6: 512 op, 446903700.00 ns, 872.8588 us/op
WorkloadPilot    7: 1024 op, 904493500.00 ns, 883.2944 us/op

WorkloadWarmup   1: 1024 op, 902136000.00 ns, 880.9922 us/op
WorkloadWarmup   2: 1024 op, 896478300.00 ns, 875.4671 us/op
WorkloadWarmup   3: 1024 op, 905277600.00 ns, 884.0602 us/op
WorkloadWarmup   4: 1024 op, 905642900.00 ns, 884.4169 us/op
WorkloadWarmup   5: 1024 op, 903110600.00 ns, 881.9439 us/op
WorkloadWarmup   6: 1024 op, 900244600.00 ns, 879.1451 us/op
WorkloadWarmup   7: 1024 op, 903673200.00 ns, 882.4934 us/op
WorkloadWarmup   8: 1024 op, 899038100.00 ns, 877.9669 us/op

// BeforeActualRun
WorkloadActual   1: 1024 op, 901021400.00 ns, 879.9037 us/op
WorkloadActual   2: 1024 op, 904856300.00 ns, 883.6487 us/op
WorkloadActual   3: 1024 op, 905737300.00 ns, 884.5091 us/op
WorkloadActual   4: 1024 op, 901925900.00 ns, 880.7870 us/op
WorkloadActual   5: 1024 op, 898311200.00 ns, 877.2570 us/op
WorkloadActual   6: 1024 op, 900656000.00 ns, 879.5469 us/op
WorkloadActual   7: 1024 op, 895367000.00 ns, 874.3818 us/op
WorkloadActual   8: 1024 op, 900735200.00 ns, 879.6242 us/op
WorkloadActual   9: 1024 op, 904457300.00 ns, 883.2591 us/op
WorkloadActual  10: 1024 op, 902659300.00 ns, 881.5032 us/op
WorkloadActual  11: 1024 op, 903787900.00 ns, 882.6054 us/op
WorkloadActual  12: 1024 op, 896437600.00 ns, 875.4273 us/op
WorkloadActual  13: 1024 op, 902564800.00 ns, 881.4109 us/op
WorkloadActual  14: 1024 op, 899364400.00 ns, 878.2855 us/op
WorkloadActual  15: 1024 op, 901399600.00 ns, 880.2730 us/op
WorkloadActual  16: 1024 op, 898969000.00 ns, 877.8994 us/op
WorkloadActual  17: 1024 op, 898776600.00 ns, 877.7115 us/op
WorkloadActual  18: 1024 op, 899248900.00 ns, 878.1728 us/op
WorkloadActual  19: 1024 op, 901570000.00 ns, 880.4395 us/op
WorkloadActual  20: 1024 op, 904148300.00 ns, 882.9573 us/op

// AfterActualRun
WorkloadResult   1: 1024 op, 901021400.00 ns, 879.9037 us/op
WorkloadResult   2: 1024 op, 904856300.00 ns, 883.6487 us/op
WorkloadResult   3: 1024 op, 905737300.00 ns, 884.5091 us/op
WorkloadResult   4: 1024 op, 901925900.00 ns, 880.7870 us/op
WorkloadResult   5: 1024 op, 898311200.00 ns, 877.2570 us/op
WorkloadResult   6: 1024 op, 900656000.00 ns, 879.5469 us/op
WorkloadResult   7: 1024 op, 895367000.00 ns, 874.3818 us/op
WorkloadResult   8: 1024 op, 900735200.00 ns, 879.6242 us/op
WorkloadResult   9: 1024 op, 904457300.00 ns, 883.2591 us/op
WorkloadResult  10: 1024 op, 902659300.00 ns, 881.5032 us/op
WorkloadResult  11: 1024 op, 903787900.00 ns, 882.6054 us/op
WorkloadResult  12: 1024 op, 896437600.00 ns, 875.4273 us/op
WorkloadResult  13: 1024 op, 902564800.00 ns, 881.4109 us/op
WorkloadResult  14: 1024 op, 899364400.00 ns, 878.2855 us/op
WorkloadResult  15: 1024 op, 901399600.00 ns, 880.2730 us/op
WorkloadResult  16: 1024 op, 898969000.00 ns, 877.8994 us/op
WorkloadResult  17: 1024 op, 898776600.00 ns, 877.7115 us/op
WorkloadResult  18: 1024 op, 899248900.00 ns, 878.1728 us/op
WorkloadResult  19: 1024 op, 901570000.00 ns, 880.4395 us/op
WorkloadResult  20: 1024 op, 904148300.00 ns, 882.9573 us/op

// AfterAll
// Benchmark Process 22820 has exited with code 0.
// Launch: 3 / 3
// Execute: dotnet side-metadata-benchmark-Job-TZWPHG-1.dll --ipcPort 64159 --benchmarkName "P21.SideMetadataBenchmarks.ReserveAndFirstCommit(LogReferenceCountBits: 2)" --job "IterationCount=20, LaunchCount=3, WarmupCount=8" --diagnoserRunMode 0 --benchmarkId 27 in R:\artifacts\bin\side-metadata-benchmark\Release\net11.0\side-metadata-benchmark-Job-TZWPHG-1\bin\Release\net11.0
// BeforeAnythingElse

// Benchmark Process Environment Information:
// BenchmarkDotNet v0.16.0-preview.1
// Runtime=.NET 11.0.0 (11.0.0-preview.6.26359.118, 11.0.26.36018), X64 RyuJIT x86-64-v4
// GC=Concurrent Workstation
// HardwareIntrinsics=AVX512 BITALG+VBMI2+VNNI+VPOPCNTDQ,AVX512 IFMA+VBMI,AVX512 F+BW+CD+DQ+VL,AVX2+BMI1+BMI2+F16C+FMA+LZCNT+MOVBE,AVX,SSE3+SSSE3+SSE4.1+SSE4.2+POPCNT,X86Base+SSE+SSE2,AES+PCLMUL VectorSize=256
// Job: Job-TZWPHG(IterationCount=20, LaunchCount=3, WarmupCount=8)

WorkloadJitting  1: 1 op, 1094100.00 ns, 1.0941 ms/op
WorkloadJitting  2: 30 op, 29319100.00 ns, 977.3033 us/op
WorkloadJitting  3: 30 op, 26161500.00 ns, 872.0500 us/op
WorkloadJitting  4: 30 op, 26936200.00 ns, 897.8733 us/op
WorkloadJitting  5: 1 op, 1118600.00 ns, 1.1186 ms/op

WorkloadPilot    1: 1 op, 991900.00 ns, 991.9000 us/op

WorkloadPilot    1: 16 op, 14069000.00 ns, 879.3125 us/op
WorkloadPilot    2: 32 op, 29092500.00 ns, 909.1406 us/op
WorkloadPilot    3: 64 op, 56948200.00 ns, 889.8156 us/op
WorkloadPilot    4: 128 op, 112671900.00 ns, 880.2492 us/op
WorkloadPilot    5: 256 op, 225664800.00 ns, 881.5031 us/op
WorkloadPilot    6: 512 op, 447433000.00 ns, 873.8926 us/op
WorkloadPilot    7: 1024 op, 906096200.00 ns, 884.8596 us/op

WorkloadWarmup   1: 1024 op, 901104000.00 ns, 879.9844 us/op
WorkloadWarmup   2: 1024 op, 905300600.00 ns, 884.0826 us/op
WorkloadWarmup   3: 1024 op, 903071900.00 ns, 881.9062 us/op
WorkloadWarmup   4: 1024 op, 906738800.00 ns, 885.4871 us/op
WorkloadWarmup   5: 1024 op, 899920500.00 ns, 878.8286 us/op
WorkloadWarmup   6: 1024 op, 898901900.00 ns, 877.8339 us/op
WorkloadWarmup   7: 1024 op, 905492600.00 ns, 884.2701 us/op
WorkloadWarmup   8: 1024 op, 907297100.00 ns, 886.0323 us/op

// BeforeActualRun
WorkloadActual   1: 1024 op, 897721600.00 ns, 876.6813 us/op
WorkloadActual   2: 1024 op, 903288400.00 ns, 882.1176 us/op
WorkloadActual   3: 1024 op, 906332500.00 ns, 885.0903 us/op
WorkloadActual   4: 1024 op, 916383200.00 ns, 894.9055 us/op
WorkloadActual   5: 1024 op, 898567500.00 ns, 877.5073 us/op
WorkloadActual   6: 1024 op, 903912200.00 ns, 882.7268 us/op
WorkloadActual   7: 1024 op, 901278000.00 ns, 880.1543 us/op
WorkloadActual   8: 1024 op, 899424100.00 ns, 878.3438 us/op
WorkloadActual   9: 1024 op, 900720200.00 ns, 879.6096 us/op
WorkloadActual  10: 1024 op, 904541400.00 ns, 883.3412 us/op
WorkloadActual  11: 1024 op, 901914100.00 ns, 880.7755 us/op
WorkloadActual  12: 1024 op, 897954100.00 ns, 876.9083 us/op
WorkloadActual  13: 1024 op, 900952200.00 ns, 879.8361 us/op
WorkloadActual  14: 1024 op, 906385100.00 ns, 885.1417 us/op
WorkloadActual  15: 1024 op, 904906700.00 ns, 883.6979 us/op
WorkloadActual  16: 1024 op, 902765000.00 ns, 881.6064 us/op
WorkloadActual  17: 1024 op, 898129500.00 ns, 877.0796 us/op
WorkloadActual  18: 1024 op, 901368400.00 ns, 880.2426 us/op
WorkloadActual  19: 1024 op, 896338700.00 ns, 875.3308 us/op
WorkloadActual  20: 1024 op, 905087300.00 ns, 883.8743 us/op

// AfterActualRun
WorkloadResult   1: 1024 op, 897721600.00 ns, 876.6813 us/op
WorkloadResult   2: 1024 op, 903288400.00 ns, 882.1176 us/op
WorkloadResult   3: 1024 op, 906332500.00 ns, 885.0903 us/op
WorkloadResult   4: 1024 op, 898567500.00 ns, 877.5073 us/op
WorkloadResult   5: 1024 op, 903912200.00 ns, 882.7268 us/op
WorkloadResult   6: 1024 op, 901278000.00 ns, 880.1543 us/op
WorkloadResult   7: 1024 op, 899424100.00 ns, 878.3438 us/op
WorkloadResult   8: 1024 op, 900720200.00 ns, 879.6096 us/op
WorkloadResult   9: 1024 op, 904541400.00 ns, 883.3412 us/op
WorkloadResult  10: 1024 op, 901914100.00 ns, 880.7755 us/op
WorkloadResult  11: 1024 op, 897954100.00 ns, 876.9083 us/op
WorkloadResult  12: 1024 op, 900952200.00 ns, 879.8361 us/op
WorkloadResult  13: 1024 op, 906385100.00 ns, 885.1417 us/op
WorkloadResult  14: 1024 op, 904906700.00 ns, 883.6979 us/op
WorkloadResult  15: 1024 op, 902765000.00 ns, 881.6064 us/op
WorkloadResult  16: 1024 op, 898129500.00 ns, 877.0796 us/op
WorkloadResult  17: 1024 op, 901368400.00 ns, 880.2426 us/op
WorkloadResult  18: 1024 op, 896338700.00 ns, 875.3308 us/op
WorkloadResult  19: 1024 op, 905087300.00 ns, 883.8743 us/op

// AfterAll
// Benchmark Process 9964 has exited with code 0.

Mean = 880.885 us, StdErr = 0.421 us (0.05%), N = 59, StdDev = 3.236 us
Min = 874.382 us, Q1 = 878.414 us, Median = 880.491 us, Q3 = 883.104 us, Max = 889.795 us
IQR = 4.691 us, LowerFence = 871.378 us, UpperFence = 890.140 us
ConfidenceInterval = [879.424 us; 882.345 us] (CI 99.9%), Margin = 1.461 us (0.17% of Mean)
Skewness = 0.43, Kurtosis = 3.15, MValue = 2

// ** Remained 17 (37.8%) benchmark(s) to run. Estimated finish 2026-08-31 20:17 (0h 20m from now) **
Setup power plan (GUID: 8c5e7fda-e8bf-4a96-9a85-a6e23a8c635c FriendlyName: High performance)
// **************************
// Benchmark: SideMetadataBenchmarks.FalseSharingSameWord: Job-TZWPHG(IterationCount=20, LaunchCount=3, WarmupCount=8) [LogReferenceCountBits=2]
// *** Execute ***
// Launch: 1 / 3
// Execute: dotnet side-metadata-benchmark-Job-TZWPHG-1.dll --ipcPort 64195 --benchmarkName "P21.SideMetadataBenchmarks.FalseSharingSameWord(LogReferenceCountBits: 2)" --job "IterationCount=20, LaunchCount=3, WarmupCount=8" --diagnoserRunMode 0 --benchmarkId 28 in R:\artifacts\bin\side-metadata-benchmark\Release\net11.0\side-metadata-benchmark-Job-TZWPHG-1\bin\Release\net11.0
// BeforeAnythingElse

// Benchmark Process Environment Information:
// BenchmarkDotNet v0.16.0-preview.1
// Runtime=.NET 11.0.0 (11.0.0-preview.6.26359.118, 11.0.26.36018), X64 RyuJIT x86-64-v4
// GC=Concurrent Workstation
// HardwareIntrinsics=AVX512 BITALG+VBMI2+VNNI+VPOPCNTDQ,AVX512 IFMA+VBMI,AVX512 F+BW+CD+DQ+VL,AVX2+BMI1+BMI2+F16C+FMA+LZCNT+MOVBE,AVX,SSE3+SSSE3+SSE4.1+SSE4.2+POPCNT,X86Base+SSE+SSE2,AES+PCLMUL VectorSize=256
// Job: Job-TZWPHG(IterationCount=20, LaunchCount=3, WarmupCount=8)

WorkloadJitting  1: 20000 op, 1243500.00 ns, 62.1750 ns/op
WorkloadJitting  2: 600000 op, 32849500.00 ns, 54.7492 ns/op
WorkloadJitting  3: 600000 op, 31001400.00 ns, 51.6690 ns/op
WorkloadJitting  4: 600000 op, 33223000.00 ns, 55.3717 ns/op
WorkloadJitting  5: 20000 op, 1081400.00 ns, 54.0700 ns/op

WorkloadPilot    1: 20000 op, 1111600.00 ns, 55.5800 ns/op

WorkloadPilot    1: 320000 op, 16524800.00 ns, 51.6400 ns/op
WorkloadPilot    2: 640000 op, 32310600.00 ns, 50.4853 ns/op
WorkloadPilot    3: 1280000 op, 64247300.00 ns, 50.1932 ns/op
WorkloadPilot    4: 2560000 op, 129228500.00 ns, 50.4799 ns/op
WorkloadPilot    5: 5120000 op, 260991100.00 ns, 50.9748 ns/op
WorkloadPilot    6: 10240000 op, 526482400.00 ns, 51.4143 ns/op

WorkloadWarmup   1: 10240000 op, 530044300.00 ns, 51.7621 ns/op
WorkloadWarmup   2: 10240000 op, 534598700.00 ns, 52.2069 ns/op
WorkloadWarmup   3: 10240000 op, 528554700.00 ns, 51.6167 ns/op
WorkloadWarmup   4: 10240000 op, 517565300.00 ns, 50.5435 ns/op
WorkloadWarmup   5: 10240000 op, 529943900.00 ns, 51.7523 ns/op
WorkloadWarmup   6: 10240000 op, 524524000.00 ns, 51.2230 ns/op
WorkloadWarmup   7: 10240000 op, 526390800.00 ns, 51.4054 ns/op
WorkloadWarmup   8: 10240000 op, 521291300.00 ns, 50.9074 ns/op

// BeforeActualRun
WorkloadActual   1: 10240000 op, 528663500.00 ns, 51.6273 ns/op
WorkloadActual   2: 10240000 op, 527757000.00 ns, 51.5388 ns/op
WorkloadActual   3: 10240000 op, 534518800.00 ns, 52.1991 ns/op
WorkloadActual   4: 10240000 op, 527422400.00 ns, 51.5061 ns/op
WorkloadActual   5: 10240000 op, 524272300.00 ns, 51.1985 ns/op
WorkloadActual   6: 10240000 op, 527908300.00 ns, 51.5535 ns/op
WorkloadActual   7: 10240000 op, 527162200.00 ns, 51.4807 ns/op
WorkloadActual   8: 10240000 op, 530155200.00 ns, 51.7730 ns/op
WorkloadActual   9: 10240000 op, 526799600.00 ns, 51.4453 ns/op
WorkloadActual  10: 10240000 op, 525428400.00 ns, 51.3114 ns/op
WorkloadActual  11: 10240000 op, 521190000.00 ns, 50.8975 ns/op
WorkloadActual  12: 10240000 op, 519313500.00 ns, 50.7142 ns/op
WorkloadActual  13: 10240000 op, 527381500.00 ns, 51.5021 ns/op
WorkloadActual  14: 10240000 op, 527052600.00 ns, 51.4700 ns/op
WorkloadActual  15: 10240000 op, 522291800.00 ns, 51.0051 ns/op
WorkloadActual  16: 10240000 op, 529074300.00 ns, 51.6674 ns/op
WorkloadActual  17: 10240000 op, 518427900.00 ns, 50.6277 ns/op
WorkloadActual  18: 10240000 op, 526550800.00 ns, 51.4210 ns/op
WorkloadActual  19: 10240000 op, 515769000.00 ns, 50.3681 ns/op
WorkloadActual  20: 10240000 op, 523234600.00 ns, 51.0971 ns/op

// AfterActualRun
WorkloadResult   1: 10240000 op, 528663500.00 ns, 51.6273 ns/op
WorkloadResult   2: 10240000 op, 527757000.00 ns, 51.5388 ns/op
WorkloadResult   3: 10240000 op, 534518800.00 ns, 52.1991 ns/op
WorkloadResult   4: 10240000 op, 527422400.00 ns, 51.5061 ns/op
WorkloadResult   5: 10240000 op, 524272300.00 ns, 51.1985 ns/op
WorkloadResult   6: 10240000 op, 527908300.00 ns, 51.5535 ns/op
WorkloadResult   7: 10240000 op, 527162200.00 ns, 51.4807 ns/op
WorkloadResult   8: 10240000 op, 530155200.00 ns, 51.7730 ns/op
WorkloadResult   9: 10240000 op, 526799600.00 ns, 51.4453 ns/op
WorkloadResult  10: 10240000 op, 525428400.00 ns, 51.3114 ns/op
WorkloadResult  11: 10240000 op, 521190000.00 ns, 50.8975 ns/op
WorkloadResult  12: 10240000 op, 519313500.00 ns, 50.7142 ns/op
WorkloadResult  13: 10240000 op, 527381500.00 ns, 51.5021 ns/op
WorkloadResult  14: 10240000 op, 527052600.00 ns, 51.4700 ns/op
WorkloadResult  15: 10240000 op, 522291800.00 ns, 51.0051 ns/op
WorkloadResult  16: 10240000 op, 529074300.00 ns, 51.6674 ns/op
WorkloadResult  17: 10240000 op, 518427900.00 ns, 50.6277 ns/op
WorkloadResult  18: 10240000 op, 526550800.00 ns, 51.4210 ns/op
WorkloadResult  19: 10240000 op, 515769000.00 ns, 50.3681 ns/op
WorkloadResult  20: 10240000 op, 523234600.00 ns, 51.0971 ns/op

// AfterAll
// Benchmark Process 28760 has exited with code 0.
// Launch: 2 / 3
// Execute: dotnet side-metadata-benchmark-Job-TZWPHG-1.dll --ipcPort 52344 --benchmarkName "P21.SideMetadataBenchmarks.FalseSharingSameWord(LogReferenceCountBits: 2)" --job "IterationCount=20, LaunchCount=3, WarmupCount=8" --diagnoserRunMode 0 --benchmarkId 28 in R:\artifacts\bin\side-metadata-benchmark\Release\net11.0\side-metadata-benchmark-Job-TZWPHG-1\bin\Release\net11.0
// BeforeAnythingElse

// Benchmark Process Environment Information:
// BenchmarkDotNet v0.16.0-preview.1
// Runtime=.NET 11.0.0 (11.0.0-preview.6.26359.118, 11.0.26.36018), X64 RyuJIT x86-64-v4
// GC=Concurrent Workstation
// HardwareIntrinsics=AVX512 BITALG+VBMI2+VNNI+VPOPCNTDQ,AVX512 IFMA+VBMI,AVX512 F+BW+CD+DQ+VL,AVX2+BMI1+BMI2+F16C+FMA+LZCNT+MOVBE,AVX,SSE3+SSSE3+SSE4.1+SSE4.2+POPCNT,X86Base+SSE+SSE2,AES+PCLMUL VectorSize=256
// Job: Job-TZWPHG(IterationCount=20, LaunchCount=3, WarmupCount=8)

WorkloadJitting  1: 20000 op, 1195800.00 ns, 59.7900 ns/op
WorkloadJitting  2: 600000 op, 32120600.00 ns, 53.5343 ns/op
WorkloadJitting  3: 600000 op, 31297800.00 ns, 52.1630 ns/op
WorkloadJitting  4: 600000 op, 32369800.00 ns, 53.9497 ns/op
WorkloadJitting  5: 20000 op, 1064800.00 ns, 53.2400 ns/op

WorkloadPilot    1: 20000 op, 1062800.00 ns, 53.1400 ns/op

WorkloadPilot    1: 320000 op, 16357000.00 ns, 51.1156 ns/op
WorkloadPilot    2: 640000 op, 33028500.00 ns, 51.6070 ns/op
WorkloadPilot    3: 1280000 op, 65123000.00 ns, 50.8773 ns/op
WorkloadPilot    4: 2560000 op, 132766100.00 ns, 51.8618 ns/op
WorkloadPilot    5: 5120000 op, 263687100.00 ns, 51.5014 ns/op
WorkloadPilot    6: 10240000 op, 533515700.00 ns, 52.1011 ns/op

WorkloadWarmup   1: 10240000 op, 528885200.00 ns, 51.6489 ns/op
WorkloadWarmup   2: 10240000 op, 534921400.00 ns, 52.2384 ns/op
WorkloadWarmup   3: 10240000 op, 526166900.00 ns, 51.3835 ns/op
WorkloadWarmup   4: 10240000 op, 527576900.00 ns, 51.5212 ns/op
WorkloadWarmup   5: 10240000 op, 529719800.00 ns, 51.7304 ns/op
WorkloadWarmup   6: 10240000 op, 525571000.00 ns, 51.3253 ns/op
WorkloadWarmup   7: 10240000 op, 526975600.00 ns, 51.4625 ns/op
WorkloadWarmup   8: 10240000 op, 526205500.00 ns, 51.3873 ns/op

// BeforeActualRun
WorkloadActual   1: 10240000 op, 534370700.00 ns, 52.1846 ns/op
WorkloadActual   2: 10240000 op, 522449400.00 ns, 51.0204 ns/op
WorkloadActual   3: 10240000 op, 528159100.00 ns, 51.5780 ns/op
WorkloadActual   4: 10240000 op, 534491700.00 ns, 52.1965 ns/op
WorkloadActual   5: 10240000 op, 526865500.00 ns, 51.4517 ns/op
WorkloadActual   6: 10240000 op, 529818100.00 ns, 51.7400 ns/op
WorkloadActual   7: 10240000 op, 525208100.00 ns, 51.2899 ns/op
WorkloadActual   8: 10240000 op, 526112400.00 ns, 51.3782 ns/op
WorkloadActual   9: 10240000 op, 527851100.00 ns, 51.5480 ns/op
WorkloadActual  10: 10240000 op, 529715000.00 ns, 51.7300 ns/op
WorkloadActual  11: 10240000 op, 530125600.00 ns, 51.7701 ns/op
WorkloadActual  12: 10240000 op, 534173300.00 ns, 52.1654 ns/op
WorkloadActual  13: 10240000 op, 523547800.00 ns, 51.1277 ns/op
WorkloadActual  14: 10240000 op, 525664300.00 ns, 51.3344 ns/op
WorkloadActual  15: 10240000 op, 529271900.00 ns, 51.6867 ns/op
WorkloadActual  16: 10240000 op, 526358600.00 ns, 51.4022 ns/op
WorkloadActual  17: 10240000 op, 530062900.00 ns, 51.7640 ns/op
WorkloadActual  18: 10240000 op, 526907400.00 ns, 51.4558 ns/op
WorkloadActual  19: 10240000 op, 527385900.00 ns, 51.5025 ns/op
WorkloadActual  20: 10240000 op, 527318700.00 ns, 51.4960 ns/op

// AfterActualRun
WorkloadResult   1: 10240000 op, 534370700.00 ns, 52.1846 ns/op
WorkloadResult   2: 10240000 op, 522449400.00 ns, 51.0204 ns/op
WorkloadResult   3: 10240000 op, 528159100.00 ns, 51.5780 ns/op
WorkloadResult   4: 10240000 op, 534491700.00 ns, 52.1965 ns/op
WorkloadResult   5: 10240000 op, 526865500.00 ns, 51.4517 ns/op
WorkloadResult   6: 10240000 op, 529818100.00 ns, 51.7400 ns/op
WorkloadResult   7: 10240000 op, 525208100.00 ns, 51.2899 ns/op
WorkloadResult   8: 10240000 op, 526112400.00 ns, 51.3782 ns/op
WorkloadResult   9: 10240000 op, 527851100.00 ns, 51.5480 ns/op
WorkloadResult  10: 10240000 op, 529715000.00 ns, 51.7300 ns/op
WorkloadResult  11: 10240000 op, 530125600.00 ns, 51.7701 ns/op
WorkloadResult  12: 10240000 op, 534173300.00 ns, 52.1654 ns/op
WorkloadResult  13: 10240000 op, 523547800.00 ns, 51.1277 ns/op
WorkloadResult  14: 10240000 op, 525664300.00 ns, 51.3344 ns/op
WorkloadResult  15: 10240000 op, 529271900.00 ns, 51.6867 ns/op
WorkloadResult  16: 10240000 op, 526358600.00 ns, 51.4022 ns/op
WorkloadResult  17: 10240000 op, 530062900.00 ns, 51.7640 ns/op
WorkloadResult  18: 10240000 op, 526907400.00 ns, 51.4558 ns/op
WorkloadResult  19: 10240000 op, 527385900.00 ns, 51.5025 ns/op
WorkloadResult  20: 10240000 op, 527318700.00 ns, 51.4960 ns/op

// AfterAll
// Benchmark Process 27988 has exited with code 0.
// Launch: 3 / 3
// Execute: dotnet side-metadata-benchmark-Job-TZWPHG-1.dll --ipcPort 52366 --benchmarkName "P21.SideMetadataBenchmarks.FalseSharingSameWord(LogReferenceCountBits: 2)" --job "IterationCount=20, LaunchCount=3, WarmupCount=8" --diagnoserRunMode 0 --benchmarkId 28 in R:\artifacts\bin\side-metadata-benchmark\Release\net11.0\side-metadata-benchmark-Job-TZWPHG-1\bin\Release\net11.0
// BeforeAnythingElse

// Benchmark Process Environment Information:
// BenchmarkDotNet v0.16.0-preview.1
// Runtime=.NET 11.0.0 (11.0.0-preview.6.26359.118, 11.0.26.36018), X64 RyuJIT x86-64-v4
// GC=Concurrent Workstation
// HardwareIntrinsics=AVX512 BITALG+VBMI2+VNNI+VPOPCNTDQ,AVX512 IFMA+VBMI,AVX512 F+BW+CD+DQ+VL,AVX2+BMI1+BMI2+F16C+FMA+LZCNT+MOVBE,AVX,SSE3+SSSE3+SSE4.1+SSE4.2+POPCNT,X86Base+SSE+SSE2,AES+PCLMUL VectorSize=256
// Job: Job-TZWPHG(IterationCount=20, LaunchCount=3, WarmupCount=8)

WorkloadJitting  1: 20000 op, 1375500.00 ns, 68.7750 ns/op
WorkloadJitting  2: 600000 op, 32395000.00 ns, 53.9917 ns/op
WorkloadJitting  3: 600000 op, 35199700.00 ns, 58.6662 ns/op
WorkloadJitting  4: 600000 op, 34062100.00 ns, 56.7702 ns/op
WorkloadJitting  5: 20000 op, 1108500.00 ns, 55.4250 ns/op

WorkloadPilot    1: 20000 op, 1053000.00 ns, 52.6500 ns/op

WorkloadPilot    1: 320000 op, 17237800.00 ns, 53.8681 ns/op
WorkloadPilot    2: 640000 op, 35238400.00 ns, 55.0600 ns/op
WorkloadPilot    3: 1280000 op, 73614000.00 ns, 57.5109 ns/op
WorkloadPilot    4: 2560000 op, 149039300.00 ns, 58.2185 ns/op
WorkloadPilot    5: 5120000 op, 291405800.00 ns, 56.9152 ns/op
WorkloadPilot    6: 10240000 op, 586104700.00 ns, 57.2368 ns/op

WorkloadWarmup   1: 10240000 op, 581752900.00 ns, 56.8118 ns/op
WorkloadWarmup   2: 10240000 op, 581510000.00 ns, 56.7881 ns/op
WorkloadWarmup   3: 10240000 op, 574596400.00 ns, 56.1129 ns/op
WorkloadWarmup   4: 10240000 op, 581004900.00 ns, 56.7388 ns/op
WorkloadWarmup   5: 10240000 op, 592050400.00 ns, 57.8174 ns/op
WorkloadWarmup   6: 10240000 op, 593943000.00 ns, 58.0022 ns/op
WorkloadWarmup   7: 10240000 op, 576132000.00 ns, 56.2629 ns/op
WorkloadWarmup   8: 10240000 op, 595280700.00 ns, 58.1329 ns/op

// BeforeActualRun
WorkloadActual   1: 10240000 op, 580244800.00 ns, 56.6645 ns/op
WorkloadActual   2: 10240000 op, 589183500.00 ns, 57.5375 ns/op
WorkloadActual   3: 10240000 op, 581478100.00 ns, 56.7850 ns/op
WorkloadActual   4: 10240000 op, 588660400.00 ns, 57.4864 ns/op
WorkloadActual   5: 10240000 op, 582034300.00 ns, 56.8393 ns/op
WorkloadActual   6: 10240000 op, 589500600.00 ns, 57.5684 ns/op
WorkloadActual   7: 10240000 op, 583916500.00 ns, 57.0231 ns/op
WorkloadActual   8: 10240000 op, 581558400.00 ns, 56.7928 ns/op
WorkloadActual   9: 10240000 op, 590144100.00 ns, 57.6313 ns/op
WorkloadActual  10: 10240000 op, 588628000.00 ns, 57.4832 ns/op
WorkloadActual  11: 10240000 op, 579943400.00 ns, 56.6351 ns/op
WorkloadActual  12: 10240000 op, 579514100.00 ns, 56.5932 ns/op
WorkloadActual  13: 10240000 op, 592147500.00 ns, 57.8269 ns/op
WorkloadActual  14: 10240000 op, 583098200.00 ns, 56.9432 ns/op
WorkloadActual  15: 10240000 op, 590568700.00 ns, 57.6727 ns/op
WorkloadActual  16: 10240000 op, 577684200.00 ns, 56.4145 ns/op
WorkloadActual  17: 10240000 op, 577539200.00 ns, 56.4003 ns/op
WorkloadActual  18: 10240000 op, 585569200.00 ns, 57.1845 ns/op
WorkloadActual  19: 10240000 op, 591659300.00 ns, 57.7792 ns/op
WorkloadActual  20: 10240000 op, 586377500.00 ns, 57.2634 ns/op

// AfterActualRun
WorkloadResult   1: 10240000 op, 580244800.00 ns, 56.6645 ns/op
WorkloadResult   2: 10240000 op, 589183500.00 ns, 57.5375 ns/op
WorkloadResult   3: 10240000 op, 581478100.00 ns, 56.7850 ns/op
WorkloadResult   4: 10240000 op, 588660400.00 ns, 57.4864 ns/op
WorkloadResult   5: 10240000 op, 582034300.00 ns, 56.8393 ns/op
WorkloadResult   6: 10240000 op, 589500600.00 ns, 57.5684 ns/op
WorkloadResult   7: 10240000 op, 583916500.00 ns, 57.0231 ns/op
WorkloadResult   8: 10240000 op, 581558400.00 ns, 56.7928 ns/op
WorkloadResult   9: 10240000 op, 590144100.00 ns, 57.6313 ns/op
WorkloadResult  10: 10240000 op, 588628000.00 ns, 57.4832 ns/op
WorkloadResult  11: 10240000 op, 579943400.00 ns, 56.6351 ns/op
WorkloadResult  12: 10240000 op, 579514100.00 ns, 56.5932 ns/op
WorkloadResult  13: 10240000 op, 592147500.00 ns, 57.8269 ns/op
WorkloadResult  14: 10240000 op, 583098200.00 ns, 56.9432 ns/op
WorkloadResult  15: 10240000 op, 590568700.00 ns, 57.6727 ns/op
WorkloadResult  16: 10240000 op, 577684200.00 ns, 56.4145 ns/op
WorkloadResult  17: 10240000 op, 577539200.00 ns, 56.4003 ns/op
WorkloadResult  18: 10240000 op, 585569200.00 ns, 57.1845 ns/op
WorkloadResult  19: 10240000 op, 591659300.00 ns, 57.7792 ns/op
WorkloadResult  20: 10240000 op, 586377500.00 ns, 57.2634 ns/op

// AfterAll
// Benchmark Process 12420 has exited with code 0.

Mean = 53.346 ns, StdErr = 0.352 ns (0.66%), N = 60, StdDev = 2.729 ns
Min = 50.368 ns, Q1 = 51.439 ns, Median = 51.677 ns, Q3 = 56.695 ns, Max = 57.827 ns
IQR = 5.255 ns, LowerFence = 43.556 ns, UpperFence = 64.578 ns
ConfidenceInterval = [52.126 ns; 54.566 ns] (CI 99.9%), Margin = 1.220 ns (2.29% of Mean)
Skewness = 0.67, Kurtosis = 1.54, MValue = 3.03

// ** Remained 16 (35.6%) benchmark(s) to run. Estimated finish 2026-08-31 20:16 (0h 19m from now) **
Setup power plan (GUID: 8c5e7fda-e8bf-4a96-9a85-a6e23a8c635c FriendlyName: High performance)
// **************************
// Benchmark: SideMetadataBenchmarks.FalseSharingSeparateLine: Job-TZWPHG(IterationCount=20, LaunchCount=3, WarmupCount=8) [LogReferenceCountBits=2]
// *** Execute ***
// Launch: 1 / 3
// Execute: dotnet side-metadata-benchmark-Job-TZWPHG-1.dll --ipcPort 52393 --benchmarkName "P21.SideMetadataBenchmarks.FalseSharingSeparateLine(LogReferenceCountBits: 2)" --job "IterationCount=20, LaunchCount=3, WarmupCount=8" --diagnoserRunMode 0 --benchmarkId 29 in R:\artifacts\bin\side-metadata-benchmark\Release\net11.0\side-metadata-benchmark-Job-TZWPHG-1\bin\Release\net11.0
// BeforeAnythingElse

// Benchmark Process Environment Information:
// BenchmarkDotNet v0.16.0-preview.1
// Runtime=.NET 11.0.0 (11.0.0-preview.6.26359.118, 11.0.26.36018), X64 RyuJIT x86-64-v4
// GC=Concurrent Workstation
// HardwareIntrinsics=AVX512 BITALG+VBMI2+VNNI+VPOPCNTDQ,AVX512 IFMA+VBMI,AVX512 F+BW+CD+DQ+VL,AVX2+BMI1+BMI2+F16C+FMA+LZCNT+MOVBE,AVX,SSE3+SSSE3+SSE4.1+SSE4.2+POPCNT,X86Base+SSE+SSE2,AES+PCLMUL VectorSize=256
// Job: Job-TZWPHG(IterationCount=20, LaunchCount=3, WarmupCount=8)

WorkloadJitting  1: 20000 op, 435600.00 ns, 21.7800 ns/op
WorkloadJitting  2: 600000 op, 9109100.00 ns, 15.1818 ns/op
WorkloadJitting  3: 600000 op, 10124500.00 ns, 16.8742 ns/op
WorkloadJitting  4: 600000 op, 9570200.00 ns, 15.9503 ns/op
WorkloadJitting  5: 20000 op, 334000.00 ns, 16.7000 ns/op

WorkloadPilot    1: 20000 op, 376700.00 ns, 18.8350 ns/op

WorkloadPilot    1: 320000 op, 4879400.00 ns, 15.2481 ns/op
WorkloadPilot    2: 640000 op, 9948100.00 ns, 15.5439 ns/op
WorkloadPilot    3: 1280000 op, 19761800.00 ns, 15.4389 ns/op
WorkloadPilot    4: 2560000 op, 39095200.00 ns, 15.2716 ns/op
WorkloadPilot    5: 5120000 op, 78112200.00 ns, 15.2563 ns/op
WorkloadPilot    6: 10240000 op, 157343300.00 ns, 15.3656 ns/op
WorkloadPilot    7: 20480000 op, 313994400.00 ns, 15.3318 ns/op
WorkloadPilot    8: 40960000 op, 627318800.00 ns, 15.3154 ns/op

WorkloadWarmup   1: 40960000 op, 643841100.00 ns, 15.7188 ns/op
WorkloadWarmup   2: 40960000 op, 625634200.00 ns, 15.2743 ns/op
WorkloadWarmup   3: 40960000 op, 626417500.00 ns, 15.2934 ns/op
WorkloadWarmup   4: 40960000 op, 627984100.00 ns, 15.3316 ns/op
WorkloadWarmup   5: 40960000 op, 626490800.00 ns, 15.2952 ns/op
WorkloadWarmup   6: 40960000 op, 627188900.00 ns, 15.3122 ns/op
WorkloadWarmup   7: 40960000 op, 626836600.00 ns, 15.3036 ns/op
WorkloadWarmup   8: 40960000 op, 629241500.00 ns, 15.3623 ns/op

// BeforeActualRun
WorkloadActual   1: 40960000 op, 624044900.00 ns, 15.2355 ns/op
WorkloadActual   2: 40960000 op, 628172800.00 ns, 15.3363 ns/op
WorkloadActual   3: 40960000 op, 627114500.00 ns, 15.3104 ns/op
WorkloadActual   4: 40960000 op, 625251600.00 ns, 15.2649 ns/op
WorkloadActual   5: 40960000 op, 624856700.00 ns, 15.2553 ns/op
WorkloadActual   6: 40960000 op, 624416700.00 ns, 15.2445 ns/op
WorkloadActual   7: 40960000 op, 625833600.00 ns, 15.2791 ns/op
WorkloadActual   8: 40960000 op, 629935900.00 ns, 15.3793 ns/op
WorkloadActual   9: 40960000 op, 623762000.00 ns, 15.2286 ns/op
WorkloadActual  10: 40960000 op, 627694800.00 ns, 15.3246 ns/op
WorkloadActual  11: 40960000 op, 626795000.00 ns, 15.3026 ns/op
WorkloadActual  12: 40960000 op, 626327100.00 ns, 15.2912 ns/op
WorkloadActual  13: 40960000 op, 626269700.00 ns, 15.2898 ns/op
WorkloadActual  14: 40960000 op, 627455400.00 ns, 15.3187 ns/op
WorkloadActual  15: 40960000 op, 625544200.00 ns, 15.2721 ns/op
WorkloadActual  16: 40960000 op, 632793300.00 ns, 15.4491 ns/op
WorkloadActual  17: 40960000 op, 627231600.00 ns, 15.3133 ns/op
WorkloadActual  18: 40960000 op, 629167200.00 ns, 15.3605 ns/op
WorkloadActual  19: 40960000 op, 625589600.00 ns, 15.2732 ns/op
WorkloadActual  20: 40960000 op, 625641800.00 ns, 15.2745 ns/op

// AfterActualRun
WorkloadResult   1: 40960000 op, 624044900.00 ns, 15.2355 ns/op
WorkloadResult   2: 40960000 op, 628172800.00 ns, 15.3363 ns/op
WorkloadResult   3: 40960000 op, 627114500.00 ns, 15.3104 ns/op
WorkloadResult   4: 40960000 op, 625251600.00 ns, 15.2649 ns/op
WorkloadResult   5: 40960000 op, 624856700.00 ns, 15.2553 ns/op
WorkloadResult   6: 40960000 op, 624416700.00 ns, 15.2445 ns/op
WorkloadResult   7: 40960000 op, 625833600.00 ns, 15.2791 ns/op
WorkloadResult   8: 40960000 op, 629935900.00 ns, 15.3793 ns/op
WorkloadResult   9: 40960000 op, 623762000.00 ns, 15.2286 ns/op
WorkloadResult  10: 40960000 op, 627694800.00 ns, 15.3246 ns/op
WorkloadResult  11: 40960000 op, 626795000.00 ns, 15.3026 ns/op
WorkloadResult  12: 40960000 op, 626327100.00 ns, 15.2912 ns/op
WorkloadResult  13: 40960000 op, 626269700.00 ns, 15.2898 ns/op
WorkloadResult  14: 40960000 op, 627455400.00 ns, 15.3187 ns/op
WorkloadResult  15: 40960000 op, 625544200.00 ns, 15.2721 ns/op
WorkloadResult  16: 40960000 op, 627231600.00 ns, 15.3133 ns/op
WorkloadResult  17: 40960000 op, 629167200.00 ns, 15.3605 ns/op
WorkloadResult  18: 40960000 op, 625589600.00 ns, 15.2732 ns/op
WorkloadResult  19: 40960000 op, 625641800.00 ns, 15.2745 ns/op

// AfterAll
// Benchmark Process 26776 has exited with code 0.
// Launch: 2 / 3
// Execute: dotnet side-metadata-benchmark-Job-TZWPHG-1.dll --ipcPort 52416 --benchmarkName "P21.SideMetadataBenchmarks.FalseSharingSeparateLine(LogReferenceCountBits: 2)" --job "IterationCount=20, LaunchCount=3, WarmupCount=8" --diagnoserRunMode 0 --benchmarkId 29 in R:\artifacts\bin\side-metadata-benchmark\Release\net11.0\side-metadata-benchmark-Job-TZWPHG-1\bin\Release\net11.0
// BeforeAnythingElse

// Benchmark Process Environment Information:
// BenchmarkDotNet v0.16.0-preview.1
// Runtime=.NET 11.0.0 (11.0.0-preview.6.26359.118, 11.0.26.36018), X64 RyuJIT x86-64-v4
// GC=Concurrent Workstation
// HardwareIntrinsics=AVX512 BITALG+VBMI2+VNNI+VPOPCNTDQ,AVX512 IFMA+VBMI,AVX512 F+BW+CD+DQ+VL,AVX2+BMI1+BMI2+F16C+FMA+LZCNT+MOVBE,AVX,SSE3+SSSE3+SSE4.1+SSE4.2+POPCNT,X86Base+SSE+SSE2,AES+PCLMUL VectorSize=256
// Job: Job-TZWPHG(IterationCount=20, LaunchCount=3, WarmupCount=8)

WorkloadJitting  1: 20000 op, 451200.00 ns, 22.5600 ns/op
WorkloadJitting  2: 600000 op, 9161900.00 ns, 15.2698 ns/op
WorkloadJitting  3: 600000 op, 10242900.00 ns, 17.0715 ns/op
WorkloadJitting  4: 600000 op, 10084500.00 ns, 16.8075 ns/op
WorkloadJitting  5: 20000 op, 389600.00 ns, 19.4800 ns/op

WorkloadPilot    1: 20000 op, 405500.00 ns, 20.2750 ns/op

WorkloadPilot    1: 320000 op, 5573900.00 ns, 17.4184 ns/op
WorkloadPilot    2: 640000 op, 9816200.00 ns, 15.3378 ns/op
WorkloadPilot    3: 1280000 op, 19073400.00 ns, 14.9011 ns/op
WorkloadPilot    4: 2560000 op, 39044500.00 ns, 15.2518 ns/op
WorkloadPilot    5: 5120000 op, 76488800.00 ns, 14.9392 ns/op
WorkloadPilot    6: 10240000 op, 152279600.00 ns, 14.8711 ns/op
WorkloadPilot    7: 20480000 op, 306715200.00 ns, 14.9763 ns/op
WorkloadPilot    8: 40960000 op, 615067500.00 ns, 15.0163 ns/op

WorkloadWarmup   1: 40960000 op, 614521700.00 ns, 15.0030 ns/op
WorkloadWarmup   2: 40960000 op, 613138100.00 ns, 14.9692 ns/op
WorkloadWarmup   3: 40960000 op, 609995300.00 ns, 14.8925 ns/op
WorkloadWarmup   4: 40960000 op, 614136500.00 ns, 14.9936 ns/op
WorkloadWarmup   5: 40960000 op, 613483700.00 ns, 14.9776 ns/op
WorkloadWarmup   6: 40960000 op, 614731600.00 ns, 15.0081 ns/op
WorkloadWarmup   7: 40960000 op, 615090900.00 ns, 15.0169 ns/op
WorkloadWarmup   8: 40960000 op, 617203400.00 ns, 15.0684 ns/op

// BeforeActualRun
WorkloadActual   1: 40960000 op, 614452900.00 ns, 15.0013 ns/op
WorkloadActual   2: 40960000 op, 615261400.00 ns, 15.0210 ns/op
WorkloadActual   3: 40960000 op, 613210400.00 ns, 14.9710 ns/op
WorkloadActual   4: 40960000 op, 613922200.00 ns, 14.9883 ns/op
WorkloadActual   5: 40960000 op, 612472300.00 ns, 14.9529 ns/op
WorkloadActual   6: 40960000 op, 612540100.00 ns, 14.9546 ns/op
WorkloadActual   7: 40960000 op, 614640400.00 ns, 15.0059 ns/op
WorkloadActual   8: 40960000 op, 613868900.00 ns, 14.9870 ns/op
WorkloadActual   9: 40960000 op, 610747800.00 ns, 14.9108 ns/op
WorkloadActual  10: 40960000 op, 613579200.00 ns, 14.9800 ns/op
WorkloadActual  11: 40960000 op, 614999400.00 ns, 15.0146 ns/op
WorkloadActual  12: 40960000 op, 610602700.00 ns, 14.9073 ns/op
WorkloadActual  13: 40960000 op, 615281600.00 ns, 15.0215 ns/op
WorkloadActual  14: 40960000 op, 613618300.00 ns, 14.9809 ns/op
WorkloadActual  15: 40960000 op, 613255300.00 ns, 14.9721 ns/op
WorkloadActual  16: 40960000 op, 616406700.00 ns, 15.0490 ns/op
WorkloadActual  17: 40960000 op, 613837500.00 ns, 14.9863 ns/op
WorkloadActual  18: 40960000 op, 613206600.00 ns, 14.9709 ns/op
WorkloadActual  19: 40960000 op, 636887000.00 ns, 15.5490 ns/op
WorkloadActual  20: 40960000 op, 613325400.00 ns, 14.9738 ns/op

// AfterActualRun
WorkloadResult   1: 40960000 op, 614452900.00 ns, 15.0013 ns/op
WorkloadResult   2: 40960000 op, 615261400.00 ns, 15.0210 ns/op
WorkloadResult   3: 40960000 op, 613210400.00 ns, 14.9710 ns/op
WorkloadResult   4: 40960000 op, 613922200.00 ns, 14.9883 ns/op
WorkloadResult   5: 40960000 op, 612472300.00 ns, 14.9529 ns/op
WorkloadResult   6: 40960000 op, 612540100.00 ns, 14.9546 ns/op
WorkloadResult   7: 40960000 op, 614640400.00 ns, 15.0059 ns/op
WorkloadResult   8: 40960000 op, 613868900.00 ns, 14.9870 ns/op
WorkloadResult   9: 40960000 op, 610747800.00 ns, 14.9108 ns/op
WorkloadResult  10: 40960000 op, 613579200.00 ns, 14.9800 ns/op
WorkloadResult  11: 40960000 op, 614999400.00 ns, 15.0146 ns/op
WorkloadResult  12: 40960000 op, 610602700.00 ns, 14.9073 ns/op
WorkloadResult  13: 40960000 op, 615281600.00 ns, 15.0215 ns/op
WorkloadResult  14: 40960000 op, 613618300.00 ns, 14.9809 ns/op
WorkloadResult  15: 40960000 op, 613255300.00 ns, 14.9721 ns/op
WorkloadResult  16: 40960000 op, 616406700.00 ns, 15.0490 ns/op
WorkloadResult  17: 40960000 op, 613837500.00 ns, 14.9863 ns/op
WorkloadResult  18: 40960000 op, 613206600.00 ns, 14.9709 ns/op
WorkloadResult  19: 40960000 op, 613325400.00 ns, 14.9738 ns/op

// AfterAll
// Benchmark Process 39856 has exited with code 0.
// Launch: 3 / 3
// Execute: dotnet side-metadata-benchmark-Job-TZWPHG-1.dll --ipcPort 52438 --benchmarkName "P21.SideMetadataBenchmarks.FalseSharingSeparateLine(LogReferenceCountBits: 2)" --job "IterationCount=20, LaunchCount=3, WarmupCount=8" --diagnoserRunMode 0 --benchmarkId 29 in R:\artifacts\bin\side-metadata-benchmark\Release\net11.0\side-metadata-benchmark-Job-TZWPHG-1\bin\Release\net11.0
// BeforeAnythingElse

// Benchmark Process Environment Information:
// BenchmarkDotNet v0.16.0-preview.1
// Runtime=.NET 11.0.0 (11.0.0-preview.6.26359.118, 11.0.26.36018), X64 RyuJIT x86-64-v4
// GC=Concurrent Workstation
// HardwareIntrinsics=AVX512 BITALG+VBMI2+VNNI+VPOPCNTDQ,AVX512 IFMA+VBMI,AVX512 F+BW+CD+DQ+VL,AVX2+BMI1+BMI2+F16C+FMA+LZCNT+MOVBE,AVX,SSE3+SSSE3+SSE4.1+SSE4.2+POPCNT,X86Base+SSE+SSE2,AES+PCLMUL VectorSize=256
// Job: Job-TZWPHG(IterationCount=20, LaunchCount=3, WarmupCount=8)

WorkloadJitting  1: 20000 op, 473500.00 ns, 23.6750 ns/op
WorkloadJitting  2: 600000 op, 9236900.00 ns, 15.3948 ns/op
WorkloadJitting  3: 600000 op, 10216500.00 ns, 17.0275 ns/op
WorkloadJitting  4: 600000 op, 9765500.00 ns, 16.2758 ns/op
WorkloadJitting  5: 20000 op, 379000.00 ns, 18.9500 ns/op

WorkloadPilot    1: 20000 op, 419400.00 ns, 20.9700 ns/op

WorkloadPilot    1: 320000 op, 5747600.00 ns, 17.9613 ns/op
WorkloadPilot    2: 640000 op, 9922500.00 ns, 15.5039 ns/op
WorkloadPilot    3: 1280000 op, 19736500.00 ns, 15.4191 ns/op
WorkloadPilot    4: 2560000 op, 39541600.00 ns, 15.4459 ns/op
WorkloadPilot    5: 5120000 op, 77741500.00 ns, 15.1839 ns/op
WorkloadPilot    6: 10240000 op, 158623900.00 ns, 15.4906 ns/op
WorkloadPilot    7: 20480000 op, 316635200.00 ns, 15.4607 ns/op
WorkloadPilot    8: 40960000 op, 634436400.00 ns, 15.4892 ns/op

WorkloadWarmup   1: 40960000 op, 631739700.00 ns, 15.4233 ns/op
WorkloadWarmup   2: 40960000 op, 634015200.00 ns, 15.4789 ns/op
WorkloadWarmup   3: 40960000 op, 632249000.00 ns, 15.4358 ns/op
WorkloadWarmup   4: 40960000 op, 631447200.00 ns, 15.4162 ns/op
WorkloadWarmup   5: 40960000 op, 629956800.00 ns, 15.3798 ns/op
WorkloadWarmup   6: 40960000 op, 630675100.00 ns, 15.3973 ns/op
WorkloadWarmup   7: 40960000 op, 629911100.00 ns, 15.3787 ns/op
WorkloadWarmup   8: 40960000 op, 634107700.00 ns, 15.4811 ns/op

// BeforeActualRun
WorkloadActual   1: 40960000 op, 630413600.00 ns, 15.3910 ns/op
WorkloadActual   2: 40960000 op, 633359700.00 ns, 15.4629 ns/op
WorkloadActual   3: 40960000 op, 632080300.00 ns, 15.4316 ns/op
WorkloadActual   4: 40960000 op, 636921300.00 ns, 15.5498 ns/op
WorkloadActual   5: 40960000 op, 639153800.00 ns, 15.6043 ns/op
WorkloadActual   6: 40960000 op, 629465100.00 ns, 15.3678 ns/op
WorkloadActual   7: 40960000 op, 632181200.00 ns, 15.4341 ns/op
WorkloadActual   8: 40960000 op, 629681300.00 ns, 15.3731 ns/op
WorkloadActual   9: 40960000 op, 630343800.00 ns, 15.3893 ns/op
WorkloadActual  10: 40960000 op, 631013300.00 ns, 15.4056 ns/op
WorkloadActual  11: 40960000 op, 631902400.00 ns, 15.4273 ns/op
WorkloadActual  12: 40960000 op, 630911200.00 ns, 15.4031 ns/op
WorkloadActual  13: 40960000 op, 631334700.00 ns, 15.4134 ns/op
WorkloadActual  14: 40960000 op, 632705300.00 ns, 15.4469 ns/op
WorkloadActual  15: 40960000 op, 652291100.00 ns, 15.9251 ns/op
WorkloadActual  16: 40960000 op, 633142200.00 ns, 15.4576 ns/op
WorkloadActual  17: 40960000 op, 630888000.00 ns, 15.4025 ns/op
WorkloadActual  18: 40960000 op, 633478500.00 ns, 15.4658 ns/op
WorkloadActual  19: 40960000 op, 630506500.00 ns, 15.3932 ns/op
WorkloadActual  20: 40960000 op, 634285400.00 ns, 15.4855 ns/op

// AfterActualRun
WorkloadResult   1: 40960000 op, 630413600.00 ns, 15.3910 ns/op
WorkloadResult   2: 40960000 op, 633359700.00 ns, 15.4629 ns/op
WorkloadResult   3: 40960000 op, 632080300.00 ns, 15.4316 ns/op
WorkloadResult   4: 40960000 op, 636921300.00 ns, 15.5498 ns/op
WorkloadResult   5: 40960000 op, 629465100.00 ns, 15.3678 ns/op
WorkloadResult   6: 40960000 op, 632181200.00 ns, 15.4341 ns/op
WorkloadResult   7: 40960000 op, 629681300.00 ns, 15.3731 ns/op
WorkloadResult   8: 40960000 op, 630343800.00 ns, 15.3893 ns/op
WorkloadResult   9: 40960000 op, 631013300.00 ns, 15.4056 ns/op
WorkloadResult  10: 40960000 op, 631902400.00 ns, 15.4273 ns/op
WorkloadResult  11: 40960000 op, 630911200.00 ns, 15.4031 ns/op
WorkloadResult  12: 40960000 op, 631334700.00 ns, 15.4134 ns/op
WorkloadResult  13: 40960000 op, 632705300.00 ns, 15.4469 ns/op
WorkloadResult  14: 40960000 op, 633142200.00 ns, 15.4576 ns/op
WorkloadResult  15: 40960000 op, 630888000.00 ns, 15.4025 ns/op
WorkloadResult  16: 40960000 op, 633478500.00 ns, 15.4658 ns/op
WorkloadResult  17: 40960000 op, 630506500.00 ns, 15.3932 ns/op
WorkloadResult  18: 40960000 op, 634285400.00 ns, 15.4855 ns/op

// AfterAll
// Benchmark Process 21648 has exited with code 0.

Mean = 15.230 ns, StdErr = 0.026 ns (0.17%), N = 56, StdDev = 0.192 ns
Min = 14.907 ns, Q1 = 15.005 ns, Median = 15.284 ns, Q3 = 15.392 ns, Max = 15.550 ns
IQR = 0.387 ns, LowerFence = 14.425 ns, UpperFence = 15.972 ns
ConfidenceInterval = [15.141 ns; 15.320 ns] (CI 99.9%), Margin = 0.089 ns (0.59% of Mean)
Skewness = -0.35, Kurtosis = 1.56, MValue = 2

// ** Remained 15 (33.3%) benchmark(s) to run. Estimated finish 2026-08-31 20:16 (0h 18m from now) **
Setup power plan (GUID: 8c5e7fda-e8bf-4a96-9a85-a6e23a8c635c FriendlyName: High performance)
// **************************
// Benchmark: SideMetadataBenchmarks.MapAndLoad: Job-TZWPHG(IterationCount=20, LaunchCount=3, WarmupCount=8) [LogReferenceCountBits=3]
// *** Execute ***
// Launch: 1 / 3
// Execute: dotnet side-metadata-benchmark-Job-TZWPHG-1.dll --ipcPort 52464 --benchmarkName "P21.SideMetadataBenchmarks.MapAndLoad(LogReferenceCountBits: 3)" --job "IterationCount=20, LaunchCount=3, WarmupCount=8" --diagnoserRunMode 0 --benchmarkId 30 in R:\artifacts\bin\side-metadata-benchmark\Release\net11.0\side-metadata-benchmark-Job-TZWPHG-1\bin\Release\net11.0
// BeforeAnythingElse

// Benchmark Process Environment Information:
// BenchmarkDotNet v0.16.0-preview.1
// Runtime=.NET 11.0.0 (11.0.0-preview.6.26359.118, 11.0.26.36018), X64 RyuJIT x86-64-v4
// GC=Concurrent Workstation
// HardwareIntrinsics=AVX512 BITALG+VBMI2+VNNI+VPOPCNTDQ,AVX512 IFMA+VBMI,AVX512 F+BW+CD+DQ+VL,AVX2+BMI1+BMI2+F16C+FMA+LZCNT+MOVBE,AVX,SSE3+SSSE3+SSE4.1+SSE4.2+POPCNT,X86Base+SSE+SSE2,AES+PCLMUL VectorSize=256
// Job: Job-TZWPHG(IterationCount=20, LaunchCount=3, WarmupCount=8)

WorkloadJitting  1: 4096 op, 133900.00 ns, 32.6904 ns/op
WorkloadJitting  2: 122880 op, 2262600.00 ns, 18.4131 ns/op
WorkloadJitting  3: 122880 op, 2261000.00 ns, 18.4001 ns/op
WorkloadJitting  4: 122880 op, 2255000.00 ns, 18.3512 ns/op
WorkloadJitting  5: 4096 op, 94900.00 ns, 23.1689 ns/op

WorkloadPilot    1: 4096 op, 75600.00 ns, 18.4570 ns/op

WorkloadPilot    1: 65536 op, 1189800.00 ns, 18.1549 ns/op
WorkloadPilot    2: 131072 op, 2415600.00 ns, 18.4296 ns/op
WorkloadPilot    3: 262144 op, 4843100.00 ns, 18.4750 ns/op
WorkloadPilot    4: 524288 op, 9650400.00 ns, 18.4067 ns/op
WorkloadPilot    5: 1048576 op, 19221900.00 ns, 18.3314 ns/op
WorkloadPilot    6: 2097152 op, 38470900.00 ns, 18.3444 ns/op
WorkloadPilot    7: 4194304 op, 76992600.00 ns, 18.3565 ns/op
WorkloadPilot    8: 8388608 op, 154142200.00 ns, 18.3752 ns/op
WorkloadPilot    9: 16777216 op, 308892300.00 ns, 18.4114 ns/op
WorkloadPilot   10: 33554432 op, 619719900.00 ns, 18.4691 ns/op

WorkloadWarmup   1: 33554432 op, 616610400.00 ns, 18.3764 ns/op
WorkloadWarmup   2: 33554432 op, 618191700.00 ns, 18.4235 ns/op
WorkloadWarmup   3: 33554432 op, 616286600.00 ns, 18.3668 ns/op
WorkloadWarmup   4: 33554432 op, 617226300.00 ns, 18.3948 ns/op
WorkloadWarmup   5: 33554432 op, 618059200.00 ns, 18.4196 ns/op
WorkloadWarmup   6: 33554432 op, 619454400.00 ns, 18.4612 ns/op
WorkloadWarmup   7: 33554432 op, 616238200.00 ns, 18.3653 ns/op
WorkloadWarmup   8: 33554432 op, 618583700.00 ns, 18.4352 ns/op

// BeforeActualRun
WorkloadActual   1: 33554432 op, 618463700.00 ns, 18.4317 ns/op
WorkloadActual   2: 33554432 op, 618493600.00 ns, 18.4325 ns/op
WorkloadActual   3: 33554432 op, 617316200.00 ns, 18.3975 ns/op
WorkloadActual   4: 33554432 op, 616574900.00 ns, 18.3754 ns/op
WorkloadActual   5: 33554432 op, 616946000.00 ns, 18.3864 ns/op
WorkloadActual   6: 33554432 op, 619613300.00 ns, 18.4659 ns/op
WorkloadActual   7: 33554432 op, 614799700.00 ns, 18.3225 ns/op
WorkloadActual   8: 33554432 op, 617023000.00 ns, 18.3887 ns/op
WorkloadActual   9: 33554432 op, 616917500.00 ns, 18.3856 ns/op
WorkloadActual  10: 33554432 op, 614962200.00 ns, 18.3273 ns/op
WorkloadActual  11: 33554432 op, 624757200.00 ns, 18.6192 ns/op
WorkloadActual  12: 33554432 op, 620183500.00 ns, 18.4829 ns/op
WorkloadActual  13: 33554432 op, 616597400.00 ns, 18.3760 ns/op
WorkloadActual  14: 33554432 op, 616322300.00 ns, 18.3678 ns/op
WorkloadActual  15: 33554432 op, 620200500.00 ns, 18.4834 ns/op
WorkloadActual  16: 33554432 op, 618019700.00 ns, 18.4184 ns/op
WorkloadActual  17: 33554432 op, 615960800.00 ns, 18.3571 ns/op
WorkloadActual  18: 33554432 op, 616926100.00 ns, 18.3858 ns/op
WorkloadActual  19: 33554432 op, 616128700.00 ns, 18.3621 ns/op
WorkloadActual  20: 33554432 op, 617263200.00 ns, 18.3959 ns/op

// AfterActualRun
WorkloadResult   1: 33554432 op, 618463700.00 ns, 18.4317 ns/op
WorkloadResult   2: 33554432 op, 618493600.00 ns, 18.4325 ns/op
WorkloadResult   3: 33554432 op, 617316200.00 ns, 18.3975 ns/op
WorkloadResult   4: 33554432 op, 616574900.00 ns, 18.3754 ns/op
WorkloadResult   5: 33554432 op, 616946000.00 ns, 18.3864 ns/op
WorkloadResult   6: 33554432 op, 619613300.00 ns, 18.4659 ns/op
WorkloadResult   7: 33554432 op, 614799700.00 ns, 18.3225 ns/op
WorkloadResult   8: 33554432 op, 617023000.00 ns, 18.3887 ns/op
WorkloadResult   9: 33554432 op, 616917500.00 ns, 18.3856 ns/op
WorkloadResult  10: 33554432 op, 614962200.00 ns, 18.3273 ns/op
WorkloadResult  11: 33554432 op, 620183500.00 ns, 18.4829 ns/op
WorkloadResult  12: 33554432 op, 616597400.00 ns, 18.3760 ns/op
WorkloadResult  13: 33554432 op, 616322300.00 ns, 18.3678 ns/op
WorkloadResult  14: 33554432 op, 620200500.00 ns, 18.4834 ns/op
WorkloadResult  15: 33554432 op, 618019700.00 ns, 18.4184 ns/op
WorkloadResult  16: 33554432 op, 615960800.00 ns, 18.3571 ns/op
WorkloadResult  17: 33554432 op, 616926100.00 ns, 18.3858 ns/op
WorkloadResult  18: 33554432 op, 616128700.00 ns, 18.3621 ns/op
WorkloadResult  19: 33554432 op, 617263200.00 ns, 18.3959 ns/op

// AfterAll
// Benchmark Process 1632 has exited with code 0.
// Launch: 2 / 3
// Execute: dotnet side-metadata-benchmark-Job-TZWPHG-1.dll --ipcPort 52482 --benchmarkName "P21.SideMetadataBenchmarks.MapAndLoad(LogReferenceCountBits: 3)" --job "IterationCount=20, LaunchCount=3, WarmupCount=8" --diagnoserRunMode 0 --benchmarkId 30 in R:\artifacts\bin\side-metadata-benchmark\Release\net11.0\side-metadata-benchmark-Job-TZWPHG-1\bin\Release\net11.0
// BeforeAnythingElse

// Benchmark Process Environment Information:
// BenchmarkDotNet v0.16.0-preview.1
// Runtime=.NET 11.0.0 (11.0.0-preview.6.26359.118, 11.0.26.36018), X64 RyuJIT x86-64-v4
// GC=Concurrent Workstation
// HardwareIntrinsics=AVX512 BITALG+VBMI2+VNNI+VPOPCNTDQ,AVX512 IFMA+VBMI,AVX512 F+BW+CD+DQ+VL,AVX2+BMI1+BMI2+F16C+FMA+LZCNT+MOVBE,AVX,SSE3+SSSE3+SSE4.1+SSE4.2+POPCNT,X86Base+SSE+SSE2,AES+PCLMUL VectorSize=256
// Job: Job-TZWPHG(IterationCount=20, LaunchCount=3, WarmupCount=8)

WorkloadJitting  1: 4096 op, 129100.00 ns, 31.5186 ns/op
WorkloadJitting  2: 122880 op, 2263400.00 ns, 18.4196 ns/op
WorkloadJitting  3: 122880 op, 2458400.00 ns, 20.0065 ns/op
WorkloadJitting  4: 122880 op, 2258700.00 ns, 18.3813 ns/op
WorkloadJitting  5: 4096 op, 76500.00 ns, 18.6768 ns/op

WorkloadPilot    1: 4096 op, 78600.00 ns, 19.1895 ns/op

WorkloadPilot    1: 65536 op, 1231100.00 ns, 18.7851 ns/op
WorkloadPilot    2: 131072 op, 2415800.00 ns, 18.4311 ns/op
WorkloadPilot    3: 262144 op, 4835400.00 ns, 18.4456 ns/op
WorkloadPilot    4: 524288 op, 9643200.00 ns, 18.3929 ns/op
WorkloadPilot    5: 1048576 op, 19196000.00 ns, 18.3067 ns/op
WorkloadPilot    6: 2097152 op, 38426600.00 ns, 18.3232 ns/op
WorkloadPilot    7: 4194304 op, 77696900.00 ns, 18.5244 ns/op
WorkloadPilot    8: 8388608 op, 153962800.00 ns, 18.3538 ns/op
WorkloadPilot    9: 16777216 op, 314897000.00 ns, 18.7693 ns/op
WorkloadPilot   10: 33554432 op, 620931400.00 ns, 18.5052 ns/op

WorkloadWarmup   1: 33554432 op, 617899900.00 ns, 18.4149 ns/op
WorkloadWarmup   2: 33554432 op, 616311700.00 ns, 18.3675 ns/op
WorkloadWarmup   3: 33554432 op, 615887000.00 ns, 18.3549 ns/op
WorkloadWarmup   4: 33554432 op, 618814600.00 ns, 18.4421 ns/op
WorkloadWarmup   5: 33554432 op, 619011700.00 ns, 18.4480 ns/op
WorkloadWarmup   6: 33554432 op, 621508500.00 ns, 18.5224 ns/op
WorkloadWarmup   7: 33554432 op, 622133000.00 ns, 18.5410 ns/op
WorkloadWarmup   8: 33554432 op, 618259600.00 ns, 18.4256 ns/op

// BeforeActualRun
WorkloadActual   1: 33554432 op, 618371600.00 ns, 18.4289 ns/op
WorkloadActual   2: 33554432 op, 620648900.00 ns, 18.4968 ns/op
WorkloadActual   3: 33554432 op, 618318400.00 ns, 18.4273 ns/op
WorkloadActual   4: 33554432 op, 618129700.00 ns, 18.4217 ns/op
WorkloadActual   5: 33554432 op, 617086100.00 ns, 18.3906 ns/op
WorkloadActual   6: 33554432 op, 618982500.00 ns, 18.4471 ns/op
WorkloadActual   7: 33554432 op, 617819000.00 ns, 18.4124 ns/op
WorkloadActual   8: 33554432 op, 631607200.00 ns, 18.8234 ns/op
WorkloadActual   9: 33554432 op, 619522900.00 ns, 18.4632 ns/op
WorkloadActual  10: 33554432 op, 620463500.00 ns, 18.4913 ns/op
WorkloadActual  11: 33554432 op, 621128200.00 ns, 18.5111 ns/op
WorkloadActual  12: 33554432 op, 618787500.00 ns, 18.4413 ns/op
WorkloadActual  13: 33554432 op, 618105200.00 ns, 18.4210 ns/op
WorkloadActual  14: 33554432 op, 616272500.00 ns, 18.3664 ns/op
WorkloadActual  15: 33554432 op, 618239800.00 ns, 18.4250 ns/op
WorkloadActual  16: 33554432 op, 623916100.00 ns, 18.5941 ns/op
WorkloadActual  17: 33554432 op, 616441300.00 ns, 18.3714 ns/op
WorkloadActual  18: 33554432 op, 618732900.00 ns, 18.4397 ns/op
WorkloadActual  19: 33554432 op, 618664400.00 ns, 18.4376 ns/op
WorkloadActual  20: 33554432 op, 616677900.00 ns, 18.3784 ns/op

// AfterActualRun
WorkloadResult   1: 33554432 op, 618371600.00 ns, 18.4289 ns/op
WorkloadResult   2: 33554432 op, 620648900.00 ns, 18.4968 ns/op
WorkloadResult   3: 33554432 op, 618318400.00 ns, 18.4273 ns/op
WorkloadResult   4: 33554432 op, 618129700.00 ns, 18.4217 ns/op
WorkloadResult   5: 33554432 op, 617086100.00 ns, 18.3906 ns/op
WorkloadResult   6: 33554432 op, 618982500.00 ns, 18.4471 ns/op
WorkloadResult   7: 33554432 op, 617819000.00 ns, 18.4124 ns/op
WorkloadResult   8: 33554432 op, 619522900.00 ns, 18.4632 ns/op
WorkloadResult   9: 33554432 op, 620463500.00 ns, 18.4913 ns/op
WorkloadResult  10: 33554432 op, 621128200.00 ns, 18.5111 ns/op
WorkloadResult  11: 33554432 op, 618787500.00 ns, 18.4413 ns/op
WorkloadResult  12: 33554432 op, 618105200.00 ns, 18.4210 ns/op
WorkloadResult  13: 33554432 op, 616272500.00 ns, 18.3664 ns/op
WorkloadResult  14: 33554432 op, 618239800.00 ns, 18.4250 ns/op
WorkloadResult  15: 33554432 op, 616441300.00 ns, 18.3714 ns/op
WorkloadResult  16: 33554432 op, 618732900.00 ns, 18.4397 ns/op
WorkloadResult  17: 33554432 op, 618664400.00 ns, 18.4376 ns/op
WorkloadResult  18: 33554432 op, 616677900.00 ns, 18.3784 ns/op

// AfterAll
// Benchmark Process 35492 has exited with code 0.
// Launch: 3 / 3
// Execute: dotnet side-metadata-benchmark-Job-TZWPHG-1.dll --ipcPort 52503 --benchmarkName "P21.SideMetadataBenchmarks.MapAndLoad(LogReferenceCountBits: 3)" --job "IterationCount=20, LaunchCount=3, WarmupCount=8" --diagnoserRunMode 0 --benchmarkId 30 in R:\artifacts\bin\side-metadata-benchmark\Release\net11.0\side-metadata-benchmark-Job-TZWPHG-1\bin\Release\net11.0
// BeforeAnythingElse

// Benchmark Process Environment Information:
// BenchmarkDotNet v0.16.0-preview.1
// Runtime=.NET 11.0.0 (11.0.0-preview.6.26359.118, 11.0.26.36018), X64 RyuJIT x86-64-v4
// GC=Concurrent Workstation
// HardwareIntrinsics=AVX512 BITALG+VBMI2+VNNI+VPOPCNTDQ,AVX512 IFMA+VBMI,AVX512 F+BW+CD+DQ+VL,AVX2+BMI1+BMI2+F16C+FMA+LZCNT+MOVBE,AVX,SSE3+SSSE3+SSE4.1+SSE4.2+POPCNT,X86Base+SSE+SSE2,AES+PCLMUL VectorSize=256
// Job: Job-TZWPHG(IterationCount=20, LaunchCount=3, WarmupCount=8)

WorkloadJitting  1: 4096 op, 128000.00 ns, 31.2500 ns/op
WorkloadJitting  2: 122880 op, 2292700.00 ns, 18.6580 ns/op
WorkloadJitting  3: 122880 op, 2272300.00 ns, 18.4920 ns/op
WorkloadJitting  4: 122880 op, 2292300.00 ns, 18.6548 ns/op
WorkloadJitting  5: 4096 op, 77700.00 ns, 18.9697 ns/op

WorkloadPilot    1: 4096 op, 77100.00 ns, 18.8232 ns/op

WorkloadPilot    1: 65536 op, 1207100.00 ns, 18.4189 ns/op
WorkloadPilot    2: 131072 op, 2461700.00 ns, 18.7813 ns/op
WorkloadPilot    3: 262144 op, 4848400.00 ns, 18.4952 ns/op
WorkloadPilot    4: 524288 op, 9629900.00 ns, 18.3676 ns/op
WorkloadPilot    5: 1048576 op, 19222000.00 ns, 18.3315 ns/op
WorkloadPilot    6: 2097152 op, 39972300.00 ns, 19.0603 ns/op
WorkloadPilot    7: 4194304 op, 76815900.00 ns, 18.3143 ns/op
WorkloadPilot    8: 8388608 op, 154329400.00 ns, 18.3975 ns/op
WorkloadPilot    9: 16777216 op, 308114600.00 ns, 18.3651 ns/op
WorkloadPilot   10: 33554432 op, 618798300.00 ns, 18.4416 ns/op

WorkloadWarmup   1: 33554432 op, 616245600.00 ns, 18.3656 ns/op
WorkloadWarmup   2: 33554432 op, 619260200.00 ns, 18.4554 ns/op
WorkloadWarmup   3: 33554432 op, 616078500.00 ns, 18.3606 ns/op
WorkloadWarmup   4: 33554432 op, 616444600.00 ns, 18.3715 ns/op
WorkloadWarmup   5: 33554432 op, 617878000.00 ns, 18.4142 ns/op
WorkloadWarmup   6: 33554432 op, 617109200.00 ns, 18.3913 ns/op
WorkloadWarmup   7: 33554432 op, 616727200.00 ns, 18.3799 ns/op
WorkloadWarmup   8: 33554432 op, 618926400.00 ns, 18.4454 ns/op

// BeforeActualRun
WorkloadActual   1: 33554432 op, 617549200.00 ns, 18.4044 ns/op
WorkloadActual   2: 33554432 op, 618242800.00 ns, 18.4251 ns/op
WorkloadActual   3: 33554432 op, 621098000.00 ns, 18.5102 ns/op
WorkloadActual   4: 33554432 op, 617051500.00 ns, 18.3896 ns/op
WorkloadActual   5: 33554432 op, 645368500.00 ns, 19.2335 ns/op
WorkloadActual   6: 33554432 op, 618380600.00 ns, 18.4292 ns/op
WorkloadActual   7: 33554432 op, 617953500.00 ns, 18.4164 ns/op
WorkloadActual   8: 33554432 op, 618566700.00 ns, 18.4347 ns/op
WorkloadActual   9: 33554432 op, 618840400.00 ns, 18.4429 ns/op
WorkloadActual  10: 33554432 op, 616863600.00 ns, 18.3840 ns/op
WorkloadActual  11: 33554432 op, 619044100.00 ns, 18.4490 ns/op
WorkloadActual  12: 33554432 op, 619812100.00 ns, 18.4718 ns/op
WorkloadActual  13: 33554432 op, 617015200.00 ns, 18.3885 ns/op
WorkloadActual  14: 33554432 op, 618478600.00 ns, 18.4321 ns/op
WorkloadActual  15: 33554432 op, 617726500.00 ns, 18.4097 ns/op
WorkloadActual  16: 33554432 op, 615539400.00 ns, 18.3445 ns/op
WorkloadActual  17: 33554432 op, 617421700.00 ns, 18.4006 ns/op
WorkloadActual  18: 33554432 op, 616535100.00 ns, 18.3742 ns/op
WorkloadActual  19: 33554432 op, 617965100.00 ns, 18.4168 ns/op
WorkloadActual  20: 33554432 op, 618273000.00 ns, 18.4260 ns/op

// AfterActualRun
WorkloadResult   1: 33554432 op, 617549200.00 ns, 18.4044 ns/op
WorkloadResult   2: 33554432 op, 618242800.00 ns, 18.4251 ns/op
WorkloadResult   3: 33554432 op, 617051500.00 ns, 18.3896 ns/op
WorkloadResult   4: 33554432 op, 618380600.00 ns, 18.4292 ns/op
WorkloadResult   5: 33554432 op, 617953500.00 ns, 18.4164 ns/op
WorkloadResult   6: 33554432 op, 618566700.00 ns, 18.4347 ns/op
WorkloadResult   7: 33554432 op, 618840400.00 ns, 18.4429 ns/op
WorkloadResult   8: 33554432 op, 616863600.00 ns, 18.3840 ns/op
WorkloadResult   9: 33554432 op, 619044100.00 ns, 18.4490 ns/op
WorkloadResult  10: 33554432 op, 619812100.00 ns, 18.4718 ns/op
WorkloadResult  11: 33554432 op, 617015200.00 ns, 18.3885 ns/op
WorkloadResult  12: 33554432 op, 618478600.00 ns, 18.4321 ns/op
WorkloadResult  13: 33554432 op, 617726500.00 ns, 18.4097 ns/op
WorkloadResult  14: 33554432 op, 615539400.00 ns, 18.3445 ns/op
WorkloadResult  15: 33554432 op, 617421700.00 ns, 18.4006 ns/op
WorkloadResult  16: 33554432 op, 616535100.00 ns, 18.3742 ns/op
WorkloadResult  17: 33554432 op, 617965100.00 ns, 18.4168 ns/op
WorkloadResult  18: 33554432 op, 618273000.00 ns, 18.4260 ns/op

// AfterAll
// Benchmark Process 23512 has exited with code 0.

Mean = 18.414 ns, StdErr = 0.006 ns (0.03%), N = 55, StdDev = 0.042 ns
Min = 18.322 ns, Q1 = 18.386 ns, Median = 18.417 ns, Q3 = 18.436 ns, Max = 18.511 ns
IQR = 0.050 ns, LowerFence = 18.310 ns, UpperFence = 18.512 ns
ConfidenceInterval = [18.394 ns; 18.433 ns] (CI 99.9%), Margin = 0.019 ns (0.11% of Mean)
Skewness = 0.15, Kurtosis = 2.69, MValue = 2

// ** Remained 14 (31.1%) benchmark(s) to run. Estimated finish 2026-08-31 20:16 (0h 16m from now) **
Setup power plan (GUID: 8c5e7fda-e8bf-4a96-9a85-a6e23a8c635c FriendlyName: High performance)
// **************************
// Benchmark: SideMetadataBenchmarks.MapAndLoadControl: Job-TZWPHG(IterationCount=20, LaunchCount=3, WarmupCount=8) [LogReferenceCountBits=3]
// *** Execute ***
// Launch: 1 / 3
// Execute: dotnet side-metadata-benchmark-Job-TZWPHG-1.dll --ipcPort 52529 --benchmarkName "P21.SideMetadataBenchmarks.MapAndLoadControl(LogReferenceCountBits: 3)" --job "IterationCount=20, LaunchCount=3, WarmupCount=8" --diagnoserRunMode 0 --benchmarkId 31 in R:\artifacts\bin\side-metadata-benchmark\Release\net11.0\side-metadata-benchmark-Job-TZWPHG-1\bin\Release\net11.0
// BeforeAnythingElse

// Benchmark Process Environment Information:
// BenchmarkDotNet v0.16.0-preview.1
// Runtime=.NET 11.0.0 (11.0.0-preview.6.26359.118, 11.0.26.36018), X64 RyuJIT x86-64-v4
// GC=Concurrent Workstation
// HardwareIntrinsics=AVX512 BITALG+VBMI2+VNNI+VPOPCNTDQ,AVX512 IFMA+VBMI,AVX512 F+BW+CD+DQ+VL,AVX2+BMI1+BMI2+F16C+FMA+LZCNT+MOVBE,AVX,SSE3+SSSE3+SSE4.1+SSE4.2+POPCNT,X86Base+SSE+SSE2,AES+PCLMUL VectorSize=256
// Job: Job-TZWPHG(IterationCount=20, LaunchCount=3, WarmupCount=8)

WorkloadJitting  1: 4096 op, 130900.00 ns, 31.9580 ns/op
WorkloadJitting  2: 122880 op, 2285100.00 ns, 18.5962 ns/op
WorkloadJitting  3: 122880 op, 2298200.00 ns, 18.7028 ns/op
WorkloadJitting  4: 122880 op, 2261900.00 ns, 18.4074 ns/op
WorkloadJitting  5: 4096 op, 79000.00 ns, 19.2871 ns/op

WorkloadPilot    1: 4096 op, 77300.00 ns, 18.8721 ns/op

WorkloadPilot    1: 65536 op, 1209100.00 ns, 18.4494 ns/op
WorkloadPilot    2: 131072 op, 2430500.00 ns, 18.5432 ns/op
WorkloadPilot    3: 262144 op, 4847600.00 ns, 18.4921 ns/op
WorkloadPilot    4: 524288 op, 9661500.00 ns, 18.4278 ns/op
WorkloadPilot    5: 1048576 op, 19210800.00 ns, 18.3208 ns/op
WorkloadPilot    6: 2097152 op, 38566300.00 ns, 18.3898 ns/op
WorkloadPilot    7: 4194304 op, 76927100.00 ns, 18.3408 ns/op
WorkloadPilot    8: 8388608 op, 156560000.00 ns, 18.6634 ns/op
WorkloadPilot    9: 16777216 op, 307729500.00 ns, 18.3421 ns/op
WorkloadPilot   10: 33554432 op, 618399600.00 ns, 18.4297 ns/op

WorkloadWarmup   1: 33554432 op, 615571100.00 ns, 18.3454 ns/op
WorkloadWarmup   2: 33554432 op, 617970100.00 ns, 18.4169 ns/op
WorkloadWarmup   3: 33554432 op, 617512000.00 ns, 18.4033 ns/op
WorkloadWarmup   4: 33554432 op, 622154800.00 ns, 18.5417 ns/op
WorkloadWarmup   5: 33554432 op, 621098400.00 ns, 18.5102 ns/op
WorkloadWarmup   6: 33554432 op, 619292100.00 ns, 18.4563 ns/op
WorkloadWarmup   7: 33554432 op, 618611600.00 ns, 18.4361 ns/op
WorkloadWarmup   8: 33554432 op, 620070800.00 ns, 18.4795 ns/op

// BeforeActualRun
WorkloadActual   1: 33554432 op, 624372400.00 ns, 18.6077 ns/op
WorkloadActual   2: 33554432 op, 617360600.00 ns, 18.3988 ns/op
WorkloadActual   3: 33554432 op, 618423500.00 ns, 18.4305 ns/op
WorkloadActual   4: 33554432 op, 619536300.00 ns, 18.4636 ns/op
WorkloadActual   5: 33554432 op, 618239600.00 ns, 18.4250 ns/op
WorkloadActual   6: 33554432 op, 618868400.00 ns, 18.4437 ns/op
WorkloadActual   7: 33554432 op, 616457400.00 ns, 18.3719 ns/op
WorkloadActual   8: 33554432 op, 618181600.00 ns, 18.4232 ns/op
WorkloadActual   9: 33554432 op, 618100300.00 ns, 18.4208 ns/op
WorkloadActual  10: 33554432 op, 618609600.00 ns, 18.4360 ns/op
WorkloadActual  11: 33554432 op, 617584900.00 ns, 18.4055 ns/op
WorkloadActual  12: 33554432 op, 616701500.00 ns, 18.3791 ns/op
WorkloadActual  13: 33554432 op, 618332600.00 ns, 18.4277 ns/op
WorkloadActual  14: 33554432 op, 620709900.00 ns, 18.4986 ns/op
WorkloadActual  15: 33554432 op, 624529500.00 ns, 18.6124 ns/op
WorkloadActual  16: 33554432 op, 618183100.00 ns, 18.4233 ns/op
WorkloadActual  17: 33554432 op, 617692200.00 ns, 18.4087 ns/op
WorkloadActual  18: 33554432 op, 619603900.00 ns, 18.4656 ns/op
WorkloadActual  19: 33554432 op, 615905200.00 ns, 18.3554 ns/op
WorkloadActual  20: 33554432 op, 617827100.00 ns, 18.4127 ns/op

// AfterActualRun
WorkloadResult   1: 33554432 op, 617360600.00 ns, 18.3988 ns/op
WorkloadResult   2: 33554432 op, 618423500.00 ns, 18.4305 ns/op
WorkloadResult   3: 33554432 op, 619536300.00 ns, 18.4636 ns/op
WorkloadResult   4: 33554432 op, 618239600.00 ns, 18.4250 ns/op
WorkloadResult   5: 33554432 op, 618868400.00 ns, 18.4437 ns/op
WorkloadResult   6: 33554432 op, 616457400.00 ns, 18.3719 ns/op
WorkloadResult   7: 33554432 op, 618181600.00 ns, 18.4232 ns/op
WorkloadResult   8: 33554432 op, 618100300.00 ns, 18.4208 ns/op
WorkloadResult   9: 33554432 op, 618609600.00 ns, 18.4360 ns/op
WorkloadResult  10: 33554432 op, 617584900.00 ns, 18.4055 ns/op
WorkloadResult  11: 33554432 op, 616701500.00 ns, 18.3791 ns/op
WorkloadResult  12: 33554432 op, 618332600.00 ns, 18.4277 ns/op
WorkloadResult  13: 33554432 op, 620709900.00 ns, 18.4986 ns/op
WorkloadResult  14: 33554432 op, 618183100.00 ns, 18.4233 ns/op
WorkloadResult  15: 33554432 op, 617692200.00 ns, 18.4087 ns/op
WorkloadResult  16: 33554432 op, 619603900.00 ns, 18.4656 ns/op
WorkloadResult  17: 33554432 op, 615905200.00 ns, 18.3554 ns/op
WorkloadResult  18: 33554432 op, 617827100.00 ns, 18.4127 ns/op

// AfterAll
// Benchmark Process 20896 has exited with code 0.
// Launch: 2 / 3
// Execute: dotnet side-metadata-benchmark-Job-TZWPHG-1.dll --ipcPort 52552 --benchmarkName "P21.SideMetadataBenchmarks.MapAndLoadControl(LogReferenceCountBits: 3)" --job "IterationCount=20, LaunchCount=3, WarmupCount=8" --diagnoserRunMode 0 --benchmarkId 31 in R:\artifacts\bin\side-metadata-benchmark\Release\net11.0\side-metadata-benchmark-Job-TZWPHG-1\bin\Release\net11.0
// BeforeAnythingElse

// Benchmark Process Environment Information:
// BenchmarkDotNet v0.16.0-preview.1
// Runtime=.NET 11.0.0 (11.0.0-preview.6.26359.118, 11.0.26.36018), X64 RyuJIT x86-64-v4
// GC=Concurrent Workstation
// HardwareIntrinsics=AVX512 BITALG+VBMI2+VNNI+VPOPCNTDQ,AVX512 IFMA+VBMI,AVX512 F+BW+CD+DQ+VL,AVX2+BMI1+BMI2+F16C+FMA+LZCNT+MOVBE,AVX,SSE3+SSSE3+SSE4.1+SSE4.2+POPCNT,X86Base+SSE+SSE2,AES+PCLMUL VectorSize=256
// Job: Job-TZWPHG(IterationCount=20, LaunchCount=3, WarmupCount=8)

WorkloadJitting  1: 4096 op, 130300.00 ns, 31.8115 ns/op
WorkloadJitting  2: 122880 op, 2272900.00 ns, 18.4969 ns/op
WorkloadJitting  3: 122880 op, 2287500.00 ns, 18.6157 ns/op
WorkloadJitting  4: 122880 op, 2542800.00 ns, 20.6934 ns/op
WorkloadJitting  5: 4096 op, 96400.00 ns, 23.5352 ns/op

WorkloadPilot    1: 4096 op, 95100.00 ns, 23.2178 ns/op

WorkloadPilot    1: 65536 op, 1218300.00 ns, 18.5898 ns/op
WorkloadPilot    2: 131072 op, 2421500.00 ns, 18.4746 ns/op
WorkloadPilot    3: 262144 op, 4866200.00 ns, 18.5631 ns/op
WorkloadPilot    4: 524288 op, 9622100.00 ns, 18.3527 ns/op
WorkloadPilot    5: 1048576 op, 19332600.00 ns, 18.4370 ns/op
WorkloadPilot    6: 2097152 op, 38466900.00 ns, 18.3424 ns/op
WorkloadPilot    7: 4194304 op, 77106000.00 ns, 18.3835 ns/op
WorkloadPilot    8: 8388608 op, 153942900.00 ns, 18.3514 ns/op
WorkloadPilot    9: 16777216 op, 310001300.00 ns, 18.4775 ns/op
WorkloadPilot   10: 33554432 op, 616250200.00 ns, 18.3657 ns/op

WorkloadWarmup   1: 33554432 op, 616179400.00 ns, 18.3636 ns/op
WorkloadWarmup   2: 33554432 op, 617885600.00 ns, 18.4144 ns/op
WorkloadWarmup   3: 33554432 op, 614513000.00 ns, 18.3139 ns/op
WorkloadWarmup   4: 33554432 op, 617860400.00 ns, 18.4137 ns/op
WorkloadWarmup   5: 33554432 op, 616984600.00 ns, 18.3876 ns/op
WorkloadWarmup   6: 33554432 op, 622938300.00 ns, 18.5650 ns/op
WorkloadWarmup   7: 33554432 op, 619889600.00 ns, 18.4741 ns/op
WorkloadWarmup   8: 33554432 op, 616260800.00 ns, 18.3660 ns/op

// BeforeActualRun
WorkloadActual   1: 33554432 op, 619167300.00 ns, 18.4526 ns/op
WorkloadActual   2: 33554432 op, 618583100.00 ns, 18.4352 ns/op
WorkloadActual   3: 33554432 op, 615325500.00 ns, 18.3381 ns/op
WorkloadActual   4: 33554432 op, 615531800.00 ns, 18.3443 ns/op
WorkloadActual   5: 33554432 op, 618529000.00 ns, 18.4336 ns/op
WorkloadActual   6: 33554432 op, 617423300.00 ns, 18.4006 ns/op
WorkloadActual   7: 33554432 op, 619567600.00 ns, 18.4646 ns/op
WorkloadActual   8: 33554432 op, 617979900.00 ns, 18.4172 ns/op
WorkloadActual   9: 33554432 op, 615992700.00 ns, 18.3580 ns/op
WorkloadActual  10: 33554432 op, 619119600.00 ns, 18.4512 ns/op
WorkloadActual  11: 33554432 op, 619491700.00 ns, 18.4623 ns/op
WorkloadActual  12: 33554432 op, 619501300.00 ns, 18.4626 ns/op
WorkloadActual  13: 33554432 op, 619923200.00 ns, 18.4752 ns/op
WorkloadActual  14: 33554432 op, 616878800.00 ns, 18.3844 ns/op
WorkloadActual  15: 33554432 op, 617018700.00 ns, 18.3886 ns/op
WorkloadActual  16: 33554432 op, 617030900.00 ns, 18.3890 ns/op
WorkloadActual  17: 33554432 op, 616043900.00 ns, 18.3595 ns/op
WorkloadActual  18: 33554432 op, 616223800.00 ns, 18.3649 ns/op
WorkloadActual  19: 33554432 op, 616992700.00 ns, 18.3878 ns/op
WorkloadActual  20: 33554432 op, 617793200.00 ns, 18.4117 ns/op

// AfterActualRun
WorkloadResult   1: 33554432 op, 619167300.00 ns, 18.4526 ns/op
WorkloadResult   2: 33554432 op, 618583100.00 ns, 18.4352 ns/op
WorkloadResult   3: 33554432 op, 615325500.00 ns, 18.3381 ns/op
WorkloadResult   4: 33554432 op, 615531800.00 ns, 18.3443 ns/op
WorkloadResult   5: 33554432 op, 618529000.00 ns, 18.4336 ns/op
WorkloadResult   6: 33554432 op, 617423300.00 ns, 18.4006 ns/op
WorkloadResult   7: 33554432 op, 619567600.00 ns, 18.4646 ns/op
WorkloadResult   8: 33554432 op, 617979900.00 ns, 18.4172 ns/op
WorkloadResult   9: 33554432 op, 615992700.00 ns, 18.3580 ns/op
WorkloadResult  10: 33554432 op, 619119600.00 ns, 18.4512 ns/op
WorkloadResult  11: 33554432 op, 619491700.00 ns, 18.4623 ns/op
WorkloadResult  12: 33554432 op, 619501300.00 ns, 18.4626 ns/op
WorkloadResult  13: 33554432 op, 619923200.00 ns, 18.4752 ns/op
WorkloadResult  14: 33554432 op, 616878800.00 ns, 18.3844 ns/op
WorkloadResult  15: 33554432 op, 617018700.00 ns, 18.3886 ns/op
WorkloadResult  16: 33554432 op, 617030900.00 ns, 18.3890 ns/op
WorkloadResult  17: 33554432 op, 616043900.00 ns, 18.3595 ns/op
WorkloadResult  18: 33554432 op, 616223800.00 ns, 18.3649 ns/op
WorkloadResult  19: 33554432 op, 616992700.00 ns, 18.3878 ns/op
WorkloadResult  20: 33554432 op, 617793200.00 ns, 18.4117 ns/op

// AfterAll
// Benchmark Process 10816 has exited with code 0.
// Launch: 3 / 3
// Execute: dotnet side-metadata-benchmark-Job-TZWPHG-1.dll --ipcPort 52571 --benchmarkName "P21.SideMetadataBenchmarks.MapAndLoadControl(LogReferenceCountBits: 3)" --job "IterationCount=20, LaunchCount=3, WarmupCount=8" --diagnoserRunMode 0 --benchmarkId 31 in R:\artifacts\bin\side-metadata-benchmark\Release\net11.0\side-metadata-benchmark-Job-TZWPHG-1\bin\Release\net11.0
// BeforeAnythingElse

// Benchmark Process Environment Information:
// BenchmarkDotNet v0.16.0-preview.1
// Runtime=.NET 11.0.0 (11.0.0-preview.6.26359.118, 11.0.26.36018), X64 RyuJIT x86-64-v4
// GC=Concurrent Workstation
// HardwareIntrinsics=AVX512 BITALG+VBMI2+VNNI+VPOPCNTDQ,AVX512 IFMA+VBMI,AVX512 F+BW+CD+DQ+VL,AVX2+BMI1+BMI2+F16C+FMA+LZCNT+MOVBE,AVX,SSE3+SSSE3+SSE4.1+SSE4.2+POPCNT,X86Base+SSE+SSE2,AES+PCLMUL VectorSize=256
// Job: Job-TZWPHG(IterationCount=20, LaunchCount=3, WarmupCount=8)

WorkloadJitting  1: 4096 op, 130900.00 ns, 31.9580 ns/op
WorkloadJitting  2: 122880 op, 2281000.00 ns, 18.5628 ns/op
WorkloadJitting  3: 122880 op, 2277000.00 ns, 18.5303 ns/op
WorkloadJitting  4: 122880 op, 2302000.00 ns, 18.7337 ns/op
WorkloadJitting  5: 4096 op, 77800.00 ns, 18.9941 ns/op

WorkloadPilot    1: 4096 op, 77900.00 ns, 19.0186 ns/op

WorkloadPilot    1: 65536 op, 1184100.00 ns, 18.0679 ns/op
WorkloadPilot    2: 131072 op, 2423400.00 ns, 18.4891 ns/op
WorkloadPilot    3: 262144 op, 4833000.00 ns, 18.4364 ns/op
WorkloadPilot    4: 524288 op, 9608700.00 ns, 18.3271 ns/op
WorkloadPilot    5: 1048576 op, 19175500.00 ns, 18.2872 ns/op
WorkloadPilot    6: 2097152 op, 38390800.00 ns, 18.3062 ns/op
WorkloadPilot    7: 4194304 op, 76940900.00 ns, 18.3441 ns/op
WorkloadPilot    8: 8388608 op, 153645200.00 ns, 18.3159 ns/op
WorkloadPilot    9: 16777216 op, 308548400.00 ns, 18.3909 ns/op
WorkloadPilot   10: 33554432 op, 615486100.00 ns, 18.3429 ns/op

WorkloadWarmup   1: 33554432 op, 621245300.00 ns, 18.5146 ns/op
WorkloadWarmup   2: 33554432 op, 616077800.00 ns, 18.3605 ns/op
WorkloadWarmup   3: 33554432 op, 625797300.00 ns, 18.6502 ns/op
WorkloadWarmup   4: 33554432 op, 615785100.00 ns, 18.3518 ns/op
WorkloadWarmup   5: 33554432 op, 617383200.00 ns, 18.3995 ns/op
WorkloadWarmup   6: 33554432 op, 617035500.00 ns, 18.3891 ns/op
WorkloadWarmup   7: 33554432 op, 616310000.00 ns, 18.3675 ns/op
WorkloadWarmup   8: 33554432 op, 618493600.00 ns, 18.4325 ns/op

// BeforeActualRun
WorkloadActual   1: 33554432 op, 618621400.00 ns, 18.4364 ns/op
WorkloadActual   2: 33554432 op, 619109500.00 ns, 18.4509 ns/op
WorkloadActual   3: 33554432 op, 619485900.00 ns, 18.4621 ns/op
WorkloadActual   4: 33554432 op, 621463000.00 ns, 18.5210 ns/op
WorkloadActual   5: 33554432 op, 616482000.00 ns, 18.3726 ns/op
WorkloadActual   6: 33554432 op, 622989200.00 ns, 18.5665 ns/op
WorkloadActual   7: 33554432 op, 617419000.00 ns, 18.4005 ns/op
WorkloadActual   8: 33554432 op, 615707600.00 ns, 18.3495 ns/op
WorkloadActual   9: 33554432 op, 618712300.00 ns, 18.4391 ns/op
WorkloadActual  10: 33554432 op, 617202400.00 ns, 18.3941 ns/op
WorkloadActual  11: 33554432 op, 614838900.00 ns, 18.3236 ns/op
WorkloadActual  12: 33554432 op, 620263400.00 ns, 18.4853 ns/op
WorkloadActual  13: 33554432 op, 619532400.00 ns, 18.4635 ns/op
WorkloadActual  14: 33554432 op, 617203600.00 ns, 18.3941 ns/op
WorkloadActual  15: 33554432 op, 617663600.00 ns, 18.4078 ns/op
WorkloadActual  16: 33554432 op, 618057500.00 ns, 18.4195 ns/op
WorkloadActual  17: 33554432 op, 616103600.00 ns, 18.3613 ns/op
WorkloadActual  18: 33554432 op, 616296700.00 ns, 18.3671 ns/op
WorkloadActual  19: 33554432 op, 618622400.00 ns, 18.4364 ns/op
WorkloadActual  20: 33554432 op, 616513900.00 ns, 18.3735 ns/op

// AfterActualRun
WorkloadResult   1: 33554432 op, 618621400.00 ns, 18.4364 ns/op
WorkloadResult   2: 33554432 op, 619109500.00 ns, 18.4509 ns/op
WorkloadResult   3: 33554432 op, 619485900.00 ns, 18.4621 ns/op
WorkloadResult   4: 33554432 op, 621463000.00 ns, 18.5210 ns/op
WorkloadResult   5: 33554432 op, 616482000.00 ns, 18.3726 ns/op
WorkloadResult   6: 33554432 op, 622989200.00 ns, 18.5665 ns/op
WorkloadResult   7: 33554432 op, 617419000.00 ns, 18.4005 ns/op
WorkloadResult   8: 33554432 op, 615707600.00 ns, 18.3495 ns/op
WorkloadResult   9: 33554432 op, 618712300.00 ns, 18.4391 ns/op
WorkloadResult  10: 33554432 op, 617202400.00 ns, 18.3941 ns/op
WorkloadResult  11: 33554432 op, 614838900.00 ns, 18.3236 ns/op
WorkloadResult  12: 33554432 op, 620263400.00 ns, 18.4853 ns/op
WorkloadResult  13: 33554432 op, 619532400.00 ns, 18.4635 ns/op
WorkloadResult  14: 33554432 op, 617203600.00 ns, 18.3941 ns/op
WorkloadResult  15: 33554432 op, 617663600.00 ns, 18.4078 ns/op
WorkloadResult  16: 33554432 op, 618057500.00 ns, 18.4195 ns/op
WorkloadResult  17: 33554432 op, 616103600.00 ns, 18.3613 ns/op
WorkloadResult  18: 33554432 op, 616296700.00 ns, 18.3671 ns/op
WorkloadResult  19: 33554432 op, 618622400.00 ns, 18.4364 ns/op
WorkloadResult  20: 33554432 op, 616513900.00 ns, 18.3735 ns/op

// AfterAll
// Benchmark Process 38532 has exited with code 0.

Mean = 18.417 ns, StdErr = 0.006 ns (0.03%), N = 58, StdDev = 0.047 ns
Min = 18.324 ns, Q1 = 18.385 ns, Median = 18.418 ns, Q3 = 18.449 ns, Max = 18.567 ns
IQR = 0.064 ns, LowerFence = 18.290 ns, UpperFence = 18.545 ns
ConfidenceInterval = [18.396 ns; 18.439 ns] (CI 99.9%), Margin = 0.021 ns (0.12% of Mean)
Skewness = 0.47, Kurtosis = 3.39, MValue = 2

// ** Remained 13 (28.9%) benchmark(s) to run. Estimated finish 2026-08-31 20:15 (0h 15m from now) **
Setup power plan (GUID: 8c5e7fda-e8bf-4a96-9a85-a6e23a8c635c FriendlyName: High performance)
// **************************
// Benchmark: SideMetadataBenchmarks.PrecomputedLoad: Job-TZWPHG(IterationCount=20, LaunchCount=3, WarmupCount=8) [LogReferenceCountBits=3]
// *** Execute ***
// Launch: 1 / 3
// Execute: dotnet side-metadata-benchmark-Job-TZWPHG-1.dll --ipcPort 52596 --benchmarkName "P21.SideMetadataBenchmarks.PrecomputedLoad(LogReferenceCountBits: 3)" --job "IterationCount=20, LaunchCount=3, WarmupCount=8" --diagnoserRunMode 0 --benchmarkId 32 in R:\artifacts\bin\side-metadata-benchmark\Release\net11.0\side-metadata-benchmark-Job-TZWPHG-1\bin\Release\net11.0
// BeforeAnythingElse

// Benchmark Process Environment Information:
// BenchmarkDotNet v0.16.0-preview.1
// Runtime=.NET 11.0.0 (11.0.0-preview.6.26359.118, 11.0.26.36018), X64 RyuJIT x86-64-v4
// GC=Concurrent Workstation
// HardwareIntrinsics=AVX512 BITALG+VBMI2+VNNI+VPOPCNTDQ,AVX512 IFMA+VBMI,AVX512 F+BW+CD+DQ+VL,AVX2+BMI1+BMI2+F16C+FMA+LZCNT+MOVBE,AVX,SSE3+SSSE3+SSE4.1+SSE4.2+POPCNT,X86Base+SSE+SSE2,AES+PCLMUL VectorSize=256
// Job: Job-TZWPHG(IterationCount=20, LaunchCount=3, WarmupCount=8)

WorkloadJitting  1: 4096 op, 57900.00 ns, 14.1357 ns/op
WorkloadJitting  2: 122880 op, 78700.00 ns, 0.6405 ns/op
WorkloadJitting  3: 122880 op, 86300.00 ns, 0.7023 ns/op
WorkloadJitting  4: 122880 op, 92100.00 ns, 0.7495 ns/op
WorkloadJitting  5: 4096 op, 5700.00 ns, 1.3916 ns/op

WorkloadPilot    1: 4096 op, 5100.00 ns, 1.2451 ns/op

WorkloadPilot    1: 65536 op, 40300.00 ns, 0.6149 ns/op
WorkloadPilot    2: 131072 op, 79700.00 ns, 0.6081 ns/op
WorkloadPilot    3: 262144 op, 157700.00 ns, 0.6016 ns/op
WorkloadPilot    4: 524288 op, 314000.00 ns, 0.5989 ns/op
WorkloadPilot    5: 1048576 op, 625800.00 ns, 0.5968 ns/op
WorkloadPilot    6: 2097152 op, 1240100.00 ns, 0.5913 ns/op
WorkloadPilot    7: 4194304 op, 2504700.00 ns, 0.5972 ns/op
WorkloadPilot    8: 8388608 op, 5003900.00 ns, 0.5965 ns/op
WorkloadPilot    9: 16777216 op, 9978700.00 ns, 0.5948 ns/op
WorkloadPilot   10: 33554432 op, 19872300.00 ns, 0.5922 ns/op
WorkloadPilot   11: 67108864 op, 39763400.00 ns, 0.5925 ns/op
WorkloadPilot   12: 134217728 op, 79143200.00 ns, 0.5897 ns/op
WorkloadPilot   13: 268435456 op, 159495700.00 ns, 0.5942 ns/op
WorkloadPilot   14: 536870912 op, 325047200.00 ns, 0.6054 ns/op
WorkloadPilot   15: 1073741824 op, 635328900.00 ns, 0.5917 ns/op

WorkloadWarmup   1: 1073741824 op, 638227000.00 ns, 0.5944 ns/op
WorkloadWarmup   2: 1073741824 op, 636618600.00 ns, 0.5929 ns/op
WorkloadWarmup   3: 1073741824 op, 634107600.00 ns, 0.5906 ns/op
WorkloadWarmup   4: 1073741824 op, 634985800.00 ns, 0.5914 ns/op
WorkloadWarmup   5: 1073741824 op, 633948700.00 ns, 0.5904 ns/op
WorkloadWarmup   6: 1073741824 op, 636448400.00 ns, 0.5927 ns/op
WorkloadWarmup   7: 1073741824 op, 638747900.00 ns, 0.5949 ns/op
WorkloadWarmup   8: 1073741824 op, 635526300.00 ns, 0.5919 ns/op

// BeforeActualRun
WorkloadActual   1: 1073741824 op, 633557200.00 ns, 0.5900 ns/op
WorkloadActual   2: 1073741824 op, 638691700.00 ns, 0.5948 ns/op
WorkloadActual   3: 1073741824 op, 638912700.00 ns, 0.5950 ns/op
WorkloadActual   4: 1073741824 op, 634443600.00 ns, 0.5909 ns/op
WorkloadActual   5: 1073741824 op, 635565400.00 ns, 0.5919 ns/op
WorkloadActual   6: 1073741824 op, 634274700.00 ns, 0.5907 ns/op
WorkloadActual   7: 1073741824 op, 637417800.00 ns, 0.5936 ns/op
WorkloadActual   8: 1073741824 op, 636176600.00 ns, 0.5925 ns/op
WorkloadActual   9: 1073741824 op, 635000300.00 ns, 0.5914 ns/op
WorkloadActual  10: 1073741824 op, 634784900.00 ns, 0.5912 ns/op
WorkloadActual  11: 1073741824 op, 637615900.00 ns, 0.5938 ns/op
WorkloadActual  12: 1073741824 op, 636349200.00 ns, 0.5926 ns/op
WorkloadActual  13: 1073741824 op, 636960500.00 ns, 0.5932 ns/op
WorkloadActual  14: 1073741824 op, 635213400.00 ns, 0.5916 ns/op
WorkloadActual  15: 1073741824 op, 636367100.00 ns, 0.5927 ns/op
WorkloadActual  16: 1073741824 op, 638287800.00 ns, 0.5945 ns/op
WorkloadActual  17: 1073741824 op, 634764200.00 ns, 0.5912 ns/op
WorkloadActual  18: 1073741824 op, 635131800.00 ns, 0.5915 ns/op
WorkloadActual  19: 1073741824 op, 647751900.00 ns, 0.6033 ns/op
WorkloadActual  20: 1073741824 op, 634800700.00 ns, 0.5912 ns/op

// AfterActualRun
WorkloadResult   1: 1073741824 op, 633557200.00 ns, 0.5900 ns/op
WorkloadResult   2: 1073741824 op, 638691700.00 ns, 0.5948 ns/op
WorkloadResult   3: 1073741824 op, 638912700.00 ns, 0.5950 ns/op
WorkloadResult   4: 1073741824 op, 634443600.00 ns, 0.5909 ns/op
WorkloadResult   5: 1073741824 op, 635565400.00 ns, 0.5919 ns/op
WorkloadResult   6: 1073741824 op, 634274700.00 ns, 0.5907 ns/op
WorkloadResult   7: 1073741824 op, 637417800.00 ns, 0.5936 ns/op
WorkloadResult   8: 1073741824 op, 636176600.00 ns, 0.5925 ns/op
WorkloadResult   9: 1073741824 op, 635000300.00 ns, 0.5914 ns/op
WorkloadResult  10: 1073741824 op, 634784900.00 ns, 0.5912 ns/op
WorkloadResult  11: 1073741824 op, 637615900.00 ns, 0.5938 ns/op
WorkloadResult  12: 1073741824 op, 636349200.00 ns, 0.5926 ns/op
WorkloadResult  13: 1073741824 op, 636960500.00 ns, 0.5932 ns/op
WorkloadResult  14: 1073741824 op, 635213400.00 ns, 0.5916 ns/op
WorkloadResult  15: 1073741824 op, 636367100.00 ns, 0.5927 ns/op
WorkloadResult  16: 1073741824 op, 638287800.00 ns, 0.5945 ns/op
WorkloadResult  17: 1073741824 op, 634764200.00 ns, 0.5912 ns/op
WorkloadResult  18: 1073741824 op, 635131800.00 ns, 0.5915 ns/op
WorkloadResult  19: 1073741824 op, 634800700.00 ns, 0.5912 ns/op

// AfterAll
// Benchmark Process 34656 has exited with code 0.
// Launch: 2 / 3
// Execute: dotnet side-metadata-benchmark-Job-TZWPHG-1.dll --ipcPort 62020 --benchmarkName "P21.SideMetadataBenchmarks.PrecomputedLoad(LogReferenceCountBits: 3)" --job "IterationCount=20, LaunchCount=3, WarmupCount=8" --diagnoserRunMode 0 --benchmarkId 32 in R:\artifacts\bin\side-metadata-benchmark\Release\net11.0\side-metadata-benchmark-Job-TZWPHG-1\bin\Release\net11.0
// BeforeAnythingElse

// Benchmark Process Environment Information:
// BenchmarkDotNet v0.16.0-preview.1
// Runtime=.NET 11.0.0 (11.0.0-preview.6.26359.118, 11.0.26.36018), X64 RyuJIT x86-64-v4
// GC=Concurrent Workstation
// HardwareIntrinsics=AVX512 BITALG+VBMI2+VNNI+VPOPCNTDQ,AVX512 IFMA+VBMI,AVX512 F+BW+CD+DQ+VL,AVX2+BMI1+BMI2+F16C+FMA+LZCNT+MOVBE,AVX,SSE3+SSSE3+SSE4.1+SSE4.2+POPCNT,X86Base+SSE+SSE2,AES+PCLMUL VectorSize=256
// Job: Job-TZWPHG(IterationCount=20, LaunchCount=3, WarmupCount=8)

WorkloadJitting  1: 4096 op, 58500.00 ns, 14.2822 ns/op
WorkloadJitting  2: 122880 op, 77100.00 ns, 0.6274 ns/op
WorkloadJitting  3: 122880 op, 84000.00 ns, 0.6836 ns/op
WorkloadJitting  4: 122880 op, 73900.00 ns, 0.6014 ns/op
WorkloadJitting  5: 4096 op, 4500.00 ns, 1.0986 ns/op

WorkloadPilot    1: 4096 op, 3900.00 ns, 0.9521 ns/op

WorkloadPilot    1: 65536 op, 39200.00 ns, 0.5981 ns/op
WorkloadPilot    2: 131072 op, 79400.00 ns, 0.6058 ns/op
WorkloadPilot    3: 262144 op, 159300.00 ns, 0.6077 ns/op
WorkloadPilot    4: 524288 op, 351600.00 ns, 0.6706 ns/op
WorkloadPilot    5: 1048576 op, 648900.00 ns, 0.6188 ns/op
WorkloadPilot    6: 2097152 op, 1247300.00 ns, 0.5948 ns/op
WorkloadPilot    7: 4194304 op, 2487300.00 ns, 0.5930 ns/op
WorkloadPilot    8: 8388608 op, 4955100.00 ns, 0.5907 ns/op
WorkloadPilot    9: 16777216 op, 9908300.00 ns, 0.5906 ns/op
WorkloadPilot   10: 33554432 op, 19878400.00 ns, 0.5924 ns/op
WorkloadPilot   11: 67108864 op, 39583400.00 ns, 0.5898 ns/op
WorkloadPilot   12: 134217728 op, 79055300.00 ns, 0.5890 ns/op
WorkloadPilot   13: 268435456 op, 158307000.00 ns, 0.5897 ns/op
WorkloadPilot   14: 536870912 op, 316664400.00 ns, 0.5898 ns/op
WorkloadPilot   15: 1073741824 op, 636098500.00 ns, 0.5924 ns/op

WorkloadWarmup   1: 1073741824 op, 634615700.00 ns, 0.5910 ns/op
WorkloadWarmup   2: 1073741824 op, 635973700.00 ns, 0.5923 ns/op
WorkloadWarmup   3: 1073741824 op, 637733500.00 ns, 0.5939 ns/op
WorkloadWarmup   4: 1073741824 op, 635754600.00 ns, 0.5921 ns/op
WorkloadWarmup   5: 1073741824 op, 634042200.00 ns, 0.5905 ns/op
WorkloadWarmup   6: 1073741824 op, 637237900.00 ns, 0.5935 ns/op
WorkloadWarmup   7: 1073741824 op, 634938300.00 ns, 0.5913 ns/op
WorkloadWarmup   8: 1073741824 op, 636170600.00 ns, 0.5925 ns/op

// BeforeActualRun
WorkloadActual   1: 1073741824 op, 637252900.00 ns, 0.5935 ns/op
WorkloadActual   2: 1073741824 op, 637508800.00 ns, 0.5937 ns/op
WorkloadActual   3: 1073741824 op, 639423500.00 ns, 0.5955 ns/op
WorkloadActual   4: 1073741824 op, 636522400.00 ns, 0.5928 ns/op
WorkloadActual   5: 1073741824 op, 637950200.00 ns, 0.5941 ns/op
WorkloadActual   6: 1073741824 op, 638735600.00 ns, 0.5949 ns/op
WorkloadActual   7: 1073741824 op, 637778300.00 ns, 0.5940 ns/op
WorkloadActual   8: 1073741824 op, 640603000.00 ns, 0.5966 ns/op
WorkloadActual   9: 1073741824 op, 635737800.00 ns, 0.5921 ns/op
WorkloadActual  10: 1073741824 op, 637651100.00 ns, 0.5939 ns/op
WorkloadActual  11: 1073741824 op, 634084600.00 ns, 0.5905 ns/op
WorkloadActual  12: 1073741824 op, 636936100.00 ns, 0.5932 ns/op
WorkloadActual  13: 1073741824 op, 633873700.00 ns, 0.5903 ns/op
WorkloadActual  14: 1073741824 op, 639269800.00 ns, 0.5954 ns/op
WorkloadActual  15: 1073741824 op, 649979200.00 ns, 0.6053 ns/op
WorkloadActual  16: 1073741824 op, 635510500.00 ns, 0.5919 ns/op
WorkloadActual  17: 1073741824 op, 638134300.00 ns, 0.5943 ns/op
WorkloadActual  18: 1073741824 op, 635370200.00 ns, 0.5917 ns/op
WorkloadActual  19: 1073741824 op, 638564800.00 ns, 0.5947 ns/op
WorkloadActual  20: 1073741824 op, 634758300.00 ns, 0.5912 ns/op

// AfterActualRun
WorkloadResult   1: 1073741824 op, 637252900.00 ns, 0.5935 ns/op
WorkloadResult   2: 1073741824 op, 637508800.00 ns, 0.5937 ns/op
WorkloadResult   3: 1073741824 op, 639423500.00 ns, 0.5955 ns/op
WorkloadResult   4: 1073741824 op, 636522400.00 ns, 0.5928 ns/op
WorkloadResult   5: 1073741824 op, 637950200.00 ns, 0.5941 ns/op
WorkloadResult   6: 1073741824 op, 638735600.00 ns, 0.5949 ns/op
WorkloadResult   7: 1073741824 op, 637778300.00 ns, 0.5940 ns/op
WorkloadResult   8: 1073741824 op, 640603000.00 ns, 0.5966 ns/op
WorkloadResult   9: 1073741824 op, 635737800.00 ns, 0.5921 ns/op
WorkloadResult  10: 1073741824 op, 637651100.00 ns, 0.5939 ns/op
WorkloadResult  11: 1073741824 op, 634084600.00 ns, 0.5905 ns/op
WorkloadResult  12: 1073741824 op, 636936100.00 ns, 0.5932 ns/op
WorkloadResult  13: 1073741824 op, 633873700.00 ns, 0.5903 ns/op
WorkloadResult  14: 1073741824 op, 639269800.00 ns, 0.5954 ns/op
WorkloadResult  15: 1073741824 op, 635510500.00 ns, 0.5919 ns/op
WorkloadResult  16: 1073741824 op, 638134300.00 ns, 0.5943 ns/op
WorkloadResult  17: 1073741824 op, 635370200.00 ns, 0.5917 ns/op
WorkloadResult  18: 1073741824 op, 638564800.00 ns, 0.5947 ns/op
WorkloadResult  19: 1073741824 op, 634758300.00 ns, 0.5912 ns/op

// AfterAll
// Benchmark Process 32672 has exited with code 0.
// Launch: 3 / 3
// Execute: dotnet side-metadata-benchmark-Job-TZWPHG-1.dll --ipcPort 62045 --benchmarkName "P21.SideMetadataBenchmarks.PrecomputedLoad(LogReferenceCountBits: 3)" --job "IterationCount=20, LaunchCount=3, WarmupCount=8" --diagnoserRunMode 0 --benchmarkId 32 in R:\artifacts\bin\side-metadata-benchmark\Release\net11.0\side-metadata-benchmark-Job-TZWPHG-1\bin\Release\net11.0
// BeforeAnythingElse

// Benchmark Process Environment Information:
// BenchmarkDotNet v0.16.0-preview.1
// Runtime=.NET 11.0.0 (11.0.0-preview.6.26359.118, 11.0.26.36018), X64 RyuJIT x86-64-v4
// GC=Concurrent Workstation
// HardwareIntrinsics=AVX512 BITALG+VBMI2+VNNI+VPOPCNTDQ,AVX512 IFMA+VBMI,AVX512 F+BW+CD+DQ+VL,AVX2+BMI1+BMI2+F16C+FMA+LZCNT+MOVBE,AVX,SSE3+SSSE3+SSE4.1+SSE4.2+POPCNT,X86Base+SSE+SSE2,AES+PCLMUL VectorSize=256
// Job: Job-TZWPHG(IterationCount=20, LaunchCount=3, WarmupCount=8)

WorkloadJitting  1: 4096 op, 55400.00 ns, 13.5254 ns/op
WorkloadJitting  2: 122880 op, 86500.00 ns, 0.7039 ns/op
WorkloadJitting  3: 122880 op, 84600.00 ns, 0.6885 ns/op
WorkloadJitting  4: 122880 op, 75700.00 ns, 0.6160 ns/op
WorkloadJitting  5: 4096 op, 5400.00 ns, 1.3184 ns/op

WorkloadPilot    1: 4096 op, 4200.00 ns, 1.0254 ns/op

WorkloadPilot    1: 65536 op, 39700.00 ns, 0.6058 ns/op
WorkloadPilot    2: 131072 op, 79600.00 ns, 0.6073 ns/op
WorkloadPilot    3: 262144 op, 159300.00 ns, 0.6077 ns/op
WorkloadPilot    4: 524288 op, 314200.00 ns, 0.5993 ns/op
WorkloadPilot    5: 1048576 op, 783300.00 ns, 0.7470 ns/op
WorkloadPilot    6: 2097152 op, 1261200.00 ns, 0.6014 ns/op
WorkloadPilot    7: 4194304 op, 2484900.00 ns, 0.5924 ns/op
WorkloadPilot    8: 8388608 op, 4941800.00 ns, 0.5891 ns/op
WorkloadPilot    9: 16777216 op, 9886800.00 ns, 0.5893 ns/op
WorkloadPilot   10: 33554432 op, 19784200.00 ns, 0.5896 ns/op
WorkloadPilot   11: 67108864 op, 39666900.00 ns, 0.5911 ns/op
WorkloadPilot   12: 134217728 op, 79140300.00 ns, 0.5896 ns/op
WorkloadPilot   13: 268435456 op, 158560200.00 ns, 0.5907 ns/op
WorkloadPilot   14: 536870912 op, 316213100.00 ns, 0.5890 ns/op
WorkloadPilot   15: 1073741824 op, 636854100.00 ns, 0.5931 ns/op

WorkloadWarmup   1: 1073741824 op, 637167200.00 ns, 0.5934 ns/op
WorkloadWarmup   2: 1073741824 op, 634410600.00 ns, 0.5908 ns/op
WorkloadWarmup   3: 1073741824 op, 634524800.00 ns, 0.5909 ns/op
WorkloadWarmup   4: 1073741824 op, 637566200.00 ns, 0.5938 ns/op
WorkloadWarmup   5: 1073741824 op, 634303900.00 ns, 0.5907 ns/op
WorkloadWarmup   6: 1073741824 op, 639556100.00 ns, 0.5956 ns/op
WorkloadWarmup   7: 1073741824 op, 638245800.00 ns, 0.5944 ns/op
WorkloadWarmup   8: 1073741824 op, 636442300.00 ns, 0.5927 ns/op

// BeforeActualRun
WorkloadActual   1: 1073741824 op, 634268200.00 ns, 0.5907 ns/op
WorkloadActual   2: 1073741824 op, 634241700.00 ns, 0.5907 ns/op
WorkloadActual   3: 1073741824 op, 635227200.00 ns, 0.5916 ns/op
WorkloadActual   4: 1073741824 op, 640584500.00 ns, 0.5966 ns/op
WorkloadActual   5: 1073741824 op, 641182900.00 ns, 0.5971 ns/op
WorkloadActual   6: 1073741824 op, 639145700.00 ns, 0.5953 ns/op
WorkloadActual   7: 1073741824 op, 636796100.00 ns, 0.5931 ns/op
WorkloadActual   8: 1073741824 op, 635207300.00 ns, 0.5916 ns/op
WorkloadActual   9: 1073741824 op, 635438000.00 ns, 0.5918 ns/op
WorkloadActual  10: 1073741824 op, 635912400.00 ns, 0.5922 ns/op
WorkloadActual  11: 1073741824 op, 635622900.00 ns, 0.5920 ns/op
WorkloadActual  12: 1073741824 op, 646290500.00 ns, 0.6019 ns/op
WorkloadActual  13: 1073741824 op, 635036800.00 ns, 0.5914 ns/op
WorkloadActual  14: 1073741824 op, 637064800.00 ns, 0.5933 ns/op
WorkloadActual  15: 1073741824 op, 635070600.00 ns, 0.5915 ns/op
WorkloadActual  16: 1073741824 op, 636424800.00 ns, 0.5927 ns/op
WorkloadActual  17: 1073741824 op, 639070900.00 ns, 0.5952 ns/op
WorkloadActual  18: 1073741824 op, 636222100.00 ns, 0.5925 ns/op
WorkloadActual  19: 1073741824 op, 634347300.00 ns, 0.5908 ns/op
WorkloadActual  20: 1073741824 op, 635547200.00 ns, 0.5919 ns/op

// AfterActualRun
WorkloadResult   1: 1073741824 op, 634268200.00 ns, 0.5907 ns/op
WorkloadResult   2: 1073741824 op, 634241700.00 ns, 0.5907 ns/op
WorkloadResult   3: 1073741824 op, 635227200.00 ns, 0.5916 ns/op
WorkloadResult   4: 1073741824 op, 640584500.00 ns, 0.5966 ns/op
WorkloadResult   5: 1073741824 op, 639145700.00 ns, 0.5953 ns/op
WorkloadResult   6: 1073741824 op, 636796100.00 ns, 0.5931 ns/op
WorkloadResult   7: 1073741824 op, 635207300.00 ns, 0.5916 ns/op
WorkloadResult   8: 1073741824 op, 635438000.00 ns, 0.5918 ns/op
WorkloadResult   9: 1073741824 op, 635912400.00 ns, 0.5922 ns/op
WorkloadResult  10: 1073741824 op, 635622900.00 ns, 0.5920 ns/op
WorkloadResult  11: 1073741824 op, 635036800.00 ns, 0.5914 ns/op
WorkloadResult  12: 1073741824 op, 637064800.00 ns, 0.5933 ns/op
WorkloadResult  13: 1073741824 op, 635070600.00 ns, 0.5915 ns/op
WorkloadResult  14: 1073741824 op, 636424800.00 ns, 0.5927 ns/op
WorkloadResult  15: 1073741824 op, 639070900.00 ns, 0.5952 ns/op
WorkloadResult  16: 1073741824 op, 636222100.00 ns, 0.5925 ns/op
WorkloadResult  17: 1073741824 op, 634347300.00 ns, 0.5908 ns/op
WorkloadResult  18: 1073741824 op, 635547200.00 ns, 0.5919 ns/op

// AfterAll
// Benchmark Process 27312 has exited with code 0.

Mean = 0.593 ns, StdErr = 0.000 ns (0.04%), N = 56, StdDev = 0.002 ns
Min = 0.590 ns, Q1 = 0.591 ns, Median = 0.593 ns, Q3 = 0.594 ns, Max = 0.597 ns
IQR = 0.002 ns, LowerFence = 0.588 ns, UpperFence = 0.598 ns
ConfidenceInterval = [0.592 ns; 0.594 ns] (CI 99.9%), Margin = 0.001 ns (0.13% of Mean)
Skewness = 0.48, Kurtosis = 2.24, MValue = 2

// ** Remained 12 (26.7%) benchmark(s) to run. Estimated finish 2026-08-31 20:15 (0h 14m from now) **
Setup power plan (GUID: 8c5e7fda-e8bf-4a96-9a85-a6e23a8c635c FriendlyName: High performance)
// **************************
// Benchmark: SideMetadataBenchmarks.BitStore: Job-TZWPHG(IterationCount=20, LaunchCount=3, WarmupCount=8) [LogReferenceCountBits=3]
// *** Execute ***
// Launch: 1 / 3
// Execute: dotnet side-metadata-benchmark-Job-TZWPHG-1.dll --ipcPort 62074 --benchmarkName "P21.SideMetadataBenchmarks.BitStore(LogReferenceCountBits: 3)" --job "IterationCount=20, LaunchCount=3, WarmupCount=8" --diagnoserRunMode 0 --benchmarkId 33 in R:\artifacts\bin\side-metadata-benchmark\Release\net11.0\side-metadata-benchmark-Job-TZWPHG-1\bin\Release\net11.0
// BeforeAnythingElse

// Benchmark Process Environment Information:
// BenchmarkDotNet v0.16.0-preview.1
// Runtime=.NET 11.0.0 (11.0.0-preview.6.26359.118, 11.0.26.36018), X64 RyuJIT x86-64-v4
// GC=Concurrent Workstation
// HardwareIntrinsics=AVX512 BITALG+VBMI2+VNNI+VPOPCNTDQ,AVX512 IFMA+VBMI,AVX512 F+BW+CD+DQ+VL,AVX2+BMI1+BMI2+F16C+FMA+LZCNT+MOVBE,AVX,SSE3+SSSE3+SSE4.1+SSE4.2+POPCNT,X86Base+SSE+SSE2,AES+PCLMUL VectorSize=256
// Job: Job-TZWPHG(IterationCount=20, LaunchCount=3, WarmupCount=8)

WorkloadJitting  1: 4096 op, 187800.00 ns, 45.8496 ns/op
WorkloadJitting  2: 122880 op, 3358800.00 ns, 27.3340 ns/op
WorkloadJitting  3: 122880 op, 3199600.00 ns, 26.0384 ns/op
WorkloadJitting  4: 122880 op, 3237100.00 ns, 26.3436 ns/op
WorkloadJitting  5: 4096 op, 111000.00 ns, 27.0996 ns/op

WorkloadPilot    1: 4096 op, 134100.00 ns, 32.7393 ns/op

WorkloadPilot    1: 65536 op, 1734000.00 ns, 26.4587 ns/op
WorkloadPilot    2: 131072 op, 3555900.00 ns, 27.1294 ns/op
WorkloadPilot    3: 262144 op, 6897500.00 ns, 26.3119 ns/op
WorkloadPilot    4: 524288 op, 13760300.00 ns, 26.2457 ns/op
WorkloadPilot    5: 1048576 op, 27498700.00 ns, 26.2248 ns/op
WorkloadPilot    6: 2097152 op, 54979300.00 ns, 26.2162 ns/op
WorkloadPilot    7: 4194304 op, 110323000.00 ns, 26.3031 ns/op
WorkloadPilot    8: 8388608 op, 221439500.00 ns, 26.3976 ns/op
WorkloadPilot    9: 16777216 op, 441337000.00 ns, 26.3057 ns/op
WorkloadPilot   10: 33554432 op, 880338500.00 ns, 26.2361 ns/op

WorkloadWarmup   1: 33554432 op, 881546000.00 ns, 26.2721 ns/op
WorkloadWarmup   2: 33554432 op, 881914300.00 ns, 26.2831 ns/op
WorkloadWarmup   3: 33554432 op, 885318500.00 ns, 26.3845 ns/op
WorkloadWarmup   4: 33554432 op, 881491200.00 ns, 26.2705 ns/op
WorkloadWarmup   5: 33554432 op, 887310900.00 ns, 26.4439 ns/op
WorkloadWarmup   6: 33554432 op, 881170000.00 ns, 26.2609 ns/op
WorkloadWarmup   7: 33554432 op, 880198500.00 ns, 26.2320 ns/op
WorkloadWarmup   8: 33554432 op, 879861600.00 ns, 26.2219 ns/op

// BeforeActualRun
WorkloadActual   1: 33554432 op, 885110400.00 ns, 26.3783 ns/op
WorkloadActual   2: 33554432 op, 882529100.00 ns, 26.3014 ns/op
WorkloadActual   3: 33554432 op, 894884100.00 ns, 26.6696 ns/op
WorkloadActual   4: 33554432 op, 880876600.00 ns, 26.2522 ns/op
WorkloadActual   5: 33554432 op, 885166100.00 ns, 26.3800 ns/op
WorkloadActual   6: 33554432 op, 879158500.00 ns, 26.2010 ns/op
WorkloadActual   7: 33554432 op, 882609900.00 ns, 26.3038 ns/op
WorkloadActual   8: 33554432 op, 884274100.00 ns, 26.3534 ns/op
WorkloadActual   9: 33554432 op, 883315700.00 ns, 26.3249 ns/op
WorkloadActual  10: 33554432 op, 881417800.00 ns, 26.2683 ns/op
WorkloadActual  11: 33554432 op, 884092400.00 ns, 26.3480 ns/op
WorkloadActual  12: 33554432 op, 887678800.00 ns, 26.4549 ns/op
WorkloadActual  13: 33554432 op, 889236100.00 ns, 26.5013 ns/op
WorkloadActual  14: 33554432 op, 887083400.00 ns, 26.4371 ns/op
WorkloadActual  15: 33554432 op, 888321700.00 ns, 26.4740 ns/op
WorkloadActual  16: 33554432 op, 881988400.00 ns, 26.2853 ns/op
WorkloadActual  17: 33554432 op, 886254900.00 ns, 26.4125 ns/op
WorkloadActual  18: 33554432 op, 884416400.00 ns, 26.3577 ns/op
WorkloadActual  19: 33554432 op, 881818400.00 ns, 26.2802 ns/op
WorkloadActual  20: 33554432 op, 882519400.00 ns, 26.3011 ns/op

// AfterActualRun
WorkloadResult   1: 33554432 op, 885110400.00 ns, 26.3783 ns/op
WorkloadResult   2: 33554432 op, 882529100.00 ns, 26.3014 ns/op
WorkloadResult   3: 33554432 op, 880876600.00 ns, 26.2522 ns/op
WorkloadResult   4: 33554432 op, 885166100.00 ns, 26.3800 ns/op
WorkloadResult   5: 33554432 op, 879158500.00 ns, 26.2010 ns/op
WorkloadResult   6: 33554432 op, 882609900.00 ns, 26.3038 ns/op
WorkloadResult   7: 33554432 op, 884274100.00 ns, 26.3534 ns/op
WorkloadResult   8: 33554432 op, 883315700.00 ns, 26.3249 ns/op
WorkloadResult   9: 33554432 op, 881417800.00 ns, 26.2683 ns/op
WorkloadResult  10: 33554432 op, 884092400.00 ns, 26.3480 ns/op
WorkloadResult  11: 33554432 op, 887678800.00 ns, 26.4549 ns/op
WorkloadResult  12: 33554432 op, 889236100.00 ns, 26.5013 ns/op
WorkloadResult  13: 33554432 op, 887083400.00 ns, 26.4371 ns/op
WorkloadResult  14: 33554432 op, 888321700.00 ns, 26.4740 ns/op
WorkloadResult  15: 33554432 op, 881988400.00 ns, 26.2853 ns/op
WorkloadResult  16: 33554432 op, 886254900.00 ns, 26.4125 ns/op
WorkloadResult  17: 33554432 op, 884416400.00 ns, 26.3577 ns/op
WorkloadResult  18: 33554432 op, 881818400.00 ns, 26.2802 ns/op
WorkloadResult  19: 33554432 op, 882519400.00 ns, 26.3011 ns/op

// AfterAll
// Benchmark Process 23228 has exited with code 0.
// Launch: 2 / 3
// Execute: dotnet side-metadata-benchmark-Job-TZWPHG-1.dll --ipcPort 63431 --benchmarkName "P21.SideMetadataBenchmarks.BitStore(LogReferenceCountBits: 3)" --job "IterationCount=20, LaunchCount=3, WarmupCount=8" --diagnoserRunMode 0 --benchmarkId 33 in R:\artifacts\bin\side-metadata-benchmark\Release\net11.0\side-metadata-benchmark-Job-TZWPHG-1\bin\Release\net11.0
// BeforeAnythingElse

// Benchmark Process Environment Information:
// BenchmarkDotNet v0.16.0-preview.1
// Runtime=.NET 11.0.0 (11.0.0-preview.6.26359.118, 11.0.26.36018), X64 RyuJIT x86-64-v4
// GC=Concurrent Workstation
// HardwareIntrinsics=AVX512 BITALG+VBMI2+VNNI+VPOPCNTDQ,AVX512 IFMA+VBMI,AVX512 F+BW+CD+DQ+VL,AVX2+BMI1+BMI2+F16C+FMA+LZCNT+MOVBE,AVX,SSE3+SSSE3+SSE4.1+SSE4.2+POPCNT,X86Base+SSE+SSE2,AES+PCLMUL VectorSize=256
// Job: Job-TZWPHG(IterationCount=20, LaunchCount=3, WarmupCount=8)

WorkloadJitting  1: 4096 op, 193900.00 ns, 47.3389 ns/op
WorkloadJitting  2: 122880 op, 3434100.00 ns, 27.9468 ns/op
WorkloadJitting  3: 122880 op, 3450600.00 ns, 28.0811 ns/op
WorkloadJitting  4: 122880 op, 3191300.00 ns, 25.9709 ns/op
WorkloadJitting  5: 4096 op, 107500.00 ns, 26.2451 ns/op

WorkloadPilot    1: 4096 op, 109100.00 ns, 26.6357 ns/op

WorkloadPilot    1: 65536 op, 1713400.00 ns, 26.1444 ns/op
WorkloadPilot    2: 131072 op, 3439900.00 ns, 26.2444 ns/op
WorkloadPilot    3: 262144 op, 6761800.00 ns, 25.7942 ns/op
WorkloadPilot    4: 524288 op, 13584100.00 ns, 25.9096 ns/op
WorkloadPilot    5: 1048576 op, 28351900.00 ns, 27.0385 ns/op
WorkloadPilot    6: 2097152 op, 54205600.00 ns, 25.8472 ns/op
WorkloadPilot    7: 4194304 op, 108840500.00 ns, 25.9496 ns/op
WorkloadPilot    8: 8388608 op, 217840200.00 ns, 25.9686 ns/op
WorkloadPilot    9: 16777216 op, 441198500.00 ns, 26.2975 ns/op
WorkloadPilot   10: 33554432 op, 885918100.00 ns, 26.4024 ns/op

WorkloadWarmup   1: 33554432 op, 872869200.00 ns, 26.0135 ns/op
WorkloadWarmup   2: 33554432 op, 869127900.00 ns, 25.9020 ns/op
WorkloadWarmup   3: 33554432 op, 869127000.00 ns, 25.9020 ns/op
WorkloadWarmup   4: 33554432 op, 870997600.00 ns, 25.9578 ns/op
WorkloadWarmup   5: 33554432 op, 869449300.00 ns, 25.9116 ns/op
WorkloadWarmup   6: 33554432 op, 873987900.00 ns, 26.0469 ns/op
WorkloadWarmup   7: 33554432 op, 871433500.00 ns, 25.9707 ns/op
WorkloadWarmup   8: 33554432 op, 872536400.00 ns, 26.0036 ns/op

// BeforeActualRun
WorkloadActual   1: 33554432 op, 870551700.00 ns, 25.9445 ns/op
WorkloadActual   2: 33554432 op, 872783200.00 ns, 26.0110 ns/op
WorkloadActual   3: 33554432 op, 869844600.00 ns, 25.9234 ns/op
WorkloadActual   4: 33554432 op, 868187300.00 ns, 25.8740 ns/op
WorkloadActual   5: 33554432 op, 870193500.00 ns, 25.9338 ns/op
WorkloadActual   6: 33554432 op, 869260300.00 ns, 25.9060 ns/op
WorkloadActual   7: 33554432 op, 869960600.00 ns, 25.9268 ns/op
WorkloadActual   8: 33554432 op, 871347000.00 ns, 25.9682 ns/op
WorkloadActual   9: 33554432 op, 870709000.00 ns, 25.9492 ns/op
WorkloadActual  10: 33554432 op, 873625500.00 ns, 26.0361 ns/op
WorkloadActual  11: 33554432 op, 875793800.00 ns, 26.1007 ns/op
WorkloadActual  12: 33554432 op, 881658700.00 ns, 26.2755 ns/op
WorkloadActual  13: 33554432 op, 869196500.00 ns, 25.9041 ns/op
WorkloadActual  14: 33554432 op, 879594400.00 ns, 26.2140 ns/op
WorkloadActual  15: 33554432 op, 868347300.00 ns, 25.8788 ns/op
WorkloadActual  16: 33554432 op, 869463500.00 ns, 25.9120 ns/op
WorkloadActual  17: 33554432 op, 868204000.00 ns, 25.8745 ns/op
WorkloadActual  18: 33554432 op, 872980700.00 ns, 26.0169 ns/op
WorkloadActual  19: 33554432 op, 873064300.00 ns, 26.0193 ns/op
WorkloadActual  20: 33554432 op, 870570700.00 ns, 25.9450 ns/op

// AfterActualRun
WorkloadResult   1: 33554432 op, 870551700.00 ns, 25.9445 ns/op
WorkloadResult   2: 33554432 op, 872783200.00 ns, 26.0110 ns/op
WorkloadResult   3: 33554432 op, 869844600.00 ns, 25.9234 ns/op
WorkloadResult   4: 33554432 op, 868187300.00 ns, 25.8740 ns/op
WorkloadResult   5: 33554432 op, 870193500.00 ns, 25.9338 ns/op
WorkloadResult   6: 33554432 op, 869260300.00 ns, 25.9060 ns/op
WorkloadResult   7: 33554432 op, 869960600.00 ns, 25.9268 ns/op
WorkloadResult   8: 33554432 op, 871347000.00 ns, 25.9682 ns/op
WorkloadResult   9: 33554432 op, 870709000.00 ns, 25.9492 ns/op
WorkloadResult  10: 33554432 op, 873625500.00 ns, 26.0361 ns/op
WorkloadResult  11: 33554432 op, 875793800.00 ns, 26.1007 ns/op
WorkloadResult  12: 33554432 op, 869196500.00 ns, 25.9041 ns/op
WorkloadResult  13: 33554432 op, 868347300.00 ns, 25.8788 ns/op
WorkloadResult  14: 33554432 op, 869463500.00 ns, 25.9120 ns/op
WorkloadResult  15: 33554432 op, 868204000.00 ns, 25.8745 ns/op
WorkloadResult  16: 33554432 op, 872980700.00 ns, 26.0169 ns/op
WorkloadResult  17: 33554432 op, 873064300.00 ns, 26.0193 ns/op
WorkloadResult  18: 33554432 op, 870570700.00 ns, 25.9450 ns/op

// AfterAll
// Benchmark Process 25460 has exited with code 0.
// Launch: 3 / 3
// Execute: dotnet side-metadata-benchmark-Job-TZWPHG-1.dll --ipcPort 63564 --benchmarkName "P21.SideMetadataBenchmarks.BitStore(LogReferenceCountBits: 3)" --job "IterationCount=20, LaunchCount=3, WarmupCount=8" --diagnoserRunMode 0 --benchmarkId 33 in R:\artifacts\bin\side-metadata-benchmark\Release\net11.0\side-metadata-benchmark-Job-TZWPHG-1\bin\Release\net11.0
// BeforeAnythingElse

// Benchmark Process Environment Information:
// BenchmarkDotNet v0.16.0-preview.1
// Runtime=.NET 11.0.0 (11.0.0-preview.6.26359.118, 11.0.26.36018), X64 RyuJIT x86-64-v4
// GC=Concurrent Workstation
// HardwareIntrinsics=AVX512 BITALG+VBMI2+VNNI+VPOPCNTDQ,AVX512 IFMA+VBMI,AVX512 F+BW+CD+DQ+VL,AVX2+BMI1+BMI2+F16C+FMA+LZCNT+MOVBE,AVX,SSE3+SSSE3+SSE4.1+SSE4.2+POPCNT,X86Base+SSE+SSE2,AES+PCLMUL VectorSize=256
// Job: Job-TZWPHG(IterationCount=20, LaunchCount=3, WarmupCount=8)

WorkloadJitting  1: 4096 op, 178500.00 ns, 43.5791 ns/op
WorkloadJitting  2: 122880 op, 3184800.00 ns, 25.9180 ns/op
WorkloadJitting  3: 122880 op, 3168000.00 ns, 25.7813 ns/op
WorkloadJitting  4: 122880 op, 3229500.00 ns, 26.2817 ns/op
WorkloadJitting  5: 4096 op, 128300.00 ns, 31.3232 ns/op

WorkloadPilot    1: 4096 op, 111300.00 ns, 27.1729 ns/op

WorkloadPilot    1: 65536 op, 1755500.00 ns, 26.7868 ns/op
WorkloadPilot    2: 131072 op, 3485500.00 ns, 26.5923 ns/op
WorkloadPilot    3: 262144 op, 6900400.00 ns, 26.3229 ns/op
WorkloadPilot    4: 524288 op, 13838300.00 ns, 26.3945 ns/op
WorkloadPilot    5: 1048576 op, 27791400.00 ns, 26.5039 ns/op
WorkloadPilot    6: 2097152 op, 55512900.00 ns, 26.4706 ns/op
WorkloadPilot    7: 4194304 op, 110856300.00 ns, 26.4302 ns/op
WorkloadPilot    8: 8388608 op, 222348000.00 ns, 26.5059 ns/op
WorkloadPilot    9: 16777216 op, 445159300.00 ns, 26.5336 ns/op
WorkloadPilot   10: 33554432 op, 892581600.00 ns, 26.6010 ns/op

WorkloadWarmup   1: 33554432 op, 890828700.00 ns, 26.5488 ns/op
WorkloadWarmup   2: 33554432 op, 888939700.00 ns, 26.4925 ns/op
WorkloadWarmup   3: 33554432 op, 886327900.00 ns, 26.4146 ns/op
WorkloadWarmup   4: 33554432 op, 888145100.00 ns, 26.4688 ns/op
WorkloadWarmup   5: 33554432 op, 889685300.00 ns, 26.5147 ns/op
WorkloadWarmup   6: 33554432 op, 888770400.00 ns, 26.4874 ns/op
WorkloadWarmup   7: 33554432 op, 895376900.00 ns, 26.6843 ns/op
WorkloadWarmup   8: 33554432 op, 887656600.00 ns, 26.4542 ns/op

// BeforeActualRun
WorkloadActual   1: 33554432 op, 891041400.00 ns, 26.5551 ns/op
WorkloadActual   2: 33554432 op, 888744400.00 ns, 26.4866 ns/op
WorkloadActual   3: 33554432 op, 890376400.00 ns, 26.5353 ns/op
WorkloadActual   4: 33554432 op, 888577800.00 ns, 26.4817 ns/op
WorkloadActual   5: 33554432 op, 888896200.00 ns, 26.4912 ns/op
WorkloadActual   6: 33554432 op, 889145400.00 ns, 26.4986 ns/op
WorkloadActual   7: 33554432 op, 886683900.00 ns, 26.4252 ns/op
WorkloadActual   8: 33554432 op, 889531800.00 ns, 26.5101 ns/op
WorkloadActual   9: 33554432 op, 887909700.00 ns, 26.4618 ns/op
WorkloadActual  10: 33554432 op, 891331600.00 ns, 26.5638 ns/op
WorkloadActual  11: 33554432 op, 891034500.00 ns, 26.5549 ns/op
WorkloadActual  12: 33554432 op, 888005300.00 ns, 26.4646 ns/op
WorkloadActual  13: 33554432 op, 887827200.00 ns, 26.4593 ns/op
WorkloadActual  14: 33554432 op, 886436100.00 ns, 26.4179 ns/op
WorkloadActual  15: 33554432 op, 887953800.00 ns, 26.4631 ns/op
WorkloadActual  16: 33554432 op, 889360800.00 ns, 26.5050 ns/op
WorkloadActual  17: 33554432 op, 888026000.00 ns, 26.4652 ns/op
WorkloadActual  18: 33554432 op, 891031900.00 ns, 26.5548 ns/op
WorkloadActual  19: 33554432 op, 893723900.00 ns, 26.6350 ns/op
WorkloadActual  20: 33554432 op, 887520500.00 ns, 26.4502 ns/op

// AfterActualRun
WorkloadResult   1: 33554432 op, 891041400.00 ns, 26.5551 ns/op
WorkloadResult   2: 33554432 op, 888744400.00 ns, 26.4866 ns/op
WorkloadResult   3: 33554432 op, 890376400.00 ns, 26.5353 ns/op
WorkloadResult   4: 33554432 op, 888577800.00 ns, 26.4817 ns/op
WorkloadResult   5: 33554432 op, 888896200.00 ns, 26.4912 ns/op
WorkloadResult   6: 33554432 op, 889145400.00 ns, 26.4986 ns/op
WorkloadResult   7: 33554432 op, 886683900.00 ns, 26.4252 ns/op
WorkloadResult   8: 33554432 op, 889531800.00 ns, 26.5101 ns/op
WorkloadResult   9: 33554432 op, 887909700.00 ns, 26.4618 ns/op
WorkloadResult  10: 33554432 op, 891331600.00 ns, 26.5638 ns/op
WorkloadResult  11: 33554432 op, 891034500.00 ns, 26.5549 ns/op
WorkloadResult  12: 33554432 op, 888005300.00 ns, 26.4646 ns/op
WorkloadResult  13: 33554432 op, 887827200.00 ns, 26.4593 ns/op
WorkloadResult  14: 33554432 op, 886436100.00 ns, 26.4179 ns/op
WorkloadResult  15: 33554432 op, 887953800.00 ns, 26.4631 ns/op
WorkloadResult  16: 33554432 op, 889360800.00 ns, 26.5050 ns/op
WorkloadResult  17: 33554432 op, 888026000.00 ns, 26.4652 ns/op
WorkloadResult  18: 33554432 op, 891031900.00 ns, 26.5548 ns/op
WorkloadResult  19: 33554432 op, 893723900.00 ns, 26.6350 ns/op
WorkloadResult  20: 33554432 op, 887520500.00 ns, 26.4502 ns/op

// AfterAll
// Benchmark Process 26176 has exited with code 0.

Mean = 26.276 ns, StdErr = 0.032 ns (0.12%), N = 57, StdDev = 0.240 ns
Min = 25.874 ns, Q1 = 26.017 ns, Median = 26.353 ns, Q3 = 26.465 ns, Max = 26.635 ns
IQR = 0.448 ns, LowerFence = 25.344 ns, UpperFence = 27.138 ns
ConfidenceInterval = [26.165 ns; 26.386 ns] (CI 99.9%), Margin = 0.110 ns (0.42% of Mean)
Skewness = -0.48, Kurtosis = 1.65, MValue = 2

// ** Remained 11 (24.4%) benchmark(s) to run. Estimated finish 2026-08-31 20:15 (0h 13m from now) **
Setup power plan (GUID: 8c5e7fda-e8bf-4a96-9a85-a6e23a8c635c FriendlyName: High performance)
// **************************
// Benchmark: SideMetadataBenchmarks.ReferenceCountUpdate: Job-TZWPHG(IterationCount=20, LaunchCount=3, WarmupCount=8) [LogReferenceCountBits=3]
// *** Execute ***
// Launch: 1 / 3
// Execute: dotnet side-metadata-benchmark-Job-TZWPHG-1.dll --ipcPort 52936 --benchmarkName "P21.SideMetadataBenchmarks.ReferenceCountUpdate(LogReferenceCountBits: 3)" --job "IterationCount=20, LaunchCount=3, WarmupCount=8" --diagnoserRunMode 0 --benchmarkId 34 in R:\artifacts\bin\side-metadata-benchmark\Release\net11.0\side-metadata-benchmark-Job-TZWPHG-1\bin\Release\net11.0
// BeforeAnythingElse

// Benchmark Process Environment Information:
// BenchmarkDotNet v0.16.0-preview.1
// Runtime=.NET 11.0.0 (11.0.0-preview.6.26359.118, 11.0.26.36018), X64 RyuJIT x86-64-v4
// GC=Concurrent Workstation
// HardwareIntrinsics=AVX512 BITALG+VBMI2+VNNI+VPOPCNTDQ,AVX512 IFMA+VBMI,AVX512 F+BW+CD+DQ+VL,AVX2+BMI1+BMI2+F16C+FMA+LZCNT+MOVBE,AVX,SSE3+SSSE3+SSE4.1+SSE4.2+POPCNT,X86Base+SSE+SSE2,AES+PCLMUL VectorSize=256
// Job: Job-TZWPHG(IterationCount=20, LaunchCount=3, WarmupCount=8)

WorkloadJitting  1: 4096 op, 114500.00 ns, 27.9541 ns/op
WorkloadJitting  2: 122880 op, 1845200.00 ns, 15.0163 ns/op
WorkloadJitting  3: 122880 op, 1865400.00 ns, 15.1807 ns/op
WorkloadJitting  4: 122880 op, 1825100.00 ns, 14.8527 ns/op
WorkloadJitting  5: 4096 op, 63000.00 ns, 15.3809 ns/op

WorkloadPilot    1: 4096 op, 63500.00 ns, 15.5029 ns/op

WorkloadPilot    1: 65536 op, 998300.00 ns, 15.2328 ns/op
WorkloadPilot    2: 131072 op, 2008700.00 ns, 15.3252 ns/op
WorkloadPilot    3: 262144 op, 3938500.00 ns, 15.0242 ns/op
WorkloadPilot    4: 524288 op, 7727800.00 ns, 14.7396 ns/op
WorkloadPilot    5: 1048576 op, 15499700.00 ns, 14.7817 ns/op
WorkloadPilot    6: 2097152 op, 30810300.00 ns, 14.6915 ns/op
WorkloadPilot    7: 4194304 op, 62009900.00 ns, 14.7843 ns/op
WorkloadPilot    8: 8388608 op, 123955800.00 ns, 14.7767 ns/op
WorkloadPilot    9: 16777216 op, 249131100.00 ns, 14.8494 ns/op
WorkloadPilot   10: 33554432 op, 497440100.00 ns, 14.8249 ns/op
WorkloadPilot   11: 67108864 op, 998204100.00 ns, 14.8744 ns/op

WorkloadWarmup   1: 67108864 op, 995865200.00 ns, 14.8395 ns/op
WorkloadWarmup   2: 67108864 op, 996562800.00 ns, 14.8499 ns/op
WorkloadWarmup   3: 67108864 op, 997086500.00 ns, 14.8577 ns/op
WorkloadWarmup   4: 67108864 op, 995695600.00 ns, 14.8370 ns/op
WorkloadWarmup   5: 67108864 op, 995683200.00 ns, 14.8368 ns/op
WorkloadWarmup   6: 67108864 op, 999920900.00 ns, 14.9000 ns/op
WorkloadWarmup   7: 67108864 op, 996784900.00 ns, 14.8533 ns/op
WorkloadWarmup   8: 67108864 op, 995255400.00 ns, 14.8305 ns/op

// BeforeActualRun
WorkloadActual   1: 67108864 op, 997529900.00 ns, 14.8644 ns/op
WorkloadActual   2: 67108864 op, 995496200.00 ns, 14.8340 ns/op
WorkloadActual   3: 67108864 op, 999249800.00 ns, 14.8900 ns/op
WorkloadActual   4: 67108864 op, 998850700.00 ns, 14.8840 ns/op
WorkloadActual   5: 67108864 op, 994900700.00 ns, 14.8252 ns/op
WorkloadActual   6: 67108864 op, 996438700.00 ns, 14.8481 ns/op
WorkloadActual   7: 67108864 op, 1025385600.00 ns, 15.2794 ns/op
WorkloadActual   8: 67108864 op, 1000428000.00 ns, 14.9075 ns/op
WorkloadActual   9: 67108864 op, 994949400.00 ns, 14.8259 ns/op
WorkloadActual  10: 67108864 op, 1002839000.00 ns, 14.9435 ns/op
WorkloadActual  11: 67108864 op, 1000227600.00 ns, 14.9046 ns/op
WorkloadActual  12: 67108864 op, 1003591800.00 ns, 14.9547 ns/op
WorkloadActual  13: 67108864 op, 1001297700.00 ns, 14.9205 ns/op
WorkloadActual  14: 67108864 op, 997394800.00 ns, 14.8623 ns/op
WorkloadActual  15: 67108864 op, 1006878800.00 ns, 15.0037 ns/op
WorkloadActual  16: 67108864 op, 996635000.00 ns, 14.8510 ns/op
WorkloadActual  17: 67108864 op, 996402200.00 ns, 14.8475 ns/op
WorkloadActual  18: 67108864 op, 998028100.00 ns, 14.8718 ns/op
WorkloadActual  19: 67108864 op, 996457600.00 ns, 14.8484 ns/op
WorkloadActual  20: 67108864 op, 994958000.00 ns, 14.8260 ns/op

// AfterActualRun
WorkloadResult   1: 67108864 op, 997529900.00 ns, 14.8644 ns/op
WorkloadResult   2: 67108864 op, 995496200.00 ns, 14.8340 ns/op
WorkloadResult   3: 67108864 op, 999249800.00 ns, 14.8900 ns/op
WorkloadResult   4: 67108864 op, 998850700.00 ns, 14.8840 ns/op
WorkloadResult   5: 67108864 op, 994900700.00 ns, 14.8252 ns/op
WorkloadResult   6: 67108864 op, 996438700.00 ns, 14.8481 ns/op
WorkloadResult   7: 67108864 op, 1000428000.00 ns, 14.9075 ns/op
WorkloadResult   8: 67108864 op, 994949400.00 ns, 14.8259 ns/op
WorkloadResult   9: 67108864 op, 1002839000.00 ns, 14.9435 ns/op
WorkloadResult  10: 67108864 op, 1000227600.00 ns, 14.9046 ns/op
WorkloadResult  11: 67108864 op, 1003591800.00 ns, 14.9547 ns/op
WorkloadResult  12: 67108864 op, 1001297700.00 ns, 14.9205 ns/op
WorkloadResult  13: 67108864 op, 997394800.00 ns, 14.8623 ns/op
WorkloadResult  14: 67108864 op, 1006878800.00 ns, 15.0037 ns/op
WorkloadResult  15: 67108864 op, 996635000.00 ns, 14.8510 ns/op
WorkloadResult  16: 67108864 op, 996402200.00 ns, 14.8475 ns/op
WorkloadResult  17: 67108864 op, 998028100.00 ns, 14.8718 ns/op
WorkloadResult  18: 67108864 op, 996457600.00 ns, 14.8484 ns/op
WorkloadResult  19: 67108864 op, 994958000.00 ns, 14.8260 ns/op

// AfterAll
// Benchmark Process 10476 has exited with code 0.
// Launch: 2 / 3
// Execute: dotnet side-metadata-benchmark-Job-TZWPHG-1.dll --ipcPort 53441 --benchmarkName "P21.SideMetadataBenchmarks.ReferenceCountUpdate(LogReferenceCountBits: 3)" --job "IterationCount=20, LaunchCount=3, WarmupCount=8" --diagnoserRunMode 0 --benchmarkId 34 in R:\artifacts\bin\side-metadata-benchmark\Release\net11.0\side-metadata-benchmark-Job-TZWPHG-1\bin\Release\net11.0
// BeforeAnythingElse

// Benchmark Process Environment Information:
// BenchmarkDotNet v0.16.0-preview.1
// Runtime=.NET 11.0.0 (11.0.0-preview.6.26359.118, 11.0.26.36018), X64 RyuJIT x86-64-v4
// GC=Concurrent Workstation
// HardwareIntrinsics=AVX512 BITALG+VBMI2+VNNI+VPOPCNTDQ,AVX512 IFMA+VBMI,AVX512 F+BW+CD+DQ+VL,AVX2+BMI1+BMI2+F16C+FMA+LZCNT+MOVBE,AVX,SSE3+SSSE3+SSE4.1+SSE4.2+POPCNT,X86Base+SSE+SSE2,AES+PCLMUL VectorSize=256
// Job: Job-TZWPHG(IterationCount=20, LaunchCount=3, WarmupCount=8)

WorkloadJitting  1: 4096 op, 115600.00 ns, 28.2227 ns/op
WorkloadJitting  2: 122880 op, 1818000.00 ns, 14.7949 ns/op
WorkloadJitting  3: 122880 op, 1812800.00 ns, 14.7526 ns/op
WorkloadJitting  4: 122880 op, 1831600.00 ns, 14.9056 ns/op
WorkloadJitting  5: 4096 op, 65000.00 ns, 15.8691 ns/op

WorkloadPilot    1: 4096 op, 215800.00 ns, 52.6855 ns/op

WorkloadPilot    1: 65536 op, 959900.00 ns, 14.6469 ns/op
WorkloadPilot    2: 131072 op, 1992100.00 ns, 15.1985 ns/op
WorkloadPilot    3: 262144 op, 3854900.00 ns, 14.7053 ns/op
WorkloadPilot    4: 524288 op, 7743300.00 ns, 14.7692 ns/op
WorkloadPilot    5: 1048576 op, 15598600.00 ns, 14.8760 ns/op
WorkloadPilot    6: 2097152 op, 30929200.00 ns, 14.7482 ns/op
WorkloadPilot    7: 4194304 op, 61722400.00 ns, 14.7158 ns/op
WorkloadPilot    8: 8388608 op, 124126400.00 ns, 14.7970 ns/op
WorkloadPilot    9: 16777216 op, 248698200.00 ns, 14.8236 ns/op
WorkloadPilot   10: 33554432 op, 500548300.00 ns, 14.9175 ns/op

WorkloadWarmup   1: 33554432 op, 496978000.00 ns, 14.8111 ns/op
WorkloadWarmup   2: 33554432 op, 498211900.00 ns, 14.8479 ns/op
WorkloadWarmup   3: 33554432 op, 498448600.00 ns, 14.8549 ns/op
WorkloadWarmup   4: 33554432 op, 497665100.00 ns, 14.8316 ns/op
WorkloadWarmup   5: 33554432 op, 496111800.00 ns, 14.7853 ns/op
WorkloadWarmup   6: 33554432 op, 502813400.00 ns, 14.9850 ns/op
WorkloadWarmup   7: 33554432 op, 498036300.00 ns, 14.8426 ns/op
WorkloadWarmup   8: 33554432 op, 503716500.00 ns, 15.0119 ns/op

// BeforeActualRun
WorkloadActual   1: 33554432 op, 495828900.00 ns, 14.7769 ns/op
WorkloadActual   2: 33554432 op, 497903800.00 ns, 14.8387 ns/op
WorkloadActual   3: 33554432 op, 498559600.00 ns, 14.8582 ns/op
WorkloadActual   4: 33554432 op, 497535300.00 ns, 14.8277 ns/op
WorkloadActual   5: 33554432 op, 498689700.00 ns, 14.8621 ns/op
WorkloadActual   6: 33554432 op, 497025500.00 ns, 14.8125 ns/op
WorkloadActual   7: 33554432 op, 497120900.00 ns, 14.8154 ns/op
WorkloadActual   8: 33554432 op, 497192200.00 ns, 14.8175 ns/op
WorkloadActual   9: 33554432 op, 500115400.00 ns, 14.9046 ns/op
WorkloadActual  10: 33554432 op, 498396400.00 ns, 14.8534 ns/op
WorkloadActual  11: 33554432 op, 497516600.00 ns, 14.8272 ns/op
WorkloadActual  12: 33554432 op, 494446000.00 ns, 14.7356 ns/op
WorkloadActual  13: 33554432 op, 498144700.00 ns, 14.8459 ns/op
WorkloadActual  14: 33554432 op, 497138900.00 ns, 14.8159 ns/op
WorkloadActual  15: 33554432 op, 500889100.00 ns, 14.9277 ns/op
WorkloadActual  16: 33554432 op, 496144600.00 ns, 14.7863 ns/op
WorkloadActual  17: 33554432 op, 497402400.00 ns, 14.8237 ns/op
WorkloadActual  18: 33554432 op, 496168700.00 ns, 14.7870 ns/op
WorkloadActual  19: 33554432 op, 500576000.00 ns, 14.9183 ns/op
WorkloadActual  20: 33554432 op, 496625400.00 ns, 14.8006 ns/op

// AfterActualRun
WorkloadResult   1: 33554432 op, 495828900.00 ns, 14.7769 ns/op
WorkloadResult   2: 33554432 op, 497903800.00 ns, 14.8387 ns/op
WorkloadResult   3: 33554432 op, 498559600.00 ns, 14.8582 ns/op
WorkloadResult   4: 33554432 op, 497535300.00 ns, 14.8277 ns/op
WorkloadResult   5: 33554432 op, 498689700.00 ns, 14.8621 ns/op
WorkloadResult   6: 33554432 op, 497025500.00 ns, 14.8125 ns/op
WorkloadResult   7: 33554432 op, 497120900.00 ns, 14.8154 ns/op
WorkloadResult   8: 33554432 op, 497192200.00 ns, 14.8175 ns/op
WorkloadResult   9: 33554432 op, 500115400.00 ns, 14.9046 ns/op
WorkloadResult  10: 33554432 op, 498396400.00 ns, 14.8534 ns/op
WorkloadResult  11: 33554432 op, 497516600.00 ns, 14.8272 ns/op
WorkloadResult  12: 33554432 op, 494446000.00 ns, 14.7356 ns/op
WorkloadResult  13: 33554432 op, 498144700.00 ns, 14.8459 ns/op
WorkloadResult  14: 33554432 op, 497138900.00 ns, 14.8159 ns/op
WorkloadResult  15: 33554432 op, 496144600.00 ns, 14.7863 ns/op
WorkloadResult  16: 33554432 op, 497402400.00 ns, 14.8237 ns/op
WorkloadResult  17: 33554432 op, 496168700.00 ns, 14.7870 ns/op
WorkloadResult  18: 33554432 op, 500576000.00 ns, 14.9183 ns/op
WorkloadResult  19: 33554432 op, 496625400.00 ns, 14.8006 ns/op

// AfterAll
// Benchmark Process 29760 has exited with code 0.
// Launch: 3 / 3
// Execute: dotnet side-metadata-benchmark-Job-TZWPHG-1.dll --ipcPort 53466 --benchmarkName "P21.SideMetadataBenchmarks.ReferenceCountUpdate(LogReferenceCountBits: 3)" --job "IterationCount=20, LaunchCount=3, WarmupCount=8" --diagnoserRunMode 0 --benchmarkId 34 in R:\artifacts\bin\side-metadata-benchmark\Release\net11.0\side-metadata-benchmark-Job-TZWPHG-1\bin\Release\net11.0
// BeforeAnythingElse

// Benchmark Process Environment Information:
// BenchmarkDotNet v0.16.0-preview.1
// Runtime=.NET 11.0.0 (11.0.0-preview.6.26359.118, 11.0.26.36018), X64 RyuJIT x86-64-v4
// GC=Concurrent Workstation
// HardwareIntrinsics=AVX512 BITALG+VBMI2+VNNI+VPOPCNTDQ,AVX512 IFMA+VBMI,AVX512 F+BW+CD+DQ+VL,AVX2+BMI1+BMI2+F16C+FMA+LZCNT+MOVBE,AVX,SSE3+SSSE3+SSE4.1+SSE4.2+POPCNT,X86Base+SSE+SSE2,AES+PCLMUL VectorSize=256
// Job: Job-TZWPHG(IterationCount=20, LaunchCount=3, WarmupCount=8)

WorkloadJitting  1: 4096 op, 124700.00 ns, 30.4443 ns/op
WorkloadJitting  2: 122880 op, 1855300.00 ns, 15.0985 ns/op
WorkloadJitting  3: 122880 op, 1856800.00 ns, 15.1107 ns/op
WorkloadJitting  4: 122880 op, 1816400.00 ns, 14.7819 ns/op
WorkloadJitting  5: 4096 op, 79600.00 ns, 19.4336 ns/op

WorkloadPilot    1: 4096 op, 79000.00 ns, 19.2871 ns/op

WorkloadPilot    1: 65536 op, 1004400.00 ns, 15.3259 ns/op
WorkloadPilot    2: 131072 op, 1924200.00 ns, 14.6805 ns/op
WorkloadPilot    3: 262144 op, 3888200.00 ns, 14.8323 ns/op
WorkloadPilot    4: 524288 op, 7682600.00 ns, 14.6534 ns/op
WorkloadPilot    5: 1048576 op, 15483800.00 ns, 14.7665 ns/op
WorkloadPilot    6: 2097152 op, 30969200.00 ns, 14.7673 ns/op
WorkloadPilot    7: 4194304 op, 61962300.00 ns, 14.7730 ns/op
WorkloadPilot    8: 8388608 op, 124047600.00 ns, 14.7876 ns/op
WorkloadPilot    9: 16777216 op, 247556300.00 ns, 14.7555 ns/op
WorkloadPilot   10: 33554432 op, 498101400.00 ns, 14.8446 ns/op
WorkloadPilot   11: 67108864 op, 994343000.00 ns, 14.8169 ns/op

WorkloadWarmup   1: 67108864 op, 993006500.00 ns, 14.7969 ns/op
WorkloadWarmup   2: 67108864 op, 996617800.00 ns, 14.8508 ns/op
WorkloadWarmup   3: 67108864 op, 995525200.00 ns, 14.8345 ns/op
WorkloadWarmup   4: 67108864 op, 1014534500.00 ns, 15.1177 ns/op
WorkloadWarmup   5: 67108864 op, 995785800.00 ns, 14.8384 ns/op
WorkloadWarmup   6: 67108864 op, 996880400.00 ns, 14.8547 ns/op
WorkloadWarmup   7: 67108864 op, 997137300.00 ns, 14.8585 ns/op
WorkloadWarmup   8: 67108864 op, 998107300.00 ns, 14.8730 ns/op

// BeforeActualRun
WorkloadActual   1: 67108864 op, 997825500.00 ns, 14.8688 ns/op
WorkloadActual   2: 67108864 op, 999975200.00 ns, 14.9008 ns/op
WorkloadActual   3: 67108864 op, 1001562900.00 ns, 14.9245 ns/op
WorkloadActual   4: 67108864 op, 1095641500.00 ns, 16.3263 ns/op
WorkloadActual   5: 67108864 op, 1066195400.00 ns, 15.8875 ns/op
WorkloadActual   6: 67108864 op, 997391700.00 ns, 14.8623 ns/op
WorkloadActual   7: 67108864 op, 1006341500.00 ns, 14.9957 ns/op
WorkloadActual   8: 67108864 op, 1004058000.00 ns, 14.9616 ns/op
WorkloadActual   9: 67108864 op, 1003481200.00 ns, 14.9530 ns/op
WorkloadActual  10: 67108864 op, 995929800.00 ns, 14.8405 ns/op
WorkloadActual  11: 67108864 op, 995098100.00 ns, 14.8281 ns/op
WorkloadActual  12: 67108864 op, 1003138800.00 ns, 14.9479 ns/op
WorkloadActual  13: 67108864 op, 1006713000.00 ns, 15.0012 ns/op
WorkloadActual  14: 67108864 op, 1004406400.00 ns, 14.9668 ns/op
WorkloadActual  15: 67108864 op, 993554900.00 ns, 14.8051 ns/op
WorkloadActual  16: 67108864 op, 995974700.00 ns, 14.8412 ns/op
WorkloadActual  17: 67108864 op, 999380200.00 ns, 14.8919 ns/op
WorkloadActual  18: 67108864 op, 993148100.00 ns, 14.7991 ns/op
WorkloadActual  19: 67108864 op, 995890200.00 ns, 14.8399 ns/op
WorkloadActual  20: 67108864 op, 996780300.00 ns, 14.8532 ns/op

// AfterActualRun
WorkloadResult   1: 67108864 op, 997825500.00 ns, 14.8688 ns/op
WorkloadResult   2: 67108864 op, 999975200.00 ns, 14.9008 ns/op
WorkloadResult   3: 67108864 op, 1001562900.00 ns, 14.9245 ns/op
WorkloadResult   4: 67108864 op, 997391700.00 ns, 14.8623 ns/op
WorkloadResult   5: 67108864 op, 1006341500.00 ns, 14.9957 ns/op
WorkloadResult   6: 67108864 op, 1004058000.00 ns, 14.9616 ns/op
WorkloadResult   7: 67108864 op, 1003481200.00 ns, 14.9530 ns/op
WorkloadResult   8: 67108864 op, 995929800.00 ns, 14.8405 ns/op
WorkloadResult   9: 67108864 op, 995098100.00 ns, 14.8281 ns/op
WorkloadResult  10: 67108864 op, 1003138800.00 ns, 14.9479 ns/op
WorkloadResult  11: 67108864 op, 1006713000.00 ns, 15.0012 ns/op
WorkloadResult  12: 67108864 op, 1004406400.00 ns, 14.9668 ns/op
WorkloadResult  13: 67108864 op, 993554900.00 ns, 14.8051 ns/op
WorkloadResult  14: 67108864 op, 995974700.00 ns, 14.8412 ns/op
WorkloadResult  15: 67108864 op, 999380200.00 ns, 14.8919 ns/op
WorkloadResult  16: 67108864 op, 993148100.00 ns, 14.7991 ns/op
WorkloadResult  17: 67108864 op, 995890200.00 ns, 14.8399 ns/op
WorkloadResult  18: 67108864 op, 996780300.00 ns, 14.8532 ns/op

// AfterAll
// Benchmark Process 39536 has exited with code 0.

Mean = 14.866 ns, StdErr = 0.008 ns (0.05%), N = 56, StdDev = 0.060 ns
Min = 14.736 ns, Q1 = 14.826 ns, Median = 14.852 ns, Q3 = 14.905 ns, Max = 15.004 ns
IQR = 0.079 ns, LowerFence = 14.708 ns, UpperFence = 15.022 ns
ConfidenceInterval = [14.838 ns; 14.894 ns] (CI 99.9%), Margin = 0.028 ns (0.19% of Mean)
Skewness = 0.54, Kurtosis = 2.73, MValue = 2

// ** Remained 10 (22.2%) benchmark(s) to run. Estimated finish 2026-08-31 20:15 (0h 11m from now) **
Setup power plan (GUID: 8c5e7fda-e8bf-4a96-9a85-a6e23a8c635c FriendlyName: High performance)
// **************************
// Benchmark: SideMetadataBenchmarks.ByteUpdate: Job-TZWPHG(IterationCount=20, LaunchCount=3, WarmupCount=8) [LogReferenceCountBits=3]
// *** Execute ***
// Launch: 1 / 3
// Execute: dotnet side-metadata-benchmark-Job-TZWPHG-1.dll --ipcPort 53510 --benchmarkName "P21.SideMetadataBenchmarks.ByteUpdate(LogReferenceCountBits: 3)" --job "IterationCount=20, LaunchCount=3, WarmupCount=8" --diagnoserRunMode 0 --benchmarkId 35 in R:\artifacts\bin\side-metadata-benchmark\Release\net11.0\side-metadata-benchmark-Job-TZWPHG-1\bin\Release\net11.0
// BeforeAnythingElse

// Benchmark Process Environment Information:
// BenchmarkDotNet v0.16.0-preview.1
// Runtime=.NET 11.0.0 (11.0.0-preview.6.26359.118, 11.0.26.36018), X64 RyuJIT x86-64-v4
// GC=Concurrent Workstation
// HardwareIntrinsics=AVX512 BITALG+VBMI2+VNNI+VPOPCNTDQ,AVX512 IFMA+VBMI,AVX512 F+BW+CD+DQ+VL,AVX2+BMI1+BMI2+F16C+FMA+LZCNT+MOVBE,AVX,SSE3+SSSE3+SSE4.1+SSE4.2+POPCNT,X86Base+SSE+SSE2,AES+PCLMUL VectorSize=256
// Job: Job-TZWPHG(IterationCount=20, LaunchCount=3, WarmupCount=8)

WorkloadJitting  1: 4096 op, 168100.00 ns, 41.0400 ns/op
WorkloadJitting  2: 122880 op, 3322100.00 ns, 27.0353 ns/op
WorkloadJitting  3: 122880 op, 4021200.00 ns, 32.7246 ns/op
WorkloadJitting  4: 122880 op, 3318500.00 ns, 27.0060 ns/op
WorkloadJitting  5: 4096 op, 112500.00 ns, 27.4658 ns/op

WorkloadPilot    1: 4096 op, 109800.00 ns, 26.8066 ns/op

WorkloadPilot    1: 65536 op, 1772400.00 ns, 27.0447 ns/op
WorkloadPilot    2: 131072 op, 3551100.00 ns, 27.0927 ns/op
WorkloadPilot    3: 262144 op, 7076800.00 ns, 26.9958 ns/op
WorkloadPilot    4: 524288 op, 14138500.00 ns, 26.9670 ns/op
WorkloadPilot    5: 1048576 op, 28173000.00 ns, 26.8679 ns/op
WorkloadPilot    6: 2097152 op, 56770000.00 ns, 27.0700 ns/op
WorkloadPilot    7: 4194304 op, 112676900.00 ns, 26.8643 ns/op
WorkloadPilot    8: 8388608 op, 225734600.00 ns, 26.9097 ns/op
WorkloadPilot    9: 16777216 op, 453607700.00 ns, 27.0371 ns/op
WorkloadPilot   10: 33554432 op, 906937600.00 ns, 27.0288 ns/op

WorkloadWarmup   1: 33554432 op, 919280500.00 ns, 27.3967 ns/op
WorkloadWarmup   2: 33554432 op, 904636600.00 ns, 26.9603 ns/op
WorkloadWarmup   3: 33554432 op, 903329400.00 ns, 26.9213 ns/op
WorkloadWarmup   4: 33554432 op, 907634900.00 ns, 27.0496 ns/op
WorkloadWarmup   5: 33554432 op, 912817200.00 ns, 27.2041 ns/op
WorkloadWarmup   6: 33554432 op, 903840300.00 ns, 26.9365 ns/op
WorkloadWarmup   7: 33554432 op, 908394200.00 ns, 27.0723 ns/op
WorkloadWarmup   8: 33554432 op, 907204400.00 ns, 27.0368 ns/op

// BeforeActualRun
WorkloadActual   1: 33554432 op, 912787800.00 ns, 27.2032 ns/op
WorkloadActual   2: 33554432 op, 906278500.00 ns, 27.0092 ns/op
WorkloadActual   3: 33554432 op, 904594700.00 ns, 26.9590 ns/op
WorkloadActual   4: 33554432 op, 911795700.00 ns, 27.1736 ns/op
WorkloadActual   5: 33554432 op, 907266500.00 ns, 27.0386 ns/op
WorkloadActual   6: 33554432 op, 904807300.00 ns, 26.9654 ns/op
WorkloadActual   7: 33554432 op, 910516300.00 ns, 27.1355 ns/op
WorkloadActual   8: 33554432 op, 905902600.00 ns, 26.9980 ns/op
WorkloadActual   9: 33554432 op, 907045300.00 ns, 27.0321 ns/op
WorkloadActual  10: 33554432 op, 906525000.00 ns, 27.0166 ns/op
WorkloadActual  11: 33554432 op, 905697400.00 ns, 26.9919 ns/op
WorkloadActual  12: 33554432 op, 904716900.00 ns, 26.9627 ns/op
WorkloadActual  13: 33554432 op, 908459800.00 ns, 27.0742 ns/op
WorkloadActual  14: 33554432 op, 905041800.00 ns, 26.9723 ns/op
WorkloadActual  15: 33554432 op, 905578200.00 ns, 26.9883 ns/op
WorkloadActual  16: 33554432 op, 907922500.00 ns, 27.0582 ns/op
WorkloadActual  17: 33554432 op, 902729000.00 ns, 26.9034 ns/op
WorkloadActual  18: 33554432 op, 904461400.00 ns, 26.9551 ns/op
WorkloadActual  19: 33554432 op, 904215000.00 ns, 26.9477 ns/op
WorkloadActual  20: 33554432 op, 912253700.00 ns, 27.1873 ns/op

// AfterActualRun
WorkloadResult   1: 33554432 op, 912787800.00 ns, 27.2032 ns/op
WorkloadResult   2: 33554432 op, 906278500.00 ns, 27.0092 ns/op
WorkloadResult   3: 33554432 op, 904594700.00 ns, 26.9590 ns/op
WorkloadResult   4: 33554432 op, 911795700.00 ns, 27.1736 ns/op
WorkloadResult   5: 33554432 op, 907266500.00 ns, 27.0386 ns/op
WorkloadResult   6: 33554432 op, 904807300.00 ns, 26.9654 ns/op
WorkloadResult   7: 33554432 op, 910516300.00 ns, 27.1355 ns/op
WorkloadResult   8: 33554432 op, 905902600.00 ns, 26.9980 ns/op
WorkloadResult   9: 33554432 op, 907045300.00 ns, 27.0321 ns/op
WorkloadResult  10: 33554432 op, 906525000.00 ns, 27.0166 ns/op
WorkloadResult  11: 33554432 op, 905697400.00 ns, 26.9919 ns/op
WorkloadResult  12: 33554432 op, 904716900.00 ns, 26.9627 ns/op
WorkloadResult  13: 33554432 op, 908459800.00 ns, 27.0742 ns/op
WorkloadResult  14: 33554432 op, 905041800.00 ns, 26.9723 ns/op
WorkloadResult  15: 33554432 op, 905578200.00 ns, 26.9883 ns/op
WorkloadResult  16: 33554432 op, 907922500.00 ns, 27.0582 ns/op
WorkloadResult  17: 33554432 op, 902729000.00 ns, 26.9034 ns/op
WorkloadResult  18: 33554432 op, 904461400.00 ns, 26.9551 ns/op
WorkloadResult  19: 33554432 op, 904215000.00 ns, 26.9477 ns/op
WorkloadResult  20: 33554432 op, 912253700.00 ns, 27.1873 ns/op

// AfterAll
// Benchmark Process 412 has exited with code 0.
// Launch: 2 / 3
// Execute: dotnet side-metadata-benchmark-Job-TZWPHG-1.dll --ipcPort 53548 --benchmarkName "P21.SideMetadataBenchmarks.ByteUpdate(LogReferenceCountBits: 3)" --job "IterationCount=20, LaunchCount=3, WarmupCount=8" --diagnoserRunMode 0 --benchmarkId 35 in R:\artifacts\bin\side-metadata-benchmark\Release\net11.0\side-metadata-benchmark-Job-TZWPHG-1\bin\Release\net11.0
// BeforeAnythingElse

// Benchmark Process Environment Information:
// BenchmarkDotNet v0.16.0-preview.1
// Runtime=.NET 11.0.0 (11.0.0-preview.6.26359.118, 11.0.26.36018), X64 RyuJIT x86-64-v4
// GC=Concurrent Workstation
// HardwareIntrinsics=AVX512 BITALG+VBMI2+VNNI+VPOPCNTDQ,AVX512 IFMA+VBMI,AVX512 F+BW+CD+DQ+VL,AVX2+BMI1+BMI2+F16C+FMA+LZCNT+MOVBE,AVX,SSE3+SSSE3+SSE4.1+SSE4.2+POPCNT,X86Base+SSE+SSE2,AES+PCLMUL VectorSize=256
// Job: Job-TZWPHG(IterationCount=20, LaunchCount=3, WarmupCount=8)

WorkloadJitting  1: 4096 op, 198200.00 ns, 48.3887 ns/op
WorkloadJitting  2: 122880 op, 3264300.00 ns, 26.5649 ns/op
WorkloadJitting  3: 122880 op, 3919200.00 ns, 31.8945 ns/op
WorkloadJitting  4: 122880 op, 3295800.00 ns, 26.8213 ns/op
WorkloadJitting  5: 4096 op, 137500.00 ns, 33.5693 ns/op

WorkloadPilot    1: 4096 op, 113100.00 ns, 27.6123 ns/op

WorkloadPilot    1: 65536 op, 1784800.00 ns, 27.2339 ns/op
WorkloadPilot    2: 131072 op, 3600000.00 ns, 27.4658 ns/op
WorkloadPilot    3: 262144 op, 7063900.00 ns, 26.9466 ns/op
WorkloadPilot    4: 524288 op, 14086900.00 ns, 26.8686 ns/op
WorkloadPilot    5: 1048576 op, 28251100.00 ns, 26.9423 ns/op
WorkloadPilot    6: 2097152 op, 56489400.00 ns, 26.9362 ns/op
WorkloadPilot    7: 4194304 op, 112828300.00 ns, 26.9004 ns/op
WorkloadPilot    8: 8388608 op, 226756500.00 ns, 27.0315 ns/op
WorkloadPilot    9: 16777216 op, 454123700.00 ns, 27.0679 ns/op
WorkloadPilot   10: 33554432 op, 905321800.00 ns, 26.9807 ns/op

WorkloadWarmup   1: 33554432 op, 911510800.00 ns, 27.1651 ns/op
WorkloadWarmup   2: 33554432 op, 905091400.00 ns, 26.9738 ns/op
WorkloadWarmup   3: 33554432 op, 904524900.00 ns, 26.9569 ns/op
WorkloadWarmup   4: 33554432 op, 901865400.00 ns, 26.8777 ns/op
WorkloadWarmup   5: 33554432 op, 905828600.00 ns, 26.9958 ns/op
WorkloadWarmup   6: 33554432 op, 906016600.00 ns, 27.0014 ns/op
WorkloadWarmup   7: 33554432 op, 905238500.00 ns, 26.9782 ns/op
WorkloadWarmup   8: 33554432 op, 904294900.00 ns, 26.9501 ns/op

// BeforeActualRun
WorkloadActual   1: 33554432 op, 904404000.00 ns, 26.9533 ns/op
WorkloadActual   2: 33554432 op, 907982800.00 ns, 27.0600 ns/op
WorkloadActual   3: 33554432 op, 904237900.00 ns, 26.9484 ns/op
WorkloadActual   4: 33554432 op, 907923600.00 ns, 27.0582 ns/op
WorkloadActual   5: 33554432 op, 905542600.00 ns, 26.9873 ns/op
WorkloadActual   6: 33554432 op, 903685800.00 ns, 26.9319 ns/op
WorkloadActual   7: 33554432 op, 905639100.00 ns, 26.9901 ns/op
WorkloadActual   8: 33554432 op, 911524500.00 ns, 27.1655 ns/op
WorkloadActual   9: 33554432 op, 920561000.00 ns, 27.4349 ns/op
WorkloadActual  10: 33554432 op, 906281000.00 ns, 27.0093 ns/op
WorkloadActual  11: 33554432 op, 906121600.00 ns, 27.0045 ns/op
WorkloadActual  12: 33554432 op, 903925800.00 ns, 26.9391 ns/op
WorkloadActual  13: 33554432 op, 902531300.00 ns, 26.8975 ns/op
WorkloadActual  14: 33554432 op, 904963600.00 ns, 26.9700 ns/op
WorkloadActual  15: 33554432 op, 904294300.00 ns, 26.9501 ns/op
WorkloadActual  16: 33554432 op, 906139400.00 ns, 27.0051 ns/op
WorkloadActual  17: 33554432 op, 904468600.00 ns, 26.9553 ns/op
WorkloadActual  18: 33554432 op, 906654900.00 ns, 27.0204 ns/op
WorkloadActual  19: 33554432 op, 905632200.00 ns, 26.9899 ns/op
WorkloadActual  20: 33554432 op, 904937100.00 ns, 26.9692 ns/op

// AfterActualRun
WorkloadResult   1: 33554432 op, 904404000.00 ns, 26.9533 ns/op
WorkloadResult   2: 33554432 op, 907982800.00 ns, 27.0600 ns/op
WorkloadResult   3: 33554432 op, 904237900.00 ns, 26.9484 ns/op
WorkloadResult   4: 33554432 op, 907923600.00 ns, 27.0582 ns/op
WorkloadResult   5: 33554432 op, 905542600.00 ns, 26.9873 ns/op
WorkloadResult   6: 33554432 op, 903685800.00 ns, 26.9319 ns/op
WorkloadResult   7: 33554432 op, 905639100.00 ns, 26.9901 ns/op
WorkloadResult   8: 33554432 op, 906281000.00 ns, 27.0093 ns/op
WorkloadResult   9: 33554432 op, 906121600.00 ns, 27.0045 ns/op
WorkloadResult  10: 33554432 op, 903925800.00 ns, 26.9391 ns/op
WorkloadResult  11: 33554432 op, 902531300.00 ns, 26.8975 ns/op
WorkloadResult  12: 33554432 op, 904963600.00 ns, 26.9700 ns/op
WorkloadResult  13: 33554432 op, 904294300.00 ns, 26.9501 ns/op
WorkloadResult  14: 33554432 op, 906139400.00 ns, 27.0051 ns/op
WorkloadResult  15: 33554432 op, 904468600.00 ns, 26.9553 ns/op
WorkloadResult  16: 33554432 op, 906654900.00 ns, 27.0204 ns/op
WorkloadResult  17: 33554432 op, 905632200.00 ns, 26.9899 ns/op
WorkloadResult  18: 33554432 op, 904937100.00 ns, 26.9692 ns/op

// AfterAll
// Benchmark Process 13768 has exited with code 0.
// Launch: 3 / 3
// Execute: dotnet side-metadata-benchmark-Job-TZWPHG-1.dll --ipcPort 53577 --benchmarkName "P21.SideMetadataBenchmarks.ByteUpdate(LogReferenceCountBits: 3)" --job "IterationCount=20, LaunchCount=3, WarmupCount=8" --diagnoserRunMode 0 --benchmarkId 35 in R:\artifacts\bin\side-metadata-benchmark\Release\net11.0\side-metadata-benchmark-Job-TZWPHG-1\bin\Release\net11.0
// BeforeAnythingElse

// Benchmark Process Environment Information:
// BenchmarkDotNet v0.16.0-preview.1
// Runtime=.NET 11.0.0 (11.0.0-preview.6.26359.118, 11.0.26.36018), X64 RyuJIT x86-64-v4
// GC=Concurrent Workstation
// HardwareIntrinsics=AVX512 BITALG+VBMI2+VNNI+VPOPCNTDQ,AVX512 IFMA+VBMI,AVX512 F+BW+CD+DQ+VL,AVX2+BMI1+BMI2+F16C+FMA+LZCNT+MOVBE,AVX,SSE3+SSSE3+SSE4.1+SSE4.2+POPCNT,X86Base+SSE+SSE2,AES+PCLMUL VectorSize=256
// Job: Job-TZWPHG(IterationCount=20, LaunchCount=3, WarmupCount=8)

WorkloadJitting  1: 4096 op, 170700.00 ns, 41.6748 ns/op
WorkloadJitting  2: 122880 op, 3544800.00 ns, 28.8477 ns/op
WorkloadJitting  3: 122880 op, 3512500.00 ns, 28.5848 ns/op
WorkloadJitting  4: 122880 op, 3237400.00 ns, 26.3460 ns/op
WorkloadJitting  5: 4096 op, 109600.00 ns, 26.7578 ns/op

WorkloadPilot    1: 4096 op, 110900.00 ns, 27.0752 ns/op

WorkloadPilot    1: 65536 op, 1774400.00 ns, 27.0752 ns/op
WorkloadPilot    2: 131072 op, 3455300.00 ns, 26.3618 ns/op
WorkloadPilot    3: 262144 op, 6982000.00 ns, 26.6342 ns/op
WorkloadPilot    4: 524288 op, 13866800.00 ns, 26.4488 ns/op
WorkloadPilot    5: 1048576 op, 27726400.00 ns, 26.4420 ns/op
WorkloadPilot    6: 2097152 op, 55559700.00 ns, 26.4929 ns/op
WorkloadPilot    7: 4194304 op, 111450100.00 ns, 26.5718 ns/op
WorkloadPilot    8: 8388608 op, 222532000.00 ns, 26.5279 ns/op
WorkloadPilot    9: 16777216 op, 443469700.00 ns, 26.4329 ns/op
WorkloadPilot   10: 33554432 op, 890612900.00 ns, 26.5423 ns/op

WorkloadWarmup   1: 33554432 op, 889303500.00 ns, 26.5033 ns/op
WorkloadWarmup   2: 33554432 op, 884881500.00 ns, 26.3715 ns/op
WorkloadWarmup   3: 33554432 op, 894068800.00 ns, 26.6453 ns/op
WorkloadWarmup   4: 33554432 op, 887398800.00 ns, 26.4465 ns/op
WorkloadWarmup   5: 33554432 op, 892147400.00 ns, 26.5881 ns/op
WorkloadWarmup   6: 33554432 op, 893502500.00 ns, 26.6284 ns/op
WorkloadWarmup   7: 33554432 op, 889713100.00 ns, 26.5155 ns/op
WorkloadWarmup   8: 33554432 op, 892040500.00 ns, 26.5849 ns/op

// BeforeActualRun
WorkloadActual   1: 33554432 op, 891880200.00 ns, 26.5801 ns/op
WorkloadActual   2: 33554432 op, 890978900.00 ns, 26.5532 ns/op
WorkloadActual   3: 33554432 op, 887740800.00 ns, 26.4567 ns/op
WorkloadActual   4: 33554432 op, 891639500.00 ns, 26.5729 ns/op
WorkloadActual   5: 33554432 op, 886380100.00 ns, 26.4162 ns/op
WorkloadActual   6: 33554432 op, 892001600.00 ns, 26.5837 ns/op
WorkloadActual   7: 33554432 op, 885500200.00 ns, 26.3900 ns/op
WorkloadActual   8: 33554432 op, 890767900.00 ns, 26.5470 ns/op
WorkloadActual   9: 33554432 op, 887723000.00 ns, 26.4562 ns/op
WorkloadActual  10: 33554432 op, 888965400.00 ns, 26.4932 ns/op
WorkloadActual  11: 33554432 op, 885585000.00 ns, 26.3925 ns/op
WorkloadActual  12: 33554432 op, 890038900.00 ns, 26.5252 ns/op
WorkloadActual  13: 33554432 op, 890638900.00 ns, 26.5431 ns/op
WorkloadActual  14: 33554432 op, 889987600.00 ns, 26.5237 ns/op
WorkloadActual  15: 33554432 op, 889529000.00 ns, 26.5100 ns/op
WorkloadActual  16: 33554432 op, 886423000.00 ns, 26.4175 ns/op
WorkloadActual  17: 33554432 op, 886221900.00 ns, 26.4115 ns/op
WorkloadActual  18: 33554432 op, 900622200.00 ns, 26.8406 ns/op
WorkloadActual  19: 33554432 op, 887665500.00 ns, 26.4545 ns/op
WorkloadActual  20: 33554432 op, 888611700.00 ns, 26.4827 ns/op

// AfterActualRun
WorkloadResult   1: 33554432 op, 891880200.00 ns, 26.5801 ns/op
WorkloadResult   2: 33554432 op, 890978900.00 ns, 26.5532 ns/op
WorkloadResult   3: 33554432 op, 887740800.00 ns, 26.4567 ns/op
WorkloadResult   4: 33554432 op, 891639500.00 ns, 26.5729 ns/op
WorkloadResult   5: 33554432 op, 886380100.00 ns, 26.4162 ns/op
WorkloadResult   6: 33554432 op, 892001600.00 ns, 26.5837 ns/op
WorkloadResult   7: 33554432 op, 885500200.00 ns, 26.3900 ns/op
WorkloadResult   8: 33554432 op, 890767900.00 ns, 26.5470 ns/op
WorkloadResult   9: 33554432 op, 887723000.00 ns, 26.4562 ns/op
WorkloadResult  10: 33554432 op, 888965400.00 ns, 26.4932 ns/op
WorkloadResult  11: 33554432 op, 885585000.00 ns, 26.3925 ns/op
WorkloadResult  12: 33554432 op, 890038900.00 ns, 26.5252 ns/op
WorkloadResult  13: 33554432 op, 890638900.00 ns, 26.5431 ns/op
WorkloadResult  14: 33554432 op, 889987600.00 ns, 26.5237 ns/op
WorkloadResult  15: 33554432 op, 889529000.00 ns, 26.5100 ns/op
WorkloadResult  16: 33554432 op, 886423000.00 ns, 26.4175 ns/op
WorkloadResult  17: 33554432 op, 886221900.00 ns, 26.4115 ns/op
WorkloadResult  18: 33554432 op, 887665500.00 ns, 26.4545 ns/op
WorkloadResult  19: 33554432 op, 888611700.00 ns, 26.4827 ns/op

// AfterAll
// Benchmark Process 13468 has exited with code 0.

Mean = 26.834 ns, StdErr = 0.034 ns (0.13%), N = 57, StdDev = 0.255 ns
Min = 26.390 ns, Q1 = 26.547 ns, Median = 26.955 ns, Q3 = 27.005 ns, Max = 27.203 ns
IQR = 0.458 ns, LowerFence = 25.860 ns, UpperFence = 27.692 ns
ConfidenceInterval = [26.716 ns; 26.951 ns] (CI 99.9%), Margin = 0.117 ns (0.44% of Mean)
Skewness = -0.57, Kurtosis = 1.68, MValue = 2

// ** Remained 9 (20.0%) benchmark(s) to run. Estimated finish 2026-08-31 20:16 (0h 10m from now) **
Setup power plan (GUID: 8c5e7fda-e8bf-4a96-9a85-a6e23a8c635c FriendlyName: High performance)
// **************************
// Benchmark: SideMetadataBenchmarks.BulkRead64KiB: Job-TZWPHG(IterationCount=20, LaunchCount=3, WarmupCount=8) [LogReferenceCountBits=3]
// *** Execute ***
// Launch: 1 / 3
// Execute: dotnet side-metadata-benchmark-Job-TZWPHG-1.dll --ipcPort 53608 --benchmarkName "P21.SideMetadataBenchmarks.BulkRead64KiB(LogReferenceCountBits: 3)" --job "IterationCount=20, LaunchCount=3, WarmupCount=8" --diagnoserRunMode 0 --benchmarkId 36 in R:\artifacts\bin\side-metadata-benchmark\Release\net11.0\side-metadata-benchmark-Job-TZWPHG-1\bin\Release\net11.0
// BeforeAnythingElse

// Benchmark Process Environment Information:
// BenchmarkDotNet v0.16.0-preview.1
// Runtime=.NET 11.0.0 (11.0.0-preview.6.26359.118, 11.0.26.36018), X64 RyuJIT x86-64-v4
// GC=Concurrent Workstation
// HardwareIntrinsics=AVX512 BITALG+VBMI2+VNNI+VPOPCNTDQ,AVX512 IFMA+VBMI,AVX512 F+BW+CD+DQ+VL,AVX2+BMI1+BMI2+F16C+FMA+LZCNT+MOVBE,AVX,SSE3+SSSE3+SSE4.1+SSE4.2+POPCNT,X86Base+SSE+SSE2,AES+PCLMUL VectorSize=256
// Job: Job-TZWPHG(IterationCount=20, LaunchCount=3, WarmupCount=8)

WorkloadJitting  1: 8 op, 71800.00 ns, 8.9750 us/op
WorkloadJitting  2: 240 op, 465900.00 ns, 1.9413 us/op
WorkloadJitting  3: 240 op, 471200.00 ns, 1.9633 us/op
WorkloadJitting  4: 240 op, 455200.00 ns, 1.8967 us/op
WorkloadJitting  5: 8 op, 17300.00 ns, 2.1625 us/op

WorkloadPilot    1: 8 op, 16300.00 ns, 2.0375 us/op

WorkloadPilot    1: 128 op, 235000.00 ns, 1.8359 us/op
WorkloadPilot    2: 256 op, 493300.00 ns, 1.9270 us/op
WorkloadPilot    3: 512 op, 968300.00 ns, 1.8912 us/op
WorkloadPilot    4: 1024 op, 1910000.00 ns, 1.8652 us/op
WorkloadPilot    5: 2048 op, 3807300.00 ns, 1.8590 us/op
WorkloadPilot    6: 4096 op, 7576800.00 ns, 1.8498 us/op
WorkloadPilot    7: 8192 op, 15161700.00 ns, 1.8508 us/op
WorkloadPilot    8: 16384 op, 30279600.00 ns, 1.8481 us/op
WorkloadPilot    9: 32768 op, 60519200.00 ns, 1.8469 us/op
WorkloadPilot   10: 65536 op, 120923200.00 ns, 1.8451 us/op
WorkloadPilot   11: 131072 op, 242336600.00 ns, 1.8489 us/op
WorkloadPilot   12: 262144 op, 484577700.00 ns, 1.8485 us/op
WorkloadPilot   13: 524288 op, 967719400.00 ns, 1.8458 us/op

WorkloadWarmup   1: 524288 op, 970776700.00 ns, 1.8516 us/op
WorkloadWarmup   2: 524288 op, 970763900.00 ns, 1.8516 us/op
WorkloadWarmup   3: 524288 op, 973498300.00 ns, 1.8568 us/op
WorkloadWarmup   4: 524288 op, 973090700.00 ns, 1.8560 us/op
WorkloadWarmup   5: 524288 op, 974397900.00 ns, 1.8585 us/op
WorkloadWarmup   6: 524288 op, 971045500.00 ns, 1.8521 us/op
WorkloadWarmup   7: 524288 op, 970067900.00 ns, 1.8503 us/op
WorkloadWarmup   8: 524288 op, 969518000.00 ns, 1.8492 us/op

// BeforeActualRun
WorkloadActual   1: 524288 op, 968140200.00 ns, 1.8466 us/op
WorkloadActual   2: 524288 op, 972711300.00 ns, 1.8553 us/op
WorkloadActual   3: 524288 op, 971914700.00 ns, 1.8538 us/op
WorkloadActual   4: 524288 op, 972841200.00 ns, 1.8555 us/op
WorkloadActual   5: 524288 op, 973305700.00 ns, 1.8564 us/op
WorkloadActual   6: 524288 op, 970948600.00 ns, 1.8519 us/op
WorkloadActual   7: 524288 op, 968263800.00 ns, 1.8468 us/op
WorkloadActual   8: 524288 op, 968366600.00 ns, 1.8470 us/op
WorkloadActual   9: 524288 op, 970142500.00 ns, 1.8504 us/op
WorkloadActual  10: 524288 op, 970214000.00 ns, 1.8505 us/op
WorkloadActual  11: 524288 op, 970559000.00 ns, 1.8512 us/op
WorkloadActual  12: 524288 op, 970440200.00 ns, 1.8510 us/op
WorkloadActual  13: 524288 op, 969772000.00 ns, 1.8497 us/op
WorkloadActual  14: 524288 op, 969817800.00 ns, 1.8498 us/op
WorkloadActual  15: 524288 op, 968545500.00 ns, 1.8474 us/op
WorkloadActual  16: 524288 op, 970973000.00 ns, 1.8520 us/op
WorkloadActual  17: 524288 op, 970418300.00 ns, 1.8509 us/op
WorkloadActual  18: 524288 op, 971054100.00 ns, 1.8521 us/op
WorkloadActual  19: 524288 op, 972251300.00 ns, 1.8544 us/op
WorkloadActual  20: 524288 op, 971955700.00 ns, 1.8539 us/op

// AfterActualRun
WorkloadResult   1: 524288 op, 968140200.00 ns, 1.8466 us/op
WorkloadResult   2: 524288 op, 972711300.00 ns, 1.8553 us/op
WorkloadResult   3: 524288 op, 971914700.00 ns, 1.8538 us/op
WorkloadResult   4: 524288 op, 972841200.00 ns, 1.8555 us/op
WorkloadResult   5: 524288 op, 973305700.00 ns, 1.8564 us/op
WorkloadResult   6: 524288 op, 970948600.00 ns, 1.8519 us/op
WorkloadResult   7: 524288 op, 968263800.00 ns, 1.8468 us/op
WorkloadResult   8: 524288 op, 968366600.00 ns, 1.8470 us/op
WorkloadResult   9: 524288 op, 970142500.00 ns, 1.8504 us/op
WorkloadResult  10: 524288 op, 970214000.00 ns, 1.8505 us/op
WorkloadResult  11: 524288 op, 970559000.00 ns, 1.8512 us/op
WorkloadResult  12: 524288 op, 970440200.00 ns, 1.8510 us/op
WorkloadResult  13: 524288 op, 969772000.00 ns, 1.8497 us/op
WorkloadResult  14: 524288 op, 969817800.00 ns, 1.8498 us/op
WorkloadResult  15: 524288 op, 968545500.00 ns, 1.8474 us/op
WorkloadResult  16: 524288 op, 970973000.00 ns, 1.8520 us/op
WorkloadResult  17: 524288 op, 970418300.00 ns, 1.8509 us/op
WorkloadResult  18: 524288 op, 971054100.00 ns, 1.8521 us/op
WorkloadResult  19: 524288 op, 972251300.00 ns, 1.8544 us/op
WorkloadResult  20: 524288 op, 971955700.00 ns, 1.8539 us/op

// AfterAll
// Benchmark Process 39180 has exited with code 0.
// Launch: 2 / 3
// Execute: dotnet side-metadata-benchmark-Job-TZWPHG-1.dll --ipcPort 53637 --benchmarkName "P21.SideMetadataBenchmarks.BulkRead64KiB(LogReferenceCountBits: 3)" --job "IterationCount=20, LaunchCount=3, WarmupCount=8" --diagnoserRunMode 0 --benchmarkId 36 in R:\artifacts\bin\side-metadata-benchmark\Release\net11.0\side-metadata-benchmark-Job-TZWPHG-1\bin\Release\net11.0
// BeforeAnythingElse

// Benchmark Process Environment Information:
// BenchmarkDotNet v0.16.0-preview.1
// Runtime=.NET 11.0.0 (11.0.0-preview.6.26359.118, 11.0.26.36018), X64 RyuJIT x86-64-v4
// GC=Concurrent Workstation
// HardwareIntrinsics=AVX512 BITALG+VBMI2+VNNI+VPOPCNTDQ,AVX512 IFMA+VBMI,AVX512 F+BW+CD+DQ+VL,AVX2+BMI1+BMI2+F16C+FMA+LZCNT+MOVBE,AVX,SSE3+SSSE3+SSE4.1+SSE4.2+POPCNT,X86Base+SSE+SSE2,AES+PCLMUL VectorSize=256
// Job: Job-TZWPHG(IterationCount=20, LaunchCount=3, WarmupCount=8)

WorkloadJitting  1: 8 op, 68200.00 ns, 8.5250 us/op
WorkloadJitting  2: 240 op, 425900.00 ns, 1.7746 us/op
WorkloadJitting  3: 240 op, 390700.00 ns, 1.6279 us/op
WorkloadJitting  4: 240 op, 553700.00 ns, 2.3071 us/op
WorkloadJitting  5: 8 op, 17600.00 ns, 2.2000 us/op

WorkloadPilot    1: 8 op, 16400.00 ns, 2.0500 us/op

WorkloadPilot    1: 128 op, 235500.00 ns, 1.8398 us/op
WorkloadPilot    2: 256 op, 477500.00 ns, 1.8652 us/op
WorkloadPilot    3: 512 op, 941000.00 ns, 1.8379 us/op
WorkloadPilot    4: 1024 op, 1912000.00 ns, 1.8672 us/op
WorkloadPilot    5: 2048 op, 3808000.00 ns, 1.8594 us/op
WorkloadPilot    6: 4096 op, 7551100.00 ns, 1.8435 us/op
WorkloadPilot    7: 8192 op, 15151700.00 ns, 1.8496 us/op
WorkloadPilot    8: 16384 op, 30396300.00 ns, 1.8552 us/op
WorkloadPilot    9: 32768 op, 60544100.00 ns, 1.8477 us/op
WorkloadPilot   10: 65536 op, 121035200.00 ns, 1.8469 us/op
WorkloadPilot   11: 131072 op, 242201500.00 ns, 1.8479 us/op
WorkloadPilot   12: 262144 op, 487321200.00 ns, 1.8590 us/op
WorkloadPilot   13: 524288 op, 975451700.00 ns, 1.8605 us/op

WorkloadWarmup   1: 524288 op, 971250900.00 ns, 1.8525 us/op
WorkloadWarmup   2: 524288 op, 971280400.00 ns, 1.8526 us/op
WorkloadWarmup   3: 524288 op, 970364100.00 ns, 1.8508 us/op
WorkloadWarmup   4: 524288 op, 971372700.00 ns, 1.8527 us/op
WorkloadWarmup   5: 524288 op, 977344400.00 ns, 1.8641 us/op
WorkloadWarmup   6: 524288 op, 971613800.00 ns, 1.8532 us/op
WorkloadWarmup   7: 524288 op, 968987200.00 ns, 1.8482 us/op
WorkloadWarmup   8: 524288 op, 971937000.00 ns, 1.8538 us/op

// BeforeActualRun
WorkloadActual   1: 524288 op, 979098700.00 ns, 1.8675 us/op
WorkloadActual   2: 524288 op, 972348000.00 ns, 1.8546 us/op
WorkloadActual   3: 524288 op, 971215700.00 ns, 1.8524 us/op
WorkloadActual   4: 524288 op, 974304600.00 ns, 1.8583 us/op
WorkloadActual   5: 524288 op, 972007600.00 ns, 1.8540 us/op
WorkloadActual   6: 524288 op, 972000400.00 ns, 1.8539 us/op
WorkloadActual   7: 524288 op, 969666900.00 ns, 1.8495 us/op
WorkloadActual   8: 524288 op, 969705800.00 ns, 1.8496 us/op
WorkloadActual   9: 524288 op, 972630100.00 ns, 1.8551 us/op
WorkloadActual  10: 524288 op, 979375700.00 ns, 1.8680 us/op
WorkloadActual  11: 524288 op, 971423900.00 ns, 1.8528 us/op
WorkloadActual  12: 524288 op, 971951000.00 ns, 1.8538 us/op
WorkloadActual  13: 524288 op, 968727900.00 ns, 1.8477 us/op
WorkloadActual  14: 524288 op, 971935600.00 ns, 1.8538 us/op
WorkloadActual  15: 524288 op, 971235900.00 ns, 1.8525 us/op
WorkloadActual  16: 524288 op, 968940400.00 ns, 1.8481 us/op
WorkloadActual  17: 524288 op, 970704500.00 ns, 1.8515 us/op
WorkloadActual  18: 524288 op, 969528400.00 ns, 1.8492 us/op
WorkloadActual  19: 524288 op, 970059800.00 ns, 1.8502 us/op
WorkloadActual  20: 524288 op, 972668400.00 ns, 1.8552 us/op

// AfterActualRun
WorkloadResult   1: 524288 op, 972348000.00 ns, 1.8546 us/op
WorkloadResult   2: 524288 op, 971215700.00 ns, 1.8524 us/op
WorkloadResult   3: 524288 op, 974304600.00 ns, 1.8583 us/op
WorkloadResult   4: 524288 op, 972007600.00 ns, 1.8540 us/op
WorkloadResult   5: 524288 op, 972000400.00 ns, 1.8539 us/op
WorkloadResult   6: 524288 op, 969666900.00 ns, 1.8495 us/op
WorkloadResult   7: 524288 op, 969705800.00 ns, 1.8496 us/op
WorkloadResult   8: 524288 op, 972630100.00 ns, 1.8551 us/op
WorkloadResult   9: 524288 op, 971423900.00 ns, 1.8528 us/op
WorkloadResult  10: 524288 op, 971951000.00 ns, 1.8538 us/op
WorkloadResult  11: 524288 op, 968727900.00 ns, 1.8477 us/op
WorkloadResult  12: 524288 op, 971935600.00 ns, 1.8538 us/op
WorkloadResult  13: 524288 op, 971235900.00 ns, 1.8525 us/op
WorkloadResult  14: 524288 op, 968940400.00 ns, 1.8481 us/op
WorkloadResult  15: 524288 op, 970704500.00 ns, 1.8515 us/op
WorkloadResult  16: 524288 op, 969528400.00 ns, 1.8492 us/op
WorkloadResult  17: 524288 op, 970059800.00 ns, 1.8502 us/op
WorkloadResult  18: 524288 op, 972668400.00 ns, 1.8552 us/op

// AfterAll
// Benchmark Process 31260 has exited with code 0.
// Launch: 3 / 3
// Execute: dotnet side-metadata-benchmark-Job-TZWPHG-1.dll --ipcPort 53681 --benchmarkName "P21.SideMetadataBenchmarks.BulkRead64KiB(LogReferenceCountBits: 3)" --job "IterationCount=20, LaunchCount=3, WarmupCount=8" --diagnoserRunMode 0 --benchmarkId 36 in R:\artifacts\bin\side-metadata-benchmark\Release\net11.0\side-metadata-benchmark-Job-TZWPHG-1\bin\Release\net11.0
// BeforeAnythingElse

// Benchmark Process Environment Information:
// BenchmarkDotNet v0.16.0-preview.1
// Runtime=.NET 11.0.0 (11.0.0-preview.6.26359.118, 11.0.26.36018), X64 RyuJIT x86-64-v4
// GC=Concurrent Workstation
// HardwareIntrinsics=AVX512 BITALG+VBMI2+VNNI+VPOPCNTDQ,AVX512 IFMA+VBMI,AVX512 F+BW+CD+DQ+VL,AVX2+BMI1+BMI2+F16C+FMA+LZCNT+MOVBE,AVX,SSE3+SSSE3+SSE4.1+SSE4.2+POPCNT,X86Base+SSE+SSE2,AES+PCLMUL VectorSize=256
// Job: Job-TZWPHG(IterationCount=20, LaunchCount=3, WarmupCount=8)

WorkloadJitting  1: 8 op, 78600.00 ns, 9.8250 us/op
WorkloadJitting  2: 240 op, 446100.00 ns, 1.8588 us/op
WorkloadJitting  3: 240 op, 451200.00 ns, 1.8800 us/op
WorkloadJitting  4: 240 op, 443200.00 ns, 1.8467 us/op
WorkloadJitting  5: 8 op, 17200.00 ns, 2.1500 us/op

WorkloadPilot    1: 8 op, 16800.00 ns, 2.1000 us/op

WorkloadPilot    1: 128 op, 234900.00 ns, 1.8352 us/op
WorkloadPilot    2: 256 op, 477600.00 ns, 1.8656 us/op
WorkloadPilot    3: 512 op, 945600.00 ns, 1.8469 us/op
WorkloadPilot    4: 1024 op, 1912400.00 ns, 1.8676 us/op
WorkloadPilot    5: 2048 op, 3808400.00 ns, 1.8596 us/op
WorkloadPilot    6: 4096 op, 7574400.00 ns, 1.8492 us/op
WorkloadPilot    7: 8192 op, 15129300.00 ns, 1.8468 us/op
WorkloadPilot    8: 16384 op, 30314900.00 ns, 1.8503 us/op
WorkloadPilot    9: 32768 op, 60629500.00 ns, 1.8503 us/op
WorkloadPilot   10: 65536 op, 121054500.00 ns, 1.8471 us/op
WorkloadPilot   11: 131072 op, 244166000.00 ns, 1.8628 us/op
WorkloadPilot   12: 262144 op, 487870800.00 ns, 1.8611 us/op
WorkloadPilot   13: 524288 op, 969202500.00 ns, 1.8486 us/op

WorkloadWarmup   1: 524288 op, 972867500.00 ns, 1.8556 us/op
WorkloadWarmup   2: 524288 op, 972713700.00 ns, 1.8553 us/op
WorkloadWarmup   3: 524288 op, 972792900.00 ns, 1.8555 us/op
WorkloadWarmup   4: 524288 op, 972736100.00 ns, 1.8553 us/op
WorkloadWarmup   5: 524288 op, 976852000.00 ns, 1.8632 us/op
WorkloadWarmup   6: 524288 op, 972514900.00 ns, 1.8549 us/op
WorkloadWarmup   7: 524288 op, 970517600.00 ns, 1.8511 us/op
WorkloadWarmup   8: 524288 op, 971344100.00 ns, 1.8527 us/op

// BeforeActualRun
WorkloadActual   1: 524288 op, 970045300.00 ns, 1.8502 us/op
WorkloadActual   2: 524288 op, 970820900.00 ns, 1.8517 us/op
WorkloadActual   3: 524288 op, 971451100.00 ns, 1.8529 us/op
WorkloadActual   4: 524288 op, 971575100.00 ns, 1.8531 us/op
WorkloadActual   5: 524288 op, 970700500.00 ns, 1.8515 us/op
WorkloadActual   6: 524288 op, 970061400.00 ns, 1.8502 us/op
WorkloadActual   7: 524288 op, 969890300.00 ns, 1.8499 us/op
WorkloadActual   8: 524288 op, 970793800.00 ns, 1.8516 us/op
WorkloadActual   9: 524288 op, 969150600.00 ns, 1.8485 us/op
WorkloadActual  10: 524288 op, 970959000.00 ns, 1.8520 us/op
WorkloadActual  11: 524288 op, 968522200.00 ns, 1.8473 us/op
WorkloadActual  12: 524288 op, 969067700.00 ns, 1.8483 us/op
WorkloadActual  13: 524288 op, 970451900.00 ns, 1.8510 us/op
WorkloadActual  14: 524288 op, 971012800.00 ns, 1.8521 us/op
WorkloadActual  15: 524288 op, 972437800.00 ns, 1.8548 us/op
WorkloadActual  16: 524288 op, 976027500.00 ns, 1.8616 us/op
WorkloadActual  17: 524288 op, 973573700.00 ns, 1.8569 us/op
WorkloadActual  18: 524288 op, 969919400.00 ns, 1.8500 us/op
WorkloadActual  19: 524288 op, 973099300.00 ns, 1.8560 us/op
WorkloadActual  20: 524288 op, 972714800.00 ns, 1.8553 us/op

// AfterActualRun
WorkloadResult   1: 524288 op, 970045300.00 ns, 1.8502 us/op
WorkloadResult   2: 524288 op, 970820900.00 ns, 1.8517 us/op
WorkloadResult   3: 524288 op, 971451100.00 ns, 1.8529 us/op
WorkloadResult   4: 524288 op, 971575100.00 ns, 1.8531 us/op
WorkloadResult   5: 524288 op, 970700500.00 ns, 1.8515 us/op
WorkloadResult   6: 524288 op, 970061400.00 ns, 1.8502 us/op
WorkloadResult   7: 524288 op, 969890300.00 ns, 1.8499 us/op
WorkloadResult   8: 524288 op, 970793800.00 ns, 1.8516 us/op
WorkloadResult   9: 524288 op, 969150600.00 ns, 1.8485 us/op
WorkloadResult  10: 524288 op, 970959000.00 ns, 1.8520 us/op
WorkloadResult  11: 524288 op, 968522200.00 ns, 1.8473 us/op
WorkloadResult  12: 524288 op, 969067700.00 ns, 1.8483 us/op
WorkloadResult  13: 524288 op, 970451900.00 ns, 1.8510 us/op
WorkloadResult  14: 524288 op, 971012800.00 ns, 1.8521 us/op
WorkloadResult  15: 524288 op, 972437800.00 ns, 1.8548 us/op
WorkloadResult  16: 524288 op, 973573700.00 ns, 1.8569 us/op
WorkloadResult  17: 524288 op, 969919400.00 ns, 1.8500 us/op
WorkloadResult  18: 524288 op, 973099300.00 ns, 1.8560 us/op
WorkloadResult  19: 524288 op, 972714800.00 ns, 1.8553 us/op

// AfterAll
// Benchmark Process 6416 has exited with code 0.

Mean = 1.852 us, StdErr = 0.000 us (0.02%), N = 57, StdDev = 0.003 us
Min = 1.847 us, Q1 = 1.850 us, Median = 1.852 us, Q3 = 1.854 us, Max = 1.858 us
IQR = 0.004 us, LowerFence = 1.844 us, UpperFence = 1.860 us
ConfidenceInterval = [1.851 us; 1.853 us] (CI 99.9%), Margin = 0.001 us (0.07% of Mean)
Skewness = 0.08, Kurtosis = 2.28, MValue = 2

// ** Remained 8 (17.8%) benchmark(s) to run. Estimated finish 2026-08-31 20:16 (0h 9m from now) **
Setup power plan (GUID: 8c5e7fda-e8bf-4a96-9a85-a6e23a8c635c FriendlyName: High performance)
// **************************
// Benchmark: SideMetadataBenchmarks.SparseBulkRead64B: Job-TZWPHG(IterationCount=20, LaunchCount=3, WarmupCount=8) [LogReferenceCountBits=3]
// *** Execute ***
// Launch: 1 / 3
// Execute: dotnet side-metadata-benchmark-Job-TZWPHG-1.dll --ipcPort 50258 --benchmarkName "P21.SideMetadataBenchmarks.SparseBulkRead64B(LogReferenceCountBits: 3)" --job "IterationCount=20, LaunchCount=3, WarmupCount=8" --diagnoserRunMode 0 --benchmarkId 37 in R:\artifacts\bin\side-metadata-benchmark\Release\net11.0\side-metadata-benchmark-Job-TZWPHG-1\bin\Release\net11.0
// BeforeAnythingElse

// Benchmark Process Environment Information:
// BenchmarkDotNet v0.16.0-preview.1
// Runtime=.NET 11.0.0 (11.0.0-preview.6.26359.118, 11.0.26.36018), X64 RyuJIT x86-64-v4
// GC=Concurrent Workstation
// HardwareIntrinsics=AVX512 BITALG+VBMI2+VNNI+VPOPCNTDQ,AVX512 IFMA+VBMI,AVX512 F+BW+CD+DQ+VL,AVX2+BMI1+BMI2+F16C+FMA+LZCNT+MOVBE,AVX,SSE3+SSSE3+SSE4.1+SSE4.2+POPCNT,X86Base+SSE+SSE2,AES+PCLMUL VectorSize=256
// Job: Job-TZWPHG(IterationCount=20, LaunchCount=3, WarmupCount=8)

WorkloadJitting  1: 4096 op, 214600.00 ns, 52.3926 ns/op
WorkloadJitting  2: 122880 op, 3779300.00 ns, 30.7560 ns/op
WorkloadJitting  3: 122880 op, 3727600.00 ns, 30.3353 ns/op
WorkloadJitting  4: 122880 op, 3749700.00 ns, 30.5151 ns/op
WorkloadJitting  5: 4096 op, 159600.00 ns, 38.9648 ns/op

WorkloadPilot    1: 4096 op, 181100.00 ns, 44.2139 ns/op

WorkloadPilot    1: 65536 op, 2075000.00 ns, 31.6620 ns/op
WorkloadPilot    2: 131072 op, 4772800.00 ns, 36.4136 ns/op
WorkloadPilot    3: 262144 op, 7981300.00 ns, 30.4462 ns/op
WorkloadPilot    4: 524288 op, 16020600.00 ns, 30.5569 ns/op
WorkloadPilot    5: 1048576 op, 31966100.00 ns, 30.4852 ns/op
WorkloadPilot    6: 2097152 op, 64044400.00 ns, 30.5387 ns/op
WorkloadPilot    7: 4194304 op, 128171200.00 ns, 30.5584 ns/op
WorkloadPilot    8: 8388608 op, 257499700.00 ns, 30.6964 ns/op
WorkloadPilot    9: 16777216 op, 513817200.00 ns, 30.6259 ns/op

WorkloadWarmup   1: 16777216 op, 512753300.00 ns, 30.5625 ns/op
WorkloadWarmup   2: 16777216 op, 514311200.00 ns, 30.6553 ns/op
WorkloadWarmup   3: 16777216 op, 512500400.00 ns, 30.5474 ns/op
WorkloadWarmup   4: 16777216 op, 513996700.00 ns, 30.6366 ns/op
WorkloadWarmup   5: 16777216 op, 513581400.00 ns, 30.6118 ns/op
WorkloadWarmup   6: 16777216 op, 512358100.00 ns, 30.5389 ns/op
WorkloadWarmup   7: 16777216 op, 513104800.00 ns, 30.5834 ns/op
WorkloadWarmup   8: 16777216 op, 512143300.00 ns, 30.5261 ns/op

// BeforeActualRun
WorkloadActual   1: 16777216 op, 512196900.00 ns, 30.5293 ns/op
WorkloadActual   2: 16777216 op, 514502900.00 ns, 30.6668 ns/op
WorkloadActual   3: 16777216 op, 511993800.00 ns, 30.5172 ns/op
WorkloadActual   4: 16777216 op, 513016600.00 ns, 30.5782 ns/op
WorkloadActual   5: 16777216 op, 513776600.00 ns, 30.6235 ns/op
WorkloadActual   6: 16777216 op, 514178000.00 ns, 30.6474 ns/op
WorkloadActual   7: 16777216 op, 513085000.00 ns, 30.5822 ns/op
WorkloadActual   8: 16777216 op, 520939400.00 ns, 31.0504 ns/op
WorkloadActual   9: 16777216 op, 513475600.00 ns, 30.6055 ns/op
WorkloadActual  10: 16777216 op, 513223100.00 ns, 30.5905 ns/op
WorkloadActual  11: 16777216 op, 513601400.00 ns, 30.6130 ns/op
WorkloadActual  12: 16777216 op, 512968300.00 ns, 30.5753 ns/op
WorkloadActual  13: 16777216 op, 531384800.00 ns, 31.6730 ns/op
WorkloadActual  14: 16777216 op, 513288700.00 ns, 30.5944 ns/op
WorkloadActual  15: 16777216 op, 513041000.00 ns, 30.5796 ns/op
WorkloadActual  16: 16777216 op, 512362200.00 ns, 30.5392 ns/op
WorkloadActual  17: 16777216 op, 513652900.00 ns, 30.6161 ns/op
WorkloadActual  18: 16777216 op, 517013200.00 ns, 30.8164 ns/op
WorkloadActual  19: 16777216 op, 511954700.00 ns, 30.5149 ns/op
WorkloadActual  20: 16777216 op, 515099500.00 ns, 30.7023 ns/op

// AfterActualRun
WorkloadResult   1: 16777216 op, 512196900.00 ns, 30.5293 ns/op
WorkloadResult   2: 16777216 op, 514502900.00 ns, 30.6668 ns/op
WorkloadResult   3: 16777216 op, 511993800.00 ns, 30.5172 ns/op
WorkloadResult   4: 16777216 op, 513016600.00 ns, 30.5782 ns/op
WorkloadResult   5: 16777216 op, 513776600.00 ns, 30.6235 ns/op
WorkloadResult   6: 16777216 op, 514178000.00 ns, 30.6474 ns/op
WorkloadResult   7: 16777216 op, 513085000.00 ns, 30.5822 ns/op
WorkloadResult   8: 16777216 op, 513475600.00 ns, 30.6055 ns/op
WorkloadResult   9: 16777216 op, 513223100.00 ns, 30.5905 ns/op
WorkloadResult  10: 16777216 op, 513601400.00 ns, 30.6130 ns/op
WorkloadResult  11: 16777216 op, 512968300.00 ns, 30.5753 ns/op
WorkloadResult  12: 16777216 op, 513288700.00 ns, 30.5944 ns/op
WorkloadResult  13: 16777216 op, 513041000.00 ns, 30.5796 ns/op
WorkloadResult  14: 16777216 op, 512362200.00 ns, 30.5392 ns/op
WorkloadResult  15: 16777216 op, 513652900.00 ns, 30.6161 ns/op
WorkloadResult  16: 16777216 op, 511954700.00 ns, 30.5149 ns/op
WorkloadResult  17: 16777216 op, 515099500.00 ns, 30.7023 ns/op

// AfterAll
// Benchmark Process 25992 has exited with code 0.
// Launch: 2 / 3
// Execute: dotnet side-metadata-benchmark-Job-TZWPHG-1.dll --ipcPort 50282 --benchmarkName "P21.SideMetadataBenchmarks.SparseBulkRead64B(LogReferenceCountBits: 3)" --job "IterationCount=20, LaunchCount=3, WarmupCount=8" --diagnoserRunMode 0 --benchmarkId 37 in R:\artifacts\bin\side-metadata-benchmark\Release\net11.0\side-metadata-benchmark-Job-TZWPHG-1\bin\Release\net11.0
// BeforeAnythingElse

// Benchmark Process Environment Information:
// BenchmarkDotNet v0.16.0-preview.1
// Runtime=.NET 11.0.0 (11.0.0-preview.6.26359.118, 11.0.26.36018), X64 RyuJIT x86-64-v4
// GC=Concurrent Workstation
// HardwareIntrinsics=AVX512 BITALG+VBMI2+VNNI+VPOPCNTDQ,AVX512 IFMA+VBMI,AVX512 F+BW+CD+DQ+VL,AVX2+BMI1+BMI2+F16C+FMA+LZCNT+MOVBE,AVX,SSE3+SSSE3+SSE4.1+SSE4.2+POPCNT,X86Base+SSE+SSE2,AES+PCLMUL VectorSize=256
// Job: Job-TZWPHG(IterationCount=20, LaunchCount=3, WarmupCount=8)

WorkloadJitting  1: 4096 op, 233100.00 ns, 56.9092 ns/op
WorkloadJitting  2: 122880 op, 3810400.00 ns, 31.0091 ns/op
WorkloadJitting  3: 122880 op, 3761100.00 ns, 30.6079 ns/op
WorkloadJitting  4: 122880 op, 3815600.00 ns, 31.0514 ns/op
WorkloadJitting  5: 4096 op, 127300.00 ns, 31.0791 ns/op

WorkloadPilot    1: 4096 op, 124500.00 ns, 30.3955 ns/op

WorkloadPilot    1: 65536 op, 1991500.00 ns, 30.3879 ns/op
WorkloadPilot    2: 131072 op, 4962600.00 ns, 37.8616 ns/op
WorkloadPilot    3: 262144 op, 7975100.00 ns, 30.4226 ns/op
WorkloadPilot    4: 524288 op, 15991900.00 ns, 30.5021 ns/op
WorkloadPilot    5: 1048576 op, 32205100.00 ns, 30.7132 ns/op
WorkloadPilot    6: 2097152 op, 64001800.00 ns, 30.5184 ns/op
WorkloadPilot    7: 4194304 op, 129433100.00 ns, 30.8593 ns/op
WorkloadPilot    8: 8388608 op, 258805000.00 ns, 30.8520 ns/op
WorkloadPilot    9: 16777216 op, 516906400.00 ns, 30.8100 ns/op

WorkloadWarmup   1: 16777216 op, 514258600.00 ns, 30.6522 ns/op
WorkloadWarmup   2: 16777216 op, 513090700.00 ns, 30.5826 ns/op
WorkloadWarmup   3: 16777216 op, 514209800.00 ns, 30.6493 ns/op
WorkloadWarmup   4: 16777216 op, 514085100.00 ns, 30.6419 ns/op
WorkloadWarmup   5: 16777216 op, 517241200.00 ns, 30.8300 ns/op
WorkloadWarmup   6: 16777216 op, 512954700.00 ns, 30.5745 ns/op
WorkloadWarmup   7: 16777216 op, 513535600.00 ns, 30.6091 ns/op
WorkloadWarmup   8: 16777216 op, 514769400.00 ns, 30.6826 ns/op

// BeforeActualRun
WorkloadActual   1: 16777216 op, 514089400.00 ns, 30.6421 ns/op
WorkloadActual   2: 16777216 op, 516455700.00 ns, 30.7832 ns/op
WorkloadActual   3: 16777216 op, 517120900.00 ns, 30.8228 ns/op
WorkloadActual   4: 16777216 op, 514302400.00 ns, 30.6548 ns/op
WorkloadActual   5: 16777216 op, 513528000.00 ns, 30.6087 ns/op
WorkloadActual   6: 16777216 op, 514707200.00 ns, 30.6789 ns/op
WorkloadActual   7: 16777216 op, 514562000.00 ns, 30.6703 ns/op
WorkloadActual   8: 16777216 op, 521512800.00 ns, 31.0846 ns/op
WorkloadActual   9: 16777216 op, 516299900.00 ns, 30.7739 ns/op
WorkloadActual  10: 16777216 op, 515123100.00 ns, 30.7037 ns/op
WorkloadActual  11: 16777216 op, 512097300.00 ns, 30.5234 ns/op
WorkloadActual  12: 16777216 op, 515525700.00 ns, 30.7277 ns/op
WorkloadActual  13: 16777216 op, 516004100.00 ns, 30.7562 ns/op
WorkloadActual  14: 16777216 op, 514653000.00 ns, 30.6757 ns/op
WorkloadActual  15: 16777216 op, 519756400.00 ns, 30.9799 ns/op
WorkloadActual  16: 16777216 op, 517684500.00 ns, 30.8564 ns/op
WorkloadActual  17: 16777216 op, 513271300.00 ns, 30.5934 ns/op
WorkloadActual  18: 16777216 op, 514302100.00 ns, 30.6548 ns/op
WorkloadActual  19: 16777216 op, 514391000.00 ns, 30.6601 ns/op
WorkloadActual  20: 16777216 op, 515852200.00 ns, 30.7472 ns/op

// AfterActualRun
WorkloadResult   1: 16777216 op, 514089400.00 ns, 30.6421 ns/op
WorkloadResult   2: 16777216 op, 516455700.00 ns, 30.7832 ns/op
WorkloadResult   3: 16777216 op, 517120900.00 ns, 30.8228 ns/op
WorkloadResult   4: 16777216 op, 514302400.00 ns, 30.6548 ns/op
WorkloadResult   5: 16777216 op, 513528000.00 ns, 30.6087 ns/op
WorkloadResult   6: 16777216 op, 514707200.00 ns, 30.6789 ns/op
WorkloadResult   7: 16777216 op, 514562000.00 ns, 30.6703 ns/op
WorkloadResult   8: 16777216 op, 516299900.00 ns, 30.7739 ns/op
WorkloadResult   9: 16777216 op, 515123100.00 ns, 30.7037 ns/op
WorkloadResult  10: 16777216 op, 512097300.00 ns, 30.5234 ns/op
WorkloadResult  11: 16777216 op, 515525700.00 ns, 30.7277 ns/op
WorkloadResult  12: 16777216 op, 516004100.00 ns, 30.7562 ns/op
WorkloadResult  13: 16777216 op, 514653000.00 ns, 30.6757 ns/op
WorkloadResult  14: 16777216 op, 517684500.00 ns, 30.8564 ns/op
WorkloadResult  15: 16777216 op, 513271300.00 ns, 30.5934 ns/op
WorkloadResult  16: 16777216 op, 514302100.00 ns, 30.6548 ns/op
WorkloadResult  17: 16777216 op, 514391000.00 ns, 30.6601 ns/op
WorkloadResult  18: 16777216 op, 515852200.00 ns, 30.7472 ns/op

// AfterAll
// Benchmark Process 39224 has exited with code 0.
// Launch: 3 / 3
// Execute: dotnet side-metadata-benchmark-Job-TZWPHG-1.dll --ipcPort 50307 --benchmarkName "P21.SideMetadataBenchmarks.SparseBulkRead64B(LogReferenceCountBits: 3)" --job "IterationCount=20, LaunchCount=3, WarmupCount=8" --diagnoserRunMode 0 --benchmarkId 37 in R:\artifacts\bin\side-metadata-benchmark\Release\net11.0\side-metadata-benchmark-Job-TZWPHG-1\bin\Release\net11.0
// BeforeAnythingElse

// Benchmark Process Environment Information:
// BenchmarkDotNet v0.16.0-preview.1
// Runtime=.NET 11.0.0 (11.0.0-preview.6.26359.118, 11.0.26.36018), X64 RyuJIT x86-64-v4
// GC=Concurrent Workstation
// HardwareIntrinsics=AVX512 BITALG+VBMI2+VNNI+VPOPCNTDQ,AVX512 IFMA+VBMI,AVX512 F+BW+CD+DQ+VL,AVX2+BMI1+BMI2+F16C+FMA+LZCNT+MOVBE,AVX,SSE3+SSSE3+SSE4.1+SSE4.2+POPCNT,X86Base+SSE+SSE2,AES+PCLMUL VectorSize=256
// Job: Job-TZWPHG(IterationCount=20, LaunchCount=3, WarmupCount=8)

WorkloadJitting  1: 4096 op, 189100.00 ns, 46.1670 ns/op
WorkloadJitting  2: 122880 op, 3728100.00 ns, 30.3394 ns/op
WorkloadJitting  3: 122880 op, 3805400.00 ns, 30.9684 ns/op
WorkloadJitting  4: 122880 op, 3706000.00 ns, 30.1595 ns/op
WorkloadJitting  5: 4096 op, 125700.00 ns, 30.6885 ns/op

WorkloadPilot    1: 4096 op, 131400.00 ns, 32.0801 ns/op

WorkloadPilot    1: 65536 op, 2030600.00 ns, 30.9845 ns/op
WorkloadPilot    2: 131072 op, 4011900.00 ns, 30.6084 ns/op
WorkloadPilot    3: 262144 op, 8013100.00 ns, 30.5676 ns/op
WorkloadPilot    4: 524288 op, 16062200.00 ns, 30.6362 ns/op
WorkloadPilot    5: 1048576 op, 32138000.00 ns, 30.6492 ns/op
WorkloadPilot    6: 2097152 op, 63789900.00 ns, 30.4174 ns/op
WorkloadPilot    7: 4194304 op, 128172700.00 ns, 30.5588 ns/op
WorkloadPilot    8: 8388608 op, 259605400.00 ns, 30.9474 ns/op
WorkloadPilot    9: 16777216 op, 511333800.00 ns, 30.4779 ns/op

WorkloadWarmup   1: 16777216 op, 513856200.00 ns, 30.6282 ns/op
WorkloadWarmup   2: 16777216 op, 514223900.00 ns, 30.6501 ns/op
WorkloadWarmup   3: 16777216 op, 511724900.00 ns, 30.5012 ns/op
WorkloadWarmup   4: 16777216 op, 514506200.00 ns, 30.6670 ns/op
WorkloadWarmup   5: 16777216 op, 513977400.00 ns, 30.6354 ns/op
WorkloadWarmup   6: 16777216 op, 511547300.00 ns, 30.4906 ns/op
WorkloadWarmup   7: 16777216 op, 510844000.00 ns, 30.4487 ns/op
WorkloadWarmup   8: 16777216 op, 515478600.00 ns, 30.7249 ns/op

// BeforeActualRun
WorkloadActual   1: 16777216 op, 513324700.00 ns, 30.5965 ns/op
WorkloadActual   2: 16777216 op, 513992100.00 ns, 30.6363 ns/op
WorkloadActual   3: 16777216 op, 511133200.00 ns, 30.4659 ns/op
WorkloadActual   4: 16777216 op, 513367100.00 ns, 30.5991 ns/op
WorkloadActual   5: 16777216 op, 510613500.00 ns, 30.4349 ns/op
WorkloadActual   6: 16777216 op, 512303900.00 ns, 30.5357 ns/op
WorkloadActual   7: 16777216 op, 514037100.00 ns, 30.6390 ns/op
WorkloadActual   8: 16777216 op, 511278100.00 ns, 30.4745 ns/op
WorkloadActual   9: 16777216 op, 512478400.00 ns, 30.5461 ns/op
WorkloadActual  10: 16777216 op, 513837000.00 ns, 30.6271 ns/op
WorkloadActual  11: 16777216 op, 514367800.00 ns, 30.6587 ns/op
WorkloadActual  12: 16777216 op, 514798500.00 ns, 30.6844 ns/op
WorkloadActual  13: 16777216 op, 513161300.00 ns, 30.5868 ns/op
WorkloadActual  14: 16777216 op, 513141800.00 ns, 30.5856 ns/op
WorkloadActual  15: 16777216 op, 510953100.00 ns, 30.4552 ns/op
WorkloadActual  16: 16777216 op, 515054900.00 ns, 30.6997 ns/op
WorkloadActual  17: 16777216 op, 512107300.00 ns, 30.5240 ns/op
WorkloadActual  18: 16777216 op, 529499600.00 ns, 31.5606 ns/op
WorkloadActual  19: 16777216 op, 512544000.00 ns, 30.5500 ns/op
WorkloadActual  20: 16777216 op, 510763200.00 ns, 30.4439 ns/op

// AfterActualRun
WorkloadResult   1: 16777216 op, 513324700.00 ns, 30.5965 ns/op
WorkloadResult   2: 16777216 op, 513992100.00 ns, 30.6363 ns/op
WorkloadResult   3: 16777216 op, 511133200.00 ns, 30.4659 ns/op
WorkloadResult   4: 16777216 op, 513367100.00 ns, 30.5991 ns/op
WorkloadResult   5: 16777216 op, 510613500.00 ns, 30.4349 ns/op
WorkloadResult   6: 16777216 op, 512303900.00 ns, 30.5357 ns/op
WorkloadResult   7: 16777216 op, 514037100.00 ns, 30.6390 ns/op
WorkloadResult   8: 16777216 op, 511278100.00 ns, 30.4745 ns/op
WorkloadResult   9: 16777216 op, 512478400.00 ns, 30.5461 ns/op
WorkloadResult  10: 16777216 op, 513837000.00 ns, 30.6271 ns/op
WorkloadResult  11: 16777216 op, 514367800.00 ns, 30.6587 ns/op
WorkloadResult  12: 16777216 op, 514798500.00 ns, 30.6844 ns/op
WorkloadResult  13: 16777216 op, 513161300.00 ns, 30.5868 ns/op
WorkloadResult  14: 16777216 op, 513141800.00 ns, 30.5856 ns/op
WorkloadResult  15: 16777216 op, 510953100.00 ns, 30.4552 ns/op
WorkloadResult  16: 16777216 op, 515054900.00 ns, 30.6997 ns/op
WorkloadResult  17: 16777216 op, 512107300.00 ns, 30.5240 ns/op
WorkloadResult  18: 16777216 op, 512544000.00 ns, 30.5500 ns/op
WorkloadResult  19: 16777216 op, 510763200.00 ns, 30.4439 ns/op

// AfterAll
// Benchmark Process 20860 has exited with code 0.

Mean = 30.618 ns, StdErr = 0.013 ns (0.04%), N = 54, StdDev = 0.093 ns
Min = 30.435 ns, Q1 = 30.556 ns, Median = 30.611 ns, Q3 = 30.669 ns, Max = 30.856 ns
IQR = 0.113 ns, LowerFence = 30.387 ns, UpperFence = 30.839 ns
ConfidenceInterval = [30.574 ns; 30.662 ns] (CI 99.9%), Margin = 0.044 ns (0.14% of Mean)
Skewness = 0.26, Kurtosis = 2.87, MValue = 2

// ** Remained 7 (15.6%) benchmark(s) to run. Estimated finish 2026-08-31 20:16 (0h 8m from now) **
Setup power plan (GUID: 8c5e7fda-e8bf-4a96-9a85-a6e23a8c635c FriendlyName: High performance)
// **************************
// Benchmark: SideMetadataBenchmarks.Reset4KiB: Job-TZWPHG(IterationCount=20, LaunchCount=3, WarmupCount=8) [LogReferenceCountBits=3]
// *** Execute ***
// Launch: 1 / 3
// Execute: dotnet side-metadata-benchmark-Job-TZWPHG-1.dll --ipcPort 50330 --benchmarkName "P21.SideMetadataBenchmarks.Reset4KiB(LogReferenceCountBits: 3)" --job "IterationCount=20, LaunchCount=3, WarmupCount=8" --diagnoserRunMode 0 --benchmarkId 38 in R:\artifacts\bin\side-metadata-benchmark\Release\net11.0\side-metadata-benchmark-Job-TZWPHG-1\bin\Release\net11.0
// BeforeAnythingElse

// Benchmark Process Environment Information:
// BenchmarkDotNet v0.16.0-preview.1
// Runtime=.NET 11.0.0 (11.0.0-preview.6.26359.118, 11.0.26.36018), X64 RyuJIT x86-64-v4
// GC=Concurrent Workstation
// HardwareIntrinsics=AVX512 BITALG+VBMI2+VNNI+VPOPCNTDQ,AVX512 IFMA+VBMI,AVX512 F+BW+CD+DQ+VL,AVX2+BMI1+BMI2+F16C+FMA+LZCNT+MOVBE,AVX,SSE3+SSSE3+SSE4.1+SSE4.2+POPCNT,X86Base+SSE+SSE2,AES+PCLMUL VectorSize=256
// Job: Job-TZWPHG(IterationCount=20, LaunchCount=3, WarmupCount=8)

WorkloadJitting  1: 32 op, 56100.00 ns, 1.7531 us/op
WorkloadJitting  2: 960 op, 53500.00 ns, 55.7292 ns/op
WorkloadJitting  3: 960 op, 75500.00 ns, 78.6458 ns/op
WorkloadJitting  4: 960 op, 61900.00 ns, 64.4792 ns/op
WorkloadJitting  5: 32 op, 4100.00 ns, 128.1250 ns/op

WorkloadPilot    1: 32 op, 3400.00 ns, 106.2500 ns/op

WorkloadPilot    1: 512 op, 26300.00 ns, 51.3672 ns/op
WorkloadPilot    2: 1024 op, 52400.00 ns, 51.1719 ns/op
WorkloadPilot    3: 2048 op, 105200.00 ns, 51.3672 ns/op
WorkloadPilot    4: 4096 op, 205800.00 ns, 50.2441 ns/op
WorkloadPilot    5: 8192 op, 408600.00 ns, 49.8779 ns/op
WorkloadPilot    6: 16384 op, 821200.00 ns, 50.1221 ns/op
WorkloadPilot    7: 32768 op, 1667500.00 ns, 50.8881 ns/op
WorkloadPilot    8: 65536 op, 3318700.00 ns, 50.6393 ns/op
WorkloadPilot    9: 131072 op, 6564200.00 ns, 50.0809 ns/op
WorkloadPilot   10: 262144 op, 12998000.00 ns, 49.5834 ns/op
WorkloadPilot   11: 524288 op, 26230200.00 ns, 50.0301 ns/op
WorkloadPilot   12: 1048576 op, 51984200.00 ns, 49.5760 ns/op
WorkloadPilot   13: 2097152 op, 105252800.00 ns, 50.1884 ns/op
WorkloadPilot   14: 4194304 op, 207545300.00 ns, 49.4827 ns/op
WorkloadPilot   15: 8388608 op, 417877600.00 ns, 49.8149 ns/op
WorkloadPilot   16: 16777216 op, 832843300.00 ns, 49.6413 ns/op

WorkloadWarmup   1: 16777216 op, 835219000.00 ns, 49.7829 ns/op
WorkloadWarmup   2: 16777216 op, 839494700.00 ns, 50.0378 ns/op
WorkloadWarmup   3: 16777216 op, 835206800.00 ns, 49.7822 ns/op
WorkloadWarmup   4: 16777216 op, 834203600.00 ns, 49.7224 ns/op
WorkloadWarmup   5: 16777216 op, 834430000.00 ns, 49.7359 ns/op
WorkloadWarmup   6: 16777216 op, 833399800.00 ns, 49.6745 ns/op
WorkloadWarmup   7: 16777216 op, 837822400.00 ns, 49.9381 ns/op
WorkloadWarmup   8: 16777216 op, 833556500.00 ns, 49.6838 ns/op

// BeforeActualRun
WorkloadActual   1: 16777216 op, 830852800.00 ns, 49.5227 ns/op
WorkloadActual   2: 16777216 op, 831430100.00 ns, 49.5571 ns/op
WorkloadActual   3: 16777216 op, 831978100.00 ns, 49.5898 ns/op
WorkloadActual   4: 16777216 op, 836639500.00 ns, 49.8676 ns/op
WorkloadActual   5: 16777216 op, 835717200.00 ns, 49.8126 ns/op
WorkloadActual   6: 16777216 op, 835814700.00 ns, 49.8184 ns/op
WorkloadActual   7: 16777216 op, 835318000.00 ns, 49.7888 ns/op
WorkloadActual   8: 16777216 op, 850676700.00 ns, 50.7043 ns/op
WorkloadActual   9: 16777216 op, 847009200.00 ns, 50.4857 ns/op
WorkloadActual  10: 16777216 op, 840930600.00 ns, 50.1234 ns/op
WorkloadActual  11: 16777216 op, 837902800.00 ns, 49.9429 ns/op
WorkloadActual  12: 16777216 op, 836040100.00 ns, 49.8319 ns/op
WorkloadActual  13: 16777216 op, 840417000.00 ns, 50.0928 ns/op
WorkloadActual  14: 16777216 op, 833928100.00 ns, 49.7060 ns/op
WorkloadActual  15: 16777216 op, 832745000.00 ns, 49.6355 ns/op
WorkloadActual  16: 16777216 op, 835348600.00 ns, 49.7907 ns/op
WorkloadActual  17: 16777216 op, 835654900.00 ns, 49.8089 ns/op
WorkloadActual  18: 16777216 op, 836598300.00 ns, 49.8651 ns/op
WorkloadActual  19: 16777216 op, 831925500.00 ns, 49.5866 ns/op
WorkloadActual  20: 16777216 op, 834203700.00 ns, 49.7224 ns/op

// AfterActualRun
WorkloadResult   1: 16777216 op, 830852800.00 ns, 49.5227 ns/op
WorkloadResult   2: 16777216 op, 831430100.00 ns, 49.5571 ns/op
WorkloadResult   3: 16777216 op, 831978100.00 ns, 49.5898 ns/op
WorkloadResult   4: 16777216 op, 836639500.00 ns, 49.8676 ns/op
WorkloadResult   5: 16777216 op, 835717200.00 ns, 49.8126 ns/op
WorkloadResult   6: 16777216 op, 835814700.00 ns, 49.8184 ns/op
WorkloadResult   7: 16777216 op, 835318000.00 ns, 49.7888 ns/op
WorkloadResult   8: 16777216 op, 840930600.00 ns, 50.1234 ns/op
WorkloadResult   9: 16777216 op, 837902800.00 ns, 49.9429 ns/op
WorkloadResult  10: 16777216 op, 836040100.00 ns, 49.8319 ns/op
WorkloadResult  11: 16777216 op, 840417000.00 ns, 50.0928 ns/op
WorkloadResult  12: 16777216 op, 833928100.00 ns, 49.7060 ns/op
WorkloadResult  13: 16777216 op, 832745000.00 ns, 49.6355 ns/op
WorkloadResult  14: 16777216 op, 835348600.00 ns, 49.7907 ns/op
WorkloadResult  15: 16777216 op, 835654900.00 ns, 49.8089 ns/op
WorkloadResult  16: 16777216 op, 836598300.00 ns, 49.8651 ns/op
WorkloadResult  17: 16777216 op, 831925500.00 ns, 49.5866 ns/op
WorkloadResult  18: 16777216 op, 834203700.00 ns, 49.7224 ns/op

// AfterAll
// Benchmark Process 28100 has exited with code 0.
// Launch: 2 / 3
// Execute: dotnet side-metadata-benchmark-Job-TZWPHG-1.dll --ipcPort 50351 --benchmarkName "P21.SideMetadataBenchmarks.Reset4KiB(LogReferenceCountBits: 3)" --job "IterationCount=20, LaunchCount=3, WarmupCount=8" --diagnoserRunMode 0 --benchmarkId 38 in R:\artifacts\bin\side-metadata-benchmark\Release\net11.0\side-metadata-benchmark-Job-TZWPHG-1\bin\Release\net11.0
// BeforeAnythingElse

// Benchmark Process Environment Information:
// BenchmarkDotNet v0.16.0-preview.1
// Runtime=.NET 11.0.0 (11.0.0-preview.6.26359.118, 11.0.26.36018), X64 RyuJIT x86-64-v4
// GC=Concurrent Workstation
// HardwareIntrinsics=AVX512 BITALG+VBMI2+VNNI+VPOPCNTDQ,AVX512 IFMA+VBMI,AVX512 F+BW+CD+DQ+VL,AVX2+BMI1+BMI2+F16C+FMA+LZCNT+MOVBE,AVX,SSE3+SSSE3+SSE4.1+SSE4.2+POPCNT,X86Base+SSE+SSE2,AES+PCLMUL VectorSize=256
// Job: Job-TZWPHG(IterationCount=20, LaunchCount=3, WarmupCount=8)

WorkloadJitting  1: 32 op, 59400.00 ns, 1.8563 us/op
WorkloadJitting  2: 960 op, 53000.00 ns, 55.2083 ns/op
WorkloadJitting  3: 960 op, 62200.00 ns, 64.7917 ns/op
WorkloadJitting  4: 960 op, 60800.00 ns, 63.3333 ns/op
WorkloadJitting  5: 32 op, 4200.00 ns, 131.2500 ns/op

WorkloadPilot    1: 32 op, 2900.00 ns, 90.6250 ns/op

WorkloadPilot    1: 512 op, 26600.00 ns, 51.9531 ns/op
WorkloadPilot    2: 1024 op, 52100.00 ns, 50.8789 ns/op
WorkloadPilot    3: 2048 op, 103000.00 ns, 50.2930 ns/op
WorkloadPilot    4: 4096 op, 251200.00 ns, 61.3281 ns/op
WorkloadPilot    5: 8192 op, 495300.00 ns, 60.4614 ns/op
WorkloadPilot    6: 16384 op, 817700.00 ns, 49.9084 ns/op
WorkloadPilot    7: 32768 op, 1637700.00 ns, 49.9786 ns/op
WorkloadPilot    8: 65536 op, 3293300.00 ns, 50.2518 ns/op
WorkloadPilot    9: 131072 op, 6533300.00 ns, 49.8451 ns/op
WorkloadPilot   10: 262144 op, 13019900.00 ns, 49.6670 ns/op
WorkloadPilot   11: 524288 op, 26144700.00 ns, 49.8671 ns/op
WorkloadPilot   12: 1048576 op, 51832000.00 ns, 49.4308 ns/op
WorkloadPilot   13: 2097152 op, 103688700.00 ns, 49.4426 ns/op
WorkloadPilot   14: 4194304 op, 208257200.00 ns, 49.6524 ns/op
WorkloadPilot   15: 8388608 op, 418354300.00 ns, 49.8717 ns/op
WorkloadPilot   16: 16777216 op, 834647500.00 ns, 49.7489 ns/op

WorkloadWarmup   1: 16777216 op, 833678200.00 ns, 49.6911 ns/op
WorkloadWarmup   2: 16777216 op, 837101200.00 ns, 49.8951 ns/op
WorkloadWarmup   3: 16777216 op, 833196500.00 ns, 49.6624 ns/op
WorkloadWarmup   4: 16777216 op, 834236700.00 ns, 49.7244 ns/op
WorkloadWarmup   5: 16777216 op, 834341300.00 ns, 49.7306 ns/op
WorkloadWarmup   6: 16777216 op, 849516400.00 ns, 50.6351 ns/op
WorkloadWarmup   7: 16777216 op, 838097200.00 ns, 49.9545 ns/op
WorkloadWarmup   8: 16777216 op, 834922500.00 ns, 49.7653 ns/op

// BeforeActualRun
WorkloadActual   1: 16777216 op, 831561600.00 ns, 49.5649 ns/op
WorkloadActual   2: 16777216 op, 836961100.00 ns, 49.8868 ns/op
WorkloadActual   3: 16777216 op, 835747400.00 ns, 49.8144 ns/op
WorkloadActual   4: 16777216 op, 831953300.00 ns, 49.5883 ns/op
WorkloadActual   5: 16777216 op, 832798300.00 ns, 49.6386 ns/op
WorkloadActual   6: 16777216 op, 833331700.00 ns, 49.6704 ns/op
WorkloadActual   7: 16777216 op, 838011300.00 ns, 49.9494 ns/op
WorkloadActual   8: 16777216 op, 832031900.00 ns, 49.5930 ns/op
WorkloadActual   9: 16777216 op, 838377300.00 ns, 49.9712 ns/op
WorkloadActual  10: 16777216 op, 837133200.00 ns, 49.8970 ns/op
WorkloadActual  11: 16777216 op, 837889800.00 ns, 49.9421 ns/op
WorkloadActual  12: 16777216 op, 831286000.00 ns, 49.5485 ns/op
WorkloadActual  13: 16777216 op, 835565000.00 ns, 49.8036 ns/op
WorkloadActual  14: 16777216 op, 837703800.00 ns, 49.9310 ns/op
WorkloadActual  15: 16777216 op, 833664600.00 ns, 49.6903 ns/op
WorkloadActual  16: 16777216 op, 835331200.00 ns, 49.7896 ns/op
WorkloadActual  17: 16777216 op, 834842000.00 ns, 49.7605 ns/op
WorkloadActual  18: 16777216 op, 835598100.00 ns, 49.8055 ns/op
WorkloadActual  19: 16777216 op, 831745600.00 ns, 49.5759 ns/op
WorkloadActual  20: 16777216 op, 833087800.00 ns, 49.6559 ns/op

// AfterActualRun
WorkloadResult   1: 16777216 op, 831561600.00 ns, 49.5649 ns/op
WorkloadResult   2: 16777216 op, 836961100.00 ns, 49.8868 ns/op
WorkloadResult   3: 16777216 op, 835747400.00 ns, 49.8144 ns/op
WorkloadResult   4: 16777216 op, 831953300.00 ns, 49.5883 ns/op
WorkloadResult   5: 16777216 op, 832798300.00 ns, 49.6386 ns/op
WorkloadResult   6: 16777216 op, 833331700.00 ns, 49.6704 ns/op
WorkloadResult   7: 16777216 op, 838011300.00 ns, 49.9494 ns/op
WorkloadResult   8: 16777216 op, 832031900.00 ns, 49.5930 ns/op
WorkloadResult   9: 16777216 op, 838377300.00 ns, 49.9712 ns/op
WorkloadResult  10: 16777216 op, 837133200.00 ns, 49.8970 ns/op
WorkloadResult  11: 16777216 op, 837889800.00 ns, 49.9421 ns/op
WorkloadResult  12: 16777216 op, 831286000.00 ns, 49.5485 ns/op
WorkloadResult  13: 16777216 op, 835565000.00 ns, 49.8036 ns/op
WorkloadResult  14: 16777216 op, 837703800.00 ns, 49.9310 ns/op
WorkloadResult  15: 16777216 op, 833664600.00 ns, 49.6903 ns/op
WorkloadResult  16: 16777216 op, 835331200.00 ns, 49.7896 ns/op
WorkloadResult  17: 16777216 op, 834842000.00 ns, 49.7605 ns/op
WorkloadResult  18: 16777216 op, 835598100.00 ns, 49.8055 ns/op
WorkloadResult  19: 16777216 op, 831745600.00 ns, 49.5759 ns/op
WorkloadResult  20: 16777216 op, 833087800.00 ns, 49.6559 ns/op

// AfterAll
// Benchmark Process 25124 has exited with code 0.
// Launch: 3 / 3
// Execute: dotnet side-metadata-benchmark-Job-TZWPHG-1.dll --ipcPort 50379 --benchmarkName "P21.SideMetadataBenchmarks.Reset4KiB(LogReferenceCountBits: 3)" --job "IterationCount=20, LaunchCount=3, WarmupCount=8" --diagnoserRunMode 0 --benchmarkId 38 in R:\artifacts\bin\side-metadata-benchmark\Release\net11.0\side-metadata-benchmark-Job-TZWPHG-1\bin\Release\net11.0
// BeforeAnythingElse

// Benchmark Process Environment Information:
// BenchmarkDotNet v0.16.0-preview.1
// Runtime=.NET 11.0.0 (11.0.0-preview.6.26359.118, 11.0.26.36018), X64 RyuJIT x86-64-v4
// GC=Concurrent Workstation
// HardwareIntrinsics=AVX512 BITALG+VBMI2+VNNI+VPOPCNTDQ,AVX512 IFMA+VBMI,AVX512 F+BW+CD+DQ+VL,AVX2+BMI1+BMI2+F16C+FMA+LZCNT+MOVBE,AVX,SSE3+SSSE3+SSE4.1+SSE4.2+POPCNT,X86Base+SSE+SSE2,AES+PCLMUL VectorSize=256
// Job: Job-TZWPHG(IterationCount=20, LaunchCount=3, WarmupCount=8)

WorkloadJitting  1: 32 op, 57400.00 ns, 1.7938 us/op
WorkloadJitting  2: 960 op, 53800.00 ns, 56.0417 ns/op
WorkloadJitting  3: 960 op, 59300.00 ns, 61.7708 ns/op
WorkloadJitting  4: 960 op, 50800.00 ns, 52.9167 ns/op
WorkloadJitting  5: 32 op, 4600.00 ns, 143.7500 ns/op

WorkloadPilot    1: 32 op, 3100.00 ns, 96.8750 ns/op

WorkloadPilot    1: 512 op, 26400.00 ns, 51.5625 ns/op
WorkloadPilot    2: 1024 op, 52100.00 ns, 50.8789 ns/op
WorkloadPilot    3: 2048 op, 102900.00 ns, 50.2441 ns/op
WorkloadPilot    4: 4096 op, 206200.00 ns, 50.3418 ns/op
WorkloadPilot    5: 8192 op, 406800.00 ns, 49.6582 ns/op
WorkloadPilot    6: 16384 op, 818000.00 ns, 49.9268 ns/op
WorkloadPilot    7: 32768 op, 1651800.00 ns, 50.4089 ns/op
WorkloadPilot    8: 65536 op, 3276600.00 ns, 49.9969 ns/op
WorkloadPilot    9: 131072 op, 6533600.00 ns, 49.8474 ns/op
WorkloadPilot   10: 262144 op, 13025300.00 ns, 49.6876 ns/op
WorkloadPilot   11: 524288 op, 26133700.00 ns, 49.8461 ns/op
WorkloadPilot   12: 1048576 op, 52154700.00 ns, 49.7386 ns/op
WorkloadPilot   13: 2097152 op, 104107100.00 ns, 49.6421 ns/op
WorkloadPilot   14: 4194304 op, 207688000.00 ns, 49.5167 ns/op
WorkloadPilot   15: 8388608 op, 417135200.00 ns, 49.7264 ns/op
WorkloadPilot   16: 16777216 op, 832640100.00 ns, 49.6292 ns/op

WorkloadWarmup   1: 16777216 op, 839488900.00 ns, 50.0374 ns/op
WorkloadWarmup   2: 16777216 op, 839535500.00 ns, 50.0402 ns/op
WorkloadWarmup   3: 16777216 op, 835676400.00 ns, 49.8102 ns/op
WorkloadWarmup   4: 16777216 op, 834174500.00 ns, 49.7207 ns/op
WorkloadWarmup   5: 16777216 op, 832513900.00 ns, 49.6217 ns/op
WorkloadWarmup   6: 16777216 op, 836710100.00 ns, 49.8718 ns/op
WorkloadWarmup   7: 16777216 op, 836035300.00 ns, 49.8316 ns/op
WorkloadWarmup   8: 16777216 op, 833853600.00 ns, 49.7015 ns/op

// BeforeActualRun
WorkloadActual   1: 16777216 op, 837030200.00 ns, 49.8909 ns/op
WorkloadActual   2: 16777216 op, 837485600.00 ns, 49.9180 ns/op
WorkloadActual   3: 16777216 op, 834348600.00 ns, 49.7311 ns/op
WorkloadActual   4: 16777216 op, 835317000.00 ns, 49.7888 ns/op
WorkloadActual   5: 16777216 op, 833680000.00 ns, 49.6912 ns/op
WorkloadActual   6: 16777216 op, 841552000.00 ns, 50.1604 ns/op
WorkloadActual   7: 16777216 op, 836060900.00 ns, 49.8331 ns/op
WorkloadActual   8: 16777216 op, 833920200.00 ns, 49.7055 ns/op
WorkloadActual   9: 16777216 op, 832958800.00 ns, 49.6482 ns/op
WorkloadActual  10: 16777216 op, 837548600.00 ns, 49.9218 ns/op
WorkloadActual  11: 16777216 op, 835108300.00 ns, 49.7763 ns/op
WorkloadActual  12: 16777216 op, 834082200.00 ns, 49.7152 ns/op
WorkloadActual  13: 16777216 op, 833229200.00 ns, 49.6643 ns/op
WorkloadActual  14: 16777216 op, 834025800.00 ns, 49.7118 ns/op
WorkloadActual  15: 16777216 op, 840758900.00 ns, 50.1131 ns/op
WorkloadActual  16: 16777216 op, 836028500.00 ns, 49.8312 ns/op
WorkloadActual  17: 16777216 op, 833948200.00 ns, 49.7072 ns/op
WorkloadActual  18: 16777216 op, 835204500.00 ns, 49.7821 ns/op
WorkloadActual  19: 16777216 op, 834387100.00 ns, 49.7333 ns/op
WorkloadActual  20: 16777216 op, 843466700.00 ns, 50.2745 ns/op

// AfterActualRun
WorkloadResult   1: 16777216 op, 837030200.00 ns, 49.8909 ns/op
WorkloadResult   2: 16777216 op, 837485600.00 ns, 49.9180 ns/op
WorkloadResult   3: 16777216 op, 834348600.00 ns, 49.7311 ns/op
WorkloadResult   4: 16777216 op, 835317000.00 ns, 49.7888 ns/op
WorkloadResult   5: 16777216 op, 833680000.00 ns, 49.6912 ns/op
WorkloadResult   6: 16777216 op, 841552000.00 ns, 50.1604 ns/op
WorkloadResult   7: 16777216 op, 836060900.00 ns, 49.8331 ns/op
WorkloadResult   8: 16777216 op, 833920200.00 ns, 49.7055 ns/op
WorkloadResult   9: 16777216 op, 832958800.00 ns, 49.6482 ns/op
WorkloadResult  10: 16777216 op, 837548600.00 ns, 49.9218 ns/op
WorkloadResult  11: 16777216 op, 835108300.00 ns, 49.7763 ns/op
WorkloadResult  12: 16777216 op, 834082200.00 ns, 49.7152 ns/op
WorkloadResult  13: 16777216 op, 833229200.00 ns, 49.6643 ns/op
WorkloadResult  14: 16777216 op, 834025800.00 ns, 49.7118 ns/op
WorkloadResult  15: 16777216 op, 840758900.00 ns, 50.1131 ns/op
WorkloadResult  16: 16777216 op, 836028500.00 ns, 49.8312 ns/op
WorkloadResult  17: 16777216 op, 833948200.00 ns, 49.7072 ns/op
WorkloadResult  18: 16777216 op, 835204500.00 ns, 49.7821 ns/op
WorkloadResult  19: 16777216 op, 834387100.00 ns, 49.7333 ns/op

// AfterAll
// Benchmark Process 19136 has exited with code 0.

Mean = 49.780 ns, StdErr = 0.020 ns (0.04%), N = 57, StdDev = 0.151 ns
Min = 49.523 ns, Q1 = 49.670 ns, Median = 49.789 ns, Q3 = 49.868 ns, Max = 50.160 ns
IQR = 0.197 ns, LowerFence = 49.375 ns, UpperFence = 50.163 ns
ConfidenceInterval = [49.711 ns; 49.849 ns] (CI 99.9%), Margin = 0.069 ns (0.14% of Mean)
Skewness = 0.49, Kurtosis = 2.84, MValue = 2

// ** Remained 6 (13.3%) benchmark(s) to run. Estimated finish 2026-08-31 20:16 (0h 7m from now) **
Setup power plan (GUID: 8c5e7fda-e8bf-4a96-9a85-a6e23a8c635c FriendlyName: High performance)
// **************************
// Benchmark: SideMetadataBenchmarks.Reset64KiB: Job-TZWPHG(IterationCount=20, LaunchCount=3, WarmupCount=8) [LogReferenceCountBits=3]
// *** Execute ***
// Launch: 1 / 3
// Execute: dotnet side-metadata-benchmark-Job-TZWPHG-1.dll --ipcPort 50409 --benchmarkName "P21.SideMetadataBenchmarks.Reset64KiB(LogReferenceCountBits: 3)" --job "IterationCount=20, LaunchCount=3, WarmupCount=8" --diagnoserRunMode 0 --benchmarkId 39 in R:\artifacts\bin\side-metadata-benchmark\Release\net11.0\side-metadata-benchmark-Job-TZWPHG-1\bin\Release\net11.0
// BeforeAnythingElse

// Benchmark Process Environment Information:
// BenchmarkDotNet v0.16.0-preview.1
// Runtime=.NET 11.0.0 (11.0.0-preview.6.26359.118, 11.0.26.36018), X64 RyuJIT x86-64-v4
// GC=Concurrent Workstation
// HardwareIntrinsics=AVX512 BITALG+VBMI2+VNNI+VPOPCNTDQ,AVX512 IFMA+VBMI,AVX512 F+BW+CD+DQ+VL,AVX2+BMI1+BMI2+F16C+FMA+LZCNT+MOVBE,AVX,SSE3+SSSE3+SSE4.1+SSE4.2+POPCNT,X86Base+SSE+SSE2,AES+PCLMUL VectorSize=256
// Job: Job-TZWPHG(IterationCount=20, LaunchCount=3, WarmupCount=8)

WorkloadJitting  1: 32 op, 59500.00 ns, 1.8594 us/op
WorkloadJitting  2: 960 op, 178600.00 ns, 186.0417 ns/op
WorkloadJitting  3: 960 op, 191700.00 ns, 199.6875 ns/op
WorkloadJitting  4: 960 op, 200000.00 ns, 208.3333 ns/op
WorkloadJitting  5: 32 op, 8500.00 ns, 265.6250 ns/op

WorkloadPilot    1: 32 op, 7300.00 ns, 228.1250 ns/op

WorkloadPilot    1: 512 op, 86100.00 ns, 168.1641 ns/op
WorkloadPilot    2: 1024 op, 174500.00 ns, 170.4102 ns/op
WorkloadPilot    3: 2048 op, 364800.00 ns, 178.1250 ns/op
WorkloadPilot    4: 4096 op, 700400.00 ns, 170.9961 ns/op
WorkloadPilot    5: 8192 op, 1374700.00 ns, 167.8101 ns/op
WorkloadPilot    6: 16384 op, 2774600.00 ns, 169.3481 ns/op
WorkloadPilot    7: 32768 op, 5501500.00 ns, 167.8925 ns/op
WorkloadPilot    8: 65536 op, 10917000.00 ns, 166.5802 ns/op
WorkloadPilot    9: 131072 op, 21913400.00 ns, 167.1860 ns/op
WorkloadPilot   10: 262144 op, 43779900.00 ns, 167.0071 ns/op
WorkloadPilot   11: 524288 op, 87331800.00 ns, 166.5722 ns/op
WorkloadPilot   12: 1048576 op, 175012800.00 ns, 166.9052 ns/op
WorkloadPilot   13: 2097152 op, 351754300.00 ns, 167.7295 ns/op
WorkloadPilot   14: 4194304 op, 702245800.00 ns, 167.4284 ns/op

WorkloadWarmup   1: 4194304 op, 701270800.00 ns, 167.1960 ns/op
WorkloadWarmup   2: 4194304 op, 701946900.00 ns, 167.3572 ns/op
WorkloadWarmup   3: 4194304 op, 703842300.00 ns, 167.8091 ns/op
WorkloadWarmup   4: 4194304 op, 703324600.00 ns, 167.6857 ns/op
WorkloadWarmup   5: 4194304 op, 705154000.00 ns, 168.1218 ns/op
WorkloadWarmup   6: 4194304 op, 703908100.00 ns, 167.8248 ns/op
WorkloadWarmup   7: 4194304 op, 706026000.00 ns, 168.3297 ns/op
WorkloadWarmup   8: 4194304 op, 701375300.00 ns, 167.2209 ns/op

// BeforeActualRun
WorkloadActual   1: 4194304 op, 708240300.00 ns, 168.8576 ns/op
WorkloadActual   2: 4194304 op, 699487200.00 ns, 166.7707 ns/op
WorkloadActual   3: 4194304 op, 699913000.00 ns, 166.8723 ns/op
WorkloadActual   4: 4194304 op, 699807700.00 ns, 166.8472 ns/op
WorkloadActual   5: 4194304 op, 701690800.00 ns, 167.2961 ns/op
WorkloadActual   6: 4194304 op, 703371800.00 ns, 167.6969 ns/op
WorkloadActual   7: 4194304 op, 699556900.00 ns, 166.7874 ns/op
WorkloadActual   8: 4194304 op, 699690000.00 ns, 166.8191 ns/op
WorkloadActual   9: 4194304 op, 699635400.00 ns, 166.8061 ns/op
WorkloadActual  10: 4194304 op, 704009100.00 ns, 167.8488 ns/op
WorkloadActual  11: 4194304 op, 700248300.00 ns, 166.9522 ns/op
WorkloadActual  12: 4194304 op, 702188400.00 ns, 167.4148 ns/op
WorkloadActual  13: 4194304 op, 700786400.00 ns, 167.0805 ns/op
WorkloadActual  14: 4194304 op, 702660200.00 ns, 167.5272 ns/op
WorkloadActual  15: 4194304 op, 703427100.00 ns, 167.7101 ns/op
WorkloadActual  16: 4194304 op, 700722700.00 ns, 167.0653 ns/op
WorkloadActual  17: 4194304 op, 701072300.00 ns, 167.1487 ns/op
WorkloadActual  18: 4194304 op, 701139100.00 ns, 167.1646 ns/op
WorkloadActual  19: 4194304 op, 698821600.00 ns, 166.6121 ns/op
WorkloadActual  20: 4194304 op, 705496400.00 ns, 168.2034 ns/op

// AfterActualRun
WorkloadResult   1: 4194304 op, 699487200.00 ns, 166.7707 ns/op
WorkloadResult   2: 4194304 op, 699913000.00 ns, 166.8723 ns/op
WorkloadResult   3: 4194304 op, 699807700.00 ns, 166.8472 ns/op
WorkloadResult   4: 4194304 op, 701690800.00 ns, 167.2961 ns/op
WorkloadResult   5: 4194304 op, 703371800.00 ns, 167.6969 ns/op
WorkloadResult   6: 4194304 op, 699556900.00 ns, 166.7874 ns/op
WorkloadResult   7: 4194304 op, 699690000.00 ns, 166.8191 ns/op
WorkloadResult   8: 4194304 op, 699635400.00 ns, 166.8061 ns/op
WorkloadResult   9: 4194304 op, 704009100.00 ns, 167.8488 ns/op
WorkloadResult  10: 4194304 op, 700248300.00 ns, 166.9522 ns/op
WorkloadResult  11: 4194304 op, 702188400.00 ns, 167.4148 ns/op
WorkloadResult  12: 4194304 op, 700786400.00 ns, 167.0805 ns/op
WorkloadResult  13: 4194304 op, 702660200.00 ns, 167.5272 ns/op
WorkloadResult  14: 4194304 op, 703427100.00 ns, 167.7101 ns/op
WorkloadResult  15: 4194304 op, 700722700.00 ns, 167.0653 ns/op
WorkloadResult  16: 4194304 op, 701072300.00 ns, 167.1487 ns/op
WorkloadResult  17: 4194304 op, 701139100.00 ns, 167.1646 ns/op
WorkloadResult  18: 4194304 op, 698821600.00 ns, 166.6121 ns/op
WorkloadResult  19: 4194304 op, 705496400.00 ns, 168.2034 ns/op

// AfterAll
// Benchmark Process 7448 has exited with code 0.
// Launch: 2 / 3
// Execute: dotnet side-metadata-benchmark-Job-TZWPHG-1.dll --ipcPort 50439 --benchmarkName "P21.SideMetadataBenchmarks.Reset64KiB(LogReferenceCountBits: 3)" --job "IterationCount=20, LaunchCount=3, WarmupCount=8" --diagnoserRunMode 0 --benchmarkId 39 in R:\artifacts\bin\side-metadata-benchmark\Release\net11.0\side-metadata-benchmark-Job-TZWPHG-1\bin\Release\net11.0
// BeforeAnythingElse

// Benchmark Process Environment Information:
// BenchmarkDotNet v0.16.0-preview.1
// Runtime=.NET 11.0.0 (11.0.0-preview.6.26359.118, 11.0.26.36018), X64 RyuJIT x86-64-v4
// GC=Concurrent Workstation
// HardwareIntrinsics=AVX512 BITALG+VBMI2+VNNI+VPOPCNTDQ,AVX512 IFMA+VBMI,AVX512 F+BW+CD+DQ+VL,AVX2+BMI1+BMI2+F16C+FMA+LZCNT+MOVBE,AVX,SSE3+SSSE3+SSE4.1+SSE4.2+POPCNT,X86Base+SSE+SSE2,AES+PCLMUL VectorSize=256
// Job: Job-TZWPHG(IterationCount=20, LaunchCount=3, WarmupCount=8)

WorkloadJitting  1: 32 op, 63800.00 ns, 1.9938 us/op
WorkloadJitting  2: 960 op, 167400.00 ns, 174.3750 ns/op
WorkloadJitting  3: 960 op, 170400.00 ns, 177.5000 ns/op
WorkloadJitting  4: 960 op, 161900.00 ns, 168.6458 ns/op
WorkloadJitting  5: 32 op, 8700.00 ns, 271.8750 ns/op

WorkloadPilot    1: 32 op, 6900.00 ns, 215.6250 ns/op

WorkloadPilot    1: 512 op, 87200.00 ns, 170.3125 ns/op
WorkloadPilot    2: 1024 op, 171000.00 ns, 166.9922 ns/op
WorkloadPilot    3: 2048 op, 342100.00 ns, 167.0410 ns/op
WorkloadPilot    4: 4096 op, 698400.00 ns, 170.5078 ns/op
WorkloadPilot    5: 8192 op, 1395700.00 ns, 170.3735 ns/op
WorkloadPilot    6: 16384 op, 2760100.00 ns, 168.4631 ns/op
WorkloadPilot    7: 32768 op, 5515200.00 ns, 168.3105 ns/op
WorkloadPilot    8: 65536 op, 10980200.00 ns, 167.5446 ns/op
WorkloadPilot    9: 131072 op, 21859300.00 ns, 166.7732 ns/op
WorkloadPilot   10: 262144 op, 45227000.00 ns, 172.5273 ns/op
WorkloadPilot   11: 524288 op, 88640600.00 ns, 169.0685 ns/op
WorkloadPilot   12: 1048576 op, 175427600.00 ns, 167.3008 ns/op
WorkloadPilot   13: 2097152 op, 355325700.00 ns, 169.4325 ns/op
WorkloadPilot   14: 4194304 op, 709503000.00 ns, 169.1587 ns/op

WorkloadWarmup   1: 4194304 op, 703709600.00 ns, 167.7774 ns/op
WorkloadWarmup   2: 4194304 op, 700454300.00 ns, 167.0013 ns/op
WorkloadWarmup   3: 4194304 op, 707492300.00 ns, 168.6793 ns/op
WorkloadWarmup   4: 4194304 op, 703681000.00 ns, 167.7706 ns/op
WorkloadWarmup   5: 4194304 op, 698691500.00 ns, 166.5810 ns/op
WorkloadWarmup   6: 4194304 op, 703046900.00 ns, 167.6194 ns/op
WorkloadWarmup   7: 4194304 op, 701861700.00 ns, 167.3369 ns/op
WorkloadWarmup   8: 4194304 op, 703601500.00 ns, 167.7517 ns/op

// BeforeActualRun
WorkloadActual   1: 4194304 op, 704410400.00 ns, 167.9445 ns/op
WorkloadActual   2: 4194304 op, 699830800.00 ns, 166.8527 ns/op
WorkloadActual   3: 4194304 op, 699573000.00 ns, 166.7912 ns/op
WorkloadActual   4: 4194304 op, 700775300.00 ns, 167.0779 ns/op
WorkloadActual   5: 4194304 op, 700234000.00 ns, 166.9488 ns/op
WorkloadActual   6: 4194304 op, 699712500.00 ns, 166.8245 ns/op
WorkloadActual   7: 4194304 op, 706529300.00 ns, 168.4497 ns/op
WorkloadActual   8: 4194304 op, 701082900.00 ns, 167.1512 ns/op
WorkloadActual   9: 4194304 op, 700828200.00 ns, 167.0905 ns/op
WorkloadActual  10: 4194304 op, 700521000.00 ns, 167.0172 ns/op
WorkloadActual  11: 4194304 op, 701444000.00 ns, 167.2373 ns/op
WorkloadActual  12: 4194304 op, 704994900.00 ns, 168.0839 ns/op
WorkloadActual  13: 4194304 op, 700371300.00 ns, 166.9815 ns/op
WorkloadActual  14: 4194304 op, 702091700.00 ns, 167.3917 ns/op
WorkloadActual  15: 4194304 op, 700433000.00 ns, 166.9962 ns/op
WorkloadActual  16: 4194304 op, 701027500.00 ns, 167.1380 ns/op
WorkloadActual  17: 4194304 op, 700869800.00 ns, 167.1004 ns/op
WorkloadActual  18: 4194304 op, 702682300.00 ns, 167.5325 ns/op
WorkloadActual  19: 4194304 op, 701918900.00 ns, 167.3505 ns/op
WorkloadActual  20: 4194304 op, 707256000.00 ns, 168.6230 ns/op

// AfterActualRun
WorkloadResult   1: 4194304 op, 704410400.00 ns, 167.9445 ns/op
WorkloadResult   2: 4194304 op, 699830800.00 ns, 166.8527 ns/op
WorkloadResult   3: 4194304 op, 699573000.00 ns, 166.7912 ns/op
WorkloadResult   4: 4194304 op, 700775300.00 ns, 167.0779 ns/op
WorkloadResult   5: 4194304 op, 700234000.00 ns, 166.9488 ns/op
WorkloadResult   6: 4194304 op, 699712500.00 ns, 166.8245 ns/op
WorkloadResult   7: 4194304 op, 701082900.00 ns, 167.1512 ns/op
WorkloadResult   8: 4194304 op, 700828200.00 ns, 167.0905 ns/op
WorkloadResult   9: 4194304 op, 700521000.00 ns, 167.0172 ns/op
WorkloadResult  10: 4194304 op, 701444000.00 ns, 167.2373 ns/op
WorkloadResult  11: 4194304 op, 700371300.00 ns, 166.9815 ns/op
WorkloadResult  12: 4194304 op, 702091700.00 ns, 167.3917 ns/op
WorkloadResult  13: 4194304 op, 700433000.00 ns, 166.9962 ns/op
WorkloadResult  14: 4194304 op, 701027500.00 ns, 167.1380 ns/op
WorkloadResult  15: 4194304 op, 700869800.00 ns, 167.1004 ns/op
WorkloadResult  16: 4194304 op, 702682300.00 ns, 167.5325 ns/op
WorkloadResult  17: 4194304 op, 701918900.00 ns, 167.3505 ns/op

// AfterAll
// Benchmark Process 3272 has exited with code 0.
// Launch: 3 / 3
// Execute: dotnet side-metadata-benchmark-Job-TZWPHG-1.dll --ipcPort 50471 --benchmarkName "P21.SideMetadataBenchmarks.Reset64KiB(LogReferenceCountBits: 3)" --job "IterationCount=20, LaunchCount=3, WarmupCount=8" --diagnoserRunMode 0 --benchmarkId 39 in R:\artifacts\bin\side-metadata-benchmark\Release\net11.0\side-metadata-benchmark-Job-TZWPHG-1\bin\Release\net11.0
// BeforeAnythingElse

// Benchmark Process Environment Information:
// BenchmarkDotNet v0.16.0-preview.1
// Runtime=.NET 11.0.0 (11.0.0-preview.6.26359.118, 11.0.26.36018), X64 RyuJIT x86-64-v4
// GC=Concurrent Workstation
// HardwareIntrinsics=AVX512 BITALG+VBMI2+VNNI+VPOPCNTDQ,AVX512 IFMA+VBMI,AVX512 F+BW+CD+DQ+VL,AVX2+BMI1+BMI2+F16C+FMA+LZCNT+MOVBE,AVX,SSE3+SSSE3+SSE4.1+SSE4.2+POPCNT,X86Base+SSE+SSE2,AES+PCLMUL VectorSize=256
// Job: Job-TZWPHG(IterationCount=20, LaunchCount=3, WarmupCount=8)

WorkloadJitting  1: 32 op, 98100.00 ns, 3.0656 us/op
WorkloadJitting  2: 960 op, 164100.00 ns, 170.9375 ns/op
WorkloadJitting  3: 960 op, 170900.00 ns, 178.0208 ns/op
WorkloadJitting  4: 960 op, 170200.00 ns, 177.2917 ns/op
WorkloadJitting  5: 32 op, 10100.00 ns, 315.6250 ns/op

WorkloadPilot    1: 32 op, 7700.00 ns, 240.6250 ns/op

WorkloadPilot    1: 512 op, 112300.00 ns, 219.3359 ns/op
WorkloadPilot    2: 1024 op, 173900.00 ns, 169.8242 ns/op
WorkloadPilot    3: 2048 op, 346100.00 ns, 168.9941 ns/op
WorkloadPilot    4: 4096 op, 724400.00 ns, 176.8555 ns/op
WorkloadPilot    5: 8192 op, 1386900.00 ns, 169.2993 ns/op
WorkloadPilot    6: 16384 op, 2754500.00 ns, 168.1213 ns/op
WorkloadPilot    7: 32768 op, 5479500.00 ns, 167.2211 ns/op
WorkloadPilot    8: 65536 op, 10900400.00 ns, 166.3269 ns/op
WorkloadPilot    9: 131072 op, 22855300.00 ns, 174.3721 ns/op
WorkloadPilot   10: 262144 op, 43834700.00 ns, 167.2161 ns/op
WorkloadPilot   11: 524288 op, 87334600.00 ns, 166.5775 ns/op
WorkloadPilot   12: 1048576 op, 176876900.00 ns, 168.6830 ns/op
WorkloadPilot   13: 2097152 op, 350625100.00 ns, 167.1911 ns/op
WorkloadPilot   14: 4194304 op, 705411200.00 ns, 168.1831 ns/op

WorkloadWarmup   1: 4194304 op, 703187900.00 ns, 167.6531 ns/op
WorkloadWarmup   2: 4194304 op, 701833600.00 ns, 167.3302 ns/op
WorkloadWarmup   3: 4194304 op, 704863500.00 ns, 168.0526 ns/op
WorkloadWarmup   4: 4194304 op, 699885600.00 ns, 166.8657 ns/op
WorkloadWarmup   5: 4194304 op, 699251000.00 ns, 166.7144 ns/op
WorkloadWarmup   6: 4194304 op, 704891300.00 ns, 168.0592 ns/op
WorkloadWarmup   7: 4194304 op, 699354800.00 ns, 166.7392 ns/op
WorkloadWarmup   8: 4194304 op, 698587800.00 ns, 166.5563 ns/op

// BeforeActualRun
WorkloadActual   1: 4194304 op, 704111700.00 ns, 167.8733 ns/op
WorkloadActual   2: 4194304 op, 702272000.00 ns, 167.4347 ns/op
WorkloadActual   3: 4194304 op, 701614700.00 ns, 167.2780 ns/op
WorkloadActual   4: 4194304 op, 698982600.00 ns, 166.6504 ns/op
WorkloadActual   5: 4194304 op, 701819000.00 ns, 167.3267 ns/op
WorkloadActual   6: 4194304 op, 701255800.00 ns, 167.1924 ns/op
WorkloadActual   7: 4194304 op, 703113500.00 ns, 167.6353 ns/op
WorkloadActual   8: 4194304 op, 702831800.00 ns, 167.5682 ns/op
WorkloadActual   9: 4194304 op, 702404700.00 ns, 167.4663 ns/op
WorkloadActual  10: 4194304 op, 704764600.00 ns, 168.0290 ns/op
WorkloadActual  11: 4194304 op, 698115900.00 ns, 166.4438 ns/op
WorkloadActual  12: 4194304 op, 710284800.00 ns, 169.3451 ns/op
WorkloadActual  13: 4194304 op, 704528700.00 ns, 167.9727 ns/op
WorkloadActual  14: 4194304 op, 721318200.00 ns, 171.9757 ns/op
WorkloadActual  15: 4194304 op, 704300600.00 ns, 167.9183 ns/op
WorkloadActual  16: 4194304 op, 700875100.00 ns, 167.1016 ns/op
WorkloadActual  17: 4194304 op, 701939700.00 ns, 167.3555 ns/op
WorkloadActual  18: 4194304 op, 701945700.00 ns, 167.3569 ns/op
WorkloadActual  19: 4194304 op, 701981000.00 ns, 167.3653 ns/op
WorkloadActual  20: 4194304 op, 703544200.00 ns, 167.7380 ns/op

// AfterActualRun
WorkloadResult   1: 4194304 op, 704111700.00 ns, 167.8733 ns/op
WorkloadResult   2: 4194304 op, 702272000.00 ns, 167.4347 ns/op
WorkloadResult   3: 4194304 op, 701614700.00 ns, 167.2780 ns/op
WorkloadResult   4: 4194304 op, 698982600.00 ns, 166.6504 ns/op
WorkloadResult   5: 4194304 op, 701819000.00 ns, 167.3267 ns/op
WorkloadResult   6: 4194304 op, 701255800.00 ns, 167.1924 ns/op
WorkloadResult   7: 4194304 op, 703113500.00 ns, 167.6353 ns/op
WorkloadResult   8: 4194304 op, 702831800.00 ns, 167.5682 ns/op
WorkloadResult   9: 4194304 op, 702404700.00 ns, 167.4663 ns/op
WorkloadResult  10: 4194304 op, 704764600.00 ns, 168.0290 ns/op
WorkloadResult  11: 4194304 op, 698115900.00 ns, 166.4438 ns/op
WorkloadResult  12: 4194304 op, 704528700.00 ns, 167.9727 ns/op
WorkloadResult  13: 4194304 op, 704300600.00 ns, 167.9183 ns/op
WorkloadResult  14: 4194304 op, 700875100.00 ns, 167.1016 ns/op
WorkloadResult  15: 4194304 op, 701939700.00 ns, 167.3555 ns/op
WorkloadResult  16: 4194304 op, 701945700.00 ns, 167.3569 ns/op
WorkloadResult  17: 4194304 op, 701981000.00 ns, 167.3653 ns/op
WorkloadResult  18: 4194304 op, 703544200.00 ns, 167.7380 ns/op

// AfterAll
// Benchmark Process 32992 has exited with code 0.

Mean = 167.255 ns, StdErr = 0.055 ns (0.03%), N = 54, StdDev = 0.403 ns
Min = 166.444 ns, Q1 = 166.960 ns, Median = 167.178 ns, Q3 = 167.512 ns, Max = 168.203 ns
IQR = 0.552 ns, LowerFence = 166.131 ns, UpperFence = 168.341 ns
ConfidenceInterval = [167.064 ns; 167.446 ns] (CI 99.9%), Margin = 0.191 ns (0.11% of Mean)
Skewness = 0.36, Kurtosis = 2.39, MValue = 2

// ** Remained 5 (11.1%) benchmark(s) to run. Estimated finish 2026-08-31 20:16 (0h 6m from now) **
Setup power plan (GUID: 8c5e7fda-e8bf-4a96-9a85-a6e23a8c635c FriendlyName: High performance)
// **************************
// Benchmark: SideMetadataBenchmarks.Reset1MiB: Job-TZWPHG(IterationCount=20, LaunchCount=3, WarmupCount=8) [LogReferenceCountBits=3]
// *** Execute ***
// Launch: 1 / 3
// Execute: dotnet side-metadata-benchmark-Job-TZWPHG-1.dll --ipcPort 50492 --benchmarkName "P21.SideMetadataBenchmarks.Reset1MiB(LogReferenceCountBits: 3)" --job "IterationCount=20, LaunchCount=3, WarmupCount=8" --diagnoserRunMode 0 --benchmarkId 40 in R:\artifacts\bin\side-metadata-benchmark\Release\net11.0\side-metadata-benchmark-Job-TZWPHG-1\bin\Release\net11.0
// BeforeAnythingElse

// Benchmark Process Environment Information:
// BenchmarkDotNet v0.16.0-preview.1
// Runtime=.NET 11.0.0 (11.0.0-preview.6.26359.118, 11.0.26.36018), X64 RyuJIT x86-64-v4
// GC=Concurrent Workstation
// HardwareIntrinsics=AVX512 BITALG+VBMI2+VNNI+VPOPCNTDQ,AVX512 IFMA+VBMI,AVX512 F+BW+CD+DQ+VL,AVX2+BMI1+BMI2+F16C+FMA+LZCNT+MOVBE,AVX,SSE3+SSSE3+SSE4.1+SSE4.2+POPCNT,X86Base+SSE+SSE2,AES+PCLMUL VectorSize=256
// Job: Job-TZWPHG(IterationCount=20, LaunchCount=3, WarmupCount=8)

WorkloadJitting  1: 8 op, 102500.00 ns, 12.8125 us/op
WorkloadJitting  2: 240 op, 444300.00 ns, 1.8513 us/op
WorkloadJitting  3: 240 op, 496900.00 ns, 2.0704 us/op
WorkloadJitting  4: 240 op, 443200.00 ns, 1.8467 us/op
WorkloadJitting  5: 8 op, 18000.00 ns, 2.2500 us/op

WorkloadPilot    1: 8 op, 16800.00 ns, 2.1000 us/op

WorkloadPilot    1: 128 op, 266800.00 ns, 2.0844 us/op
WorkloadPilot    2: 256 op, 488100.00 ns, 1.9066 us/op
WorkloadPilot    3: 512 op, 980200.00 ns, 1.9145 us/op
WorkloadPilot    4: 1024 op, 1941800.00 ns, 1.8963 us/op
WorkloadPilot    5: 2048 op, 3819200.00 ns, 1.8648 us/op
WorkloadPilot    6: 4096 op, 7614300.00 ns, 1.8590 us/op
WorkloadPilot    7: 8192 op, 15155200.00 ns, 1.8500 us/op
WorkloadPilot    8: 16384 op, 30402700.00 ns, 1.8556 us/op
WorkloadPilot    9: 32768 op, 60582200.00 ns, 1.8488 us/op
WorkloadPilot   10: 65536 op, 121289200.00 ns, 1.8507 us/op
WorkloadPilot   11: 131072 op, 244121500.00 ns, 1.8625 us/op
WorkloadPilot   12: 262144 op, 486506400.00 ns, 1.8559 us/op
WorkloadPilot   13: 524288 op, 971226000.00 ns, 1.8525 us/op

WorkloadWarmup   1: 524288 op, 982723300.00 ns, 1.8744 us/op
WorkloadWarmup   2: 524288 op, 977178100.00 ns, 1.8638 us/op
WorkloadWarmup   3: 524288 op, 979843100.00 ns, 1.8689 us/op
WorkloadWarmup   4: 524288 op, 971014800.00 ns, 1.8521 us/op
WorkloadWarmup   5: 524288 op, 975432600.00 ns, 1.8605 us/op
WorkloadWarmup   6: 524288 op, 990938700.00 ns, 1.8901 us/op
WorkloadWarmup   7: 524288 op, 988331400.00 ns, 1.8851 us/op
WorkloadWarmup   8: 524288 op, 1037713500.00 ns, 1.9793 us/op

// BeforeActualRun
WorkloadActual   1: 524288 op, 998737800.00 ns, 1.9049 us/op
WorkloadActual   2: 524288 op, 975020400.00 ns, 1.8597 us/op
WorkloadActual   3: 524288 op, 974114100.00 ns, 1.8580 us/op
WorkloadActual   4: 524288 op, 980059500.00 ns, 1.8693 us/op
WorkloadActual   5: 524288 op, 977353800.00 ns, 1.8642 us/op
WorkloadActual   6: 524288 op, 978676900.00 ns, 1.8667 us/op
WorkloadActual   7: 524288 op, 976248200.00 ns, 1.8620 us/op
WorkloadActual   8: 524288 op, 974100200.00 ns, 1.8579 us/op
WorkloadActual   9: 524288 op, 974463100.00 ns, 1.8586 us/op
WorkloadActual  10: 524288 op, 976511800.00 ns, 1.8625 us/op
WorkloadActual  11: 524288 op, 973001300.00 ns, 1.8559 us/op
WorkloadActual  12: 524288 op, 977297100.00 ns, 1.8640 us/op
WorkloadActual  13: 524288 op, 973287200.00 ns, 1.8564 us/op
WorkloadActual  14: 524288 op, 974373200.00 ns, 1.8585 us/op
WorkloadActual  15: 524288 op, 997034600.00 ns, 1.9017 us/op
WorkloadActual  16: 524288 op, 974587500.00 ns, 1.8589 us/op
WorkloadActual  17: 524288 op, 976625500.00 ns, 1.8628 us/op
WorkloadActual  18: 524288 op, 974907300.00 ns, 1.8595 us/op
WorkloadActual  19: 524288 op, 976628900.00 ns, 1.8628 us/op
WorkloadActual  20: 524288 op, 972772000.00 ns, 1.8554 us/op

// AfterActualRun
WorkloadResult   1: 524288 op, 975020400.00 ns, 1.8597 us/op
WorkloadResult   2: 524288 op, 974114100.00 ns, 1.8580 us/op
WorkloadResult   3: 524288 op, 980059500.00 ns, 1.8693 us/op
WorkloadResult   4: 524288 op, 977353800.00 ns, 1.8642 us/op
WorkloadResult   5: 524288 op, 978676900.00 ns, 1.8667 us/op
WorkloadResult   6: 524288 op, 976248200.00 ns, 1.8620 us/op
WorkloadResult   7: 524288 op, 974100200.00 ns, 1.8579 us/op
WorkloadResult   8: 524288 op, 974463100.00 ns, 1.8586 us/op
WorkloadResult   9: 524288 op, 976511800.00 ns, 1.8625 us/op
WorkloadResult  10: 524288 op, 973001300.00 ns, 1.8559 us/op
WorkloadResult  11: 524288 op, 977297100.00 ns, 1.8640 us/op
WorkloadResult  12: 524288 op, 973287200.00 ns, 1.8564 us/op
WorkloadResult  13: 524288 op, 974373200.00 ns, 1.8585 us/op
WorkloadResult  14: 524288 op, 974587500.00 ns, 1.8589 us/op
WorkloadResult  15: 524288 op, 976625500.00 ns, 1.8628 us/op
WorkloadResult  16: 524288 op, 974907300.00 ns, 1.8595 us/op
WorkloadResult  17: 524288 op, 976628900.00 ns, 1.8628 us/op
WorkloadResult  18: 524288 op, 972772000.00 ns, 1.8554 us/op

// AfterAll
// Benchmark Process 15992 has exited with code 0.
// Launch: 2 / 3
// Execute: dotnet side-metadata-benchmark-Job-TZWPHG-1.dll --ipcPort 50527 --benchmarkName "P21.SideMetadataBenchmarks.Reset1MiB(LogReferenceCountBits: 3)" --job "IterationCount=20, LaunchCount=3, WarmupCount=8" --diagnoserRunMode 0 --benchmarkId 40 in R:\artifacts\bin\side-metadata-benchmark\Release\net11.0\side-metadata-benchmark-Job-TZWPHG-1\bin\Release\net11.0
// BeforeAnythingElse

// Benchmark Process Environment Information:
// BenchmarkDotNet v0.16.0-preview.1
// Runtime=.NET 11.0.0 (11.0.0-preview.6.26359.118, 11.0.26.36018), X64 RyuJIT x86-64-v4
// GC=Concurrent Workstation
// HardwareIntrinsics=AVX512 BITALG+VBMI2+VNNI+VPOPCNTDQ,AVX512 IFMA+VBMI,AVX512 F+BW+CD+DQ+VL,AVX2+BMI1+BMI2+F16C+FMA+LZCNT+MOVBE,AVX,SSE3+SSSE3+SSE4.1+SSE4.2+POPCNT,X86Base+SSE+SSE2,AES+PCLMUL VectorSize=256
// Job: Job-TZWPHG(IterationCount=20, LaunchCount=3, WarmupCount=8)

WorkloadJitting  1: 8 op, 75000.00 ns, 9.3750 us/op
WorkloadJitting  2: 240 op, 446900.00 ns, 1.8621 us/op
WorkloadJitting  3: 240 op, 449700.00 ns, 1.8738 us/op
WorkloadJitting  4: 240 op, 737500.00 ns, 3.0729 us/op
WorkloadJitting  5: 8 op, 18900.00 ns, 2.3625 us/op

WorkloadPilot    1: 8 op, 17500.00 ns, 2.1875 us/op

WorkloadPilot    1: 128 op, 235000.00 ns, 1.8359 us/op
WorkloadPilot    2: 256 op, 512100.00 ns, 2.0004 us/op
WorkloadPilot    3: 512 op, 1002300.00 ns, 1.9576 us/op
WorkloadPilot    4: 1024 op, 1909100.00 ns, 1.8644 us/op
WorkloadPilot    5: 2048 op, 3818100.00 ns, 1.8643 us/op
WorkloadPilot    6: 4096 op, 7783400.00 ns, 1.9002 us/op
WorkloadPilot    7: 8192 op, 15248000.00 ns, 1.8613 us/op
WorkloadPilot    8: 16384 op, 30317500.00 ns, 1.8504 us/op
WorkloadPilot    9: 32768 op, 60534100.00 ns, 1.8474 us/op
WorkloadPilot   10: 65536 op, 121130200.00 ns, 1.8483 us/op
WorkloadPilot   11: 131072 op, 244487100.00 ns, 1.8653 us/op
WorkloadPilot   12: 262144 op, 487632500.00 ns, 1.8602 us/op
WorkloadPilot   13: 524288 op, 973192800.00 ns, 1.8562 us/op

WorkloadWarmup   1: 524288 op, 974511300.00 ns, 1.8587 us/op
WorkloadWarmup   2: 524288 op, 997217100.00 ns, 1.9020 us/op
WorkloadWarmup   3: 524288 op, 974802800.00 ns, 1.8593 us/op
WorkloadWarmup   4: 524288 op, 972997300.00 ns, 1.8558 us/op
WorkloadWarmup   5: 524288 op, 977023400.00 ns, 1.8635 us/op
WorkloadWarmup   6: 524288 op, 992011000.00 ns, 1.8921 us/op
WorkloadWarmup   7: 524288 op, 973590400.00 ns, 1.8570 us/op
WorkloadWarmup   8: 524288 op, 973447000.00 ns, 1.8567 us/op

// BeforeActualRun
WorkloadActual   1: 524288 op, 976253600.00 ns, 1.8621 us/op
WorkloadActual   2: 524288 op, 976982200.00 ns, 1.8634 us/op
WorkloadActual   3: 524288 op, 979302300.00 ns, 1.8679 us/op
WorkloadActual   4: 524288 op, 969515500.00 ns, 1.8492 us/op
WorkloadActual   5: 524288 op, 982320500.00 ns, 1.8736 us/op
WorkloadActual   6: 524288 op, 973743100.00 ns, 1.8573 us/op
WorkloadActual   7: 524288 op, 972072900.00 ns, 1.8541 us/op
WorkloadActual   8: 524288 op, 971623900.00 ns, 1.8532 us/op
WorkloadActual   9: 524288 op, 974071600.00 ns, 1.8579 us/op
WorkloadActual  10: 524288 op, 978108500.00 ns, 1.8656 us/op
WorkloadActual  11: 524288 op, 975789100.00 ns, 1.8612 us/op
WorkloadActual  12: 524288 op, 983237600.00 ns, 1.8754 us/op
WorkloadActual  13: 524288 op, 980829000.00 ns, 1.8708 us/op
WorkloadActual  14: 524288 op, 989808600.00 ns, 1.8879 us/op
WorkloadActual  15: 524288 op, 980375600.00 ns, 1.8699 us/op
WorkloadActual  16: 524288 op, 977147200.00 ns, 1.8638 us/op
WorkloadActual  17: 524288 op, 974098200.00 ns, 1.8579 us/op
WorkloadActual  18: 524288 op, 973707600.00 ns, 1.8572 us/op
WorkloadActual  19: 524288 op, 979616200.00 ns, 1.8685 us/op
WorkloadActual  20: 524288 op, 969667300.00 ns, 1.8495 us/op

// AfterActualRun
WorkloadResult   1: 524288 op, 976253600.00 ns, 1.8621 us/op
WorkloadResult   2: 524288 op, 976982200.00 ns, 1.8634 us/op
WorkloadResult   3: 524288 op, 979302300.00 ns, 1.8679 us/op
WorkloadResult   4: 524288 op, 969515500.00 ns, 1.8492 us/op
WorkloadResult   5: 524288 op, 982320500.00 ns, 1.8736 us/op
WorkloadResult   6: 524288 op, 973743100.00 ns, 1.8573 us/op
WorkloadResult   7: 524288 op, 972072900.00 ns, 1.8541 us/op
WorkloadResult   8: 524288 op, 971623900.00 ns, 1.8532 us/op
WorkloadResult   9: 524288 op, 974071600.00 ns, 1.8579 us/op
WorkloadResult  10: 524288 op, 978108500.00 ns, 1.8656 us/op
WorkloadResult  11: 524288 op, 975789100.00 ns, 1.8612 us/op
WorkloadResult  12: 524288 op, 983237600.00 ns, 1.8754 us/op
WorkloadResult  13: 524288 op, 980829000.00 ns, 1.8708 us/op
WorkloadResult  14: 524288 op, 980375600.00 ns, 1.8699 us/op
WorkloadResult  15: 524288 op, 977147200.00 ns, 1.8638 us/op
WorkloadResult  16: 524288 op, 974098200.00 ns, 1.8579 us/op
WorkloadResult  17: 524288 op, 973707600.00 ns, 1.8572 us/op
WorkloadResult  18: 524288 op, 979616200.00 ns, 1.8685 us/op
WorkloadResult  19: 524288 op, 969667300.00 ns, 1.8495 us/op

// AfterAll
// Benchmark Process 37872 has exited with code 0.
// Launch: 3 / 3
// Execute: dotnet side-metadata-benchmark-Job-TZWPHG-1.dll --ipcPort 50564 --benchmarkName "P21.SideMetadataBenchmarks.Reset1MiB(LogReferenceCountBits: 3)" --job "IterationCount=20, LaunchCount=3, WarmupCount=8" --diagnoserRunMode 0 --benchmarkId 40 in R:\artifacts\bin\side-metadata-benchmark\Release\net11.0\side-metadata-benchmark-Job-TZWPHG-1\bin\Release\net11.0
// BeforeAnythingElse

// Benchmark Process Environment Information:
// BenchmarkDotNet v0.16.0-preview.1
// Runtime=.NET 11.0.0 (11.0.0-preview.6.26359.118, 11.0.26.36018), X64 RyuJIT x86-64-v4
// GC=Concurrent Workstation
// HardwareIntrinsics=AVX512 BITALG+VBMI2+VNNI+VPOPCNTDQ,AVX512 IFMA+VBMI,AVX512 F+BW+CD+DQ+VL,AVX2+BMI1+BMI2+F16C+FMA+LZCNT+MOVBE,AVX,SSE3+SSSE3+SSE4.1+SSE4.2+POPCNT,X86Base+SSE+SSE2,AES+PCLMUL VectorSize=256
// Job: Job-TZWPHG(IterationCount=20, LaunchCount=3, WarmupCount=8)

WorkloadJitting  1: 8 op, 131400.00 ns, 16.4250 us/op
WorkloadJitting  2: 240 op, 442800.00 ns, 1.8450 us/op
WorkloadJitting  3: 240 op, 560100.00 ns, 2.3338 us/op
WorkloadJitting  4: 240 op, 442000.00 ns, 1.8417 us/op
WorkloadJitting  5: 8 op, 18700.00 ns, 2.3375 us/op

WorkloadPilot    1: 8 op, 17200.00 ns, 2.1500 us/op

WorkloadPilot    1: 128 op, 234800.00 ns, 1.8344 us/op
WorkloadPilot    2: 256 op, 474300.00 ns, 1.8527 us/op
WorkloadPilot    3: 512 op, 948800.00 ns, 1.8531 us/op
WorkloadPilot    4: 1024 op, 1921200.00 ns, 1.8762 us/op
WorkloadPilot    5: 2048 op, 3841900.00 ns, 1.8759 us/op
WorkloadPilot    6: 4096 op, 7570300.00 ns, 1.8482 us/op
WorkloadPilot    7: 8192 op, 15215600.00 ns, 1.8574 us/op
WorkloadPilot    8: 16384 op, 30344200.00 ns, 1.8521 us/op
WorkloadPilot    9: 32768 op, 60886500.00 ns, 1.8581 us/op
WorkloadPilot   10: 65536 op, 121422800.00 ns, 1.8528 us/op
WorkloadPilot   11: 131072 op, 243212000.00 ns, 1.8556 us/op
WorkloadPilot   12: 262144 op, 488606500.00 ns, 1.8639 us/op
WorkloadPilot   13: 524288 op, 976086400.00 ns, 1.8617 us/op

WorkloadWarmup   1: 524288 op, 972373000.00 ns, 1.8547 us/op
WorkloadWarmup   2: 524288 op, 970866700.00 ns, 1.8518 us/op
WorkloadWarmup   3: 524288 op, 977519600.00 ns, 1.8645 us/op
WorkloadWarmup   4: 524288 op, 976573900.00 ns, 1.8627 us/op
WorkloadWarmup   5: 524288 op, 976132700.00 ns, 1.8618 us/op
WorkloadWarmup   6: 524288 op, 977281800.00 ns, 1.8640 us/op
WorkloadWarmup   7: 524288 op, 971975700.00 ns, 1.8539 us/op
WorkloadWarmup   8: 524288 op, 975543000.00 ns, 1.8607 us/op

// BeforeActualRun
WorkloadActual   1: 524288 op, 974533700.00 ns, 1.8588 us/op
WorkloadActual   2: 524288 op, 972728700.00 ns, 1.8553 us/op
WorkloadActual   3: 524288 op, 981403100.00 ns, 1.8719 us/op
WorkloadActual   4: 524288 op, 976800200.00 ns, 1.8631 us/op
WorkloadActual   5: 524288 op, 971820900.00 ns, 1.8536 us/op
WorkloadActual   6: 524288 op, 979066000.00 ns, 1.8674 us/op
WorkloadActual   7: 524288 op, 978128700.00 ns, 1.8656 us/op
WorkloadActual   8: 524288 op, 975704900.00 ns, 1.8610 us/op
WorkloadActual   9: 524288 op, 976352800.00 ns, 1.8622 us/op
WorkloadActual  10: 524288 op, 985157900.00 ns, 1.8790 us/op
WorkloadActual  11: 524288 op, 978718800.00 ns, 1.8668 us/op
WorkloadActual  12: 524288 op, 970480400.00 ns, 1.8510 us/op
WorkloadActual  13: 524288 op, 977819700.00 ns, 1.8650 us/op
WorkloadActual  14: 524288 op, 982649700.00 ns, 1.8743 us/op
WorkloadActual  15: 524288 op, 974119800.00 ns, 1.8580 us/op
WorkloadActual  16: 524288 op, 974380100.00 ns, 1.8585 us/op
WorkloadActual  17: 524288 op, 973574200.00 ns, 1.8569 us/op
WorkloadActual  18: 524288 op, 970667100.00 ns, 1.8514 us/op
WorkloadActual  19: 524288 op, 973994600.00 ns, 1.8577 us/op
WorkloadActual  20: 524288 op, 975809500.00 ns, 1.8612 us/op

// AfterActualRun
WorkloadResult   1: 524288 op, 974533700.00 ns, 1.8588 us/op
WorkloadResult   2: 524288 op, 972728700.00 ns, 1.8553 us/op
WorkloadResult   3: 524288 op, 981403100.00 ns, 1.8719 us/op
WorkloadResult   4: 524288 op, 976800200.00 ns, 1.8631 us/op
WorkloadResult   5: 524288 op, 971820900.00 ns, 1.8536 us/op
WorkloadResult   6: 524288 op, 979066000.00 ns, 1.8674 us/op
WorkloadResult   7: 524288 op, 978128700.00 ns, 1.8656 us/op
WorkloadResult   8: 524288 op, 975704900.00 ns, 1.8610 us/op
WorkloadResult   9: 524288 op, 976352800.00 ns, 1.8622 us/op
WorkloadResult  10: 524288 op, 978718800.00 ns, 1.8668 us/op
WorkloadResult  11: 524288 op, 970480400.00 ns, 1.8510 us/op
WorkloadResult  12: 524288 op, 977819700.00 ns, 1.8650 us/op
WorkloadResult  13: 524288 op, 982649700.00 ns, 1.8743 us/op
WorkloadResult  14: 524288 op, 974119800.00 ns, 1.8580 us/op
WorkloadResult  15: 524288 op, 974380100.00 ns, 1.8585 us/op
WorkloadResult  16: 524288 op, 973574200.00 ns, 1.8569 us/op
WorkloadResult  17: 524288 op, 970667100.00 ns, 1.8514 us/op
WorkloadResult  18: 524288 op, 973994600.00 ns, 1.8577 us/op
WorkloadResult  19: 524288 op, 975809500.00 ns, 1.8612 us/op

// AfterAll
// Benchmark Process 8348 has exited with code 0.

Mean = 1.861 us, StdErr = 0.001 us (0.04%), N = 56, StdDev = 0.006 us
Min = 1.849 us, Q1 = 1.858 us, Median = 1.861 us, Q3 = 1.865 us, Max = 1.875 us
IQR = 0.008 us, LowerFence = 1.846 us, UpperFence = 1.877 us
ConfidenceInterval = [1.858 us; 1.864 us] (CI 99.9%), Margin = 0.003 us (0.15% of Mean)
Skewness = 0.28, Kurtosis = 2.57, MValue = 2

// ** Remained 4 (8.9%) benchmark(s) to run. Estimated finish 2026-08-31 20:16 (0h 4m from now) **
Setup power plan (GUID: 8c5e7fda-e8bf-4a96-9a85-a6e23a8c635c FriendlyName: High performance)
// **************************
// Benchmark: SideMetadataBenchmarks.ExtraCasSensitivity: Job-TZWPHG(IterationCount=20, LaunchCount=3, WarmupCount=8) [LogReferenceCountBits=3]
// *** Execute ***
// Launch: 1 / 3
// Execute: dotnet side-metadata-benchmark-Job-TZWPHG-1.dll --ipcPort 51794 --benchmarkName "P21.SideMetadataBenchmarks.ExtraCasSensitivity(LogReferenceCountBits: 3)" --job "IterationCount=20, LaunchCount=3, WarmupCount=8" --diagnoserRunMode 0 --benchmarkId 41 in R:\artifacts\bin\side-metadata-benchmark\Release\net11.0\side-metadata-benchmark-Job-TZWPHG-1\bin\Release\net11.0
// BeforeAnythingElse

// Benchmark Process Environment Information:
// BenchmarkDotNet v0.16.0-preview.1
// Runtime=.NET 11.0.0 (11.0.0-preview.6.26359.118, 11.0.26.36018), X64 RyuJIT x86-64-v4
// GC=Concurrent Workstation
// HardwareIntrinsics=AVX512 BITALG+VBMI2+VNNI+VPOPCNTDQ,AVX512 IFMA+VBMI,AVX512 F+BW+CD+DQ+VL,AVX2+BMI1+BMI2+F16C+FMA+LZCNT+MOVBE,AVX,SSE3+SSSE3+SSE4.1+SSE4.2+POPCNT,X86Base+SSE+SSE2,AES+PCLMUL VectorSize=256
// Job: Job-TZWPHG(IterationCount=20, LaunchCount=3, WarmupCount=8)

WorkloadJitting  1: 4096 op, 959500.00 ns, 234.2529 ns/op
WorkloadJitting  2: 122880 op, 26119700.00 ns, 212.5627 ns/op
WorkloadJitting  3: 122880 op, 26930500.00 ns, 219.1610 ns/op
WorkloadJitting  4: 122880 op, 27563500.00 ns, 224.3123 ns/op
WorkloadJitting  5: 4096 op, 937200.00 ns, 228.8086 ns/op

WorkloadPilot    1: 4096 op, 934500.00 ns, 228.1494 ns/op

WorkloadPilot    1: 65536 op, 14648800.00 ns, 223.5229 ns/op
WorkloadPilot    2: 131072 op, 29404400.00 ns, 224.3378 ns/op
WorkloadPilot    3: 262144 op, 59189400.00 ns, 225.7896 ns/op
WorkloadPilot    4: 524288 op, 117495300.00 ns, 224.1045 ns/op
WorkloadPilot    5: 1048576 op, 234813100.00 ns, 223.9352 ns/op
WorkloadPilot    6: 2097152 op, 473099300.00 ns, 225.5913 ns/op
WorkloadPilot    7: 4194304 op, 954781700.00 ns, 227.6377 ns/op

WorkloadWarmup   1: 4194304 op, 943871900.00 ns, 225.0366 ns/op
WorkloadWarmup   2: 4194304 op, 941120500.00 ns, 224.3806 ns/op
WorkloadWarmup   3: 4194304 op, 945676000.00 ns, 225.4667 ns/op
WorkloadWarmup   4: 4194304 op, 941766400.00 ns, 224.5346 ns/op
WorkloadWarmup   5: 4194304 op, 942447800.00 ns, 224.6971 ns/op
WorkloadWarmup   6: 4194304 op, 941794400.00 ns, 224.5413 ns/op
WorkloadWarmup   7: 4194304 op, 940315700.00 ns, 224.1887 ns/op
WorkloadWarmup   8: 4194304 op, 939946000.00 ns, 224.1006 ns/op

// BeforeActualRun
WorkloadActual   1: 4194304 op, 941867200.00 ns, 224.5586 ns/op
WorkloadActual   2: 4194304 op, 943100200.00 ns, 224.8526 ns/op
WorkloadActual   3: 4194304 op, 946045000.00 ns, 225.5547 ns/op
WorkloadActual   4: 4194304 op, 942172800.00 ns, 224.6315 ns/op
WorkloadActual   5: 4194304 op, 947032000.00 ns, 225.7900 ns/op
WorkloadActual   6: 4194304 op, 942683900.00 ns, 224.7534 ns/op
WorkloadActual   7: 4194304 op, 949547900.00 ns, 226.3899 ns/op
WorkloadActual   8: 4194304 op, 941607500.00 ns, 224.4967 ns/op
WorkloadActual   9: 4194304 op, 943407000.00 ns, 224.9258 ns/op
WorkloadActual  10: 4194304 op, 943878300.00 ns, 225.0381 ns/op
WorkloadActual  11: 4194304 op, 950682500.00 ns, 226.6604 ns/op
WorkloadActual  12: 4194304 op, 964083200.00 ns, 229.8553 ns/op
WorkloadActual  13: 4194304 op, 953843100.00 ns, 227.4139 ns/op
WorkloadActual  14: 4194304 op, 945491700.00 ns, 225.4228 ns/op
WorkloadActual  15: 4194304 op, 942769000.00 ns, 224.7736 ns/op
WorkloadActual  16: 4194304 op, 941331200.00 ns, 224.4308 ns/op
WorkloadActual  17: 4194304 op, 942591100.00 ns, 224.7312 ns/op
WorkloadActual  18: 4194304 op, 943943400.00 ns, 225.0536 ns/op
WorkloadActual  19: 4194304 op, 943919600.00 ns, 225.0480 ns/op
WorkloadActual  20: 4194304 op, 942308900.00 ns, 224.6639 ns/op

// AfterActualRun
WorkloadResult   1: 4194304 op, 941867200.00 ns, 224.5586 ns/op
WorkloadResult   2: 4194304 op, 943100200.00 ns, 224.8526 ns/op
WorkloadResult   3: 4194304 op, 946045000.00 ns, 225.5547 ns/op
WorkloadResult   4: 4194304 op, 942172800.00 ns, 224.6315 ns/op
WorkloadResult   5: 4194304 op, 947032000.00 ns, 225.7900 ns/op
WorkloadResult   6: 4194304 op, 942683900.00 ns, 224.7534 ns/op
WorkloadResult   7: 4194304 op, 949547900.00 ns, 226.3899 ns/op
WorkloadResult   8: 4194304 op, 941607500.00 ns, 224.4967 ns/op
WorkloadResult   9: 4194304 op, 943407000.00 ns, 224.9258 ns/op
WorkloadResult  10: 4194304 op, 943878300.00 ns, 225.0381 ns/op
WorkloadResult  11: 4194304 op, 950682500.00 ns, 226.6604 ns/op
WorkloadResult  12: 4194304 op, 945491700.00 ns, 225.4228 ns/op
WorkloadResult  13: 4194304 op, 942769000.00 ns, 224.7736 ns/op
WorkloadResult  14: 4194304 op, 941331200.00 ns, 224.4308 ns/op
WorkloadResult  15: 4194304 op, 942591100.00 ns, 224.7312 ns/op
WorkloadResult  16: 4194304 op, 943943400.00 ns, 225.0536 ns/op
WorkloadResult  17: 4194304 op, 943919600.00 ns, 225.0480 ns/op
WorkloadResult  18: 4194304 op, 942308900.00 ns, 224.6639 ns/op

// AfterAll
// Benchmark Process 39608 has exited with code 0.
// Launch: 2 / 3
// Execute: dotnet side-metadata-benchmark-Job-TZWPHG-1.dll --ipcPort 51839 --benchmarkName "P21.SideMetadataBenchmarks.ExtraCasSensitivity(LogReferenceCountBits: 3)" --job "IterationCount=20, LaunchCount=3, WarmupCount=8" --diagnoserRunMode 0 --benchmarkId 41 in R:\artifacts\bin\side-metadata-benchmark\Release\net11.0\side-metadata-benchmark-Job-TZWPHG-1\bin\Release\net11.0
// BeforeAnythingElse

// Benchmark Process Environment Information:
// BenchmarkDotNet v0.16.0-preview.1
// Runtime=.NET 11.0.0 (11.0.0-preview.6.26359.118, 11.0.26.36018), X64 RyuJIT x86-64-v4
// GC=Concurrent Workstation
// HardwareIntrinsics=AVX512 BITALG+VBMI2+VNNI+VPOPCNTDQ,AVX512 IFMA+VBMI,AVX512 F+BW+CD+DQ+VL,AVX2+BMI1+BMI2+F16C+FMA+LZCNT+MOVBE,AVX,SSE3+SSSE3+SSE4.1+SSE4.2+POPCNT,X86Base+SSE+SSE2,AES+PCLMUL VectorSize=256
// Job: Job-TZWPHG(IterationCount=20, LaunchCount=3, WarmupCount=8)

WorkloadJitting  1: 4096 op, 982500.00 ns, 239.8682 ns/op
WorkloadJitting  2: 122880 op, 26167500.00 ns, 212.9517 ns/op
WorkloadJitting  3: 122880 op, 26124900.00 ns, 212.6050 ns/op
WorkloadJitting  4: 122880 op, 27509200.00 ns, 223.8704 ns/op
WorkloadJitting  5: 4096 op, 905700.00 ns, 221.1182 ns/op

WorkloadPilot    1: 4096 op, 908700.00 ns, 221.8506 ns/op

WorkloadPilot    1: 65536 op, 14707800.00 ns, 224.4232 ns/op
WorkloadPilot    2: 131072 op, 29430200.00 ns, 224.5346 ns/op
WorkloadPilot    3: 262144 op, 58780900.00 ns, 224.2313 ns/op
WorkloadPilot    4: 524288 op, 117870800.00 ns, 224.8207 ns/op
WorkloadPilot    5: 1048576 op, 236766700.00 ns, 225.7983 ns/op
WorkloadPilot    6: 2097152 op, 472417000.00 ns, 225.2660 ns/op
WorkloadPilot    7: 4194304 op, 941477800.00 ns, 224.4658 ns/op

WorkloadWarmup   1: 4194304 op, 943478600.00 ns, 224.9428 ns/op
WorkloadWarmup   2: 4194304 op, 944646200.00 ns, 225.2212 ns/op
WorkloadWarmup   3: 4194304 op, 941948700.00 ns, 224.5781 ns/op
WorkloadWarmup   4: 4194304 op, 945303900.00 ns, 225.3780 ns/op
WorkloadWarmup   5: 4194304 op, 944743400.00 ns, 225.2444 ns/op
WorkloadWarmup   6: 4194304 op, 948636800.00 ns, 226.1726 ns/op
WorkloadWarmup   7: 4194304 op, 940747500.00 ns, 224.2917 ns/op
WorkloadWarmup   8: 4194304 op, 945187700.00 ns, 225.3503 ns/op

// BeforeActualRun
WorkloadActual   1: 4194304 op, 944750400.00 ns, 225.2460 ns/op
WorkloadActual   2: 4194304 op, 941686000.00 ns, 224.5154 ns/op
WorkloadActual   3: 4194304 op, 944782000.00 ns, 225.2536 ns/op
WorkloadActual   4: 4194304 op, 944280400.00 ns, 225.1340 ns/op
WorkloadActual   5: 4194304 op, 951337000.00 ns, 226.8164 ns/op
WorkloadActual   6: 4194304 op, 941180100.00 ns, 224.3948 ns/op
WorkloadActual   7: 4194304 op, 947870000.00 ns, 225.9898 ns/op
WorkloadActual   8: 4194304 op, 942579000.00 ns, 224.7283 ns/op
WorkloadActual   9: 4194304 op, 942758600.00 ns, 224.7712 ns/op
WorkloadActual  10: 4194304 op, 942354400.00 ns, 224.6748 ns/op
WorkloadActual  11: 4194304 op, 943182400.00 ns, 224.8722 ns/op
WorkloadActual  12: 4194304 op, 946903800.00 ns, 225.7595 ns/op
WorkloadActual  13: 4194304 op, 948318300.00 ns, 226.0967 ns/op
WorkloadActual  14: 4194304 op, 943221300.00 ns, 224.8815 ns/op
WorkloadActual  15: 4194304 op, 946194300.00 ns, 225.5903 ns/op
WorkloadActual  16: 4194304 op, 944489000.00 ns, 225.1837 ns/op
WorkloadActual  17: 4194304 op, 942462700.00 ns, 224.7006 ns/op
WorkloadActual  18: 4194304 op, 944657000.00 ns, 225.2238 ns/op
WorkloadActual  19: 4194304 op, 940715000.00 ns, 224.2839 ns/op
WorkloadActual  20: 4194304 op, 947957000.00 ns, 226.0106 ns/op

// AfterActualRun
WorkloadResult   1: 4194304 op, 944750400.00 ns, 225.2460 ns/op
WorkloadResult   2: 4194304 op, 941686000.00 ns, 224.5154 ns/op
WorkloadResult   3: 4194304 op, 944782000.00 ns, 225.2536 ns/op
WorkloadResult   4: 4194304 op, 944280400.00 ns, 225.1340 ns/op
WorkloadResult   5: 4194304 op, 951337000.00 ns, 226.8164 ns/op
WorkloadResult   6: 4194304 op, 941180100.00 ns, 224.3948 ns/op
WorkloadResult   7: 4194304 op, 947870000.00 ns, 225.9898 ns/op
WorkloadResult   8: 4194304 op, 942579000.00 ns, 224.7283 ns/op
WorkloadResult   9: 4194304 op, 942758600.00 ns, 224.7712 ns/op
WorkloadResult  10: 4194304 op, 942354400.00 ns, 224.6748 ns/op
WorkloadResult  11: 4194304 op, 943182400.00 ns, 224.8722 ns/op
WorkloadResult  12: 4194304 op, 946903800.00 ns, 225.7595 ns/op
WorkloadResult  13: 4194304 op, 948318300.00 ns, 226.0967 ns/op
WorkloadResult  14: 4194304 op, 943221300.00 ns, 224.8815 ns/op
WorkloadResult  15: 4194304 op, 946194300.00 ns, 225.5903 ns/op
WorkloadResult  16: 4194304 op, 944489000.00 ns, 225.1837 ns/op
WorkloadResult  17: 4194304 op, 942462700.00 ns, 224.7006 ns/op
WorkloadResult  18: 4194304 op, 944657000.00 ns, 225.2238 ns/op
WorkloadResult  19: 4194304 op, 940715000.00 ns, 224.2839 ns/op
WorkloadResult  20: 4194304 op, 947957000.00 ns, 226.0106 ns/op

// AfterAll
// Benchmark Process 34352 has exited with code 0.
// Launch: 3 / 3
// Execute: dotnet side-metadata-benchmark-Job-TZWPHG-1.dll --ipcPort 51874 --benchmarkName "P21.SideMetadataBenchmarks.ExtraCasSensitivity(LogReferenceCountBits: 3)" --job "IterationCount=20, LaunchCount=3, WarmupCount=8" --diagnoserRunMode 0 --benchmarkId 41 in R:\artifacts\bin\side-metadata-benchmark\Release\net11.0\side-metadata-benchmark-Job-TZWPHG-1\bin\Release\net11.0
// BeforeAnythingElse

// Benchmark Process Environment Information:
// BenchmarkDotNet v0.16.0-preview.1
// Runtime=.NET 11.0.0 (11.0.0-preview.6.26359.118, 11.0.26.36018), X64 RyuJIT x86-64-v4
// GC=Concurrent Workstation
// HardwareIntrinsics=AVX512 BITALG+VBMI2+VNNI+VPOPCNTDQ,AVX512 IFMA+VBMI,AVX512 F+BW+CD+DQ+VL,AVX2+BMI1+BMI2+F16C+FMA+LZCNT+MOVBE,AVX,SSE3+SSSE3+SSE4.1+SSE4.2+POPCNT,X86Base+SSE+SSE2,AES+PCLMUL VectorSize=256
// Job: Job-TZWPHG(IterationCount=20, LaunchCount=3, WarmupCount=8)

WorkloadJitting  1: 4096 op, 912000.00 ns, 222.6563 ns/op
WorkloadJitting  2: 122880 op, 26039800.00 ns, 211.9124 ns/op
WorkloadJitting  3: 122880 op, 26259000.00 ns, 213.6963 ns/op
WorkloadJitting  4: 122880 op, 26816700.00 ns, 218.2349 ns/op
WorkloadJitting  5: 4096 op, 880600.00 ns, 214.9902 ns/op

WorkloadPilot    1: 4096 op, 873300.00 ns, 213.2080 ns/op

WorkloadPilot    1: 65536 op, 14290500.00 ns, 218.0557 ns/op
WorkloadPilot    2: 131072 op, 28823600.00 ns, 219.9066 ns/op
WorkloadPilot    3: 262144 op, 55746400.00 ns, 212.6556 ns/op
WorkloadPilot    4: 524288 op, 112925000.00 ns, 215.3873 ns/op
WorkloadPilot    5: 1048576 op, 222931700.00 ns, 212.6042 ns/op
WorkloadPilot    6: 2097152 op, 446212700.00 ns, 212.7708 ns/op
WorkloadPilot    7: 4194304 op, 893831200.00 ns, 213.1060 ns/op

WorkloadWarmup   1: 4194304 op, 897025100.00 ns, 213.8674 ns/op
WorkloadWarmup   2: 4194304 op, 895139400.00 ns, 213.4179 ns/op
WorkloadWarmup   3: 4194304 op, 894754600.00 ns, 213.3261 ns/op
WorkloadWarmup   4: 4194304 op, 894388100.00 ns, 213.2387 ns/op
WorkloadWarmup   5: 4194304 op, 895064700.00 ns, 213.4001 ns/op
WorkloadWarmup   6: 4194304 op, 893790500.00 ns, 213.0963 ns/op
WorkloadWarmup   7: 4194304 op, 892636500.00 ns, 212.8211 ns/op
WorkloadWarmup   8: 4194304 op, 896895900.00 ns, 213.8366 ns/op

// BeforeActualRun
WorkloadActual   1: 4194304 op, 895632800.00 ns, 213.5355 ns/op
WorkloadActual   2: 4194304 op, 897676300.00 ns, 214.0227 ns/op
WorkloadActual   3: 4194304 op, 892244900.00 ns, 212.7278 ns/op
WorkloadActual   4: 4194304 op, 900270000.00 ns, 214.6411 ns/op
WorkloadActual   5: 4194304 op, 893493200.00 ns, 213.0254 ns/op
WorkloadActual   6: 4194304 op, 895818300.00 ns, 213.5797 ns/op
WorkloadActual   7: 4194304 op, 894042600.00 ns, 213.1564 ns/op
WorkloadActual   8: 4194304 op, 893389500.00 ns, 213.0007 ns/op
WorkloadActual   9: 4194304 op, 898761600.00 ns, 214.2815 ns/op
WorkloadActual  10: 4194304 op, 894376200.00 ns, 213.2359 ns/op
WorkloadActual  11: 4194304 op, 894417600.00 ns, 213.2458 ns/op
WorkloadActual  12: 4194304 op, 897440600.00 ns, 213.9665 ns/op
WorkloadActual  13: 4194304 op, 896919000.00 ns, 213.8422 ns/op
WorkloadActual  14: 4194304 op, 902978800.00 ns, 215.2869 ns/op
WorkloadActual  15: 4194304 op, 893924900.00 ns, 213.1283 ns/op
WorkloadActual  16: 4194304 op, 894101000.00 ns, 213.1703 ns/op
WorkloadActual  17: 4194304 op, 897011400.00 ns, 213.8642 ns/op
WorkloadActual  18: 4194304 op, 895556200.00 ns, 213.5172 ns/op
WorkloadActual  19: 4194304 op, 919166400.00 ns, 219.1463 ns/op
WorkloadActual  20: 4194304 op, 894924600.00 ns, 213.3667 ns/op

// AfterActualRun
WorkloadResult   1: 4194304 op, 895632800.00 ns, 213.5355 ns/op
WorkloadResult   2: 4194304 op, 897676300.00 ns, 214.0227 ns/op
WorkloadResult   3: 4194304 op, 892244900.00 ns, 212.7278 ns/op
WorkloadResult   4: 4194304 op, 900270000.00 ns, 214.6411 ns/op
WorkloadResult   5: 4194304 op, 893493200.00 ns, 213.0254 ns/op
WorkloadResult   6: 4194304 op, 895818300.00 ns, 213.5797 ns/op
WorkloadResult   7: 4194304 op, 894042600.00 ns, 213.1564 ns/op
WorkloadResult   8: 4194304 op, 893389500.00 ns, 213.0007 ns/op
WorkloadResult   9: 4194304 op, 898761600.00 ns, 214.2815 ns/op
WorkloadResult  10: 4194304 op, 894376200.00 ns, 213.2359 ns/op
WorkloadResult  11: 4194304 op, 894417600.00 ns, 213.2458 ns/op
WorkloadResult  12: 4194304 op, 897440600.00 ns, 213.9665 ns/op
WorkloadResult  13: 4194304 op, 896919000.00 ns, 213.8422 ns/op
WorkloadResult  14: 4194304 op, 893924900.00 ns, 213.1283 ns/op
WorkloadResult  15: 4194304 op, 894101000.00 ns, 213.1703 ns/op
WorkloadResult  16: 4194304 op, 897011400.00 ns, 213.8642 ns/op
WorkloadResult  17: 4194304 op, 895556200.00 ns, 213.5172 ns/op
WorkloadResult  18: 4194304 op, 894924600.00 ns, 213.3667 ns/op

// AfterAll
// Benchmark Process 15368 has exited with code 0.

Mean = 221.414 ns, StdErr = 0.737 ns (0.33%), N = 56, StdDev = 5.517 ns
Min = 212.728 ns, Q1 = 213.941 ns, Median = 224.714 ns, Q3 = 225.194 ns, Max = 226.816 ns
IQR = 11.253 ns, LowerFence = 197.062 ns, UpperFence = 242.073 ns
ConfidenceInterval = [218.852 ns; 223.977 ns] (CI 99.9%), Margin = 2.563 ns (1.16% of Mean)
Skewness = -0.72, Kurtosis = 1.55, MValue = 2.95

// ** Remained 3 (6.7%) benchmark(s) to run. Estimated finish 2026-08-31 20:16 (0h 3m from now) **
Setup power plan (GUID: 8c5e7fda-e8bf-4a96-9a85-a6e23a8c635c FriendlyName: High performance)
// **************************
// Benchmark: SideMetadataBenchmarks.ReserveAndFirstCommit: Job-TZWPHG(IterationCount=20, LaunchCount=3, WarmupCount=8) [LogReferenceCountBits=3]
// *** Execute ***
// Launch: 1 / 3
// Execute: dotnet side-metadata-benchmark-Job-TZWPHG-1.dll --ipcPort 51912 --benchmarkName "P21.SideMetadataBenchmarks.ReserveAndFirstCommit(LogReferenceCountBits: 3)" --job "IterationCount=20, LaunchCount=3, WarmupCount=8" --diagnoserRunMode 0 --benchmarkId 42 in R:\artifacts\bin\side-metadata-benchmark\Release\net11.0\side-metadata-benchmark-Job-TZWPHG-1\bin\Release\net11.0
// BeforeAnythingElse

// Benchmark Process Environment Information:
// BenchmarkDotNet v0.16.0-preview.1
// Runtime=.NET 11.0.0 (11.0.0-preview.6.26359.118, 11.0.26.36018), X64 RyuJIT x86-64-v4
// GC=Concurrent Workstation
// HardwareIntrinsics=AVX512 BITALG+VBMI2+VNNI+VPOPCNTDQ,AVX512 IFMA+VBMI,AVX512 F+BW+CD+DQ+VL,AVX2+BMI1+BMI2+F16C+FMA+LZCNT+MOVBE,AVX,SSE3+SSSE3+SSE4.1+SSE4.2+POPCNT,X86Base+SSE+SSE2,AES+PCLMUL VectorSize=256
// Job: Job-TZWPHG(IterationCount=20, LaunchCount=3, WarmupCount=8)

WorkloadJitting  1: 1 op, 1139100.00 ns, 1.1391 ms/op
WorkloadJitting  2: 30 op, 29162400.00 ns, 972.0800 us/op
WorkloadJitting  3: 30 op, 26181700.00 ns, 872.7233 us/op
WorkloadJitting  4: 30 op, 27281800.00 ns, 909.3933 us/op
WorkloadJitting  5: 1 op, 931200.00 ns, 931.2000 us/op

WorkloadPilot    1: 1 op, 912700.00 ns, 912.7000 us/op

WorkloadPilot    1: 16 op, 15940100.00 ns, 996.2563 us/op
WorkloadPilot    2: 32 op, 29047300.00 ns, 907.7281 us/op
WorkloadPilot    3: 64 op, 55636500.00 ns, 869.3203 us/op
WorkloadPilot    4: 128 op, 112032900.00 ns, 875.2570 us/op
WorkloadPilot    5: 256 op, 225396300.00 ns, 880.4543 us/op
WorkloadPilot    6: 512 op, 450189200.00 ns, 879.2758 us/op
WorkloadPilot    7: 1024 op, 899905500.00 ns, 878.8140 us/op

WorkloadWarmup   1: 1024 op, 901957400.00 ns, 880.8178 us/op
WorkloadWarmup   2: 1024 op, 901315800.00 ns, 880.1912 us/op
WorkloadWarmup   3: 1024 op, 903771600.00 ns, 882.5895 us/op
WorkloadWarmup   4: 1024 op, 900919000.00 ns, 879.8037 us/op
WorkloadWarmup   5: 1024 op, 900322800.00 ns, 879.2215 us/op
WorkloadWarmup   6: 1024 op, 903985100.00 ns, 882.7979 us/op
WorkloadWarmup   7: 1024 op, 899913100.00 ns, 878.8214 us/op
WorkloadWarmup   8: 1024 op, 903877600.00 ns, 882.6930 us/op

// BeforeActualRun
WorkloadActual   1: 1024 op, 897487600.00 ns, 876.4527 us/op
WorkloadActual   2: 1024 op, 898862600.00 ns, 877.7955 us/op
WorkloadActual   3: 1024 op, 916633800.00 ns, 895.1502 us/op
WorkloadActual   4: 1024 op, 903425100.00 ns, 882.2511 us/op
WorkloadActual   5: 1024 op, 904670800.00 ns, 883.4676 us/op
WorkloadActual   6: 1024 op, 901795000.00 ns, 880.6592 us/op
WorkloadActual   7: 1024 op, 905819600.00 ns, 884.5895 us/op
WorkloadActual   8: 1024 op, 897461500.00 ns, 876.4272 us/op
WorkloadActual   9: 1024 op, 900601000.00 ns, 879.4932 us/op
WorkloadActual  10: 1024 op, 900389700.00 ns, 879.2868 us/op
WorkloadActual  11: 1024 op, 906898800.00 ns, 885.6434 us/op
WorkloadActual  12: 1024 op, 900352200.00 ns, 879.2502 us/op
WorkloadActual  13: 1024 op, 902602500.00 ns, 881.4478 us/op
WorkloadActual  14: 1024 op, 897333600.00 ns, 876.3023 us/op
WorkloadActual  15: 1024 op, 904331200.00 ns, 883.1359 us/op
WorkloadActual  16: 1024 op, 907903400.00 ns, 886.6244 us/op
WorkloadActual  17: 1024 op, 900522600.00 ns, 879.4166 us/op
WorkloadActual  18: 1024 op, 911301100.00 ns, 889.9425 us/op
WorkloadActual  19: 1024 op, 895322200.00 ns, 874.3381 us/op
WorkloadActual  20: 1024 op, 902250500.00 ns, 881.1040 us/op

// AfterActualRun
WorkloadResult   1: 1024 op, 897487600.00 ns, 876.4527 us/op
WorkloadResult   2: 1024 op, 898862600.00 ns, 877.7955 us/op
WorkloadResult   3: 1024 op, 903425100.00 ns, 882.2511 us/op
WorkloadResult   4: 1024 op, 904670800.00 ns, 883.4676 us/op
WorkloadResult   5: 1024 op, 901795000.00 ns, 880.6592 us/op
WorkloadResult   6: 1024 op, 905819600.00 ns, 884.5895 us/op
WorkloadResult   7: 1024 op, 897461500.00 ns, 876.4272 us/op
WorkloadResult   8: 1024 op, 900601000.00 ns, 879.4932 us/op
WorkloadResult   9: 1024 op, 900389700.00 ns, 879.2868 us/op
WorkloadResult  10: 1024 op, 906898800.00 ns, 885.6434 us/op
WorkloadResult  11: 1024 op, 900352200.00 ns, 879.2502 us/op
WorkloadResult  12: 1024 op, 902602500.00 ns, 881.4478 us/op
WorkloadResult  13: 1024 op, 897333600.00 ns, 876.3023 us/op
WorkloadResult  14: 1024 op, 904331200.00 ns, 883.1359 us/op
WorkloadResult  15: 1024 op, 907903400.00 ns, 886.6244 us/op
WorkloadResult  16: 1024 op, 900522600.00 ns, 879.4166 us/op
WorkloadResult  17: 1024 op, 911301100.00 ns, 889.9425 us/op
WorkloadResult  18: 1024 op, 895322200.00 ns, 874.3381 us/op
WorkloadResult  19: 1024 op, 902250500.00 ns, 881.1040 us/op

// AfterAll
// Benchmark Process 22712 has exited with code 0.
// Launch: 2 / 3
// Execute: dotnet side-metadata-benchmark-Job-TZWPHG-1.dll --ipcPort 51946 --benchmarkName "P21.SideMetadataBenchmarks.ReserveAndFirstCommit(LogReferenceCountBits: 3)" --job "IterationCount=20, LaunchCount=3, WarmupCount=8" --diagnoserRunMode 0 --benchmarkId 42 in R:\artifacts\bin\side-metadata-benchmark\Release\net11.0\side-metadata-benchmark-Job-TZWPHG-1\bin\Release\net11.0
// BeforeAnythingElse

// Benchmark Process Environment Information:
// BenchmarkDotNet v0.16.0-preview.1
// Runtime=.NET 11.0.0 (11.0.0-preview.6.26359.118, 11.0.26.36018), X64 RyuJIT x86-64-v4
// GC=Concurrent Workstation
// HardwareIntrinsics=AVX512 BITALG+VBMI2+VNNI+VPOPCNTDQ,AVX512 IFMA+VBMI,AVX512 F+BW+CD+DQ+VL,AVX2+BMI1+BMI2+F16C+FMA+LZCNT+MOVBE,AVX,SSE3+SSSE3+SSE4.1+SSE4.2+POPCNT,X86Base+SSE+SSE2,AES+PCLMUL VectorSize=256
// Job: Job-TZWPHG(IterationCount=20, LaunchCount=3, WarmupCount=8)

WorkloadJitting  1: 1 op, 1149900.00 ns, 1.1499 ms/op
WorkloadJitting  2: 30 op, 29356300.00 ns, 978.5433 us/op
WorkloadJitting  3: 30 op, 26443000.00 ns, 881.4333 us/op
WorkloadJitting  4: 30 op, 27268600.00 ns, 908.9533 us/op
WorkloadJitting  5: 1 op, 947100.00 ns, 947.1000 us/op

WorkloadPilot    1: 1 op, 924100.00 ns, 924.1000 us/op

WorkloadPilot    1: 16 op, 14067400.00 ns, 879.2125 us/op
WorkloadPilot    2: 32 op, 28510500.00 ns, 890.9531 us/op
WorkloadPilot    3: 64 op, 56087700.00 ns, 876.3703 us/op
WorkloadPilot    4: 128 op, 113747100.00 ns, 888.6492 us/op
WorkloadPilot    5: 256 op, 224104100.00 ns, 875.4066 us/op
WorkloadPilot    6: 512 op, 449703100.00 ns, 878.3264 us/op
WorkloadPilot    7: 1024 op, 902996500.00 ns, 881.8325 us/op

WorkloadWarmup   1: 1024 op, 900211400.00 ns, 879.1127 us/op
WorkloadWarmup   2: 1024 op, 896187100.00 ns, 875.1827 us/op
WorkloadWarmup   3: 1024 op, 905987700.00 ns, 884.7536 us/op
WorkloadWarmup   4: 1024 op, 902813300.00 ns, 881.6536 us/op
WorkloadWarmup   5: 1024 op, 900559900.00 ns, 879.4530 us/op
WorkloadWarmup   6: 1024 op, 902902800.00 ns, 881.7410 us/op
WorkloadWarmup   7: 1024 op, 900205900.00 ns, 879.1073 us/op
WorkloadWarmup   8: 1024 op, 903184200.00 ns, 882.0158 us/op

// BeforeActualRun
WorkloadActual   1: 1024 op, 901290400.00 ns, 880.1664 us/op
WorkloadActual   2: 1024 op, 909531000.00 ns, 888.2139 us/op
WorkloadActual   3: 1024 op, 902633300.00 ns, 881.4778 us/op
WorkloadActual   4: 1024 op, 905601000.00 ns, 884.3760 us/op
WorkloadActual   5: 1024 op, 898380800.00 ns, 877.3250 us/op
WorkloadActual   6: 1024 op, 909490800.00 ns, 888.1746 us/op
WorkloadActual   7: 1024 op, 900068100.00 ns, 878.9728 us/op
WorkloadActual   8: 1024 op, 900675000.00 ns, 879.5654 us/op
WorkloadActual   9: 1024 op, 904689400.00 ns, 883.4857 us/op
WorkloadActual  10: 1024 op, 903555500.00 ns, 882.3784 us/op
WorkloadActual  11: 1024 op, 908686200.00 ns, 887.3889 us/op
WorkloadActual  12: 1024 op, 901968400.00 ns, 880.8285 us/op
WorkloadActual  13: 1024 op, 903812200.00 ns, 882.6291 us/op
WorkloadActual  14: 1024 op, 903570500.00 ns, 882.3931 us/op
WorkloadActual  15: 1024 op, 898987200.00 ns, 877.9172 us/op
WorkloadActual  16: 1024 op, 899543700.00 ns, 878.4606 us/op
WorkloadActual  17: 1024 op, 918157000.00 ns, 896.6377 us/op
WorkloadActual  18: 1024 op, 899853000.00 ns, 878.7627 us/op
WorkloadActual  19: 1024 op, 901747200.00 ns, 880.6125 us/op
WorkloadActual  20: 1024 op, 897212700.00 ns, 876.1843 us/op

// AfterActualRun
WorkloadResult   1: 1024 op, 901290400.00 ns, 880.1664 us/op
WorkloadResult   2: 1024 op, 909531000.00 ns, 888.2139 us/op
WorkloadResult   3: 1024 op, 902633300.00 ns, 881.4778 us/op
WorkloadResult   4: 1024 op, 905601000.00 ns, 884.3760 us/op
WorkloadResult   5: 1024 op, 898380800.00 ns, 877.3250 us/op
WorkloadResult   6: 1024 op, 909490800.00 ns, 888.1746 us/op
WorkloadResult   7: 1024 op, 900068100.00 ns, 878.9728 us/op
WorkloadResult   8: 1024 op, 900675000.00 ns, 879.5654 us/op
WorkloadResult   9: 1024 op, 904689400.00 ns, 883.4857 us/op
WorkloadResult  10: 1024 op, 903555500.00 ns, 882.3784 us/op
WorkloadResult  11: 1024 op, 908686200.00 ns, 887.3889 us/op
WorkloadResult  12: 1024 op, 901968400.00 ns, 880.8285 us/op
WorkloadResult  13: 1024 op, 903812200.00 ns, 882.6291 us/op
WorkloadResult  14: 1024 op, 903570500.00 ns, 882.3931 us/op
WorkloadResult  15: 1024 op, 898987200.00 ns, 877.9172 us/op
WorkloadResult  16: 1024 op, 899543700.00 ns, 878.4606 us/op
WorkloadResult  17: 1024 op, 899853000.00 ns, 878.7627 us/op
WorkloadResult  18: 1024 op, 901747200.00 ns, 880.6125 us/op
WorkloadResult  19: 1024 op, 897212700.00 ns, 876.1843 us/op

// AfterAll
// Benchmark Process 13860 has exited with code 0.
// Launch: 3 / 3
// Execute: dotnet side-metadata-benchmark-Job-TZWPHG-1.dll --ipcPort 51985 --benchmarkName "P21.SideMetadataBenchmarks.ReserveAndFirstCommit(LogReferenceCountBits: 3)" --job "IterationCount=20, LaunchCount=3, WarmupCount=8" --diagnoserRunMode 0 --benchmarkId 42 in R:\artifacts\bin\side-metadata-benchmark\Release\net11.0\side-metadata-benchmark-Job-TZWPHG-1\bin\Release\net11.0
// BeforeAnythingElse

// Benchmark Process Environment Information:
// BenchmarkDotNet v0.16.0-preview.1
// Runtime=.NET 11.0.0 (11.0.0-preview.6.26359.118, 11.0.26.36018), X64 RyuJIT x86-64-v4
// GC=Concurrent Workstation
// HardwareIntrinsics=AVX512 BITALG+VBMI2+VNNI+VPOPCNTDQ,AVX512 IFMA+VBMI,AVX512 F+BW+CD+DQ+VL,AVX2+BMI1+BMI2+F16C+FMA+LZCNT+MOVBE,AVX,SSE3+SSSE3+SSE4.1+SSE4.2+POPCNT,X86Base+SSE+SSE2,AES+PCLMUL VectorSize=256
// Job: Job-TZWPHG(IterationCount=20, LaunchCount=3, WarmupCount=8)

WorkloadJitting  1: 1 op, 1073300.00 ns, 1.0733 ms/op
WorkloadJitting  2: 30 op, 29515200.00 ns, 983.8400 us/op
WorkloadJitting  3: 30 op, 26162400.00 ns, 872.0800 us/op
WorkloadJitting  4: 30 op, 26663600.00 ns, 888.7867 us/op
WorkloadJitting  5: 1 op, 919500.00 ns, 919.5000 us/op

WorkloadPilot    1: 1 op, 886700.00 ns, 886.7000 us/op

WorkloadPilot    1: 16 op, 14073100.00 ns, 879.5688 us/op
WorkloadPilot    2: 32 op, 30534500.00 ns, 954.2031 us/op
WorkloadPilot    3: 64 op, 55623000.00 ns, 869.1094 us/op
WorkloadPilot    4: 128 op, 113550300.00 ns, 887.1117 us/op
WorkloadPilot    5: 256 op, 225104600.00 ns, 879.3148 us/op
WorkloadPilot    6: 512 op, 450754400.00 ns, 880.3797 us/op
WorkloadPilot    7: 1024 op, 901487800.00 ns, 880.3592 us/op

WorkloadWarmup   1: 1024 op, 905822800.00 ns, 884.5926 us/op
WorkloadWarmup   2: 1024 op, 909475000.00 ns, 888.1592 us/op
WorkloadWarmup   3: 1024 op, 904507600.00 ns, 883.3082 us/op
WorkloadWarmup   4: 1024 op, 902080700.00 ns, 880.9382 us/op
WorkloadWarmup   5: 1024 op, 903384400.00 ns, 882.2113 us/op
WorkloadWarmup   6: 1024 op, 911239800.00 ns, 889.8826 us/op
WorkloadWarmup   7: 1024 op, 902923600.00 ns, 881.7613 us/op
WorkloadWarmup   8: 1024 op, 903523700.00 ns, 882.3474 us/op

// BeforeActualRun
WorkloadActual   1: 1024 op, 913008200.00 ns, 891.6096 us/op
WorkloadActual   2: 1024 op, 899315500.00 ns, 878.2378 us/op
WorkloadActual   3: 1024 op, 900636700.00 ns, 879.5280 us/op
WorkloadActual   4: 1024 op, 915203800.00 ns, 893.7537 us/op
WorkloadActual   5: 1024 op, 897244500.00 ns, 876.2153 us/op
WorkloadActual   6: 1024 op, 902495500.00 ns, 881.3433 us/op
WorkloadActual   7: 1024 op, 900560200.00 ns, 879.4533 us/op
WorkloadActual   8: 1024 op, 896183500.00 ns, 875.1792 us/op
WorkloadActual   9: 1024 op, 899198300.00 ns, 878.1233 us/op
WorkloadActual  10: 1024 op, 902417400.00 ns, 881.2670 us/op
WorkloadActual  11: 1024 op, 912841400.00 ns, 891.4467 us/op
WorkloadActual  12: 1024 op, 901910300.00 ns, 880.7718 us/op
WorkloadActual  13: 1024 op, 905369400.00 ns, 884.1498 us/op
WorkloadActual  14: 1024 op, 902947700.00 ns, 881.7849 us/op
WorkloadActual  15: 1024 op, 902133300.00 ns, 880.9896 us/op
WorkloadActual  16: 1024 op, 899702000.00 ns, 878.6152 us/op
WorkloadActual  17: 1024 op, 911032100.00 ns, 889.6798 us/op
WorkloadActual  18: 1024 op, 900175200.00 ns, 879.0773 us/op
WorkloadActual  19: 1024 op, 898621400.00 ns, 877.5600 us/op
WorkloadActual  20: 1024 op, 900361200.00 ns, 879.2590 us/op

// AfterActualRun
WorkloadResult   1: 1024 op, 899315500.00 ns, 878.2378 us/op
WorkloadResult   2: 1024 op, 900636700.00 ns, 879.5280 us/op
WorkloadResult   3: 1024 op, 897244500.00 ns, 876.2153 us/op
WorkloadResult   4: 1024 op, 902495500.00 ns, 881.3433 us/op
WorkloadResult   5: 1024 op, 900560200.00 ns, 879.4533 us/op
WorkloadResult   6: 1024 op, 896183500.00 ns, 875.1792 us/op
WorkloadResult   7: 1024 op, 899198300.00 ns, 878.1233 us/op
WorkloadResult   8: 1024 op, 902417400.00 ns, 881.2670 us/op
WorkloadResult   9: 1024 op, 901910300.00 ns, 880.7718 us/op
WorkloadResult  10: 1024 op, 905369400.00 ns, 884.1498 us/op
WorkloadResult  11: 1024 op, 902947700.00 ns, 881.7849 us/op
WorkloadResult  12: 1024 op, 902133300.00 ns, 880.9896 us/op
WorkloadResult  13: 1024 op, 899702000.00 ns, 878.6152 us/op
WorkloadResult  14: 1024 op, 900175200.00 ns, 879.0773 us/op
WorkloadResult  15: 1024 op, 898621400.00 ns, 877.5600 us/op
WorkloadResult  16: 1024 op, 900361200.00 ns, 879.2590 us/op

// AfterAll
// Benchmark Process 38240 has exited with code 0.

Mean = 880.713 us, StdErr = 0.469 us (0.05%), N = 54, StdDev = 3.444 us
Min = 874.338 us, Q1 = 878.499 us, Median = 880.389 us, Q3 = 882.389 us, Max = 889.942 us
IQR = 3.890 us, LowerFence = 872.664 us, UpperFence = 888.225 us
ConfidenceInterval = [879.080 us; 882.346 us] (CI 99.9%), Margin = 1.633 us (0.19% of Mean)
Skewness = 0.64, Kurtosis = 3.03, MValue = 2

// ** Remained 2 (4.4%) benchmark(s) to run. Estimated finish 2026-08-31 20:17 (0h 2m from now) **
Setup power plan (GUID: 8c5e7fda-e8bf-4a96-9a85-a6e23a8c635c FriendlyName: High performance)
// **************************
// Benchmark: SideMetadataBenchmarks.FalseSharingSameWord: Job-TZWPHG(IterationCount=20, LaunchCount=3, WarmupCount=8) [LogReferenceCountBits=3]
// *** Execute ***
// Launch: 1 / 3
// Execute: dotnet side-metadata-benchmark-Job-TZWPHG-1.dll --ipcPort 52025 --benchmarkName "P21.SideMetadataBenchmarks.FalseSharingSameWord(LogReferenceCountBits: 3)" --job "IterationCount=20, LaunchCount=3, WarmupCount=8" --diagnoserRunMode 0 --benchmarkId 43 in R:\artifacts\bin\side-metadata-benchmark\Release\net11.0\side-metadata-benchmark-Job-TZWPHG-1\bin\Release\net11.0
// BeforeAnythingElse

// Benchmark Process Environment Information:
// BenchmarkDotNet v0.16.0-preview.1
// Runtime=.NET 11.0.0 (11.0.0-preview.6.26359.118, 11.0.26.36018), X64 RyuJIT x86-64-v4
// GC=Concurrent Workstation
// HardwareIntrinsics=AVX512 BITALG+VBMI2+VNNI+VPOPCNTDQ,AVX512 IFMA+VBMI,AVX512 F+BW+CD+DQ+VL,AVX2+BMI1+BMI2+F16C+FMA+LZCNT+MOVBE,AVX,SSE3+SSSE3+SSE4.1+SSE4.2+POPCNT,X86Base+SSE+SSE2,AES+PCLMUL VectorSize=256
// Job: Job-TZWPHG(IterationCount=20, LaunchCount=3, WarmupCount=8)

WorkloadJitting  1: 20000 op, 1180900.00 ns, 59.0450 ns/op
WorkloadJitting  2: 600000 op, 32038800.00 ns, 53.3980 ns/op
WorkloadJitting  3: 600000 op, 35302300.00 ns, 58.8372 ns/op
WorkloadJitting  4: 600000 op, 35398100.00 ns, 58.9968 ns/op
WorkloadJitting  5: 20000 op, 1152100.00 ns, 57.6050 ns/op

WorkloadPilot    1: 20000 op, 1097300.00 ns, 54.8650 ns/op

WorkloadPilot    1: 320000 op, 18919700.00 ns, 59.1241 ns/op
WorkloadPilot    2: 640000 op, 34838000.00 ns, 54.4344 ns/op
WorkloadPilot    3: 1280000 op, 74815500.00 ns, 58.4496 ns/op
WorkloadPilot    4: 2560000 op, 145765300.00 ns, 56.9396 ns/op
WorkloadPilot    5: 5120000 op, 295753100.00 ns, 57.7643 ns/op
WorkloadPilot    6: 10240000 op, 576647700.00 ns, 56.3133 ns/op

WorkloadWarmup   1: 10240000 op, 594458800.00 ns, 58.0526 ns/op
WorkloadWarmup   2: 10240000 op, 584974500.00 ns, 57.1264 ns/op
WorkloadWarmup   3: 10240000 op, 592748300.00 ns, 57.8856 ns/op
WorkloadWarmup   4: 10240000 op, 585251100.00 ns, 57.1534 ns/op
WorkloadWarmup   5: 10240000 op, 562822500.00 ns, 54.9631 ns/op
WorkloadWarmup   6: 10240000 op, 591239400.00 ns, 57.7382 ns/op
WorkloadWarmup   7: 10240000 op, 594506700.00 ns, 58.0573 ns/op
WorkloadWarmup   8: 10240000 op, 592351500.00 ns, 57.8468 ns/op

// BeforeActualRun
WorkloadActual   1: 10240000 op, 589670600.00 ns, 57.5850 ns/op
WorkloadActual   2: 10240000 op, 594163900.00 ns, 58.0238 ns/op
WorkloadActual   3: 10240000 op, 588639700.00 ns, 57.4843 ns/op
WorkloadActual   4: 10240000 op, 580613400.00 ns, 56.7005 ns/op
WorkloadActual   5: 10240000 op, 577898800.00 ns, 56.4354 ns/op
WorkloadActual   6: 10240000 op, 590310000.00 ns, 57.6475 ns/op
WorkloadActual   7: 10240000 op, 586711600.00 ns, 57.2961 ns/op
WorkloadActual   8: 10240000 op, 578105700.00 ns, 56.4556 ns/op
WorkloadActual   9: 10240000 op, 575215700.00 ns, 56.1734 ns/op
WorkloadActual  10: 10240000 op, 589121100.00 ns, 57.5314 ns/op
WorkloadActual  11: 10240000 op, 585881100.00 ns, 57.2150 ns/op
WorkloadActual  12: 10240000 op, 597114400.00 ns, 58.3120 ns/op
WorkloadActual  13: 10240000 op, 587725100.00 ns, 57.3950 ns/op
WorkloadActual  14: 10240000 op, 577453600.00 ns, 56.3920 ns/op
WorkloadActual  15: 10240000 op, 585618900.00 ns, 57.1893 ns/op
WorkloadActual  16: 10240000 op, 589850400.00 ns, 57.6026 ns/op
WorkloadActual  17: 10240000 op, 585886800.00 ns, 57.2155 ns/op
WorkloadActual  18: 10240000 op, 600362200.00 ns, 58.6291 ns/op
WorkloadActual  19: 10240000 op, 586069700.00 ns, 57.2334 ns/op
WorkloadActual  20: 10240000 op, 584393600.00 ns, 57.0697 ns/op

// AfterActualRun
WorkloadResult   1: 10240000 op, 589670600.00 ns, 57.5850 ns/op
WorkloadResult   2: 10240000 op, 594163900.00 ns, 58.0238 ns/op
WorkloadResult   3: 10240000 op, 588639700.00 ns, 57.4843 ns/op
WorkloadResult   4: 10240000 op, 580613400.00 ns, 56.7005 ns/op
WorkloadResult   5: 10240000 op, 577898800.00 ns, 56.4354 ns/op
WorkloadResult   6: 10240000 op, 590310000.00 ns, 57.6475 ns/op
WorkloadResult   7: 10240000 op, 586711600.00 ns, 57.2961 ns/op
WorkloadResult   8: 10240000 op, 578105700.00 ns, 56.4556 ns/op
WorkloadResult   9: 10240000 op, 575215700.00 ns, 56.1734 ns/op
WorkloadResult  10: 10240000 op, 589121100.00 ns, 57.5314 ns/op
WorkloadResult  11: 10240000 op, 585881100.00 ns, 57.2150 ns/op
WorkloadResult  12: 10240000 op, 597114400.00 ns, 58.3120 ns/op
WorkloadResult  13: 10240000 op, 587725100.00 ns, 57.3950 ns/op
WorkloadResult  14: 10240000 op, 577453600.00 ns, 56.3920 ns/op
WorkloadResult  15: 10240000 op, 585618900.00 ns, 57.1893 ns/op
WorkloadResult  16: 10240000 op, 589850400.00 ns, 57.6026 ns/op
WorkloadResult  17: 10240000 op, 585886800.00 ns, 57.2155 ns/op
WorkloadResult  18: 10240000 op, 586069700.00 ns, 57.2334 ns/op
WorkloadResult  19: 10240000 op, 584393600.00 ns, 57.0697 ns/op

// AfterAll
// Benchmark Process 31936 has exited with code 0.
// Launch: 2 / 3
// Execute: dotnet side-metadata-benchmark-Job-TZWPHG-1.dll --ipcPort 52044 --benchmarkName "P21.SideMetadataBenchmarks.FalseSharingSameWord(LogReferenceCountBits: 3)" --job "IterationCount=20, LaunchCount=3, WarmupCount=8" --diagnoserRunMode 0 --benchmarkId 43 in R:\artifacts\bin\side-metadata-benchmark\Release\net11.0\side-metadata-benchmark-Job-TZWPHG-1\bin\Release\net11.0
// BeforeAnythingElse

// Benchmark Process Environment Information:
// BenchmarkDotNet v0.16.0-preview.1
// Runtime=.NET 11.0.0 (11.0.0-preview.6.26359.118, 11.0.26.36018), X64 RyuJIT x86-64-v4
// GC=Concurrent Workstation
// HardwareIntrinsics=AVX512 BITALG+VBMI2+VNNI+VPOPCNTDQ,AVX512 IFMA+VBMI,AVX512 F+BW+CD+DQ+VL,AVX2+BMI1+BMI2+F16C+FMA+LZCNT+MOVBE,AVX,SSE3+SSSE3+SSE4.1+SSE4.2+POPCNT,X86Base+SSE+SSE2,AES+PCLMUL VectorSize=256
// Job: Job-TZWPHG(IterationCount=20, LaunchCount=3, WarmupCount=8)

WorkloadJitting  1: 20000 op, 1138800.00 ns, 56.9400 ns/op
WorkloadJitting  2: 600000 op, 30777000.00 ns, 51.2950 ns/op
WorkloadJitting  3: 600000 op, 31736400.00 ns, 52.8940 ns/op
WorkloadJitting  4: 600000 op, 30993300.00 ns, 51.6555 ns/op
WorkloadJitting  5: 20000 op, 1030800.00 ns, 51.5400 ns/op

WorkloadPilot    1: 20000 op, 1092900.00 ns, 54.6450 ns/op

WorkloadPilot    1: 320000 op, 16719000.00 ns, 52.2469 ns/op
WorkloadPilot    2: 640000 op, 32435200.00 ns, 50.6800 ns/op
WorkloadPilot    3: 1280000 op, 66141600.00 ns, 51.6731 ns/op
WorkloadPilot    4: 2560000 op, 131187000.00 ns, 51.2449 ns/op
WorkloadPilot    5: 5120000 op, 264622500.00 ns, 51.6841 ns/op
WorkloadPilot    6: 10240000 op, 527362700.00 ns, 51.5003 ns/op

WorkloadWarmup   1: 10240000 op, 521389300.00 ns, 50.9169 ns/op
WorkloadWarmup   2: 10240000 op, 531622200.00 ns, 51.9162 ns/op
WorkloadWarmup   3: 10240000 op, 530908500.00 ns, 51.8465 ns/op
WorkloadWarmup   4: 10240000 op, 528229900.00 ns, 51.5850 ns/op
WorkloadWarmup   5: 10240000 op, 527730500.00 ns, 51.5362 ns/op
WorkloadWarmup   6: 10240000 op, 526470700.00 ns, 51.4132 ns/op
WorkloadWarmup   7: 10240000 op, 528290400.00 ns, 51.5909 ns/op
WorkloadWarmup   8: 10240000 op, 528877600.00 ns, 51.6482 ns/op

// BeforeActualRun
WorkloadActual   1: 10240000 op, 525138800.00 ns, 51.2831 ns/op
WorkloadActual   2: 10240000 op, 525902700.00 ns, 51.3577 ns/op
WorkloadActual   3: 10240000 op, 528462100.00 ns, 51.6076 ns/op
WorkloadActual   4: 10240000 op, 525859200.00 ns, 51.3534 ns/op
WorkloadActual   5: 10240000 op, 528988000.00 ns, 51.6590 ns/op
WorkloadActual   6: 10240000 op, 530641400.00 ns, 51.8204 ns/op
WorkloadActual   7: 10240000 op, 530906200.00 ns, 51.8463 ns/op
WorkloadActual   8: 10240000 op, 532193400.00 ns, 51.9720 ns/op
WorkloadActual   9: 10240000 op, 529181000.00 ns, 51.6778 ns/op
WorkloadActual  10: 10240000 op, 528990100.00 ns, 51.6592 ns/op
WorkloadActual  11: 10240000 op, 529643500.00 ns, 51.7230 ns/op
WorkloadActual  12: 10240000 op, 526966500.00 ns, 51.4616 ns/op
WorkloadActual  13: 10240000 op, 527296300.00 ns, 51.4938 ns/op
WorkloadActual  14: 10240000 op, 524506300.00 ns, 51.2213 ns/op
WorkloadActual  15: 10240000 op, 524034700.00 ns, 51.1753 ns/op
WorkloadActual  16: 10240000 op, 530819500.00 ns, 51.8378 ns/op
WorkloadActual  17: 10240000 op, 528968400.00 ns, 51.6571 ns/op
WorkloadActual  18: 10240000 op, 525370900.00 ns, 51.3058 ns/op
WorkloadActual  19: 10240000 op, 524923600.00 ns, 51.2621 ns/op
WorkloadActual  20: 10240000 op, 524104500.00 ns, 51.1821 ns/op

// AfterActualRun
WorkloadResult   1: 10240000 op, 525138800.00 ns, 51.2831 ns/op
WorkloadResult   2: 10240000 op, 525902700.00 ns, 51.3577 ns/op
WorkloadResult   3: 10240000 op, 528462100.00 ns, 51.6076 ns/op
WorkloadResult   4: 10240000 op, 525859200.00 ns, 51.3534 ns/op
WorkloadResult   5: 10240000 op, 528988000.00 ns, 51.6590 ns/op
WorkloadResult   6: 10240000 op, 530641400.00 ns, 51.8204 ns/op
WorkloadResult   7: 10240000 op, 530906200.00 ns, 51.8463 ns/op
WorkloadResult   8: 10240000 op, 532193400.00 ns, 51.9720 ns/op
WorkloadResult   9: 10240000 op, 529181000.00 ns, 51.6778 ns/op
WorkloadResult  10: 10240000 op, 528990100.00 ns, 51.6592 ns/op
WorkloadResult  11: 10240000 op, 529643500.00 ns, 51.7230 ns/op
WorkloadResult  12: 10240000 op, 526966500.00 ns, 51.4616 ns/op
WorkloadResult  13: 10240000 op, 527296300.00 ns, 51.4938 ns/op
WorkloadResult  14: 10240000 op, 524506300.00 ns, 51.2213 ns/op
WorkloadResult  15: 10240000 op, 524034700.00 ns, 51.1753 ns/op
WorkloadResult  16: 10240000 op, 530819500.00 ns, 51.8378 ns/op
WorkloadResult  17: 10240000 op, 528968400.00 ns, 51.6571 ns/op
WorkloadResult  18: 10240000 op, 525370900.00 ns, 51.3058 ns/op
WorkloadResult  19: 10240000 op, 524923600.00 ns, 51.2621 ns/op
WorkloadResult  20: 10240000 op, 524104500.00 ns, 51.1821 ns/op

// AfterAll
// Benchmark Process 22388 has exited with code 0.
// Launch: 3 / 3
// Execute: dotnet side-metadata-benchmark-Job-TZWPHG-1.dll --ipcPort 52061 --benchmarkName "P21.SideMetadataBenchmarks.FalseSharingSameWord(LogReferenceCountBits: 3)" --job "IterationCount=20, LaunchCount=3, WarmupCount=8" --diagnoserRunMode 0 --benchmarkId 43 in R:\artifacts\bin\side-metadata-benchmark\Release\net11.0\side-metadata-benchmark-Job-TZWPHG-1\bin\Release\net11.0
// BeforeAnythingElse

// Benchmark Process Environment Information:
// BenchmarkDotNet v0.16.0-preview.1
// Runtime=.NET 11.0.0 (11.0.0-preview.6.26359.118, 11.0.26.36018), X64 RyuJIT x86-64-v4
// GC=Concurrent Workstation
// HardwareIntrinsics=AVX512 BITALG+VBMI2+VNNI+VPOPCNTDQ,AVX512 IFMA+VBMI,AVX512 F+BW+CD+DQ+VL,AVX2+BMI1+BMI2+F16C+FMA+LZCNT+MOVBE,AVX,SSE3+SSSE3+SSE4.1+SSE4.2+POPCNT,X86Base+SSE+SSE2,AES+PCLMUL VectorSize=256
// Job: Job-TZWPHG(IterationCount=20, LaunchCount=3, WarmupCount=8)

WorkloadJitting  1: 20000 op, 1157300.00 ns, 57.8650 ns/op
WorkloadJitting  2: 600000 op, 30161600.00 ns, 50.2693 ns/op
WorkloadJitting  3: 600000 op, 34272400.00 ns, 57.1207 ns/op
WorkloadJitting  4: 600000 op, 33651000.00 ns, 56.0850 ns/op
WorkloadJitting  5: 20000 op, 1205500.00 ns, 60.2750 ns/op

WorkloadPilot    1: 20000 op, 1239400.00 ns, 61.9700 ns/op

WorkloadPilot    1: 320000 op, 19513200.00 ns, 60.9788 ns/op
WorkloadPilot    2: 640000 op, 36533800.00 ns, 57.0841 ns/op
WorkloadPilot    3: 1280000 op, 72093000.00 ns, 56.3227 ns/op
WorkloadPilot    4: 2560000 op, 146233600.00 ns, 57.1225 ns/op
WorkloadPilot    5: 5120000 op, 290210000.00 ns, 56.6816 ns/op
WorkloadPilot    6: 10240000 op, 571897200.00 ns, 55.8493 ns/op

WorkloadWarmup   1: 10240000 op, 583082300.00 ns, 56.9416 ns/op
WorkloadWarmup   2: 10240000 op, 583678400.00 ns, 56.9998 ns/op
WorkloadWarmup   3: 10240000 op, 576993800.00 ns, 56.3471 ns/op
WorkloadWarmup   4: 10240000 op, 574716800.00 ns, 56.1247 ns/op
WorkloadWarmup   5: 10240000 op, 583303400.00 ns, 56.9632 ns/op
WorkloadWarmup   6: 10240000 op, 581864900.00 ns, 56.8227 ns/op
WorkloadWarmup   7: 10240000 op, 567556800.00 ns, 55.4255 ns/op
WorkloadWarmup   8: 10240000 op, 587072500.00 ns, 57.3313 ns/op

// BeforeActualRun
WorkloadActual   1: 10240000 op, 579490900.00 ns, 56.5909 ns/op
WorkloadActual   2: 10240000 op, 586581700.00 ns, 57.2834 ns/op
WorkloadActual   3: 10240000 op, 579258200.00 ns, 56.5682 ns/op
WorkloadActual   4: 10240000 op, 575852700.00 ns, 56.2356 ns/op
WorkloadActual   5: 10240000 op, 586108100.00 ns, 57.2371 ns/op
WorkloadActual   6: 10240000 op, 593271500.00 ns, 57.9367 ns/op
WorkloadActual   7: 10240000 op, 585169900.00 ns, 57.1455 ns/op
WorkloadActual   8: 10240000 op, 577794000.00 ns, 56.4252 ns/op
WorkloadActual   9: 10240000 op, 584206300.00 ns, 57.0514 ns/op
WorkloadActual  10: 10240000 op, 584355600.00 ns, 57.0660 ns/op
WorkloadActual  11: 10240000 op, 574355000.00 ns, 56.0894 ns/op
WorkloadActual  12: 10240000 op, 580355700.00 ns, 56.6754 ns/op
WorkloadActual  13: 10240000 op, 591918100.00 ns, 57.8045 ns/op
WorkloadActual  14: 10240000 op, 592524400.00 ns, 57.8637 ns/op
WorkloadActual  15: 10240000 op, 575953900.00 ns, 56.2455 ns/op
WorkloadActual  16: 10240000 op, 580007900.00 ns, 56.6414 ns/op
WorkloadActual  17: 10240000 op, 579055600.00 ns, 56.5484 ns/op
WorkloadActual  18: 10240000 op, 586074800.00 ns, 57.2339 ns/op
WorkloadActual  19: 10240000 op, 583447800.00 ns, 56.9773 ns/op
WorkloadActual  20: 10240000 op, 581143300.00 ns, 56.7523 ns/op

// AfterActualRun
WorkloadResult   1: 10240000 op, 579490900.00 ns, 56.5909 ns/op
WorkloadResult   2: 10240000 op, 586581700.00 ns, 57.2834 ns/op
WorkloadResult   3: 10240000 op, 579258200.00 ns, 56.5682 ns/op
WorkloadResult   4: 10240000 op, 575852700.00 ns, 56.2356 ns/op
WorkloadResult   5: 10240000 op, 586108100.00 ns, 57.2371 ns/op
WorkloadResult   6: 10240000 op, 593271500.00 ns, 57.9367 ns/op
WorkloadResult   7: 10240000 op, 585169900.00 ns, 57.1455 ns/op
WorkloadResult   8: 10240000 op, 577794000.00 ns, 56.4252 ns/op
WorkloadResult   9: 10240000 op, 584206300.00 ns, 57.0514 ns/op
WorkloadResult  10: 10240000 op, 584355600.00 ns, 57.0660 ns/op
WorkloadResult  11: 10240000 op, 574355000.00 ns, 56.0894 ns/op
WorkloadResult  12: 10240000 op, 580355700.00 ns, 56.6754 ns/op
WorkloadResult  13: 10240000 op, 591918100.00 ns, 57.8045 ns/op
WorkloadResult  14: 10240000 op, 592524400.00 ns, 57.8637 ns/op
WorkloadResult  15: 10240000 op, 575953900.00 ns, 56.2455 ns/op
WorkloadResult  16: 10240000 op, 580007900.00 ns, 56.6414 ns/op
WorkloadResult  17: 10240000 op, 579055600.00 ns, 56.5484 ns/op
WorkloadResult  18: 10240000 op, 586074800.00 ns, 57.2339 ns/op
WorkloadResult  19: 10240000 op, 583447800.00 ns, 56.9773 ns/op
WorkloadResult  20: 10240000 op, 581143300.00 ns, 56.7523 ns/op

// AfterAll
// Benchmark Process 8652 has exited with code 0.

Mean = 55.184 ns, StdErr = 0.349 ns (0.63%), N = 59, StdDev = 2.684 ns
Min = 51.175 ns, Q1 = 51.700 ns, Median = 56.568 ns, Q3 = 57.234 ns, Max = 58.312 ns
IQR = 5.533 ns, LowerFence = 43.401 ns, UpperFence = 65.533 ns
ConfidenceInterval = [53.973 ns; 56.396 ns] (CI 99.9%), Margin = 1.211 ns (2.19% of Mean)
Skewness = -0.58, Kurtosis = 1.44, MValue = 3.11

// ** Remained 1 (2.2%) benchmark(s) to run. Estimated finish 2026-08-31 20:16 (0h 1m from now) **
Setup power plan (GUID: 8c5e7fda-e8bf-4a96-9a85-a6e23a8c635c FriendlyName: High performance)
// **************************
// Benchmark: SideMetadataBenchmarks.FalseSharingSeparateLine: Job-TZWPHG(IterationCount=20, LaunchCount=3, WarmupCount=8) [LogReferenceCountBits=3]
// *** Execute ***
// Launch: 1 / 3
// Execute: dotnet side-metadata-benchmark-Job-TZWPHG-1.dll --ipcPort 64582 --benchmarkName "P21.SideMetadataBenchmarks.FalseSharingSeparateLine(LogReferenceCountBits: 3)" --job "IterationCount=20, LaunchCount=3, WarmupCount=8" --diagnoserRunMode 0 --benchmarkId 44 in R:\artifacts\bin\side-metadata-benchmark\Release\net11.0\side-metadata-benchmark-Job-TZWPHG-1\bin\Release\net11.0
// BeforeAnythingElse

// Benchmark Process Environment Information:
// BenchmarkDotNet v0.16.0-preview.1
// Runtime=.NET 11.0.0 (11.0.0-preview.6.26359.118, 11.0.26.36018), X64 RyuJIT x86-64-v4
// GC=Concurrent Workstation
// HardwareIntrinsics=AVX512 BITALG+VBMI2+VNNI+VPOPCNTDQ,AVX512 IFMA+VBMI,AVX512 F+BW+CD+DQ+VL,AVX2+BMI1+BMI2+F16C+FMA+LZCNT+MOVBE,AVX,SSE3+SSSE3+SSE4.1+SSE4.2+POPCNT,X86Base+SSE+SSE2,AES+PCLMUL VectorSize=256
// Job: Job-TZWPHG(IterationCount=20, LaunchCount=3, WarmupCount=8)

WorkloadJitting  1: 20000 op, 402000.00 ns, 20.1000 ns/op
WorkloadJitting  2: 600000 op, 8881600.00 ns, 14.8027 ns/op
WorkloadJitting  3: 600000 op, 9705400.00 ns, 16.1757 ns/op
WorkloadJitting  4: 600000 op, 9929800.00 ns, 16.5497 ns/op
WorkloadJitting  5: 20000 op, 641600.00 ns, 32.0800 ns/op

WorkloadPilot    1: 20000 op, 385900.00 ns, 19.2950 ns/op

WorkloadPilot    1: 320000 op, 4837300.00 ns, 15.1166 ns/op
WorkloadPilot    2: 640000 op, 9956400.00 ns, 15.5569 ns/op
WorkloadPilot    3: 1280000 op, 18749600.00 ns, 14.6481 ns/op
WorkloadPilot    4: 2560000 op, 38065400.00 ns, 14.8693 ns/op
WorkloadPilot    5: 5120000 op, 75934600.00 ns, 14.8310 ns/op
WorkloadPilot    6: 10240000 op, 152946400.00 ns, 14.9362 ns/op
WorkloadPilot    7: 20480000 op, 304710600.00 ns, 14.8784 ns/op
WorkloadPilot    8: 40960000 op, 608324200.00 ns, 14.8517 ns/op

WorkloadWarmup   1: 40960000 op, 605862300.00 ns, 14.7916 ns/op
WorkloadWarmup   2: 40960000 op, 607528400.00 ns, 14.8322 ns/op
WorkloadWarmup   3: 40960000 op, 608113300.00 ns, 14.8465 ns/op
WorkloadWarmup   4: 40960000 op, 609118900.00 ns, 14.8711 ns/op
WorkloadWarmup   5: 40960000 op, 605997300.00 ns, 14.7949 ns/op
WorkloadWarmup   6: 40960000 op, 607723300.00 ns, 14.8370 ns/op
WorkloadWarmup   7: 40960000 op, 606405300.00 ns, 14.8048 ns/op
WorkloadWarmup   8: 40960000 op, 609045300.00 ns, 14.8693 ns/op

// BeforeActualRun
WorkloadActual   1: 40960000 op, 606834200.00 ns, 14.8153 ns/op
WorkloadActual   2: 40960000 op, 608002700.00 ns, 14.8438 ns/op
WorkloadActual   3: 40960000 op, 607747000.00 ns, 14.8376 ns/op
WorkloadActual   4: 40960000 op, 609548200.00 ns, 14.8815 ns/op
WorkloadActual   5: 40960000 op, 606103400.00 ns, 14.7974 ns/op
WorkloadActual   6: 40960000 op, 624575700.00 ns, 15.2484 ns/op
WorkloadActual   7: 40960000 op, 606446300.00 ns, 14.8058 ns/op
WorkloadActual   8: 40960000 op, 608475100.00 ns, 14.8553 ns/op
WorkloadActual   9: 40960000 op, 606107500.00 ns, 14.7975 ns/op
WorkloadActual  10: 40960000 op, 613334900.00 ns, 14.9740 ns/op
WorkloadActual  11: 40960000 op, 608312100.00 ns, 14.8514 ns/op
WorkloadActual  12: 40960000 op, 612816400.00 ns, 14.9613 ns/op
WorkloadActual  13: 40960000 op, 608354000.00 ns, 14.8524 ns/op
WorkloadActual  14: 40960000 op, 606528300.00 ns, 14.8078 ns/op
WorkloadActual  15: 40960000 op, 607513300.00 ns, 14.8319 ns/op
WorkloadActual  16: 40960000 op, 605765100.00 ns, 14.7892 ns/op
WorkloadActual  17: 40960000 op, 607972700.00 ns, 14.8431 ns/op
WorkloadActual  18: 40960000 op, 608788200.00 ns, 14.8630 ns/op
WorkloadActual  19: 40960000 op, 606629300.00 ns, 14.8103 ns/op
WorkloadActual  20: 40960000 op, 607874100.00 ns, 14.8407 ns/op

// AfterActualRun
WorkloadResult   1: 40960000 op, 606834200.00 ns, 14.8153 ns/op
WorkloadResult   2: 40960000 op, 608002700.00 ns, 14.8438 ns/op
WorkloadResult   3: 40960000 op, 607747000.00 ns, 14.8376 ns/op
WorkloadResult   4: 40960000 op, 609548200.00 ns, 14.8815 ns/op
WorkloadResult   5: 40960000 op, 606103400.00 ns, 14.7974 ns/op
WorkloadResult   6: 40960000 op, 606446300.00 ns, 14.8058 ns/op
WorkloadResult   7: 40960000 op, 608475100.00 ns, 14.8553 ns/op
WorkloadResult   8: 40960000 op, 606107500.00 ns, 14.7975 ns/op
WorkloadResult   9: 40960000 op, 608312100.00 ns, 14.8514 ns/op
WorkloadResult  10: 40960000 op, 608354000.00 ns, 14.8524 ns/op
WorkloadResult  11: 40960000 op, 606528300.00 ns, 14.8078 ns/op
WorkloadResult  12: 40960000 op, 607513300.00 ns, 14.8319 ns/op
WorkloadResult  13: 40960000 op, 605765100.00 ns, 14.7892 ns/op
WorkloadResult  14: 40960000 op, 607972700.00 ns, 14.8431 ns/op
WorkloadResult  15: 40960000 op, 608788200.00 ns, 14.8630 ns/op
WorkloadResult  16: 40960000 op, 606629300.00 ns, 14.8103 ns/op
WorkloadResult  17: 40960000 op, 607874100.00 ns, 14.8407 ns/op

// AfterAll
// Benchmark Process 23200 has exited with code 0.
// Launch: 2 / 3
// Execute: dotnet side-metadata-benchmark-Job-TZWPHG-1.dll --ipcPort 64602 --benchmarkName "P21.SideMetadataBenchmarks.FalseSharingSeparateLine(LogReferenceCountBits: 3)" --job "IterationCount=20, LaunchCount=3, WarmupCount=8" --diagnoserRunMode 0 --benchmarkId 44 in R:\artifacts\bin\side-metadata-benchmark\Release\net11.0\side-metadata-benchmark-Job-TZWPHG-1\bin\Release\net11.0
// BeforeAnythingElse

// Benchmark Process Environment Information:
// BenchmarkDotNet v0.16.0-preview.1
// Runtime=.NET 11.0.0 (11.0.0-preview.6.26359.118, 11.0.26.36018), X64 RyuJIT x86-64-v4
// GC=Concurrent Workstation
// HardwareIntrinsics=AVX512 BITALG+VBMI2+VNNI+VPOPCNTDQ,AVX512 IFMA+VBMI,AVX512 F+BW+CD+DQ+VL,AVX2+BMI1+BMI2+F16C+FMA+LZCNT+MOVBE,AVX,SSE3+SSSE3+SSE4.1+SSE4.2+POPCNT,X86Base+SSE+SSE2,AES+PCLMUL VectorSize=256
// Job: Job-TZWPHG(IterationCount=20, LaunchCount=3, WarmupCount=8)

WorkloadJitting  1: 20000 op, 572400.00 ns, 28.6200 ns/op
WorkloadJitting  2: 600000 op, 10332200.00 ns, 17.2203 ns/op
WorkloadJitting  3: 600000 op, 9844400.00 ns, 16.4073 ns/op
WorkloadJitting  4: 600000 op, 9610200.00 ns, 16.0170 ns/op
WorkloadJitting  5: 20000 op, 318700.00 ns, 15.9350 ns/op

WorkloadPilot    1: 20000 op, 323100.00 ns, 16.1550 ns/op

WorkloadPilot    1: 320000 op, 4891100.00 ns, 15.2847 ns/op
WorkloadPilot    2: 640000 op, 10220200.00 ns, 15.9691 ns/op
WorkloadPilot    3: 1280000 op, 19781400.00 ns, 15.4542 ns/op
WorkloadPilot    4: 2560000 op, 38040800.00 ns, 14.8597 ns/op
WorkloadPilot    5: 5120000 op, 76650400.00 ns, 14.9708 ns/op
WorkloadPilot    6: 10240000 op, 154159600.00 ns, 15.0546 ns/op
WorkloadPilot    7: 20480000 op, 308586800.00 ns, 15.0677 ns/op
WorkloadPilot    8: 40960000 op, 620856400.00 ns, 15.1576 ns/op

WorkloadWarmup   1: 40960000 op, 614070900.00 ns, 14.9920 ns/op
WorkloadWarmup   2: 40960000 op, 612335700.00 ns, 14.9496 ns/op
WorkloadWarmup   3: 40960000 op, 614005200.00 ns, 14.9904 ns/op
WorkloadWarmup   4: 40960000 op, 613533600.00 ns, 14.9788 ns/op
WorkloadWarmup   5: 40960000 op, 633269700.00 ns, 15.4607 ns/op
WorkloadWarmup   6: 40960000 op, 616006400.00 ns, 15.0392 ns/op
WorkloadWarmup   7: 40960000 op, 612915500.00 ns, 14.9638 ns/op
WorkloadWarmup   8: 40960000 op, 612989400.00 ns, 14.9656 ns/op

// BeforeActualRun
WorkloadActual   1: 40960000 op, 615309100.00 ns, 15.0222 ns/op
WorkloadActual   2: 40960000 op, 614060000.00 ns, 14.9917 ns/op
WorkloadActual   3: 40960000 op, 612846000.00 ns, 14.9621 ns/op
WorkloadActual   4: 40960000 op, 612326600.00 ns, 14.9494 ns/op
WorkloadActual   5: 40960000 op, 619865000.00 ns, 15.1334 ns/op
WorkloadActual   6: 40960000 op, 614468300.00 ns, 15.0017 ns/op
WorkloadActual   7: 40960000 op, 613515400.00 ns, 14.9784 ns/op
WorkloadActual   8: 40960000 op, 616615800.00 ns, 15.0541 ns/op
WorkloadActual   9: 40960000 op, 621647700.00 ns, 15.1769 ns/op
WorkloadActual  10: 40960000 op, 617174600.00 ns, 15.0677 ns/op
WorkloadActual  11: 40960000 op, 622681600.00 ns, 15.2022 ns/op
WorkloadActual  12: 40960000 op, 615836600.00 ns, 15.0351 ns/op
WorkloadActual  13: 40960000 op, 616405000.00 ns, 15.0490 ns/op
WorkloadActual  14: 40960000 op, 614480900.00 ns, 15.0020 ns/op
WorkloadActual  15: 40960000 op, 613000500.00 ns, 14.9658 ns/op
WorkloadActual  16: 40960000 op, 614794300.00 ns, 15.0096 ns/op
WorkloadActual  17: 40960000 op, 614298900.00 ns, 14.9975 ns/op
WorkloadActual  18: 40960000 op, 627907900.00 ns, 15.3298 ns/op
WorkloadActual  19: 40960000 op, 672404100.00 ns, 16.4161 ns/op
WorkloadActual  20: 40960000 op, 615444400.00 ns, 15.0255 ns/op

// AfterActualRun
WorkloadResult   1: 40960000 op, 615309100.00 ns, 15.0222 ns/op
WorkloadResult   2: 40960000 op, 614060000.00 ns, 14.9917 ns/op
WorkloadResult   3: 40960000 op, 612846000.00 ns, 14.9621 ns/op
WorkloadResult   4: 40960000 op, 612326600.00 ns, 14.9494 ns/op
WorkloadResult   5: 40960000 op, 619865000.00 ns, 15.1334 ns/op
WorkloadResult   6: 40960000 op, 614468300.00 ns, 15.0017 ns/op
WorkloadResult   7: 40960000 op, 613515400.00 ns, 14.9784 ns/op
WorkloadResult   8: 40960000 op, 616615800.00 ns, 15.0541 ns/op
WorkloadResult   9: 40960000 op, 621647700.00 ns, 15.1769 ns/op
WorkloadResult  10: 40960000 op, 617174600.00 ns, 15.0677 ns/op
WorkloadResult  11: 40960000 op, 622681600.00 ns, 15.2022 ns/op
WorkloadResult  12: 40960000 op, 615836600.00 ns, 15.0351 ns/op
WorkloadResult  13: 40960000 op, 616405000.00 ns, 15.0490 ns/op
WorkloadResult  14: 40960000 op, 614480900.00 ns, 15.0020 ns/op
WorkloadResult  15: 40960000 op, 613000500.00 ns, 14.9658 ns/op
WorkloadResult  16: 40960000 op, 614794300.00 ns, 15.0096 ns/op
WorkloadResult  17: 40960000 op, 614298900.00 ns, 14.9975 ns/op
WorkloadResult  18: 40960000 op, 615444400.00 ns, 15.0255 ns/op

// AfterAll
// Benchmark Process 27564 has exited with code 0.
// Launch: 3 / 3
// Execute: dotnet side-metadata-benchmark-Job-TZWPHG-1.dll --ipcPort 64630 --benchmarkName "P21.SideMetadataBenchmarks.FalseSharingSeparateLine(LogReferenceCountBits: 3)" --job "IterationCount=20, LaunchCount=3, WarmupCount=8" --diagnoserRunMode 0 --benchmarkId 44 in R:\artifacts\bin\side-metadata-benchmark\Release\net11.0\side-metadata-benchmark-Job-TZWPHG-1\bin\Release\net11.0
// BeforeAnythingElse

// Benchmark Process Environment Information:
// BenchmarkDotNet v0.16.0-preview.1
// Runtime=.NET 11.0.0 (11.0.0-preview.6.26359.118, 11.0.26.36018), X64 RyuJIT x86-64-v4
// GC=Concurrent Workstation
// HardwareIntrinsics=AVX512 BITALG+VBMI2+VNNI+VPOPCNTDQ,AVX512 IFMA+VBMI,AVX512 F+BW+CD+DQ+VL,AVX2+BMI1+BMI2+F16C+FMA+LZCNT+MOVBE,AVX,SSE3+SSSE3+SSE4.1+SSE4.2+POPCNT,X86Base+SSE+SSE2,AES+PCLMUL VectorSize=256
// Job: Job-TZWPHG(IterationCount=20, LaunchCount=3, WarmupCount=8)

WorkloadJitting  1: 20000 op, 595100.00 ns, 29.7550 ns/op
WorkloadJitting  2: 600000 op, 10202900.00 ns, 17.0048 ns/op
WorkloadJitting  3: 600000 op, 9169600.00 ns, 15.2827 ns/op
WorkloadJitting  4: 600000 op, 9951600.00 ns, 16.5860 ns/op
WorkloadJitting  5: 20000 op, 381200.00 ns, 19.0600 ns/op

WorkloadPilot    1: 20000 op, 388800.00 ns, 19.4400 ns/op

WorkloadPilot    1: 320000 op, 4926100.00 ns, 15.3941 ns/op
WorkloadPilot    2: 640000 op, 9667900.00 ns, 15.1061 ns/op
WorkloadPilot    3: 1280000 op, 19252600.00 ns, 15.0411 ns/op
WorkloadPilot    4: 2560000 op, 38066400.00 ns, 14.8697 ns/op
WorkloadPilot    5: 5120000 op, 76145700.00 ns, 14.8722 ns/op
WorkloadPilot    6: 10240000 op, 151618600.00 ns, 14.8065 ns/op
WorkloadPilot    7: 20480000 op, 303448300.00 ns, 14.8168 ns/op
WorkloadPilot    8: 40960000 op, 605535100.00 ns, 14.7836 ns/op

WorkloadWarmup   1: 40960000 op, 607183400.00 ns, 14.8238 ns/op
WorkloadWarmup   2: 40960000 op, 606054100.00 ns, 14.7962 ns/op
WorkloadWarmup   3: 40960000 op, 608272800.00 ns, 14.8504 ns/op
WorkloadWarmup   4: 40960000 op, 606390900.00 ns, 14.8045 ns/op
WorkloadWarmup   5: 40960000 op, 609889700.00 ns, 14.8899 ns/op
WorkloadWarmup   6: 40960000 op, 606847400.00 ns, 14.8156 ns/op
WorkloadWarmup   7: 40960000 op, 607310500.00 ns, 14.8269 ns/op
WorkloadWarmup   8: 40960000 op, 607317100.00 ns, 14.8271 ns/op

// BeforeActualRun
WorkloadActual   1: 40960000 op, 608831600.00 ns, 14.8641 ns/op
WorkloadActual   2: 40960000 op, 606204600.00 ns, 14.7999 ns/op
WorkloadActual   3: 40960000 op, 606162500.00 ns, 14.7989 ns/op
WorkloadActual   4: 40960000 op, 607650400.00 ns, 14.8352 ns/op
WorkloadActual   5: 40960000 op, 608649500.00 ns, 14.8596 ns/op
WorkloadActual   6: 40960000 op, 611308600.00 ns, 14.9245 ns/op
WorkloadActual   7: 40960000 op, 606907900.00 ns, 14.8171 ns/op
WorkloadActual   8: 40960000 op, 607827100.00 ns, 14.8395 ns/op
WorkloadActual   9: 40960000 op, 606196900.00 ns, 14.7997 ns/op
WorkloadActual  10: 40960000 op, 625550500.00 ns, 15.2722 ns/op
WorkloadActual  11: 40960000 op, 607155800.00 ns, 14.8231 ns/op
WorkloadActual  12: 40960000 op, 606828200.00 ns, 14.8151 ns/op
WorkloadActual  13: 40960000 op, 608339800.00 ns, 14.8520 ns/op
WorkloadActual  14: 40960000 op, 606983800.00 ns, 14.8189 ns/op
WorkloadActual  15: 40960000 op, 606645500.00 ns, 14.8107 ns/op
WorkloadActual  16: 40960000 op, 606501600.00 ns, 14.8072 ns/op
WorkloadActual  17: 40960000 op, 610332700.00 ns, 14.9007 ns/op
WorkloadActual  18: 40960000 op, 608167600.00 ns, 14.8478 ns/op
WorkloadActual  19: 40960000 op, 606922000.00 ns, 14.8174 ns/op
WorkloadActual  20: 40960000 op, 606654500.00 ns, 14.8109 ns/op

// AfterActualRun
WorkloadResult   1: 40960000 op, 608831600.00 ns, 14.8641 ns/op
WorkloadResult   2: 40960000 op, 606204600.00 ns, 14.7999 ns/op
WorkloadResult   3: 40960000 op, 606162500.00 ns, 14.7989 ns/op
WorkloadResult   4: 40960000 op, 607650400.00 ns, 14.8352 ns/op
WorkloadResult   5: 40960000 op, 608649500.00 ns, 14.8596 ns/op
WorkloadResult   6: 40960000 op, 606907900.00 ns, 14.8171 ns/op
WorkloadResult   7: 40960000 op, 607827100.00 ns, 14.8395 ns/op
WorkloadResult   8: 40960000 op, 606196900.00 ns, 14.7997 ns/op
WorkloadResult   9: 40960000 op, 607155800.00 ns, 14.8231 ns/op
WorkloadResult  10: 40960000 op, 606828200.00 ns, 14.8151 ns/op
WorkloadResult  11: 40960000 op, 608339800.00 ns, 14.8520 ns/op
WorkloadResult  12: 40960000 op, 606983800.00 ns, 14.8189 ns/op
WorkloadResult  13: 40960000 op, 606645500.00 ns, 14.8107 ns/op
WorkloadResult  14: 40960000 op, 606501600.00 ns, 14.8072 ns/op
WorkloadResult  15: 40960000 op, 610332700.00 ns, 14.9007 ns/op
WorkloadResult  16: 40960000 op, 608167600.00 ns, 14.8478 ns/op
WorkloadResult  17: 40960000 op, 606922000.00 ns, 14.8174 ns/op
WorkloadResult  18: 40960000 op, 606654500.00 ns, 14.8109 ns/op

// AfterAll
// Benchmark Process 8452 has exited with code 0.

Mean = 14.899 ns, StdErr = 0.015 ns (0.10%), N = 53, StdDev = 0.108 ns
Min = 14.789 ns, Q1 = 14.815 ns, Median = 14.851 ns, Q3 = 14.992 ns, Max = 15.202 ns
IQR = 0.176 ns, LowerFence = 14.551 ns, UpperFence = 15.256 ns
ConfidenceInterval = [14.847 ns; 14.951 ns] (CI 99.9%), Margin = 0.052 ns (0.35% of Mean)
Skewness = 1.04, Kurtosis = 3.04, MValue = 2

// ** Remained 0 (0.0%) benchmark(s) to run. Estimated finish 2026-08-31 20:16 (0h 0m from now) **
Successfully reverted power plan (GUID: 8c5e7fda-e8bf-4a96-9a85-a6e23a8c635c FriendlyName: High performance)
// ***** BenchmarkRunner: Finish  *****

// * Export *
  R:\artifacts\P2.1\evidence\benchmark-c832\BenchmarkDotNet\results\P21.SideMetadataBenchmarks-report.csv
  R:\artifacts\P2.1\evidence\benchmark-c832\BenchmarkDotNet\results\P21.SideMetadataBenchmarks-report-github.md
  R:\artifacts\P2.1\evidence\benchmark-c832\BenchmarkDotNet\results\P21.SideMetadataBenchmarks-report.html

// * Detailed results *
SideMetadataBenchmarks.MapAndLoad: Job-TZWPHG(IterationCount=20, LaunchCount=3, WarmupCount=8) [LogReferenceCountBits=1]
Runtime = .NET 11.0.0 (11.0.0-preview.6.26359.118, 11.0.26.36018), X64 RyuJIT x86-64-v4; GC = Concurrent Workstation
Mean = 18.446 ns, StdErr = 0.008 ns (0.04%), N = 55, StdDev = 0.059 ns
Min = 18.333 ns, Q1 = 18.398 ns, Median = 18.445 ns, Q3 = 18.482 ns, Max = 18.574 ns
IQR = 0.084 ns, LowerFence = 18.273 ns, UpperFence = 18.608 ns
ConfidenceInterval = [18.419 ns; 18.474 ns] (CI 99.9%), Margin = 0.028 ns (0.15% of Mean)
Skewness = 0.26, Kurtosis = 2.15, MValue = 2
-------------------- Histogram --------------------
[18.313 ns ; 18.594 ns) | @@@@@@@@@@@@@@@@@@@@@@@@@@@@@@@@@@@@@@@@@@@@@@@@@@@@@@@
---------------------------------------------------

SideMetadataBenchmarks.MapAndLoadControl: Job-TZWPHG(IterationCount=20, LaunchCount=3, WarmupCount=8) [LogReferenceCountBits=1]
Runtime = .NET 11.0.0 (11.0.0-preview.6.26359.118, 11.0.26.36018), X64 RyuJIT x86-64-v4; GC = Concurrent Workstation
Mean = 18.417 ns, StdErr = 0.006 ns (0.03%), N = 57, StdDev = 0.046 ns
Min = 18.329 ns, Q1 = 18.384 ns, Median = 18.412 ns, Q3 = 18.453 ns, Max = 18.521 ns
IQR = 0.069 ns, LowerFence = 18.280 ns, UpperFence = 18.557 ns
ConfidenceInterval = [18.396 ns; 18.438 ns] (CI 99.9%), Margin = 0.021 ns (0.11% of Mean)
Skewness = 0.13, Kurtosis = 2.37, MValue = 2
-------------------- Histogram --------------------
[18.314 ns ; 18.537 ns) | @@@@@@@@@@@@@@@@@@@@@@@@@@@@@@@@@@@@@@@@@@@@@@@@@@@@@@@@@
---------------------------------------------------

SideMetadataBenchmarks.PrecomputedLoad: Job-TZWPHG(IterationCount=20, LaunchCount=3, WarmupCount=8) [LogReferenceCountBits=1]
Runtime = .NET 11.0.0 (11.0.0-preview.6.26359.118, 11.0.26.36018), X64 RyuJIT x86-64-v4; GC = Concurrent Workstation
Mean = 0.592 ns, StdErr = 0.000 ns (0.04%), N = 56, StdDev = 0.002 ns
Min = 0.590 ns, Q1 = 0.591 ns, Median = 0.592 ns, Q3 = 0.593 ns, Max = 0.598 ns
IQR = 0.002 ns, LowerFence = 0.588 ns, UpperFence = 0.596 ns
ConfidenceInterval = [0.591 ns; 0.593 ns] (CI 99.9%), Margin = 0.001 ns (0.13% of Mean)
Skewness = 0.88, Kurtosis = 4.04, MValue = 2
-------------------- Histogram --------------------
[0.589 ns ; 0.599 ns) | @@@@@@@@@@@@@@@@@@@@@@@@@@@@@@@@@@@@@@@@@@@@@@@@@@@@@@@@
---------------------------------------------------

SideMetadataBenchmarks.BitStore: Job-TZWPHG(IterationCount=20, LaunchCount=3, WarmupCount=8) [LogReferenceCountBits=1]
Runtime = .NET 11.0.0 (11.0.0-preview.6.26359.118, 11.0.26.36018), X64 RyuJIT x86-64-v4; GC = Concurrent Workstation
Mean = 26.206 ns, StdErr = 0.037 ns (0.14%), N = 59, StdDev = 0.284 ns
Min = 25.711 ns, Q1 = 25.864 ns, Median = 26.374 ns, Q3 = 26.420 ns, Max = 26.523 ns
IQR = 0.556 ns, LowerFence = 25.030 ns, UpperFence = 27.255 ns
ConfidenceInterval = [26.078 ns; 26.334 ns] (CI 99.9%), Margin = 0.128 ns (0.49% of Mean)
Skewness = -0.66, Kurtosis = 1.56, MValue = 2
-------------------- Histogram --------------------
[25.616 ns ; 26.619 ns) | @@@@@@@@@@@@@@@@@@@@@@@@@@@@@@@@@@@@@@@@@@@@@@@@@@@@@@@@@@@
---------------------------------------------------

SideMetadataBenchmarks.ReferenceCountUpdate: Job-TZWPHG(IterationCount=20, LaunchCount=3, WarmupCount=8) [LogReferenceCountBits=1]
Runtime = .NET 11.0.0 (11.0.0-preview.6.26359.118, 11.0.26.36018), X64 RyuJIT x86-64-v4; GC = Concurrent Workstation
Mean = 14.778 ns, StdErr = 0.009 ns (0.06%), N = 56, StdDev = 0.067 ns
Min = 14.656 ns, Q1 = 14.727 ns, Median = 14.767 ns, Q3 = 14.839 ns, Max = 14.898 ns
IQR = 0.113 ns, LowerFence = 14.557 ns, UpperFence = 15.009 ns
ConfidenceInterval = [14.747 ns; 14.809 ns] (CI 99.9%), Margin = 0.031 ns (0.21% of Mean)
Skewness = 0.03, Kurtosis = 1.85, MValue = 2
-------------------- Histogram --------------------
[14.633 ns ; 14.921 ns) | @@@@@@@@@@@@@@@@@@@@@@@@@@@@@@@@@@@@@@@@@@@@@@@@@@@@@@@@
---------------------------------------------------

SideMetadataBenchmarks.ByteUpdate: Job-TZWPHG(IterationCount=20, LaunchCount=3, WarmupCount=8) [LogReferenceCountBits=1]
Runtime = .NET 11.0.0 (11.0.0-preview.6.26359.118, 11.0.26.36018), X64 RyuJIT x86-64-v4; GC = Concurrent Workstation
Mean = 27.129 ns, StdErr = 0.143 ns (0.53%), N = 56, StdDev = 1.068 ns
Min = 26.264 ns, Q1 = 26.342 ns, Median = 26.407 ns, Q3 = 28.587 ns, Max = 28.705 ns
IQR = 2.244 ns, LowerFence = 22.976 ns, UpperFence = 31.953 ns
ConfidenceInterval = [26.633 ns; 27.625 ns] (CI 99.9%), Margin = 0.496 ns (1.83% of Mean)
Skewness = 0.66, Kurtosis = 1.41, MValue = 3.03
-------------------- Histogram --------------------
[26.022 ns ; 26.755 ns) | @@@@@@@@@@@@@@@@@@@@@@@@@@@@@@@@@@@@@
[26.755 ns ; 27.487 ns) | 
[27.487 ns ; 28.241 ns) | 
[28.241 ns ; 29.071 ns) | @@@@@@@@@@@@@@@@@@@
---------------------------------------------------

SideMetadataBenchmarks.BulkRead64KiB: Job-TZWPHG(IterationCount=20, LaunchCount=3, WarmupCount=8) [LogReferenceCountBits=1]
Runtime = .NET 11.0.0 (11.0.0-preview.6.26359.118, 11.0.26.36018), X64 RyuJIT x86-64-v4; GC = Concurrent Workstation
Mean = 1.855 us, StdErr = 0.000 us (0.02%), N = 57, StdDev = 0.003 us
Min = 1.849 us, Q1 = 1.853 us, Median = 1.855 us, Q3 = 1.857 us, Max = 1.864 us
IQR = 0.004 us, LowerFence = 1.846 us, UpperFence = 1.864 us
ConfidenceInterval = [1.854 us; 1.857 us] (CI 99.9%), Margin = 0.001 us (0.08% of Mean)
Skewness = 0.42, Kurtosis = 3.32, MValue = 2
-------------------- Histogram --------------------
[1.848 us ; 1.865 us) | @@@@@@@@@@@@@@@@@@@@@@@@@@@@@@@@@@@@@@@@@@@@@@@@@@@@@@@@@
---------------------------------------------------

SideMetadataBenchmarks.SparseBulkRead64B: Job-TZWPHG(IterationCount=20, LaunchCount=3, WarmupCount=8) [LogReferenceCountBits=1]
Runtime = .NET 11.0.0 (11.0.0-preview.6.26359.118, 11.0.26.36018), X64 RyuJIT x86-64-v4; GC = Concurrent Workstation
Mean = 30.569 ns, StdErr = 0.022 ns (0.07%), N = 55, StdDev = 0.160 ns
Min = 30.122 ns, Q1 = 30.481 ns, Median = 30.613 ns, Q3 = 30.688 ns, Max = 30.824 ns
IQR = 0.208 ns, LowerFence = 30.169 ns, UpperFence = 31.000 ns
ConfidenceInterval = [30.494 ns; 30.644 ns] (CI 99.9%), Margin = 0.075 ns (0.25% of Mean)
Skewness = -0.9, Kurtosis = 2.99, MValue = 2
-------------------- Histogram --------------------
[30.067 ns ; 30.879 ns) | @@@@@@@@@@@@@@@@@@@@@@@@@@@@@@@@@@@@@@@@@@@@@@@@@@@@@@@
---------------------------------------------------

SideMetadataBenchmarks.Reset4KiB: Job-TZWPHG(IterationCount=20, LaunchCount=3, WarmupCount=8) [LogReferenceCountBits=1]
Runtime = .NET 11.0.0 (11.0.0-preview.6.26359.118, 11.0.26.36018), X64 RyuJIT x86-64-v4; GC = Concurrent Workstation
Mean = 49.815 ns, StdErr = 0.016 ns (0.03%), N = 55, StdDev = 0.122 ns
Min = 49.518 ns, Q1 = 49.718 ns, Median = 49.830 ns, Q3 = 49.890 ns, Max = 50.107 ns
IQR = 0.172 ns, LowerFence = 49.461 ns, UpperFence = 50.148 ns
ConfidenceInterval = [49.757 ns; 49.872 ns] (CI 99.9%), Margin = 0.057 ns (0.11% of Mean)
Skewness = -0.13, Kurtosis = 2.72, MValue = 2
-------------------- Histogram --------------------
[49.476 ns ; 50.149 ns) | @@@@@@@@@@@@@@@@@@@@@@@@@@@@@@@@@@@@@@@@@@@@@@@@@@@@@@@
---------------------------------------------------

SideMetadataBenchmarks.Reset64KiB: Job-TZWPHG(IterationCount=20, LaunchCount=3, WarmupCount=8) [LogReferenceCountBits=1]
Runtime = .NET 11.0.0 (11.0.0-preview.6.26359.118, 11.0.26.36018), X64 RyuJIT x86-64-v4; GC = Concurrent Workstation
Mean = 167.540 ns, StdErr = 0.064 ns (0.04%), N = 58, StdDev = 0.485 ns
Min = 166.561 ns, Q1 = 167.202 ns, Median = 167.461 ns, Q3 = 167.963 ns, Max = 168.748 ns
IQR = 0.761 ns, LowerFence = 166.061 ns, UpperFence = 169.104 ns
ConfidenceInterval = [167.319 ns; 167.761 ns] (CI 99.9%), Margin = 0.221 ns (0.13% of Mean)
Skewness = 0.33, Kurtosis = 2.29, MValue = 2
-------------------- Histogram --------------------
[166.397 ns ; 168.913 ns) | @@@@@@@@@@@@@@@@@@@@@@@@@@@@@@@@@@@@@@@@@@@@@@@@@@@@@@@@@@
---------------------------------------------------

SideMetadataBenchmarks.Reset1MiB: Job-TZWPHG(IterationCount=20, LaunchCount=3, WarmupCount=8) [LogReferenceCountBits=1]
Runtime = .NET 11.0.0 (11.0.0-preview.6.26359.118, 11.0.26.36018), X64 RyuJIT x86-64-v4; GC = Concurrent Workstation
Mean = 1.862 us, StdErr = 0.001 us (0.03%), N = 58, StdDev = 0.005 us
Min = 1.851 us, Q1 = 1.858 us, Median = 1.863 us, Q3 = 1.865 us, Max = 1.873 us
IQR = 0.007 us, LowerFence = 1.848 us, UpperFence = 1.875 us
ConfidenceInterval = [1.860 us; 1.864 us] (CI 99.9%), Margin = 0.002 us (0.12% of Mean)
Skewness = 0.09, Kurtosis = 2.33, MValue = 2
-------------------- Histogram --------------------
[1.849 us ; 1.875 us) | @@@@@@@@@@@@@@@@@@@@@@@@@@@@@@@@@@@@@@@@@@@@@@@@@@@@@@@@@@
---------------------------------------------------

SideMetadataBenchmarks.ExtraCasSensitivity: Job-TZWPHG(IterationCount=20, LaunchCount=3, WarmupCount=8) [LogReferenceCountBits=1]
Runtime = .NET 11.0.0 (11.0.0-preview.6.26359.118, 11.0.26.36018), X64 RyuJIT x86-64-v4; GC = Concurrent Workstation
Mean = 212.197 ns, StdErr = 0.263 ns (0.12%), N = 58, StdDev = 2.004 ns
Min = 208.500 ns, Q1 = 209.864 ns, Median = 213.136 ns, Q3 = 213.701 ns, Max = 214.451 ns
IQR = 3.838 ns, LowerFence = 204.107 ns, UpperFence = 219.458 ns
ConfidenceInterval = [211.284 ns; 213.111 ns] (CI 99.9%), Margin = 0.913 ns (0.43% of Mean)
Skewness = -0.6, Kurtosis = 1.63, MValue = 2
-------------------- Histogram --------------------
[207.820 ns ; 215.131 ns) | @@@@@@@@@@@@@@@@@@@@@@@@@@@@@@@@@@@@@@@@@@@@@@@@@@@@@@@@@@
---------------------------------------------------

SideMetadataBenchmarks.ReserveAndFirstCommit: Job-TZWPHG(IterationCount=20, LaunchCount=3, WarmupCount=8) [LogReferenceCountBits=1]
Runtime = .NET 11.0.0 (11.0.0-preview.6.26359.118, 11.0.26.36018), X64 RyuJIT x86-64-v4; GC = Concurrent Workstation
Mean = 882.620 us, StdErr = 0.487 us (0.06%), N = 57, StdDev = 3.680 us
Min = 876.392 us, Q1 = 879.739 us, Median = 882.485 us, Q3 = 885.114 us, Max = 892.158 us
IQR = 5.375 us, LowerFence = 871.676 us, UpperFence = 893.177 us
ConfidenceInterval = [880.927 us; 884.312 us] (CI 99.9%), Margin = 1.693 us (0.19% of Mean)
Skewness = 0.3, Kurtosis = 2.5, MValue = 2
-------------------- Histogram --------------------
[875.137 us ; 893.033 us) | @@@@@@@@@@@@@@@@@@@@@@@@@@@@@@@@@@@@@@@@@@@@@@@@@@@@@@@@@
---------------------------------------------------

SideMetadataBenchmarks.FalseSharingSameWord: Job-TZWPHG(IterationCount=20, LaunchCount=3, WarmupCount=8) [LogReferenceCountBits=1]
Runtime = .NET 11.0.0 (11.0.0-preview.6.26359.118, 11.0.26.36018), X64 RyuJIT x86-64-v4; GC = Concurrent Workstation
Mean = 52.552 ns, StdErr = 0.169 ns (0.32%), N = 57, StdDev = 1.272 ns
Min = 50.775 ns, Q1 = 51.569 ns, Median = 52.017 ns, Q3 = 53.923 ns, Max = 55.011 ns
IQR = 2.354 ns, LowerFence = 48.037 ns, UpperFence = 57.455 ns
ConfidenceInterval = [51.967 ns; 53.138 ns] (CI 99.9%), Margin = 0.585 ns (1.11% of Mean)
Skewness = 0.61, Kurtosis = 1.71, MValue = 2.86
-------------------- Histogram --------------------
[50.341 ns ; 52.227 ns) | @@@@@@@@@@@@@@@@@@@@@@@@@@@@@@@@@@@@@
[52.227 ns ; 53.613 ns) | @@
[53.613 ns ; 55.445 ns) | @@@@@@@@@@@@@@@@@@
---------------------------------------------------

SideMetadataBenchmarks.FalseSharingSeparateLine: Job-TZWPHG(IterationCount=20, LaunchCount=3, WarmupCount=8) [LogReferenceCountBits=1]
Runtime = .NET 11.0.0 (11.0.0-preview.6.26359.118, 11.0.26.36018), X64 RyuJIT x86-64-v4; GC = Concurrent Workstation
Mean = 15.320 ns, StdErr = 0.048 ns (0.31%), N = 56, StdDev = 0.358 ns
Min = 14.928 ns, Q1 = 15.012 ns, Median = 15.163 ns, Q3 = 15.758 ns, Max = 15.975 ns
IQR = 0.746 ns, LowerFence = 13.894 ns, UpperFence = 16.876 ns
ConfidenceInterval = [15.154 ns; 15.487 ns] (CI 99.9%), Margin = 0.166 ns (1.09% of Mean)
Skewness = 0.57, Kurtosis = 1.5, MValue = 2
-------------------- Histogram --------------------
[14.919 ns ; 15.379 ns) | @@@@@@@@@@@@@@@@@@@@@@@@@@@@@@@@@@@@@
[15.379 ns ; 16.098 ns) | @@@@@@@@@@@@@@@@@@@
---------------------------------------------------

SideMetadataBenchmarks.MapAndLoad: Job-TZWPHG(IterationCount=20, LaunchCount=3, WarmupCount=8) [LogReferenceCountBits=2]
Runtime = .NET 11.0.0 (11.0.0-preview.6.26359.118, 11.0.26.36018), X64 RyuJIT x86-64-v4; GC = Concurrent Workstation
Mean = 18.442 ns, StdErr = 0.007 ns (0.04%), N = 60, StdDev = 0.055 ns
Min = 18.331 ns, Q1 = 18.400 ns, Median = 18.441 ns, Q3 = 18.476 ns, Max = 18.561 ns
IQR = 0.076 ns, LowerFence = 18.287 ns, UpperFence = 18.589 ns
ConfidenceInterval = [18.418 ns; 18.467 ns] (CI 99.9%), Margin = 0.025 ns (0.13% of Mean)
Skewness = 0.14, Kurtosis = 2.27, MValue = 2
-------------------- Histogram --------------------
[18.313 ns ; 18.580 ns) | @@@@@@@@@@@@@@@@@@@@@@@@@@@@@@@@@@@@@@@@@@@@@@@@@@@@@@@@@@@@
---------------------------------------------------

SideMetadataBenchmarks.MapAndLoadControl: Job-TZWPHG(IterationCount=20, LaunchCount=3, WarmupCount=8) [LogReferenceCountBits=2]
Runtime = .NET 11.0.0 (11.0.0-preview.6.26359.118, 11.0.26.36018), X64 RyuJIT x86-64-v4; GC = Concurrent Workstation
Mean = 18.662 ns, StdErr = 0.045 ns (0.24%), N = 54, StdDev = 0.331 ns
Min = 18.335 ns, Q1 = 18.412 ns, Median = 18.455 ns, Q3 = 19.079 ns, Max = 19.171 ns
IQR = 0.667 ns, LowerFence = 17.412 ns, UpperFence = 20.079 ns
ConfidenceInterval = [18.506 ns; 18.819 ns] (CI 99.9%), Margin = 0.157 ns (0.84% of Mean)
Skewness = 0.58, Kurtosis = 1.37, MValue = 2
-------------------- Histogram --------------------
[18.220 ns ; 18.607 ns) | @@@@@@@@@@@@@@@@@@@@@@@@@@@@@@@@@@@
[18.607 ns ; 19.286 ns) | @@@@@@@@@@@@@@@@@@@
---------------------------------------------------

SideMetadataBenchmarks.PrecomputedLoad: Job-TZWPHG(IterationCount=20, LaunchCount=3, WarmupCount=8) [LogReferenceCountBits=2]
Runtime = .NET 11.0.0 (11.0.0-preview.6.26359.118, 11.0.26.36018), X64 RyuJIT x86-64-v4; GC = Concurrent Workstation
Mean = 0.593 ns, StdErr = 0.000 ns (0.06%), N = 58, StdDev = 0.003 ns
Min = 0.589 ns, Q1 = 0.592 ns, Median = 0.593 ns, Q3 = 0.594 ns, Max = 0.602 ns
IQR = 0.002 ns, LowerFence = 0.588 ns, UpperFence = 0.598 ns
ConfidenceInterval = [0.592 ns; 0.594 ns] (CI 99.9%), Margin = 0.001 ns (0.19% of Mean)
Skewness = 1.37, Kurtosis = 5.83, MValue = 2
-------------------- Histogram --------------------
[0.588 ns ; 0.603 ns) | @@@@@@@@@@@@@@@@@@@@@@@@@@@@@@@@@@@@@@@@@@@@@@@@@@@@@@@@@@
---------------------------------------------------

SideMetadataBenchmarks.BitStore: Job-TZWPHG(IterationCount=20, LaunchCount=3, WarmupCount=8) [LogReferenceCountBits=2]
Runtime = .NET 11.0.0 (11.0.0-preview.6.26359.118, 11.0.26.36018), X64 RyuJIT x86-64-v4; GC = Concurrent Workstation
Mean = 26.798 ns, StdErr = 0.090 ns (0.34%), N = 57, StdDev = 0.678 ns
Min = 26.247 ns, Q1 = 26.329 ns, Median = 26.377 ns, Q3 = 27.736 ns, Max = 27.922 ns
IQR = 1.407 ns, LowerFence = 24.219 ns, UpperFence = 29.846 ns
ConfidenceInterval = [26.486 ns; 27.110 ns] (CI 99.9%), Margin = 0.312 ns (1.16% of Mean)
Skewness = 0.77, Kurtosis = 1.59, MValue = 2
-------------------- Histogram --------------------
[26.096 ns ; 27.086 ns) | @@@@@@@@@@@@@@@@@@@@@@@@@@@@@@@@@@@@@@@
[27.086 ns ; 28.075 ns) | @@@@@@@@@@@@@@@@@@
---------------------------------------------------

SideMetadataBenchmarks.ReferenceCountUpdate: Job-TZWPHG(IterationCount=20, LaunchCount=3, WarmupCount=8) [LogReferenceCountBits=2]
Runtime = .NET 11.0.0 (11.0.0-preview.6.26359.118, 11.0.26.36018), X64 RyuJIT x86-64-v4; GC = Concurrent Workstation
Mean = 14.777 ns, StdErr = 0.012 ns (0.08%), N = 54, StdDev = 0.088 ns
Min = 14.609 ns, Q1 = 14.714 ns, Median = 14.754 ns, Q3 = 14.862 ns, Max = 14.962 ns
IQR = 0.148 ns, LowerFence = 14.492 ns, UpperFence = 15.083 ns
ConfidenceInterval = [14.735 ns; 14.819 ns] (CI 99.9%), Margin = 0.042 ns (0.28% of Mean)
Skewness = 0.28, Kurtosis = 1.97, MValue = 2
-------------------- Histogram --------------------
[14.585 ns ; 14.993 ns) | @@@@@@@@@@@@@@@@@@@@@@@@@@@@@@@@@@@@@@@@@@@@@@@@@@@@@@
---------------------------------------------------

SideMetadataBenchmarks.ByteUpdate: Job-TZWPHG(IterationCount=20, LaunchCount=3, WarmupCount=8) [LogReferenceCountBits=2]
Runtime = .NET 11.0.0 (11.0.0-preview.6.26359.118, 11.0.26.36018), X64 RyuJIT x86-64-v4; GC = Concurrent Workstation
Mean = 27.340 ns, StdErr = 0.120 ns (0.44%), N = 60, StdDev = 0.932 ns
Min = 26.274 ns, Q1 = 26.462 ns, Median = 27.038 ns, Q3 = 28.527 ns, Max = 28.724 ns
IQR = 2.065 ns, LowerFence = 23.365 ns, UpperFence = 31.624 ns
ConfidenceInterval = [26.923 ns; 27.756 ns] (CI 99.9%), Margin = 0.417 ns (1.52% of Mean)
Skewness = 0.44, Kurtosis = 1.47, MValue = 3
-------------------- Histogram --------------------
[25.962 ns ; 27.101 ns) | @@@@@@@@@@@@@@@@@@@@@@@@@@@@@@@@@@@@@@
[27.101 ns ; 28.121 ns) | @@
[28.121 ns ; 29.036 ns) | @@@@@@@@@@@@@@@@@@@@
---------------------------------------------------

SideMetadataBenchmarks.BulkRead64KiB: Job-TZWPHG(IterationCount=20, LaunchCount=3, WarmupCount=8) [LogReferenceCountBits=2]
Runtime = .NET 11.0.0 (11.0.0-preview.6.26359.118, 11.0.26.36018), X64 RyuJIT x86-64-v4; GC = Concurrent Workstation
Mean = 1.856 us, StdErr = 0.000 us (0.03%), N = 57, StdDev = 0.004 us
Min = 1.850 us, Q1 = 1.854 us, Median = 1.855 us, Q3 = 1.859 us, Max = 1.865 us
IQR = 0.005 us, LowerFence = 1.846 us, UpperFence = 1.866 us
ConfidenceInterval = [1.854 us; 1.858 us] (CI 99.9%), Margin = 0.002 us (0.09% of Mean)
Skewness = 0.5, Kurtosis = 2.65, MValue = 2
-------------------- Histogram --------------------
[1.848 us ; 1.867 us) | @@@@@@@@@@@@@@@@@@@@@@@@@@@@@@@@@@@@@@@@@@@@@@@@@@@@@@@@@
---------------------------------------------------

SideMetadataBenchmarks.SparseBulkRead64B: Job-TZWPHG(IterationCount=20, LaunchCount=3, WarmupCount=8) [LogReferenceCountBits=2]
Runtime = .NET 11.0.0 (11.0.0-preview.6.26359.118, 11.0.26.36018), X64 RyuJIT x86-64-v4; GC = Concurrent Workstation
Mean = 30.664 ns, StdErr = 0.013 ns (0.04%), N = 58, StdDev = 0.102 ns
Min = 30.475 ns, Q1 = 30.600 ns, Median = 30.645 ns, Q3 = 30.746 ns, Max = 30.966 ns
IQR = 0.146 ns, LowerFence = 30.381 ns, UpperFence = 30.965 ns
ConfidenceInterval = [30.617 ns; 30.710 ns] (CI 99.9%), Margin = 0.046 ns (0.15% of Mean)
Skewness = 0.53, Kurtosis = 2.82, MValue = 2
-------------------- Histogram --------------------
[30.440 ns ; 31.001 ns) | @@@@@@@@@@@@@@@@@@@@@@@@@@@@@@@@@@@@@@@@@@@@@@@@@@@@@@@@@@
---------------------------------------------------

SideMetadataBenchmarks.Reset4KiB: Job-TZWPHG(IterationCount=20, LaunchCount=3, WarmupCount=8) [LogReferenceCountBits=2]
Runtime = .NET 11.0.0 (11.0.0-preview.6.26359.118, 11.0.26.36018), X64 RyuJIT x86-64-v4; GC = Concurrent Workstation
Mean = 49.800 ns, StdErr = 0.019 ns (0.04%), N = 59, StdDev = 0.145 ns
Min = 49.487 ns, Q1 = 49.707 ns, Median = 49.775 ns, Q3 = 49.871 ns, Max = 50.195 ns
IQR = 0.164 ns, LowerFence = 49.460 ns, UpperFence = 50.118 ns
ConfidenceInterval = [49.735 ns; 49.866 ns] (CI 99.9%), Margin = 0.065 ns (0.13% of Mean)
Skewness = 0.68, Kurtosis = 3.11, MValue = 2
-------------------- Histogram --------------------
[49.438 ns ; 50.244 ns) | @@@@@@@@@@@@@@@@@@@@@@@@@@@@@@@@@@@@@@@@@@@@@@@@@@@@@@@@@@@
---------------------------------------------------

SideMetadataBenchmarks.Reset64KiB: Job-TZWPHG(IterationCount=20, LaunchCount=3, WarmupCount=8) [LogReferenceCountBits=2]
Runtime = .NET 11.0.0 (11.0.0-preview.6.26359.118, 11.0.26.36018), X64 RyuJIT x86-64-v4; GC = Concurrent Workstation
Mean = 167.372 ns, StdErr = 0.049 ns (0.03%), N = 56, StdDev = 0.369 ns
Min = 166.484 ns, Q1 = 167.165 ns, Median = 167.374 ns, Q3 = 167.570 ns, Max = 168.248 ns
IQR = 0.405 ns, LowerFence = 166.557 ns, UpperFence = 168.178 ns
ConfidenceInterval = [167.200 ns; 167.543 ns] (CI 99.9%), Margin = 0.171 ns (0.10% of Mean)
Skewness = 0.03, Kurtosis = 3.27, MValue = 2
-------------------- Histogram --------------------
[166.357 ns ; 168.375 ns) | @@@@@@@@@@@@@@@@@@@@@@@@@@@@@@@@@@@@@@@@@@@@@@@@@@@@@@@@
---------------------------------------------------

SideMetadataBenchmarks.Reset1MiB: Job-TZWPHG(IterationCount=20, LaunchCount=3, WarmupCount=8) [LogReferenceCountBits=2]
Runtime = .NET 11.0.0 (11.0.0-preview.6.26359.118, 11.0.26.36018), X64 RyuJIT x86-64-v4; GC = Concurrent Workstation
Mean = 1.861 us, StdErr = 0.001 us (0.03%), N = 57, StdDev = 0.004 us
Min = 1.854 us, Q1 = 1.857 us, Median = 1.860 us, Q3 = 1.864 us, Max = 1.873 us
IQR = 0.007 us, LowerFence = 1.847 us, UpperFence = 1.874 us
ConfidenceInterval = [1.859 us; 1.863 us] (CI 99.9%), Margin = 0.002 us (0.11% of Mean)
Skewness = 0.57, Kurtosis = 2.64, MValue = 2
-------------------- Histogram --------------------
[1.853 us ; 1.874 us) | @@@@@@@@@@@@@@@@@@@@@@@@@@@@@@@@@@@@@@@@@@@@@@@@@@@@@@@@@
---------------------------------------------------

SideMetadataBenchmarks.ExtraCasSensitivity: Job-TZWPHG(IterationCount=20, LaunchCount=3, WarmupCount=8) [LogReferenceCountBits=2]
Runtime = .NET 11.0.0 (11.0.0-preview.6.26359.118, 11.0.26.36018), X64 RyuJIT x86-64-v4; GC = Concurrent Workstation
Mean = 212.458 ns, StdErr = 0.285 ns (0.13%), N = 55, StdDev = 2.116 ns
Min = 208.888 ns, Q1 = 209.772 ns, Median = 213.609 ns, Q3 = 213.981 ns, Max = 215.040 ns
IQR = 4.208 ns, LowerFence = 203.459 ns, UpperFence = 220.293 ns
ConfidenceInterval = [211.465 ns; 213.451 ns] (CI 99.9%), Margin = 0.993 ns (0.47% of Mean)
Skewness = -0.66, Kurtosis = 1.59, MValue = 2
-------------------- Histogram --------------------
[208.157 ns ; 215.770 ns) | @@@@@@@@@@@@@@@@@@@@@@@@@@@@@@@@@@@@@@@@@@@@@@@@@@@@@@@
---------------------------------------------------

SideMetadataBenchmarks.ReserveAndFirstCommit: Job-TZWPHG(IterationCount=20, LaunchCount=3, WarmupCount=8) [LogReferenceCountBits=2]
Runtime = .NET 11.0.0 (11.0.0-preview.6.26359.118, 11.0.26.36018), X64 RyuJIT x86-64-v4; GC = Concurrent Workstation
Mean = 880.885 us, StdErr = 0.421 us (0.05%), N = 59, StdDev = 3.236 us
Min = 874.382 us, Q1 = 878.414 us, Median = 880.491 us, Q3 = 883.104 us, Max = 889.795 us
IQR = 4.691 us, LowerFence = 871.378 us, UpperFence = 890.140 us
ConfidenceInterval = [879.424 us; 882.345 us] (CI 99.9%), Margin = 1.461 us (0.17% of Mean)
Skewness = 0.43, Kurtosis = 3.15, MValue = 2
-------------------- Histogram --------------------
[873.291 us ; 890.886 us) | @@@@@@@@@@@@@@@@@@@@@@@@@@@@@@@@@@@@@@@@@@@@@@@@@@@@@@@@@@@
---------------------------------------------------

SideMetadataBenchmarks.FalseSharingSameWord: Job-TZWPHG(IterationCount=20, LaunchCount=3, WarmupCount=8) [LogReferenceCountBits=2]
Runtime = .NET 11.0.0 (11.0.0-preview.6.26359.118, 11.0.26.36018), X64 RyuJIT x86-64-v4; GC = Concurrent Workstation
Mean = 53.346 ns, StdErr = 0.352 ns (0.66%), N = 60, StdDev = 2.729 ns
Min = 50.368 ns, Q1 = 51.439 ns, Median = 51.677 ns, Q3 = 56.695 ns, Max = 57.827 ns
IQR = 5.255 ns, LowerFence = 43.556 ns, UpperFence = 64.578 ns
ConfidenceInterval = [52.126 ns; 54.566 ns] (CI 99.9%), Margin = 1.220 ns (2.29% of Mean)
Skewness = 0.67, Kurtosis = 1.54, MValue = 3.03
-------------------- Histogram --------------------
[49.453 ns ; 50.499 ns) | @
[50.499 ns ; 52.328 ns) | @@@@@@@@@@@@@@@@@@@@@@@@@@@@@@@@@@@@@@@
[52.328 ns ; 54.158 ns) | 
[54.158 ns ; 56.199 ns) | 
[56.199 ns ; 58.028 ns) | @@@@@@@@@@@@@@@@@@@@
---------------------------------------------------

SideMetadataBenchmarks.FalseSharingSeparateLine: Job-TZWPHG(IterationCount=20, LaunchCount=3, WarmupCount=8) [LogReferenceCountBits=2]
Runtime = .NET 11.0.0 (11.0.0-preview.6.26359.118, 11.0.26.36018), X64 RyuJIT x86-64-v4; GC = Concurrent Workstation
Mean = 15.230 ns, StdErr = 0.026 ns (0.17%), N = 56, StdDev = 0.192 ns
Min = 14.907 ns, Q1 = 15.005 ns, Median = 15.284 ns, Q3 = 15.392 ns, Max = 15.550 ns
IQR = 0.387 ns, LowerFence = 14.425 ns, UpperFence = 15.972 ns
ConfidenceInterval = [15.141 ns; 15.320 ns] (CI 99.9%), Margin = 0.089 ns (0.59% of Mean)
Skewness = -0.35, Kurtosis = 1.56, MValue = 2
-------------------- Histogram --------------------
[14.841 ns ; 15.184 ns) | @@@@@@@@@@@@@@@@@@@
[15.184 ns ; 15.616 ns) | @@@@@@@@@@@@@@@@@@@@@@@@@@@@@@@@@@@@@
---------------------------------------------------

SideMetadataBenchmarks.MapAndLoad: Job-TZWPHG(IterationCount=20, LaunchCount=3, WarmupCount=8) [LogReferenceCountBits=3]
Runtime = .NET 11.0.0 (11.0.0-preview.6.26359.118, 11.0.26.36018), X64 RyuJIT x86-64-v4; GC = Concurrent Workstation
Mean = 18.414 ns, StdErr = 0.006 ns (0.03%), N = 55, StdDev = 0.042 ns
Min = 18.322 ns, Q1 = 18.386 ns, Median = 18.417 ns, Q3 = 18.436 ns, Max = 18.511 ns
IQR = 0.050 ns, LowerFence = 18.310 ns, UpperFence = 18.512 ns
ConfidenceInterval = [18.394 ns; 18.433 ns] (CI 99.9%), Margin = 0.019 ns (0.11% of Mean)
Skewness = 0.15, Kurtosis = 2.69, MValue = 2
-------------------- Histogram --------------------
[18.308 ns ; 18.526 ns) | @@@@@@@@@@@@@@@@@@@@@@@@@@@@@@@@@@@@@@@@@@@@@@@@@@@@@@@
---------------------------------------------------

SideMetadataBenchmarks.MapAndLoadControl: Job-TZWPHG(IterationCount=20, LaunchCount=3, WarmupCount=8) [LogReferenceCountBits=3]
Runtime = .NET 11.0.0 (11.0.0-preview.6.26359.118, 11.0.26.36018), X64 RyuJIT x86-64-v4; GC = Concurrent Workstation
Mean = 18.417 ns, StdErr = 0.006 ns (0.03%), N = 58, StdDev = 0.047 ns
Min = 18.324 ns, Q1 = 18.385 ns, Median = 18.418 ns, Q3 = 18.449 ns, Max = 18.567 ns
IQR = 0.064 ns, LowerFence = 18.290 ns, UpperFence = 18.545 ns
ConfidenceInterval = [18.396 ns; 18.439 ns] (CI 99.9%), Margin = 0.021 ns (0.12% of Mean)
Skewness = 0.47, Kurtosis = 3.39, MValue = 2
-------------------- Histogram --------------------
[18.308 ns ; 18.583 ns) | @@@@@@@@@@@@@@@@@@@@@@@@@@@@@@@@@@@@@@@@@@@@@@@@@@@@@@@@@@
---------------------------------------------------

SideMetadataBenchmarks.PrecomputedLoad: Job-TZWPHG(IterationCount=20, LaunchCount=3, WarmupCount=8) [LogReferenceCountBits=3]
Runtime = .NET 11.0.0 (11.0.0-preview.6.26359.118, 11.0.26.36018), X64 RyuJIT x86-64-v4; GC = Concurrent Workstation
Mean = 0.593 ns, StdErr = 0.000 ns (0.04%), N = 56, StdDev = 0.002 ns
Min = 0.590 ns, Q1 = 0.591 ns, Median = 0.593 ns, Q3 = 0.594 ns, Max = 0.597 ns
IQR = 0.002 ns, LowerFence = 0.588 ns, UpperFence = 0.598 ns
ConfidenceInterval = [0.592 ns; 0.594 ns] (CI 99.9%), Margin = 0.001 ns (0.13% of Mean)
Skewness = 0.48, Kurtosis = 2.24, MValue = 2
-------------------- Histogram --------------------
[0.589 ns ; 0.597 ns) | @@@@@@@@@@@@@@@@@@@@@@@@@@@@@@@@@@@@@@@@@@@@@@@@@@@@@@@@
---------------------------------------------------

SideMetadataBenchmarks.BitStore: Job-TZWPHG(IterationCount=20, LaunchCount=3, WarmupCount=8) [LogReferenceCountBits=3]
Runtime = .NET 11.0.0 (11.0.0-preview.6.26359.118, 11.0.26.36018), X64 RyuJIT x86-64-v4; GC = Concurrent Workstation
Mean = 26.276 ns, StdErr = 0.032 ns (0.12%), N = 57, StdDev = 0.240 ns
Min = 25.874 ns, Q1 = 26.017 ns, Median = 26.353 ns, Q3 = 26.465 ns, Max = 26.635 ns
IQR = 0.448 ns, LowerFence = 25.344 ns, UpperFence = 27.138 ns
ConfidenceInterval = [26.165 ns; 26.386 ns] (CI 99.9%), Margin = 0.110 ns (0.42% of Mean)
Skewness = -0.48, Kurtosis = 1.65, MValue = 2
-------------------- Histogram --------------------
[25.792 ns ; 26.717 ns) | @@@@@@@@@@@@@@@@@@@@@@@@@@@@@@@@@@@@@@@@@@@@@@@@@@@@@@@@@
---------------------------------------------------

SideMetadataBenchmarks.ReferenceCountUpdate: Job-TZWPHG(IterationCount=20, LaunchCount=3, WarmupCount=8) [LogReferenceCountBits=3]
Runtime = .NET 11.0.0 (11.0.0-preview.6.26359.118, 11.0.26.36018), X64 RyuJIT x86-64-v4; GC = Concurrent Workstation
Mean = 14.866 ns, StdErr = 0.008 ns (0.05%), N = 56, StdDev = 0.060 ns
Min = 14.736 ns, Q1 = 14.826 ns, Median = 14.852 ns, Q3 = 14.905 ns, Max = 15.004 ns
IQR = 0.079 ns, LowerFence = 14.708 ns, UpperFence = 15.022 ns
ConfidenceInterval = [14.838 ns; 14.894 ns] (CI 99.9%), Margin = 0.028 ns (0.19% of Mean)
Skewness = 0.54, Kurtosis = 2.73, MValue = 2
-------------------- Histogram --------------------
[14.715 ns ; 15.024 ns) | @@@@@@@@@@@@@@@@@@@@@@@@@@@@@@@@@@@@@@@@@@@@@@@@@@@@@@@@
---------------------------------------------------

SideMetadataBenchmarks.ByteUpdate: Job-TZWPHG(IterationCount=20, LaunchCount=3, WarmupCount=8) [LogReferenceCountBits=3]
Runtime = .NET 11.0.0 (11.0.0-preview.6.26359.118, 11.0.26.36018), X64 RyuJIT x86-64-v4; GC = Concurrent Workstation
Mean = 26.834 ns, StdErr = 0.034 ns (0.13%), N = 57, StdDev = 0.255 ns
Min = 26.390 ns, Q1 = 26.547 ns, Median = 26.955 ns, Q3 = 27.005 ns, Max = 27.203 ns
IQR = 0.458 ns, LowerFence = 25.860 ns, UpperFence = 27.692 ns
ConfidenceInterval = [26.716 ns; 26.951 ns] (CI 99.9%), Margin = 0.117 ns (0.44% of Mean)
Skewness = -0.57, Kurtosis = 1.68, MValue = 2
-------------------- Histogram --------------------
[26.303 ns ; 27.248 ns) | @@@@@@@@@@@@@@@@@@@@@@@@@@@@@@@@@@@@@@@@@@@@@@@@@@@@@@@@@
---------------------------------------------------

SideMetadataBenchmarks.BulkRead64KiB: Job-TZWPHG(IterationCount=20, LaunchCount=3, WarmupCount=8) [LogReferenceCountBits=3]
Runtime = .NET 11.0.0 (11.0.0-preview.6.26359.118, 11.0.26.36018), X64 RyuJIT x86-64-v4; GC = Concurrent Workstation
Mean = 1.852 us, StdErr = 0.000 us (0.02%), N = 57, StdDev = 0.003 us
Min = 1.847 us, Q1 = 1.850 us, Median = 1.852 us, Q3 = 1.854 us, Max = 1.858 us
IQR = 0.004 us, LowerFence = 1.844 us, UpperFence = 1.860 us
ConfidenceInterval = [1.851 us; 1.853 us] (CI 99.9%), Margin = 0.001 us (0.07% of Mean)
Skewness = 0.08, Kurtosis = 2.28, MValue = 2
-------------------- Histogram --------------------
[1.846 us ; 1.859 us) | @@@@@@@@@@@@@@@@@@@@@@@@@@@@@@@@@@@@@@@@@@@@@@@@@@@@@@@@@
---------------------------------------------------

SideMetadataBenchmarks.SparseBulkRead64B: Job-TZWPHG(IterationCount=20, LaunchCount=3, WarmupCount=8) [LogReferenceCountBits=3]
Runtime = .NET 11.0.0 (11.0.0-preview.6.26359.118, 11.0.26.36018), X64 RyuJIT x86-64-v4; GC = Concurrent Workstation
Mean = 30.618 ns, StdErr = 0.013 ns (0.04%), N = 54, StdDev = 0.093 ns
Min = 30.435 ns, Q1 = 30.556 ns, Median = 30.611 ns, Q3 = 30.669 ns, Max = 30.856 ns
IQR = 0.113 ns, LowerFence = 30.387 ns, UpperFence = 30.839 ns
ConfidenceInterval = [30.574 ns; 30.662 ns] (CI 99.9%), Margin = 0.044 ns (0.14% of Mean)
Skewness = 0.26, Kurtosis = 2.87, MValue = 2
-------------------- Histogram --------------------
[30.402 ns ; 30.889 ns) | @@@@@@@@@@@@@@@@@@@@@@@@@@@@@@@@@@@@@@@@@@@@@@@@@@@@@@
---------------------------------------------------

SideMetadataBenchmarks.Reset4KiB: Job-TZWPHG(IterationCount=20, LaunchCount=3, WarmupCount=8) [LogReferenceCountBits=3]
Runtime = .NET 11.0.0 (11.0.0-preview.6.26359.118, 11.0.26.36018), X64 RyuJIT x86-64-v4; GC = Concurrent Workstation
Mean = 49.780 ns, StdErr = 0.020 ns (0.04%), N = 57, StdDev = 0.151 ns
Min = 49.523 ns, Q1 = 49.670 ns, Median = 49.789 ns, Q3 = 49.868 ns, Max = 50.160 ns
IQR = 0.197 ns, LowerFence = 49.375 ns, UpperFence = 50.163 ns
ConfidenceInterval = [49.711 ns; 49.849 ns] (CI 99.9%), Margin = 0.069 ns (0.14% of Mean)
Skewness = 0.49, Kurtosis = 2.84, MValue = 2
-------------------- Histogram --------------------
[49.471 ns ; 50.212 ns) | @@@@@@@@@@@@@@@@@@@@@@@@@@@@@@@@@@@@@@@@@@@@@@@@@@@@@@@@@
---------------------------------------------------

SideMetadataBenchmarks.Reset64KiB: Job-TZWPHG(IterationCount=20, LaunchCount=3, WarmupCount=8) [LogReferenceCountBits=3]
Runtime = .NET 11.0.0 (11.0.0-preview.6.26359.118, 11.0.26.36018), X64 RyuJIT x86-64-v4; GC = Concurrent Workstation
Mean = 167.255 ns, StdErr = 0.055 ns (0.03%), N = 54, StdDev = 0.403 ns
Min = 166.444 ns, Q1 = 166.960 ns, Median = 167.178 ns, Q3 = 167.512 ns, Max = 168.203 ns
IQR = 0.552 ns, LowerFence = 166.131 ns, UpperFence = 168.341 ns
ConfidenceInterval = [167.064 ns; 167.446 ns] (CI 99.9%), Margin = 0.191 ns (0.11% of Mean)
Skewness = 0.36, Kurtosis = 2.39, MValue = 2
-------------------- Histogram --------------------
[166.304 ns ; 168.344 ns) | @@@@@@@@@@@@@@@@@@@@@@@@@@@@@@@@@@@@@@@@@@@@@@@@@@@@@@
---------------------------------------------------

SideMetadataBenchmarks.Reset1MiB: Job-TZWPHG(IterationCount=20, LaunchCount=3, WarmupCount=8) [LogReferenceCountBits=3]
Runtime = .NET 11.0.0 (11.0.0-preview.6.26359.118, 11.0.26.36018), X64 RyuJIT x86-64-v4; GC = Concurrent Workstation
Mean = 1.861 us, StdErr = 0.001 us (0.04%), N = 56, StdDev = 0.006 us
Min = 1.849 us, Q1 = 1.858 us, Median = 1.861 us, Q3 = 1.865 us, Max = 1.875 us
IQR = 0.008 us, LowerFence = 1.846 us, UpperFence = 1.877 us
ConfidenceInterval = [1.858 us; 1.864 us] (CI 99.9%), Margin = 0.003 us (0.15% of Mean)
Skewness = 0.28, Kurtosis = 2.57, MValue = 2
-------------------- Histogram --------------------
[1.847 us ; 1.877 us) | @@@@@@@@@@@@@@@@@@@@@@@@@@@@@@@@@@@@@@@@@@@@@@@@@@@@@@@@
---------------------------------------------------

SideMetadataBenchmarks.ExtraCasSensitivity: Job-TZWPHG(IterationCount=20, LaunchCount=3, WarmupCount=8) [LogReferenceCountBits=3]
Runtime = .NET 11.0.0 (11.0.0-preview.6.26359.118, 11.0.26.36018), X64 RyuJIT x86-64-v4; GC = Concurrent Workstation
Mean = 221.414 ns, StdErr = 0.737 ns (0.33%), N = 56, StdDev = 5.517 ns
Min = 212.728 ns, Q1 = 213.941 ns, Median = 224.714 ns, Q3 = 225.194 ns, Max = 226.816 ns
IQR = 11.253 ns, LowerFence = 197.062 ns, UpperFence = 242.073 ns
ConfidenceInterval = [218.852 ns; 223.977 ns] (CI 99.9%), Margin = 2.563 ns (1.16% of Mean)
Skewness = -0.72, Kurtosis = 1.55, MValue = 2.95
-------------------- Histogram --------------------
[211.548 ns ; 219.606 ns) | @@@@@@@@@@@@@@@@@@
[219.606 ns ; 227.806 ns) | @@@@@@@@@@@@@@@@@@@@@@@@@@@@@@@@@@@@@@
---------------------------------------------------

SideMetadataBenchmarks.ReserveAndFirstCommit: Job-TZWPHG(IterationCount=20, LaunchCount=3, WarmupCount=8) [LogReferenceCountBits=3]
Runtime = .NET 11.0.0 (11.0.0-preview.6.26359.118, 11.0.26.36018), X64 RyuJIT x86-64-v4; GC = Concurrent Workstation
Mean = 880.713 us, StdErr = 0.469 us (0.05%), N = 54, StdDev = 3.444 us
Min = 874.338 us, Q1 = 878.499 us, Median = 880.389 us, Q3 = 882.389 us, Max = 889.942 us
IQR = 3.890 us, LowerFence = 872.664 us, UpperFence = 888.225 us
ConfidenceInterval = [879.080 us; 882.346 us] (CI 99.9%), Margin = 1.633 us (0.19% of Mean)
Skewness = 0.64, Kurtosis = 3.03, MValue = 2
-------------------- Histogram --------------------
[873.142 us ; 891.139 us) | @@@@@@@@@@@@@@@@@@@@@@@@@@@@@@@@@@@@@@@@@@@@@@@@@@@@@@
---------------------------------------------------

SideMetadataBenchmarks.FalseSharingSameWord: Job-TZWPHG(IterationCount=20, LaunchCount=3, WarmupCount=8) [LogReferenceCountBits=3]
Runtime = .NET 11.0.0 (11.0.0-preview.6.26359.118, 11.0.26.36018), X64 RyuJIT x86-64-v4; GC = Concurrent Workstation
Mean = 55.184 ns, StdErr = 0.349 ns (0.63%), N = 59, StdDev = 2.684 ns
Min = 51.175 ns, Q1 = 51.700 ns, Median = 56.568 ns, Q3 = 57.234 ns, Max = 58.312 ns
IQR = 5.533 ns, LowerFence = 43.401 ns, UpperFence = 65.533 ns
ConfidenceInterval = [53.973 ns; 56.396 ns] (CI 99.9%), Margin = 1.211 ns (2.19% of Mean)
Skewness = -0.58, Kurtosis = 1.44, MValue = 3.11
-------------------- Histogram --------------------
[50.669 ns ; 52.479 ns) | @@@@@@@@@@@@@@@@@@@@
[52.479 ns ; 54.288 ns) | 
[54.288 ns ; 56.150 ns) | @
[56.150 ns ; 57.960 ns) | @@@@@@@@@@@@@@@@@@@@@@@@@@@@@@@@@@@@
[57.960 ns ; 59.217 ns) | @@
---------------------------------------------------

SideMetadataBenchmarks.FalseSharingSeparateLine: Job-TZWPHG(IterationCount=20, LaunchCount=3, WarmupCount=8) [LogReferenceCountBits=3]
Runtime = .NET 11.0.0 (11.0.0-preview.6.26359.118, 11.0.26.36018), X64 RyuJIT x86-64-v4; GC = Concurrent Workstation
Mean = 14.899 ns, StdErr = 0.015 ns (0.10%), N = 53, StdDev = 0.108 ns
Min = 14.789 ns, Q1 = 14.815 ns, Median = 14.851 ns, Q3 = 14.992 ns, Max = 15.202 ns
IQR = 0.176 ns, LowerFence = 14.551 ns, UpperFence = 15.256 ns
ConfidenceInterval = [14.847 ns; 14.951 ns] (CI 99.9%), Margin = 0.052 ns (0.35% of Mean)
Skewness = 1.04, Kurtosis = 3.04, MValue = 2
-------------------- Histogram --------------------
[14.751 ns ; 15.240 ns) | @@@@@@@@@@@@@@@@@@@@@@@@@@@@@@@@@@@@@@@@@@@@@@@@@@@@@
---------------------------------------------------

// * Summary *

BenchmarkDotNet v0.16.0-preview.1, Windows 11 (10.0.26200.9106/25H2/2025Update/HudsonValley2) (Hyper-V)
Intel Xeon Platinum 8370C CPU 2.80GHz (Max: 2.79GHz), 1 CPU, 16 logical and 8 physical cores
Memory: 63.95 GB Total, 41.24 GB Available
.NET SDK 11.0.100-preview.6.26359.118
  [Host]     : .NET 11.0.0 (11.0.0-preview.6.26359.118, 11.0.26.36018), X64 RyuJIT x86-64-v4
  Job-TZWPHG : .NET 11.0.0 (11.0.0-preview.6.26359.118, 11.0.26.36018), X64 RyuJIT x86-64-v4

IterationCount=20  LaunchCount=3  WarmupCount=8  

| Method                   | LogReferenceCountBits | Mean            | Error         | StdDev        | Median          | Ratio     | RatioSD |
|------------------------- |---------------------- |----------------:|--------------:|--------------:|----------------:|----------:|--------:|
| MapAndLoad               | 1                     |      18.4463 ns |     0.0277 ns |     0.0589 ns |      18.4453 ns |      1.00 |    0.00 |
| MapAndLoadControl        | 1                     |      18.4170 ns |     0.0210 ns |     0.0456 ns |      18.4118 ns |      1.00 |    0.00 |
| PrecomputedLoad          | 1                     |       0.5920 ns |     0.0008 ns |     0.0017 ns |       0.5919 ns |      0.03 |    0.00 |
| BitStore                 | 1                     |      26.2060 ns |     0.1280 ns |     0.2836 ns |      26.3737 ns |      1.42 |    0.02 |
| ReferenceCountUpdate     | 1                     |      14.7778 ns |     0.0310 ns |     0.0668 ns |      14.7668 ns |      0.80 |    0.00 |
| ByteUpdate               | 1                     |      27.1293 ns |     0.4960 ns |     1.0677 ns |      26.4072 ns |      1.47 |    0.06 |
| BulkRead64KiB            | 1                     |   1,855.3481 ns |     1.4046 ns |     3.0534 ns |   1,855.0358 ns |    100.58 |    0.36 |
| SparseBulkRead64B        | 1                     |      30.5690 ns |     0.0750 ns |     0.1598 ns |      30.6129 ns |      1.66 |    0.01 |
| Reset4KiB                | 1                     |      49.8145 ns |     0.0573 ns |     0.1221 ns |      49.8303 ns |      2.70 |    0.01 |
| Reset64KiB               | 1                     |     167.5399 ns |     0.2211 ns |     0.4852 ns |     167.4608 ns |      9.08 |    0.04 |
| Reset1MiB                | 1                     |   1,861.9739 ns |     2.2477 ns |     4.9337 ns |   1,862.5179 ns |    100.94 |    0.42 |
| ExtraCasSensitivity      | 1                     |     212.1974 ns |     0.9131 ns |     2.0044 ns |     213.1356 ns |     11.50 |    0.11 |
| ReserveAndFirstCommit    | 1                     | 882,619.6683 ns | 1,692.8071 ns | 3,680.0235 ns | 882,484.9609 ns | 47,848.50 |  249.04 |
| FalseSharingSameWord     | 1                     |      52.5522 ns |     0.5853 ns |     1.2725 ns |      52.0172 ns |      2.85 |    0.07 |
| FalseSharingSeparateLine | 1                     |      15.3205 ns |     0.1664 ns |     0.3582 ns |      15.1629 ns |      0.83 |    0.02 |
|                          |                       |                 |               |               |                 |           |         |
| MapAndLoad               | 2                     |      18.4425 ns |     0.0245 ns |     0.0548 ns |      18.4410 ns |      1.00 |    0.00 |
| MapAndLoadControl        | 2                     |      18.6625 ns |     0.1569 ns |     0.3310 ns |      18.4555 ns |      1.01 |    0.02 |
| PrecomputedLoad          | 2                     |       0.5931 ns |     0.0012 ns |     0.0025 ns |       0.5929 ns |      0.03 |    0.00 |
| BitStore                 | 2                     |      26.7978 ns |     0.3120 ns |     0.6783 ns |      26.3775 ns |      1.45 |    0.04 |
| ReferenceCountUpdate     | 2                     |      14.7766 ns |     0.0419 ns |     0.0884 ns |      14.7540 ns |      0.80 |    0.01 |
| ByteUpdate               | 2                     |      27.3395 ns |     0.4167 ns |     0.9321 ns |      27.0377 ns |      1.48 |    0.05 |
| BulkRead64KiB            | 2                     |   1,856.0796 ns |     1.6929 ns |     3.6802 ns |   1,855.4304 ns |    100.64 |    0.36 |
| SparseBulkRead64B        | 2                     |      30.6637 ns |     0.0465 ns |     0.1020 ns |      30.6454 ns |      1.66 |    0.01 |
| Reset4KiB                | 2                     |      49.8002 ns |     0.0654 ns |     0.1448 ns |      49.7748 ns |      2.70 |    0.01 |
| Reset64KiB               | 2                     |     167.3716 ns |     0.1712 ns |     0.3685 ns |     167.3735 ns |      9.08 |    0.03 |
| Reset1MiB                | 2                     |   1,860.7778 ns |     2.0579 ns |     4.4737 ns |   1,859.9361 ns |    100.90 |    0.38 |
| ExtraCasSensitivity      | 2                     |     212.4581 ns |     0.9928 ns |     2.1157 ns |     213.6093 ns |     11.52 |    0.12 |
| ReserveAndFirstCommit    | 2                     | 880,884.6994 ns | 1,460.5535 ns | 3,236.4860 ns | 880,491.3086 ns | 47,764.30 |  223.79 |
| FalseSharingSameWord     | 2                     |      53.3458 ns |     1.2199 ns |     2.7285 ns |      51.6771 ns |      2.89 |    0.15 |
| FalseSharingSeparateLine | 2                     |      15.2304 ns |     0.0894 ns |     0.1925 ns |      15.2845 ns |      0.83 |    0.01 |
|                          |                       |                 |               |               |                 |           |         |
| MapAndLoad               | 3                     |      18.4137 ns |     0.0195 ns |     0.0415 ns |      18.4168 ns |      1.00 |    0.00 |
| MapAndLoadControl        | 3                     |      18.4172 ns |     0.0215 ns |     0.0472 ns |      18.4184 ns |      1.00 |    0.00 |
| PrecomputedLoad          | 3                     |       0.5927 ns |     0.0008 ns |     0.0017 ns |       0.5925 ns |      0.03 |    0.00 |
| BitStore                 | 3                     |      26.2758 ns |     0.1105 ns |     0.2402 ns |      26.3534 ns |      1.43 |    0.01 |
| ReferenceCountUpdate     | 3                     |      14.8661 ns |     0.0277 ns |     0.0596 ns |      14.8521 ns |      0.81 |    0.00 |
| ByteUpdate               | 3                     |      26.8337 ns |     0.1172 ns |     0.2548 ns |      26.9553 ns |      1.46 |    0.01 |
| BulkRead64KiB            | 3                     |   1,851.7992 ns |     1.2875 ns |     2.7989 ns |   1,851.6939 ns |    100.57 |    0.27 |
| SparseBulkRead64B        | 3                     |      30.6176 ns |     0.0441 ns |     0.0930 ns |      30.6108 ns |      1.66 |    0.01 |
| Reset4KiB                | 3                     |      49.7801 ns |     0.0692 ns |     0.1505 ns |      49.7888 ns |      2.70 |    0.01 |
| Reset64KiB               | 3                     |     167.2547 ns |     0.1912 ns |     0.4034 ns |     167.1785 ns |      9.08 |    0.03 |
| Reset1MiB                | 3                     |   1,861.2740 ns |     2.8631 ns |     6.1631 ns |   1,861.0897 ns |    101.08 |    0.40 |
| ExtraCasSensitivity      | 3                     |     221.4145 ns |     2.5628 ns |     5.5167 ns |     224.7145 ns |     12.02 |    0.30 |
| ReserveAndFirstCommit    | 3                     | 880,712.8816 ns | 1,632.9634 ns | 3,444.4743 ns | 880,389.4531 ns | 47,829.46 |  213.98 |
| FalseSharingSameWord     | 3                     |      55.1845 ns |     1.2113 ns |     2.6841 ns |      56.5682 ns |      3.00 |    0.14 |
| FalseSharingSeparateLine | 3                     |      14.8994 ns |     0.0519 ns |     0.1083 ns |      14.8514 ns |      0.81 |    0.01 |

// * Warnings *
Environment
  Summary -> Benchmark was executed on the virtual machine with Hyper-V hypervisor. Virtualization can affect the measurement result.
MultimodalDistribution
  SideMetadataBenchmarks.ByteUpdate: IterationCount=20, LaunchCount=3, WarmupCount=8           -> It seems that the distribution can have several modes (mValue = 3.03)
  SideMetadataBenchmarks.FalseSharingSameWord: IterationCount=20, LaunchCount=3, WarmupCount=8 -> It seems that the distribution can have several modes (mValue = 2.86)
  SideMetadataBenchmarks.ByteUpdate: IterationCount=20, LaunchCount=3, WarmupCount=8           -> It seems that the distribution can have several modes (mValue = 3)
  SideMetadataBenchmarks.ExtraCasSensitivity: IterationCount=20, LaunchCount=3, WarmupCount=8  -> It seems that the distribution can have several modes (mValue = 2.95)
  SideMetadataBenchmarks.FalseSharingSameWord: IterationCount=20, LaunchCount=3, WarmupCount=8 -> It seems that the distribution can have several modes (mValue = 3.11)

// * Hints *
Outliers
  SideMetadataBenchmarks.MapAndLoad: IterationCount=20, LaunchCount=3, WarmupCount=8               -> 2 outliers were removed (18.69 ns, 18.97 ns)
  SideMetadataBenchmarks.MapAndLoadControl: IterationCount=20, LaunchCount=3, WarmupCount=8        -> 2 outliers were removed (18.57 ns, 18.57 ns)
  SideMetadataBenchmarks.PrecomputedLoad: IterationCount=20, LaunchCount=3, WarmupCount=8          -> 5 outliers were removed (0.60 ns..0.61 ns)
  SideMetadataBenchmarks.ReferenceCountUpdate: IterationCount=20, LaunchCount=3, WarmupCount=8     -> 1 outlier  was  removed (15.07 ns)
  SideMetadataBenchmarks.BulkRead64KiB: IterationCount=20, LaunchCount=3, WarmupCount=8            -> 1 outlier  was  removed (1.86 us)
  SideMetadataBenchmarks.SparseBulkRead64B: IterationCount=20, LaunchCount=3, WarmupCount=8        -> 1 outlier  was  removed, 4 outliers were detected (30.12 ns..30.25 ns, 31.25 ns)
  SideMetadataBenchmarks.Reset4KiB: IterationCount=20, LaunchCount=3, WarmupCount=8                -> 3 outliers were removed (50.24 ns..50.55 ns)
  SideMetadataBenchmarks.Reset64KiB: IterationCount=20, LaunchCount=3, WarmupCount=8               -> 1 outlier  was  removed (169.57 ns)
  SideMetadataBenchmarks.Reset1MiB: IterationCount=20, LaunchCount=3, WarmupCount=8                -> 2 outliers were removed (1.88 us, 1.90 us)
  SideMetadataBenchmarks.PrecomputedLoad: IterationCount=20, LaunchCount=3, WarmupCount=8          -> 4 outliers were removed (0.60 ns..0.60 ns)
  SideMetadataBenchmarks.BulkRead64KiB: IterationCount=20, LaunchCount=3, WarmupCount=8            -> 2 outliers were removed (1.87 us, 1.87 us)
  SideMetadataBenchmarks.SparseBulkRead64B: IterationCount=20, LaunchCount=3, WarmupCount=8        -> 1 outlier  was  removed (31.04 ns)
  SideMetadataBenchmarks.Reset4KiB: IterationCount=20, LaunchCount=3, WarmupCount=8                -> 2 outliers were removed (50.19 ns, 50.51 ns)
  SideMetadataBenchmarks.Reset64KiB: IterationCount=20, LaunchCount=3, WarmupCount=8               -> 4 outliers were removed, 5 outliers were detected (166.48 ns, 168.60 ns..171.52 ns)
  SideMetadataBenchmarks.Reset1MiB: IterationCount=20, LaunchCount=3, WarmupCount=8                -> 3 outliers were removed (1.88 us..1.90 us)
  SideMetadataBenchmarks.ReserveAndFirstCommit: IterationCount=20, LaunchCount=3, WarmupCount=8    -> 1 outlier  was  removed (894.91 us)
  SideMetadataBenchmarks.MapAndLoad: IterationCount=20, LaunchCount=3, WarmupCount=8               -> 4 outliers were removed (18.59 ns..19.23 ns)
  SideMetadataBenchmarks.MapAndLoadControl: IterationCount=20, LaunchCount=3, WarmupCount=8        -> 3 outliers were removed (18.57 ns..18.61 ns)
  SideMetadataBenchmarks.PrecomputedLoad: IterationCount=20, LaunchCount=3, WarmupCount=8          -> 3 outliers were removed (0.60 ns..0.61 ns)
  SideMetadataBenchmarks.ReferenceCountUpdate: IterationCount=20, LaunchCount=3, WarmupCount=8     -> 3 outliers were removed (15.28 ns..16.33 ns)
  SideMetadataBenchmarks.BulkRead64KiB: IterationCount=20, LaunchCount=3, WarmupCount=8            -> 3 outliers were removed (1.86 us..1.87 us)
  SideMetadataBenchmarks.SparseBulkRead64B: IterationCount=20, LaunchCount=3, WarmupCount=8        -> 5 outliers were removed (30.98 ns..31.67 ns)
  SideMetadataBenchmarks.Reset4KiB: IterationCount=20, LaunchCount=3, WarmupCount=8                -> 3 outliers were removed (50.27 ns..50.70 ns)
  SideMetadataBenchmarks.Reset64KiB: IterationCount=20, LaunchCount=3, WarmupCount=8               -> 3 outliers were removed (168.86 ns..171.98 ns)
  SideMetadataBenchmarks.Reset1MiB: IterationCount=20, LaunchCount=3, WarmupCount=8                -> 3 outliers were removed (1.89 us..1.90 us)
  SideMetadataBenchmarks.ReserveAndFirstCommit: IterationCount=20, LaunchCount=3, WarmupCount=8    -> 5 outliers were removed (891.45 us..896.64 us)
  SideMetadataBenchmarks.FalseSharingSeparateLine: IterationCount=20, LaunchCount=3, WarmupCount=8 -> 2 outliers were removed (15.33 ns, 16.42 ns)

// * Legends *
  LogReferenceCountBits : Value of the 'LogReferenceCountBits' parameter
  Mean                  : Arithmetic mean of all measurements
  Error                 : Half of 99.9% confidence interval
  StdDev                : Standard deviation of all measurements
  Median                : Value separating the higher half of all measurements (50th percentile)
  Ratio                 : Mean of the ratio distribution ([Current]/[Baseline])
  RatioSD               : Standard deviation of the ratio distribution ([Current]/[Baseline])
  1 ns                  : 1 Nanosecond (0.000000001 sec)

// ***** BenchmarkRunner: End *****
Run time: 00:54:29 (3269.61 sec), executed benchmarks: 45

Global total time: 00:54:52 (3292.75 sec), executed benchmarks: 45
// * Artifacts cleanup *
Artifacts cleanup is finished
